#######################;;;;;;;;;;;X
# muster; -1- ; -2- ; -3- ; -4- ; -5- ; -6- ;; -8- ;;;X
#######################;;;;;;;;;;;X
# Majors;;;;;;;;;;;X
# England;;;;;;;;;;;X
# England land brigades;;;;;;;;;;;X
BRIG_MODEL_ENG_1_0;Ordnance BL 15pdr;Ordnance BL 15pdr;Ordnance BL 15pdr;Artillería BL 15pdr;Ordnance BL 15pdr;Ordnance BL 15pdr;;Ordnance BL 15pdr;;;X
BRIG_MODEL_ENG_1_1;Ordnance QF 4.5inch;Ordnance QF 4.5inch;Ordnance QF 4.5inch;Artillería QF 4.5inch;Ordnance QF 4.5inch;Ordnance QF 4.5inch;;Ordnance QF 4.5inch;;;X
BRIG_MODEL_ENG_1_2;BL 6inch Mk. VII;BL 6inch Mk. VII;BL 6inch Mk. VII;BL 6inch Mk. VII;BL 6inch Mk. VII;BL 6inch Mk. VII;;BL 6inch Mk. VII;;;X
BRIG_MODEL_ENG_1_3;BL 8inch Mk. VI;BL 8inch Mk. VI;BL 8inch Mk. VI;BL 8inch Mk. VI;BL 8inch Mk. VI;BL 8inch Mk. VI;;BL 8inch Mk. VI ;;;X
BRIG_MODEL_ENG_1_4;BL 6inch Mk. XIX;BL 6inch Mk. XIX;BL 6inch Mk. XIX;BL 6inch Mk. XIX;BL 6inch Mk. XIX;BL 6inch Mk. XIX;;BL 6inch Mk. XIX;;;X
BRIG_MODEL_ENG_1_5;Ordnance QF 18pdr Mk II;Ordnance QF 18pdr Mk II;Ordnance QF 18pdr Mk II;Artillería QF 18pdr Mk II;Ordnance QF 18pdr Mk II;Ordnance QF 18pdr Mk II;;Ordnance QF 18pdr Mk II;;;X
BRIG_MODEL_ENG_1_6;;;;;;;;;;;X
BRIG_MODEL_ENG_1_7;;;;;;;;;;;X
BRIG_MODEL_ENG_1_8;Ordnance QF 18pdr Mk IV;Ordnance QF 18pdr Mk IV;Ordnance QF 18pdr Mk IV;Artillería QF 18pdr Mk IV;Ordnance QF 18pdr Mk IV;Ordnance QF 18pdr Mk IV;;Ordnance QF 18pdr Mk IV;;;X
BRIG_MODEL_ENG_1_9;Ordnance QF 25pdr;Ordnance QF 25pdr;Ordnance QF 25pdr;Artillería QF 25pdr;Ordnance QF 25pdr;Ordnance QF 25pdr;;Ordnance QF 25pdr;;;X
BRIG_MODEL_ENG_1_10;BL 4,5inch;BL 4,5inch;BL 4,5inch;BL 4,5inch;BL 4,5inch;BL 4,5inch;;BL 4,5inch;;;X
BRIG_MODEL_ENG_1_11;155mm Howitzer;155mm Howitzer;155mm Howitzer;155mm Howitzer;155mm Howitzer;155mm Howitzer;;155mm Howitzer;;;X
BRIG_MODEL_ENG_1_12;;;;;;;;;;;X
BRIG_MODEL_ENG_1_13;;;;;;;;;;;X
BRIG_MODEL_ENG_2_0;Birch;Birch;Birch;Birch;Birch;Birch;;Birch;;;X
BRIG_MODEL_ENG_2_1;Bishop;Bishop;Bishop;Obispo;Bishop;Bishop;;Bishop;;;X
BRIG_MODEL_ENG_2_2;M7 Priest;M7 Priest;M7 Priest;M7 Priest;M7 Priest;M7 Priest;;M7 Priest;;;X
BRIG_MODEL_ENG_2_3;25pdr SP. Sexton;25pdr SP. Sexton;25pdr SP. Sexton;Sacristán;25pdr SP. Sexton;25pdr SP. Sexton;;25pdr SP. Sexton;;;X
BRIG_MODEL_ENG_2_4;M40 GMC;M40 GMC;M40 GMC;M40 GMC;M40 GMC;M40 GMC;;M40 GMC;;;X
BRIG_MODEL_ENG_2_5;;;;;;;;;;;X
BRIG_MODEL_ENG_2_6;;;;;;;;;;;X
BRIG_MODEL_ENG_2_7;M107 GMC;M107 GMC;M107 GMC;M107 GMC;M107 GMC;M107 GMC;;M107 GMC;;;X
BRIG_MODEL_ENG_6_0;2Pdr.Portee;2Pdr.Portee;2Pdr.Portee;2Pdr.Portee;2Pdr.Portee;2Pdr.Portee;;2Pdr.Portee;;;X
BRIG_MODEL_ENG_6_1;Archilles Mk. IC;Archilles Mk. IC;Archilles Mk. IC;Archilles Mk. IC;Archilles Mk. IC;Archilles Mk. IC;;Archilles Mk. IC;;;X
BRIG_MODEL_ENG_6_2;Sherman Firefly;Sherman Firefly;Sherman Firefly;Sherman Firefly;Sherman Firefly;Sherman Firefly;;Sherman Firefly;;;X
BRIG_MODEL_ENG_6_3;17pdr Archer;17pdr Archer;17pdr Archer;17pdr Archer;17pdr Archer;17pdr Archer;;17pdr Archer;;;X
BRIG_MODEL_ENG_6_4;A39 Tortoise;A39 Tortoise;A39 Tortoise;A39 Tortoise;A39 Tortoise;A39 Tortoise;;A39 Tortoise;;;X
BRIG_MODEL_ENG_6_5;FV4101 Charioteer;FV4101 Charioteer;FV4101 Charioteer;FV4101 Charioteer;FV4101 Charioteer;FV4101 Charioteer;;FV4101 Charioteer;;;X
BRIG_MODEL_ENG_6_6;;;;;;;;;;;X
BRIG_MODEL_ENG_6_7;FV4401 Contentious;FV4401 Contentious;FV4401 Contentious;FV4401 Contentious;FV4401 Contentious;FV4401 Contentious;;FV4401 Contentious;;;X
BRIG_MODEL_ENG_7_0;Mark A Whippet;Mark A Whippet;Mark A Whippet;Mark A Whippet;Mark A Whippet;Mark A Whippet;;Mark A Whippet;;;X
BRIG_MODEL_ENG_7_1;Mark C Hornet;Mark C Hornet;Mark C Hornet;Mark C Hornet;Mark C Hornet;Mark C Hornet;;Mark C Hornet;;;X
BRIG_MODEL_ENG_7_2;Vickers L-A Mk I;Vickers L-A Mk I;Vickers L-A Mk I;Vickers L-A Mk I;Vickers L-A Mk I;Vickers L-A Mk I;;Vickers L-A Mk I;;;X
BRIG_MODEL_ENG_7_3;Vickers L-A Mk II;Vickers Mk II;Vickers Mk II;Vickers Mk II;Vickers Mk II;Vickers Mk II;;Vickers Mk II;;;X
BRIG_MODEL_ENG_7_4;Vickers L-A Mk III;Vickers Mk III;Vickers Mk III;Vickers Mk III;Vickers Mk III;Vickers Mk III;;Vickers Mk III;;;X
BRIG_MODEL_ENG_7_5;Vickers L-A Mk VI;Vickers Mk VI;Vickers Mk VI;Vickers Mk VI;Vickers Mk VI;Vickers Mk VI;;Vickers Mk VI;;;X
BRIG_MODEL_ENG_7_6;Mk. I A9 Cruiser;Mk. I A9 Cruiser;Mk. I A9 Cruiser;Mk. I A9 Cruiser;Mk. I A9 Cruiser;Mk. I A9 Cruiser;;Mk. I A9 Cruiser;;;X
BRIG_MODEL_ENG_7_7;Mk. II A10 Cruiser;Mk. II A10 Cruiser;Mk. II A10 Cruiser;Mk. II A10 Cruiser;Mk. II A10 Cruiser;Mk. II A10 Cruiser;;Mk. II A10 Cruiser;;;X
BRIG_MODEL_ENG_7_8;M5 Honey;M5 Honey;M5 Honey;M5 Honey;M5 Honey;M5 Honey;;M5 Honey;;;X
BRIG_MODEL_ENG_8_0;Mark IV;Mark IV;Mark IV;Mark IV;Mark IV;Mark IV;;Mark IV;;;X
BRIG_MODEL_ENG_8_1;Matilda Mk. II;Matilda Mk. II;Matilda Mk. II;Matilda Mk. II;Matilda Mk. II;Matilda Mk. II;;Matilda Mk. II;;;X
BRIG_MODEL_ENG_8_2;Mk. III Valentine;Mk. III Valentine;Mk. III Valentine;Mk. III Valentine;Mk. III Valentine;Mk. III Valentine;Mk. III Valentine;Mk. III Valentine;;;X
BRIG_MODEL_ENG_8_3;Churchill Mk. III;Churchill Mk. III;Churchill Mk. III;Churchill Mk. III;Churchill Mk. III;Churchill Mk. III;;Churchill Mk. III;;;X
BRIG_MODEL_ENG_8_4;Churchill Mk. VII;Churchill Mk. VII;Churchill Mk. VII;Churchill Mk. VII;Churchill Mk. VII;Churchill Mk. VII;;Churchill Mk. VII;;;X
BRIG_MODEL_ENG_8_5;FV214 Conqueror;FV214 Conqueror;FV214 Conqueror;FV214 Conqueror;FV214 Conqueror;FV214 Conqueror;;FV214 Conqueror;;;X
BRIG_MODEL_ENG_9_0;Mark I;Mark I;Mark I;Mark I;Mark I;Mark I;;Mark I;;;X
BRIG_MODEL_ENG_9_1;A43 Black Prince;A43 Black Prince;A43 Black Prince;A43 Black Prince;A43 Black Prince;A43 Black Prince;;A43 Black Prince;;;X
BRIG_MODEL_ENG_10_0;Motor War Car;Motor War Car;Motor War Car;Motor War Car;Motor War Car;Motor War Car;;Motor War Car;;;X
BRIG_MODEL_ENG_10_1;Rolls-Royce Armoured Car;Rolls-Royce Armoured Car;Rolls-Royce Armoured Car;Rolls-Royce Armoured Car;Rolls-Royce Armoured Car;Rolls-Royce Armoured Car;;Rolls-Royce Armoured Car;;;X
BRIG_MODEL_ENG_10_2;Lanchester 6x4 Armoured Car;Lanchester 6x4 Armoured Car;Lanchester 6x4 Armoured Car;Lanchester 6x4 Armoured Car;Lanchester 6x4 Armoured Car;Lanchester 6x4 Armoured Car;;Lanchester 6x4 Armoured Car;;;X
BRIG_MODEL_ENG_10_3;Carden-Loyd Mk.VI;Carden-Loyd Mk.VI;Carden-Loyd Mk.VI;Carden-Loyd Mk.VI;Carden-Loyd Mk.VI;Carden-Loyd Mk.VI;;Carden-Loyd Mk.VI;;;X
BRIG_MODEL_ENG_10_5;Humber Scout Car;Humber Scout Car;Humber Scout Car;Humber Scout Car;Humber Scout Car;Humber Scout Car;;Humber Scout Car;;;X
BRIG_MODEL_ENG_10_6;AEC Armoured Car Mk. III;AEC Armoured Car Mk. III;AEC Armoured Car Mk. III;AEC Armoured Car Mk. III;AEC Armoured Car Mk. III;AEC Armoured Car Mk. III;;AEC Armoured Car Mk. III;;;X
BRIG_MODEL_ENG_10_7;Ferret armoured car;Ferret armoured car;Ferret armoured car;Ferret armoured car;Ferret armoured car;Wóz pancerny Ferret;;Ferret armoured car;;;X
BRIG_MODEL_ENG_10_8;FV601 Saladin;FV601 Saladin;FV601 Saladin;FV601 Saladin;FV601 Saladin;FV601 Saladin;;FV601 Saladin;;;X
BRIG_MODEL_ENG_29_0;Vickers Medium Mk. I;Vickers Mk. I;Vickers Mk. I;Vickers Mk. I;Vickers Mk. I;Vickers Mk. I;;Vickers Mk. I;;;X
BRIG_MODEL_ENG_29_1;Vickers Medium Mk. II;Vickers Medium Mk. II;Vickers Medium Mk. II;Vickers Medium Mk. II;Vickers Medium Mk. II;Vickers Medium Mk. II;;Vickers Medium Mk. II;;;X
BRIG_MODEL_ENG_29_2;Vickers Medium Mk. III;Vickers Medium Mk. III;Vickers Medium Mk. III;Vickers Medium Mk. III;Vickers Medium Mk. III;Vickers Medium Mk. III;;Vickers Medium Mk. III;;;X
BRIG_MODEL_ENG_29_3;Mk. IV A13 Cruiser;Mk. IV A13 Cruiser;Mk. IV A13 Cruiser;Mk. IV A13 Cruiser;Mk. IV A13 Cruiser;Mk. IV A13 Cruiser;;Mk. IV A13 Cruiser;;;X
BRIG_MODEL_ENG_29_4;Mk. VI A15 Crusader;Mk. VI A15 Crusader;Mk. VI A15 Crusader;Mk. VI A15 Crusader;Mk. VI A15 Crusader;Mk. VI A15 Crusader;;Mk. VI A15 Crusader;;;X
BRIG_MODEL_ENG_29_5;Mk. VIII A23M Cromwell;Mk. VIII A23M Cromwell;Mk. VIII A23M Cromwell;Mk. VIII A23M Cromwell;Mk. VIII A23M Cromwell;Mk. VIII A23M Cromwell;;Mk. VIII A23M Cromwell;;;X
BRIG_MODEL_ENG_29_6;A34 Comet;A34 Comet;A34 Comet;A34 Comet;A34 Comet;A34 Comet;;A34 Comet;;;X
BRIG_MODEL_ENG_29_7;FV4007 Centurion Mk. III;FV4007 Centurion Mk. III;FV4007 Centurion Mk. III;FV4007 Centurion Mk. III;FV4007 Centurion Mk. III;FV4007 Centurion Mk. III;;FV4007 Centurion Mk. III;;;X
BRIG_MODEL_ENG_29_8;FV4011 Centurion Mk. V;FV4011 Centurion Mk. V;FV4011 Centurion Mk. V;FV4011 Centurion Mk. V;FV4011 Centurion Mk. V;FV4011 Centurion Mk. V;;FV4011 Centurion Mk. V;;;X
BRIG_MODEL_ENG_29_9;FV4015 Centurion Mk. X;FV4015 Centurion Mk. X;FV4015 Centurion Mk. X;FV4015 Centurion Mk. X;FV4015 Centurion Mk. X;FV4015 Centurion Mk. X;;FV4015 Centurion Mk. X;;;X
BRIG_MODEL_ENG_29_10;FV4201 Chieftain;FV4201 Chieftain;FV4201 Chieftain;FV4201 Chieftain;FV4201 Chieftain;FV4201 Chieftain;;FV4201 Chieftain;;;X
BRIG_MODEL_ENG_32_0;Valentine DD;Valentine DD;Valentine DD;Valentine DD;Valentine DD;Valentine DD;;Valentine DD;;;X
BRIG_MODEL_ENG_32_1;DD Sherman;DD Sherman;DD Sherman;DD Sherman;DD Sherman;DD Sherman;;DD Sherman;;;X
BRIG_MODEL_ENG_33_0;Mk VII Tetrarch;Mk VII Tetrarch;Mk VII Tetrarch;Mk VII Tetrarch;Mk VII Tetrarch;Mk VII Tetrarch;;Mk VII Tetrarch;;;X
BRIG_MODEL_ENG_33_1;Mk VIII Harry Hopkins;Mk VIII Harry Hopkins;Mk VIII Harry Hopkins;Mk VIII Harry Hopkins;Mk VIII Harry Hopkins;Mk VIII Harry Hopkins;;Mk VIII Harry Hopkinst;;;X
BRIG_MODEL_ENG_34_0;;;;;;;;;;;X
BRIG_MODEL_ENG_34_1;;;;;;;;;;;X
BRIG_MODEL_ENG_34_2;;;;;;;;;;;X
BRIG_MODEL_ENG_34_3;;;;;;;;;;;X
BRIG_MODEL_ENG_34_4;;;;;;;;;;;X
BRIG_MODEL_ENG_35_0;BL 9.2 inch howitzer;BL 9.2 inch howitzer;BL 9.2 inch howitzer;BL 9.2 inch howitzer;BL 9.2 inch howitzer;BL 9.2 inch howitzer;;BL 9.2 inch howitzer;;;X
BRIG_MODEL_ENG_35_1;BL 12 inch howitzer;BL 12 inch howitzer;BL 12 inch howitzer;BL 12 inch howitzer;BL 12 inch howitzer;BL 12 inch howitzer;;BL 12 inch howitzer;;;X
BRIG_MODEL_ENG_35_2;BL 14 inch railway gun;BL 14 inch railway gun;BL 14 inch railway gun;BL 14 inch railway gun;BL 14 inch railway gun;BL 14 inch railway gun;;BL 14 inch railway gun;;;X
BRIG_MODEL_ENG_35_3;BL 18 inch railway howitzer;BL 18 inch railway howitzer;BL 18 inch railway howitzer;BL 18 inch railway howitzer;BL 18 inch railway howitzer;BL 18 inch railway howitzer;;BL 18 inch railway howitzer;;;X
BRIG_MODEL_ENG_35_4;;;;;;;;;;;X
BRIG_MODEL_ENG_35_5;;;;;;;;;;;X
# England air brigades;;;;;;;;;;;X
BRIG_MODEL_ENG_14_0;Fairey III;Fairey III;Fairey III;Fairey III;Fairey III;Fairey III;Fairey III;Fairey III;;;X
BRIG_MODEL_ENG_14_1;Seal/Ripon/Nimrod;Seal/Ripon/Nimrod;Seal/Ripon/Nimrod;Seal/Ripon/Nimrod;Seal/Ripon/Nimrod;Seal/Ripon/Nimrod;Seal/Ripon/Nimrod;Seal/Ripon/Nimrod;;;X
BRIG_MODEL_ENG_14_2;Shark/Baffin/Sea Gladiator;Shark/Baffin/Sea Gladiator;Shark/Baffin/Sea Gladiator;Shark/Baffin/Sea Gladiator;Shark/Baffin/Sea Gladiator;Shark/Baffin/Sea Gladiator;Shark/Baffin/Sea Gladiator;Shark/Baffin/Sea Gladiator;;;X
BRIG_MODEL_ENG_14_3;Skua/Swordfish/Roc;Skua/Swordfish/Roc;Skua/Swordfish/Roc;Skua/Swordfish/Roc;Skua/Swordfish/Roc;Skua/Swordfish/Roc;Skua/Swordfish/Roc;Skua/Swordfish/Roc;;;X
BRIG_MODEL_ENG_14_4;Skua/Albacore/Fulmar;Skua/Albacore/Fulmar;Skua/Albacore/Fulmar;Skua/Albacore/Fulmar;Skua/Albacore/Fulmar;Skua/Albacore/Fulmar;Skua/Albacore/Fulmar;Skua/Albacore/Fulmar;;;X
BRIG_MODEL_ENG_14_5;Barracuda/Firefly;Barracuda/Firefly;Barracuda/Firefly;Barracuda/Firefly;Barracuda/Firefly;Barracuda/Firefly;Barracuda/Firefly;Barracuda/Firefly;;;X
BRIG_MODEL_ENG_14_6;Sea Hornet/Wyvern/Sea Fury;Sea Hornet/Wyvern/Sea Fury;Sea Hornet/Wyvern/Sea Fury;Sea Hornet/Wyvern/Sea Fury;Sea Hornet/Wyvern/Sea Fury;Sea Hornet/Wyvern/Sea Fury;Sea Hornet/Wyvern/Sea Fury;Sea Hornet/Wyvern/Sea Fury;;;X
BRIG_MODEL_ENG_14_7;Sea Hawk/Attacker;Sea Hawk/Attacker;Sea Hawk/Attacker;Sea Hawk/Attacker;Sea Hawk/Attacker;Sea Hawk/Attacker;;Sea Hawk/Attacker;;;X
BRIG_MODEL_ENG_14_8;Sea Venom/Scimitar;Sea Venom/Scimitar;Sea Venom/Scimitar;Sea Venom/Scimitar;Sea Venom/Scimitar;Sea Venom/Scimitar;Sea Venom/Scimitar;Sea Venom/Scimitar;;;X
BRIG_MODEL_ENG_14_9;Sea Hawk (F-1) / Sea Hawk (FB-3);Sea Hawk (F-1) / Sea Hawk (FB-3);Sea Hawk (F-1) / Sea Hawk (FB-3);Sea Hawk (F-1) / Sea Hawk (FB-3);Sea Hawk (F-1) / Sea Hawk (FB-3);Sea Hawk (F-1) / Sea Hawk (FB-3);;;;;X
BRIG_MODEL_ENG_15_0;Boulton Paul Defiant;Boulton Paul Defiant;Boulton Paul Defiant;Boulton Paul Defiant;Boulton Paul Defiant;Boulton Paul Defiant;Boulton Paul Defiant;Boulton Paul Defiant;;;X
BRIG_MODEL_ENG_15_1;Westland Whirlwind;Westland Whirlwind;Westland Whirlwind;Westland Whirlwind;Westland Whirlwind;Westland Whirlwind;Westland Whirlwind;Westland Whirlwind;;;X
BRIG_MODEL_ENG_15_2;De Havilland Mosquito F Mk.II;De Havilland Mosquito F Mk.II;De Havilland Mosquito F Mk.II;De Havilland Mosquito F Mk.II;De Havilland Mosquito F Mk.II;De Havilland Mosquito F Mk.II;De Havilland Mosquito F Mk.II;De Havilland Mosquito F Mk.II;;;X
BRIG_MODEL_ENG_15_3;Westland Welkin;Westland Welkin;Westland Welkin;Westland Welkin;Westland Welkin;Westland Welkin;Westland Welkin;Westland Welkin;;;X
BRIG_MODEL_ENG_15_4;De Havilland Hornet;De Havilland Hornet;De Havilland Hornet;De Havilland Hornet;De Havilland Hornet;De Havilland Hornet;De Havilland Hornet;De Havilland Hornet;;;X
BRIG_MODEL_ENG_15_5;Hawker Hunter;Hawker Hunter;Hawker Hunter;Hawker Hunter;Hawker Hunter;Hawker Hunter;;Hawker Hunter;;;X
BRIG_MODEL_ENG_15_6;Supermarine Scimitar;Supermarine Scimitar;Supermarine Scimitar;Supermarine Scimitar;Supermarine Scimitar;Supermarine Scimitar;;Supermarine Scimitar;;;X
BRIG_MODEL_ENG_30_0;Short S41;Short S41;Short S41;Short S41;Short S41;Short S41;;Short S41;;;X
BRIG_MODEL_ENG_30_1;Short Admiralty Type 81;Short Admiralty Type 81;Short Admiralty Type 81;Short Admiralty Type 81;Short Admiralty Type 81;Short Admiralty Type 81;;Short Admiralty Type 81;;;X
BRIG_MODEL_ENG_30_2;Felixstowe F2;Felixstowe F2;Felixstowe F2;Felixstowe F2;Felixstowe F2;Felixstowe F2;;Felixstowe F2;;;X
BRIG_MODEL_ENG_30_3;Fairey IIIF;Fairey IIIF;Fairey IIIF;Fairey IIIF;Fairey IIIF;Fairey IIIF;;Fairey IIIF;;;X
BRIG_MODEL_ENG_30_4;Supermarine Seagull;Supermarine Seagull;Supermarine Seagull;Supermarine Seagull;Supermarine Seagull;Supermarine Seagull;;Supermarine Seagull;;;X
BRIG_MODEL_ENG_30_5;Supermarine Walrus;Supermarine Walrus;Supermarine Walrus;Supermarine Walrus;Supermarine Walrus;Supermarine Walrus;;Supermarine Walrus;;;X
BRIG_MODEL_ENG_30_6;Fairey Seafox;Fairey Seafox;Fairey Seafox;Fairey Seafox;Fairey Seafox;Fairey Seafox;;Fairey Seafox;;;X
BRIG_MODEL_ENG_30_7;Supermarine Sea Otter;Supermarine Sea Otter;Supermarine Sea Otter;Supermarine Sea Otter;Supermarine Sea Otter;Supermarine Sea Otter;;Supermarine Sea Otter;;;X
# England land units;;;;;;;;;;;X
MODEL_ENG_4_0;Vickers L-A Mk. VI;Vickers Mk. VI;Vickers Mk. VI;Vickers Mk. VI;Vickers Mk. VI;Vickers Mk. VI;;Vickers Mk. VI;;;X
MODEL_ENG_4_1;Mk. I A9 Cruiser;Mk. I A9 Cruiser;Mk. I A9 Cruiser;Mk. I A9 Cruiser;Mk. I A9 Cruiser;Mk. I A9 Cruiser;;Mk. I A9 Cruiser;;;X
MODEL_ENG_4_2;Mk. II A10 Cruiser;Mk. II A10 Cruiser;Mk. II A10 Cruiser;Mk. II A10 Cruiser;Mk. II A10 Cruiser;Mk. II A10 Cruiser;;Mk. II A10 Cruiser;;;X
MODEL_ENG_5_0;Mk. IV A13 Cruiser;Mk. IV A13 Cruiser;Mk. IV A13 Cruiser;Mk. IV A13 Cruiser;Mk. IV A13 Cruiser;Mk. IV A13 Cruiser;;Mk. IV A13 Cruiser;;;X
MODEL_ENG_5_1;Mk. VI A15 Crusader;Mk. VI A15 Crusader;Mk. VI A15 Crusader;Mk. VI A15 Crusader;Mk. VI A15 Crusader;Mk. VI A15 Crusader;;Mk. VI A15 Crusader;;;X
MODEL_ENG_5_2;Mk. VIII A23M Cromwell;Mk. VIII A23M Cromwell;Mk. VIII A23M Cromwell;Mk. VIII A23M Cromwell;Mk. VIII A23M Cromwell;Mk. VIII A23M Cromwell;;Mk. VIII A23M Cromwell;;;X
MODEL_ENG_5_3;A34 Comet;A34 Comet;A34 Comet;A34 Comet;A34 Comet;A34 Comet;;A34 Comet;;;X
MODEL_ENG_5_4;FV4007 Centurion Mk. III;FV4007 Centurion Mk. III;FV4007 Centurion Mk. III;FV4007 Centurion Mk. III;FV4007 Centurion Mk. III;FV4007 Centurion Mk. III;;FV4007 Centurion Mk. III;;;X
MODEL_ENG_5_5;FV4011 Centurion Mk. V;FV4011 Centurion Mk. V;FV4011 Centurion Mk. V;FV4011 Centurion Mk. V;FV4011 Centurion Mk. V;FV4011 Centurion Mk. V;;FV4011 Centurion Mk. V;;;X
MODEL_ENG_5_6;FV4015 Centurion Mk. X;FV4015 Centurion Mk. X;FV4015 Centurion Mk. X;FV4015 Centurion Mk. X;FV4015 Centurion Mk. X;FV4015 Centurion Mk. X;;FV4015 Centurion Mk. X;;;X
MODEL_ENG_5_7;FV4201 Chieftain;FV4201 Chieftain;FV4201 Chieftain;FV4201 Chieftain;FV4201 Chieftain;FV4201 Chieftain;;FV4201 Chieftain;;;X
# England air units;;;;;;;;;;;X
MODEL_ENG_12_0;Sopwith Pup;Sopwith Pup;Sopwith Pup;Sopwith Pup;Sopwith Pup;Sopwith Pup;Sopwith Pup;Sopwith Pup;;;X
MODEL_ENG_12_1;RAF S.E.5a;RAF S.E.5a;RAF S.E.5a;RAF S.E.5a;RAF S.E.5a;RAF S.E.5a;;RAF S.E.5a;;;X
MODEL_ENG_12_2;Bristol F.2 Fighter;Bristol F.2 Fighter;Bristol F.2 Fighter;Bristol F.2 Fighter;Bristol F.2 Fighter;Bristol F.2 Fighter;Bristol F.2 Fighter;Bristol F.2 Fighter;;;X
MODEL_ENG_12_3;Armstrong Whitworth Sisskin;Armstrong Whitworth Sisskin;Armstrong Whitworth Sisskin;Armstrong Whitworth Sisskin;Armstrong Whitworth Sisskin;Armstrong Whitworth Sisskin;Armstrong Whitworth Sisskin;Armstrong Whitworth Sisskin;;;X
MODEL_ENG_12_4;Gloster Gladiator;Gloster Gladiator;Gloster Gladiator;Gloster Gladiator;Gloster Gladiator;Gloster Gladiator;Gloster Gladiator;Gloster Gladiator;;;X
MODEL_ENG_12_5;Supermarine Spitfire Mk I;Supermarine Spitfire Mk I;Supermarine Spitfire Mk I;Supermarine Spitfire Mk I;Supermarine Spitfire Mk I;Supermarine Spitfire Mk I;Supermarine Spitfire Mk I;Supermarine Spitfire Mk I;;;X
MODEL_ENG_12_6;Hawker Typhoon;Hawker Typhoon;Hawker Typhoon;Hawker Typhoon;Hawker Typhoon;Hawker Typhoon;Hawker Typhoon;Hawker Typhoon;;;X
MODEL_ENG_12_7;Hawker Tempest;Hawker Tempest;Hawker Tempest;Hawker Tempest;Hawker Tempest;Hawker Tempest;Hawker Tempest;Hawker Tempest;;;X
MODEL_ENG_12_9;Gloster Meteor F 8;Gloster Meteor F 8;Gloster Meteor F 8;Gloster Meteor F 8;Gloster Meteor F 8;Gloster Meteor F 8;Gloster Meteor F 8;Gloster Meteor F 8;;;X
MODEL_ENG_12_10;Gloster Javelin;Gloster Javelin;Gloster Javelin;Gloster Javelin;Gloster Javelin;Gloster Javelin;Gloster Javelin;Gloster Javelin;;;X
MODEL_ENG_12_11;Hawker Hunter;Hawker Hunter;Hawker Hunter;Hawker Hunter;Hawker Hunter;Hawker Hunter;Hawker Hunter;Hawker Hunter;;;X
MODEL_ENG_12_12;De Havilland Vixen;De Havilland Vixen;De Havilland Vixen;De Havilland Vixen;De Havilland Vixen;De Havilland Vixen;;De Havilland Vixen;;;X
MODEL_ENG_12_13;McDonnell-Douglas F-4 FGR.2 Phantom II;McDonnell-Douglas F-4 FGR.2 Phantom II;McDonnell-Douglas F-4 FGR.2 Phantom II;McDonnell-Douglas F-4 FGR.2 Phantom II;McDonnell-Douglas F-4 FGR.2 Phantom II;McDonnell-Douglas F-4 FGR.2 Phantom II;McDonnell-Douglas F-4 FGR.2 Phantom II;McDonnell-Douglas F-4 FGR.2 Phantom II;;;X
MODEL_ENG_13_0;RAF B.E.2a;RAF B.E.2a;RAF B.E.2a;RAF B.E.2a;RAF B.E.2a;RAF B.E.2a;RAF B.E.2a;RAF B.E.2a;;;X
MODEL_ENG_13_1;Bristol Scout A;Bristol Scout A;Bristol Scout A;Bristol Scout A;Bristol Scout A;Bristol Scout A;Bristol Scout A;Bristol Scout A;;;X
MODEL_ENG_13_2;Airco D.H.2;Airco D.H.2;Airco D.H.2;Airco D.H.2;Airco D.H.2;Airco D.H.2;;Airco D.H.2;;;X
MODEL_ENG_13_3;Sopwith Triplane;Sopwith Triplane;Sopwith Triplane;Sopwith Triplane;Sopwith Triplane;Sopwith Triplane;;Sopwith Triplane;;;X
MODEL_ENG_13_4;Sopwith Camel;Sopwith Camel;Sopwith Camel;Sopwith Camel;Sopwith Camel;Sopwith Camel;Sopwith Camel;Sopwith Camel;;;X
MODEL_ENG_13_5;Sopwith Snipe;Sopwith Snipe;Sopwith Snipe;Sopwith Snipe;Sopwith Snipe;Sopwith Snipe;Sopwith Snipe;Sopwith Snipe;;;X
MODEL_ENG_13_6;Gloster Grebe;Gloster Grebe;Gloster Grebe;Gloster Grebe;Gloster Grebe;Gloster Grebe;Gloster Grebe;Gloster Grebe;;;X
MODEL_ENG_13_7;Bristol Bulldog;Bristol Bulldog;Bristol Bulldog;Bristol Bulldog;Bristol Bulldog;Bristol Bulldog;Bristol Bulldog;Bristol Bulldog;;;X
MODEL_ENG_13_8;Hawker Hurricane Mk I;Hawker Hurricane Mk I;Hawker Hurricane Mk I;Hawker Hurricane Mk I;Hawker Hurricane Mk I;Hawker Hurricane Mk I;Hawker Hurricane Mk I;Hawker Hurricane Mk I;;;X
MODEL_ENG_13_9;Hawker Hurricane Mk IIA;Hawker Hurricane Mk IIA;Hawker Hurricane Mk IIA;Hawker Hurricane Mk IIA;Hawker Hurricane Mk IIA;Hawker Hurricane Mk IIA;Hawker Hurricane Mk IIA;Hawker Hurricane Mk IIA;;;X
MODEL_ENG_13_10;Supermarine Spitfire Mk XIV;Supermarine Spitfire Mk XIV;Supermarine Spitfire Mk XIV;Supermarine Spitfire Mk XIV;Supermarine Spitfire Mk XIV;Supermarine Spitfire Mk XIV;Supermarine Spitfire Mk XIV;Supermarine Spitfire Mk XIV;;;X
MODEL_ENG_13_11;Gloster Meteor F 1;Gloster Meteor F 1;Gloster Meteor F 1;Gloster Meteor F 1;Gloster Meteor F 1;Gloster Meteor F 1;Gloster Meteor F 1;Gloster Meteor F 1;;;X
MODEL_ENG_13_12;De Havilland Vampire Mk.1;De Havilland Vampire Mk.1;De Havilland Vampire Mk.1;De Havilland Vampire Mk.1;De Havilland Vampire Mk.1;De Havilland Vampire Mk.1;De Havilland Vampire Mk.1;De Havilland Vampire Mk.1;;;X
MODEL_ENG_13_13;De Havilland Vampire F.3;De Havilland Vampire F.3;De Havilland Vampire F.3;De Havilland Vampire F.3;De Havilland Vampire F.3;De Havilland Vampire F.3;De Havilland Vampire F.3;De Havilland Vampire F.3;;;X
MODEL_ENG_13_14;Supermarine Swift;Supermarine Swift;Supermarine Swift;Supermarine Swift;Supermarine Swift;Supermarine Swift;;Supermarine Swift;;;X
MODEL_ENG_13_15;English Electric Lightning F.1;English Electric Lightning F.1;English Electric Lightning F.1;English Electric Lightning F.1;English Electric Lightning F.1;English Electric Lightning F.1;English Electric Lightning F.1;English Electric Lightning F.1;;;X
MODEL_ENG_13_16;English Electric Lightning F.3;English Electric Lightning F.3;English Electric Lightning F.3;English Electric Lightning F.3;English Electric Lightning F.3;English Electric Lightning F.3;English Electric Lightning F.3;English Electric Lightning F.3;;;X
MODEL_ENG_32_0;Hawker P.1052;Hawker P.1052;Hawker P.1052;Hawker P.1052;Hawker P.1052;Hawker P.1052;Hawker P.1052;Hawker P.1052;;;X
MODEL_ENG_32_1;Saunders-Roe SR.177;Saunders-Roe SR.177;Saunders-Roe SR.177;Saunders-Roe SR.177;Saunders-Roe SR.177;Saunders-Roe SR.177;Saunders-Roe SR.177;Saunders-Roe SR.177;;;X
MODEL_ENG_14_1;Handley Page V/1500;Handley Page V/1500;Handley Page V/1500;Handley Page V/1500;Handley Page V/1500;Handley Page V/1500;;Handley Page V/1500;;;X
MODEL_ENG_14_2;Fairey Hendon;Fairey Hendon;Fairey Hendon;Fairey Hendon;Fairey Hendon;Fairey Hendon;;Fairey Hendon;;;X
MODEL_ENG_14_3;Short Stirling;Short Stirling;Short Stirling;Short Stirling;Short Stirling;Short Stirling;Short Stirling;Short Stirling;;;X
MODEL_ENG_14_4;Handley Page Halifax;Handley Page Halifax;Handley Page Halifax;Handley Page Halifax;Handley Page Halifax;Handley Page Halifax;Handley Page Halifax;Handley Page Halifax;;;X
MODEL_ENG_14_5;Avro Lancaster;Avro Lancaster;Avro Lancaster;Avro Lancaster;Avro Lancaster;Avro Lancaster;Avro Lancaster;Avro Lancaster;;;X
MODEL_ENG_14_6;Avro Lincoln;Avro Lincoln;Avro Lincoln;Avro Lincoln;Avro Lincoln;Avro Lincoln;Avro Lincoln;Avro Lincoln;;;X
MODEL_ENG_14_7;Vickers Valiant;Vickers Valiant;Vickers Valiant;Vickers Valiant;Vickers Valiant;Vickers Valiant;;Vickers Valiant;;;X
MODEL_ENG_14_8;Avro Vulcan;Avro Vulcan;Avro Vulcan;Avro Vulcan;Avro Vulcan;Avro Vulcan;;Avro Vulcan;;;X
MODEL_ENG_14_9;Handley Page Victor;Handley Page Victor;Handley Page Victor;Handley Page Victor;Handley Page Victor;Handley Page Victor;Handley Page Victor;Handley Page Victor;;;X
MODEL_ENG_15_0;Airco D.H.4;Airco D.H.4;Airco D.H.4;Airco D.H.4;Airco D.H.4;Airco D.H.4;;Airco D.H.4;;;X
MODEL_ENG_15_1;Handley Page O/100;Handley Page O/100;Handley Page O/100;Handley Page O/100;Handley Page O/100;Handley Page O/100;Handley Page O/100;Handley Page O/100;;;X
MODEL_ENG_15_2;Handley Page O/400;Handley Page O/400;Handley Page O/400;Handley Page O/400;Handley Page O/400;Handley Page O/400;Handley Page O/400;Handley Page O/400;;;X
MODEL_ENG_15_3;Vickers Vimy;Vickers Vimy;Vickers Vimy;Vickers Vimy;Vickers Vimy;Vickers Vimy;Vickers Vimy;Vickers Vimy;;;X
MODEL_ENG_15_4;Boulton Paul Sidestrand;Boulton Paul Sidestrand;Boulton Paul Sidestrand;Boulton Paul Sidestrand;Boulton Paul Sidestrand;Boulton Paul Sidestrand;;Boulton Paul Sidestrand;;;X
MODEL_ENG_15_5;Handley Page Heyford;Handley Page Heyford;Handley Page Heyford;Handley Page Heyford;Handley Page Heyford;Handley Page Heyford;Handley Page Heyford;Handley Page Heyford;;;X
MODEL_ENG_15_6;Armstrong Whitworth Whitley;Armstrong Whitworth Whitley;Armstrong Whitworth Whitley;Armstrong Whitworth Whitley;Armstrong Whitworth Whitley;Armstrong Whitworth Whitley;;Armstrong Whitworth Whitley;;;X
MODEL_ENG_15_7;Vickers Wellington;Vickers Wellington;Vickers Wellington;Vickers Wellington;Vickers Wellington;Vickers Wellington;;Vickers Wellington;;;X
MODEL_ENG_15_8;De Havilland Mosquito;De Havilland Mosquito;De Havilland Mosquito;De Havilland Mosquito;De Havilland Mosquito;De Havilland Mosquito;De Havilland Mosquito;De Havilland Mosquito;;;X
MODEL_ENG_15_9;De Havilland Venom FB1;De Havilland Venom FB1;De Havilland Venom FB1;De Havilland Venom FB1;De Havilland Venom FB1;De Havilland Venom FB1;De Havilland Venom FB1;De Havilland Venom FB1;;;X
MODEL_ENG_15_10;De Havilland Venom FB4;De Havilland Venom FB4;De Havilland Venom FB4;De Havilland Venom FB4;De Havilland Venom FB4;De Havilland Venom FB4;De Havilland Venom FB4;De Havilland Venom FB4;;;X
MODEL_ENG_15_11;English Electric Canberra B2;English Electric Canberra B2;English Electric Canberra B2;English Electric Canberra B2;English Electric Canberra B2;English Electric Canberra B2;English Electric Canberra B2;English Electric Canberra B2;;;X
MODEL_ENG_15_12;BAC TSR-2;BAC TSR-2;BAC TSR-2;BAC TSR-2;BAC TSR-2;BAC TSR-2;;BAC TSR-2;;;X
MODEL_ENG_16_0;Short 184;Short 184;Short 184;Short 184;Short 184;Short 184;Short 184;Short 184;;;X
MODEL_ENG_16_1;Supermarine Southampton;Supermarine Southampton;Supermarine Southampton;Supermarine Southampton;Supermarine Southampton;Supermarine Southampton;Supermarine Southampton;Supermarine Southampton;;;X
MODEL_ENG_16_2;Short Sunderland;Short Sunderland;Short Sunderland;Short Sunderland;Short Sunderland;Short Sunderland;;Short Sunderland;;;X
MODEL_ENG_16_3;Bristol Beaufort;Bristol Beaufort;Bristol Beaufort;Bristol Beaufort;Bristol Beaufort;Bristol Beaufort;Bristol Beaufort;Bristol Beaufort;;;X
MODEL_ENG_16_4;Bristol Brigand;Bristol Brigand;Bristol Brigand;Bristol Brigand;Bristol Brigand;Bristol Brigand;Bristol Brigand;Bristol Brigand;;;X
MODEL_ENG_16_5;Vickers Warwick;Vickers Warwick;Vickers Warwick;Vickers Warwick;Vickers Warwick;Vickers Warwick;Vickers Warwick;Vickers Warwick;;;X
MODEL_ENG_16_6;Fairey Gannet;Fairey Gannet;Fairey Gannet;Fairey Gannet;Fairey Gannet;Fairey Gannet;;Fairey Gannet;;;X
MODEL_ENG_16_7;Avro Shackleton;Avro Shackleton;Avro Shackleton;Avro Shackleton;Avro Shackleton;Avro Shackleton;;Avro Shackleton;;;X
MODEL_ENG_16_8;Hawker-Siddeley Nimrod;Hawker-Siddeley Nimrod;Hawker-Siddeley Nimrod;Hawker-Siddeley Nimrod;Hawker-Siddeley Nimrod;Hawker-Siddeley Nimrod;;Hawker-Siddeley Nimrod;;;X
MODEL_ENG_17_0;Hawker Hart;Hawker Hart;Hawker Hart;Hawker Hart;Hawker Hart;Hawker Hart;;Hawker Hart;;;X
MODEL_ENG_17_1;Fairey Battle;Fairey Battle;Fairey Battle;Fairey Battle;Fairey Battle;Fairey Battle;Fairey Battle;Fairey Battle;;;X
MODEL_ENG_17_2;Hawker Hurricane Mk IV;Hawker Hurricane Mk IV;Hawker Hurricane Mk IV;Hawker Hurricane Mk IV;Hawker Hurricane Mk IV;Hawker Hurricane Mk IV;Hawker Hurricane Mk IV;Hawker Hurricane Mk IV;;;X
MODEL_ENG_17_3;Bristol Beaufighter Mk IC;Bristol Beaufighter Mk IC;Bristol Beaufighter Mk IC;Bristol Beaufighter Mk IC;Bristol Beaufighter Mk IC;Bristol Beaufighter Mk IC;Bristol Beaufighter Mk IC;Bristol Beaufighter Mk IC;;;X
MODEL_ENG_17_4;Bristol Beaufighter Mk VI;Bristol Beaufighter Mk VI;Bristol Beaufighter Mk VI;Bristol Beaufighter Mk VI;Bristol Beaufighter Mk VI;Bristol Beaufighter Mk VI;Bristol Beaufighter Mk VI;Bristol Beaufighter Mk VI;;;X
MODEL_ENG_17_5;De Havilland Mosquito B.XVI;De Havilland Mosquito B.XVI;De Havilland Mosquito B.XVI;De Havilland Mosquito B.XVI;De Havilland Mosquito B.XVI;De Havilland Mosquito B.XVI;;De Havilland Mosquito B.XVI;;;X
MODEL_ENG_17_6;Blackburn Buccaneer;Blackburn Buccaneer;Blackburn Buccaneer;Blackburn Buccaneer;Blackburn Buccaneer;Blackburn Buccaneer;;Blackburn Buccaneer;;;X
MODEL_ENG_18_0;Handley Page H.P.45;Handley Page H.P.45;Handley Page H.P.45;Handley Page H.P.45;Handley Page H.P.45;Handley Page H.P.45;;Handley Page H.P.45;;;X
MODEL_ENG_18_1;Bristol Bombay;Bristol Bombay;Bristol Bombay;Bristol Bombay;Bristol Bombay;Bristol Bombay;;Bristol Bombay;;;X
MODEL_ENG_18_2;Armstrong-Whitworth Albemarle;Armstrong-Whitworth Albemarle;Armstrong-Whitworth Albemarle;Armstrong-Whitworth Albemarle;Armstrong-Whitworth Albemarle;Armstrong-Whitworth Albemarle;;Armstrong-Whitworth Albemarle;;;X
MODEL_ENG_18_3;Douglas Dakota;Douglas Dakota;Douglas Dakota;Douglas Dakota;Douglas Dakota;Douglas Dakota;;Douglas Dakota;;;X
MODEL_ENG_18_4;Avro Lancastrian;Avro Lancastrian;Avro Lancastrian;Avro Lancastrian;Avro Lancastrian;Avro Lancastrian;;Avro Lancastrian;;;X
MODEL_ENG_18_5;Blackburn Beverley;Blackburn Beverley;Blackburn Beverley;Blackburn Beverley;Blackburn Beverley;Blackburn Beverley;;Blackburn Beverley;;;X
MODEL_ENG_20_0;Thor;Thor;Thor;Thor;Thor;Thor;;Thor;;;X
MODEL_ENG_20_1;Blue Streak;Blue Streak;Blue Streak;Blue Streak;Blue Streak;Blue Streak;;Blue Streak;;;X
# England naval units;;;;;;;;;;;X
MODEL_ENG_21_0;Ajax-class;Classe Ajax;Classe Ajax;Clase Ajax;Ajax-Klasse;Ajax-klasa;;Ajax-Klasse;;;X
MODEL_ENG_21_1;Majestic-class;Classe Majestic;Classe Majestic;Clase Majestic;Majestic-Klasse;Majestic-klasa;;Majestic-Klasse;;;X
MODEL_ENG_21_2;Dreadnought-class;Classe Dreadnought;Classe Dreadnought;Clase Dreadnought;Dreadnought-Klasse;Dreadnought-klasa;;Dreadnought-Klasse;;;X
MODEL_ENG_21_3;Orion-class;Classe Orion;Classe Orion;Clase Orion;Orion-Klasse;Orion-klasa;;Orion-Klasse;;;X
MODEL_ENG_21_4;Queen Elizabeth-class;Classe Queen Elisabeth;Classe Queen Elisabeth;Clase Queen Elisabeth;Queen Elisabeth-Klasse;Queen Elizabeth-klasa;;Queen Elisabeth-Klasse;;;X
MODEL_ENG_21_5;Royal Sovereign-class;;;;;;;;;;x;
MODEL_ENG_21_6;Nelson-class;Classe Nelson;Classe Nelson;Clase Nelson;Nelson-Klasse;Nelson-klasa;;Nelson-Klasse;;;X
MODEL_ENG_21_7;King George V-class;Classe King George V;Classe King George V;Clase King George V;King George V-Klasse;King George V-klasa;;King George V-Klasse;;;X
MODEL_ENG_21_8;Lion-class;Classe Lion;Classe Lion;Clase Lion;Lion-Klasse;Lion-klasa;;Lion-Klasse;;;X
MODEL_ENG_22_0;Leander-class;Classe Leander;Classe Leander;Clase Leander;Leander-Klasse;Leander-klasa;;Leander-Klasse;;;X
MODEL_ENG_22_1;Sentinel-class;Classe Sentinel;Classe Sentinel;Clase Sentinel;Sentinel-Klasse;Sentinel-klasa;;Sentinel-Klasse;;;X
MODEL_ENG_22_2;Town-class;Classe Town;Classe Town;Clase Town;Town-Klasse;Town-klasa;;Town-Klasse;;;X
MODEL_ENG_22_3;Emerald-class;Classe Emerald;Classe Emerald;Clase Emerald;Emerald-Klasse;Emerald-klasa;;Emerald-Klasse;;;X
MODEL_ENG_22_4;Leander-class;Classe Leander;Classe Leander;Clase Leander;Leander-Klasse;Leander-klasa;;Leander-Klasse;;;X
MODEL_ENG_22_5;Southampton-class;Classe Southampton;Classe Southampton;Clase Southampton;Southampton-Klasse;Southampton-klasa;;Southampton-Klasse;;;X
MODEL_ENG_22_6;Dido-class;Classe Dido;Classe Dido;Clase Dido;Dido-Klasse;Dido-klasa;;Dido-Klasse;;;X
MODEL_ENG_22_7;Minotaur-class;Classe Minotaur;Classe Minotaur;Clase Minotaur;Minotaur-Klasse;Minotaur-klasa;;Minotaur-Klasse;;;X
MODEL_ENG_22_8;Tiger-class;Classe Tiger;Classe Tiger;Clase Tiger;Tiger-Klasse;Tiger-klasa;;Tiger-Klasse;;;X
MODEL_ENG_23_0;Shannon-class;Classe Shannon;Classe Shannon;Clase Shannon;Shannon-Klasse;Shannon-klasa;;Shannon-Klasse;;;X
MODEL_ENG_23_1;Cressy-class;Classe Cressy;Classe Cressy;Clase Cressy;Cressy-Klasse;Cressy-klasa;;Cressy-Klasse;;;X
MODEL_ENG_23_2;Minotaur-class;Classe Minotaur;Classe Minotaur;Clase Minotaur;Minotaur-Klasse;Minotaur-klasa;;Minotaur-Klasse;;;X
MODEL_ENG_23_3;County-class;Classe County;Classe County;Clase County;County-Klasse;County-klasa;;County-Klasse;;;X
MODEL_ENG_23_4;York-class;Classe York;Classe York;Clase York;York-Klasse;York-klasa;;York-Klasse;;;X
MODEL_ENG_24_0;Invicible-class;Classe Invicible;Classe Invicible;Clase Invicible;Invicible-Klasse;Invicible-klasa;;Invicible-Klasse;;;X
MODEL_ENG_24_1;Renown-class;Classe Renown;Classe Renown;Clase Renown;Renown-Klasse;Renown-klasa;;Renown-Klasse;;;X
MODEL_ENG_24_2;Admiral-class;Classe Admiral;Classe Admiral;Clase Admiral;Admiral-Klasse;Admiral-klasa;;Admiral-Klasse;;;X
MODEL_ENG_24_3;G3-class;Classe G3;Classe G3;Clase G3;G3-Klasse;G3-klasa;;G3-Klasse;;;X
MODEL_ENG_25_0;D-class;Classe D;Classe D;Clase D;D-Klasse;D-klasa;;D-Klasse;;;X
MODEL_ENG_25_1;E-class;Classe E;Classe E;Clase E;E-Klasse;E-klasa;;E-Klasse;;;X
MODEL_ENG_25_2;H-class;Classe H;Classe H;Clase H;H-Klasse;H-klasa;;H-Klasse;;;X
MODEL_ENG_25_3;S-class;Classe S;Classe S;Clase S;S-Klasse;S-klasa;;S-Klasse;;;X
MODEL_ENG_25_4;W-class;Classe W;Classe W;Clase W;W-Klasse;W-klasa;;W-Klasse;;;X
MODEL_ENG_25_5;F-class;Classe F;Classe F;Clase F;F-Klasse;F-klasa;;F-Klasse;;;X
MODEL_ENG_25_6;Tribal-class;Classe Tribal;Classe Tribal;Clase Tribal;Tribal-Klasse;Tribal-klasa;;Tribal-Klasse;;;X
MODEL_ENG_25_7;O-class;Classe O;Classe O;Clase O;O-Klasse;O-klasa;;O-Klasse;;;X
MODEL_ENG_25_8;Battle-class;Classe Battle;Classe Battle;Clase Battle;Battle-Klasse;Battle-klasa;;Battle-Klasse;;;X
MODEL_ENG_25_9;County-class;Classe County;Classe County;Clase County;County-Klasse;County-klasa;;County-Klasse;;;X
MODEL_ENG_26_0;Courageous-class;Classe Courageous;Classe Courageous;Clase Courageous;Courageous-Klasse;Courageous-klasa;;Courageous-Klasse;;;X
MODEL_ENG_26_2;Ark Royal-class;Classe Ark Royal;Classe Ark Royal;Clase Ark Royal;Ark Royal-Klasse;Ark Royal-klasa;;Ark Royal-Klasse;;;X
MODEL_ENG_26_3;Illustrious-class;Classe Illustrious;Classe Illustrious;Clase Illustrious;Illustrious-Klasse;Illustrious-klasa;;Illustrious-Klasse;;;X
MODEL_ENG_26_4;Implacable-class;Classe Implacable;Classe Implacable;Clase Implacable;Implacable-Klasse;Implacable-klasa;;Implacable-Klasse;;;X
MODEL_ENG_26_5;Audacious-class;Classe Audacious;Classe Audacious;Clase Audacious;Audacious-Klasse;Audacious-klasa;;Audacious-Klasse;;;X
MODEL_ENG_26_6;Malta-class;Classe Malta;Classe Malta;Clase Malta;Malta-Klasse;Malta-klasa;;Malta-Klasse;;;X
MODEL_ENG_27_0;Empress-class;Classe Empress;Classe Empress;Clase Empress;Empress-Klasse;Empress-klasa;;Empress-Klasse;;;X
MODEL_ENG_27_1;Argus-class;Classe Argus;Classe Argus;Clase Argus;Argus-Klasse;Argus-klasa;;Argus-Klasse;;;X
MODEL_ENG_27_2;Hermes-class;Classe Hermes;Classe Hermes;Clase Hermes;Hermes-Klasse;Hermes-klasa;;Hermes-Klasse;;;X
MODEL_ENG_27_3;Avenger-class;Classe Avenger;Classe Avenger;Clase Avenger;Avenger-Klasse;Avenger-klasa;;Avenger-Klasse;;;X
MODEL_ENG_28_0;Holland-class;Classe Holland;Classe Holland;Clase Holland;Holland-Klasse;Holland-klasa;;Holland-Klasse;;;X
MODEL_ENG_28_1;E-boat-class;Classe E-boat;Classe E-boat;Clase E-boat;E-boat-Klasse;E-boat-klasa;;E-boat-Klasse;;;X
MODEL_ENG_28_2;H-boat-class;Classe H-boat;Classe H-boat;Clase H-boat;H-boat-Klasse;H-boat-klasa;;H-boat-Klasse;;;X
MODEL_ENG_28_3;Odin-class;Classe Odin;Classe Odin;Clase Odin;Odin-Klasse;Odin-klasa;;Odin-Klasse;;;X
MODEL_ENG_28_4;S-boat-class;Classe S-boat;Classe S-boat;Clase S-boat;S-boat-Klasse;S-boat-klasa;;S-boat-Klasse;;;X
MODEL_ENG_28_5;T-boat-class;Classe T-boat;Classe T-boat;Clase T-boat;T-boat-Klasse;T-boat-klasa;;T-boat-Klasse;;;X
#MODEL_ENG_28_6;Umpire-class;Classe Umpire;Classe Umpire;Clase Umpire;Umpire-Klasse;Umpire-klasa;;Umpire-Klasse;;;X
MODEL_ENG_28_6;Vampire-class;Classe Vampire;Classe Vampire;Clase Vampire;Vampire-Klasse;Vampire-klasa;;Vampire-Klasse;;;X
MODEL_ENG_28_7;Explorer-class;Classe Explorer;Classe Explorer;Clase Explorer;Explorer-Klasse;Explorer-klasa;;Explorer-Klasse;;;X
MODEL_ENG_28_9;Porpoise-class;Classe Porpoise;Classe Porpoise;Clase Porpoise;Porpoise-Klasse;Porpoise-klasa;;Porpoise-Klasse;;;X
MODEL_ENG_28_10;Dreadnought-class;Classe Dreadnought;Classe Dreadnought;Clase Dreadnought;Dreadnought-Klasse;Dreadnought-klasa;;Dreadnought-Klasse;;;X
MODEL_ENG_28_11;Valiant-class;Classe Valiant;Classe Valiant;Clase Valiant;Valiant-Klasse;Valiant-klasa;;Valiant-Klasse;;;X
MODEL_ENG_28_12;Resolution-class;Classe Resolution;Classe Resolution;Clase Resolution;Resolution-Klasse;Resolution-klasa;;Resolution-Klasse;;;X
MODEL_ENG_29_0;M2-class;Classe M2;Classe M2;Clase M2;M2-Klasse;M2-klasa;;M2-Klasse;;;X
MODEL_ENG_30_4;Ard Patrick-class LSI;;;;;;;;;;x;
MODEL_ENG_30_5;Empire Charmain-class LSC;;;;;;;;;;x;
MODEL_ENG_31_0;Unicorn-class;Classe Unicorn;Classe Unicorn;Clase Unicorn;Unicorn-Klasse;Unicorn-klasa;;Unicorn-Klasse;;;X
MODEL_ENG_31_1;Colossus-class;Classe Colossus;Classe Colossus;Clase Colossus;Colossus-Klasse;Colossus-klasa;;Colossus-Klasse;;;X
MODEL_ENG_31_2;Majestic-class;Classe Majestic;Classe Majestic;Clase Majestic;Majestic-class;Majestic-klasa;;Majestic-class;;;X
MODEL_ENG_31_3;Centaur-class;Classe Centaur;Classe Centaur;Clase Centaur;Centaur-class;Centaur-klasa;;Centaur-class;;;X
#;;;;;;;;;;;X
# France;;;;;;;;;;;X
# France land brigade;;;;;;;;;;;X
BRIG_MODEL_FRA_1_0;Canon de 75 mle 1897;Canon de 75 mle 1897;Canon de 75 mle 1897;Cañon de 75 mle 1897;Canon de 75 mle 1897;Canon de 75 mle 1897;;Canon de 75 mle 1897;;;X
BRIG_MODEL_FRA_1_1;Canon de 75 mle 1912;Canon de 75 mle 1912;Canon de 75 mle 1912;Cañon de 75 mle 1912;Canon de 75 mle 1912;Canon de 75 mle 1912;;Canon de 75 mle 1912;;;X
BRIG_MODEL_FRA_1_2;Canon de 105 mle 1913;Canon de 105 mle 1913;Canon de 105 mle 1913;Cañon de 105 mle 1913;Canon de 105 mle 1913;Canon de 105 mle 1913;;Canon de 105 mle 1913;;;X
BRIG_MODEL_FRA_1_3;Canon de 155 C mle 1917;Canon de 155 C mle 1917;Canon de 155 C mle 1917;Cañon de 155 C mle 1917;Canon de 155 C mle 1917;Canon de 155 C mle 1917;;Canon de 155 C mle 1917;;;X
BRIG_MODEL_FRA_1_4;Canon de 155mm GPF;Canon de 155mm GPF;Canon de 155mm GPF;Cañon de 155mm GPF;Canon de 155mm GPF;Canon de 155mm GPF;;Canon de 155mm GPF;;;X
BRIG_MODEL_FRA_1_5;;;;;;;;;;;X
BRIG_MODEL_FRA_1_6;;;;;;;;;;;X
BRIG_MODEL_FRA_1_7;Canon de 105 Mle 1935;Canon de 105 Mle 1935;Canon de 105 Mle 1935;Cañon de 105 Mle 1935;Canon de 105 Mle 1935;Canon de 105 Mle 1935;;Canon de 105 Mle 1935;;;X
BRIG_MODEL_FRA_1_8;;;;;;;;;;;X
BRIG_MODEL_FRA_1_9;Canon de 194 Mle GPF;Canon de 194 Mle GPF;Canon de 194 Mle GPF;Canon de 194 Mle GPF;Canon de 194 Mle GPF;Canon de 194 Mle GPF;;Canon de 194 Mle GPF;;;X
BRIG_MODEL_FRA_1_10;;;;;;;;;;;X
BRIG_MODEL_FRA_1_11;;;;;;;;;;;X
BRIG_MODEL_FRA_1_12;;;;;;;;;;;X
BRIG_MODEL_FRA_1_13;;;;;;;;;;;X
BRIG_MODEL_FRA_2_0;SAu-40;SAu-40;SAu-40;SAu-40;SAu-40;SAu-40;;SAu-40;;;X
BRIG_MODEL_FRA_2_1;ARL-40;ARL-40;ARL-40;ARL-40;ARL-40;ARL-40;;ARL-40;;;X
BRIG_MODEL_FRA_2_2;;;;;;;;;;;X
BRIG_MODEL_FRA_2_3;;;;;;;;;;;X
BRIG_MODEL_FRA_2_4;;;;;;;;;;;X
BRIG_MODEL_FRA_2_5;;;;;;;;;;;X
BRIG_MODEL_FRA_2_6;ELC AMX;ELC AMX;ELC AMX;ELC AMX;ELC AMX;ELC AMX;;ELC AMX;;;X
BRIG_MODEL_FRA_2_7;AMX 13 105 Automoteur;AMX 13 105 Automoteur;AMX 13 105 Automoteur;AMX 13 105 Automoteur;AMX 13 105 Automoteur;AMX 13 105 Automoteur;;AMX 13 105 Automoteur;;;X
BRIG_MODEL_FRA_6_0;Laffly W15;Laffly W15;Laffly W15;Laffly W15;Laffly W15;Laffly W15;;Laffly W15;;;X
BRIG_MODEL_FRA_6_1;;;;;;;;;;;X
BRIG_MODEL_FRA_6_2;;;;;;;;;;;X
BRIG_MODEL_FRA_6_3;;;;;;;;;;;X
BRIG_MODEL_FRA_6_4;;;;;;;;;;;X
BRIG_MODEL_FRA_6_5;AMX-13;AMX-13;AMX-13;AMX-13;AMX-13;AMX-13;;AMX-13;;;X
BRIG_MODEL_FRA_6_6;AMX 50 Canon Automoteur;AMX 50 Canon Automoteur;AMX 50 Canon Automoteur;AMX 50 Canon Automoteur;AMX 50 Canon Automoteur;AMX 50 Canon Automoteur;;AMX 50 Canon Automoteur;;;X
BRIG_MODEL_FRA_7_0;Renault FT 17;Renault FT 17;Renault FT 17;Renault FT 17;Renault FT 17;Renault FT 17;;Renault FT 17;;;X
BRIG_MODEL_FRA_7_1;;;;;;;;;;;X
BRIG_MODEL_FRA_7_2;;;;;;;;;;;X
BRIG_MODEL_FRA_7_3;Renault FT 31;Renault FT 31;Renault FT 31;Renault FT 31;Renault FT 31;Renault FT 31;;Renault FT 31;;;X
BRIG_MODEL_FRA_7_4;AMR 33;AMR 33;AMR 33;AMR 33;AMR 33;AMR 33;;AMR 33;;;X
BRIG_MODEL_FRA_7_5;AMR 35;AMR 35;AMR 35;AMR 35;AMR 35;AMR 35;;AMR 35;;;X
#BRIG_MODEL_FRA_7_5;Renault R35;Renault R35;Renault R35;Renault R35;Renault R35;Renault R35;;Renault R35;;;X
BRIG_MODEL_FRA_7_6;Hotchkiss H-35;Hotchkiss H-35;Hotchkiss H-35;Hotchkiss H-35;Hotchkiss H-35;Hotchkiss H-35;;Hotchkiss H-35;;;X
BRIG_MODEL_FRA_7_7;Somua S35;Somua S35;Somua S35;Somua S35;Somua S35;Somua S35;;Somua S35;;;X
BRIG_MODEL_FRA_7_8;Hotchkiss H-39;Hotchkiss H-39;Hotchkiss H-39;Hotchkiss H-39;Hotchkiss H-39;Hotchkiss H-39;;Hotchkiss H-39;;;X
#BRIG_MODEL_FRA_7_9;Renault R40;Renault R40;Renault R40;Renault R40;Renault R40;Renault R40;;Renault R40;;;X
BRIG_MODEL_FRA_8_0;Schneider CA1;Schneider CA1;Schneider CA1;Schneider CA1;Schneider CA1;Schneider CA1;;Schneider CA1;;;X
BRIG_MODEL_FRA_8_1;Char 2C;Char 2C;Char 2C;Char 2C;Char 2C;Char 2C;;Char 2C;;;X
BRIG_MODEL_FRA_8_2;Renault B1;Renault B1;Renault B1;Renault B1;Renault B1;Renault B1;;Renault B1;;;X
BRIG_MODEL_FRA_8_3;;;;;;;;;;;X
BRIG_MODEL_FRA_8_4;ARL-44;ARL-44;ARL-44;ARL-44;ARL-44;ARL-44;;ARL-44;;;X
BRIG_MODEL_FRA_8_5;AMX-50 12cm Gun;AMX-50 12cm Gun;AMX-50 12cm Gun;AMX-50 12cm Gun;AMX-50 12cm Gun;AMX-50 12cm Gun;;AMX-50 12cm Gun;;;X
BRIG_MODEL_FRA_9_0;Frot-Laffy landship;Frot-Laffy landship;Frot-Laffy landship;Frot-Laffy landship;Frot-Laffy landship;Frot-Laffy landship;;Frot-Laffy landship;;;X
BRIG_MODEL_FRA_9_1;FCM-F1;FCM-F1;FCM-F1;FCM-F1;FCM-F1;FCM-F1;;FCM-F1;;;X
BRIG_MODEL_FRA_10_0;;;;;;;;;;;X
BRIG_MODEL_FRA_10_1;Peugeot Armored Car;Peugeot Armored Car;Peugeot Armored Car;Coche Blindado Peugeot;Peugeot Armored Car;Peugeot Armored Car;;Peugeot Armored Car;;;X
BRIG_MODEL_FRA_10_2;;;;;;;;;;;X
BRIG_MODEL_FRA_10_3;AMC Schneider P 16;AMC Schneider P 16;AMC Schneider P 16;AMC Schneider P 16;AMC Schneider P 16;AMC Schneider P 16;;AMC Schneider P 16;;;X
BRIG_MODEL_FRA_10_4;Panhard 178;Panhard 178;Panhard 178;Panhard 178;Panhard 178;Panhard 178;;Panhard 178;;;X
BRIG_MODEL_FRA_10_5;Panhard 201;Panhard 201;Panhard 201;Panhard 201;Panhard 201;Panhard 201;;Panhard 201;;;X
BRIG_MODEL_FRA_10_6;EBR-75;EBR-75;EBR-75;EBR-75;EBR-75;EBR-75;;EBR-75;;;X
BRIG_MODEL_FRA_10_7;Panhard AML;Panhard AML;Panhard AML;Panhard AML;Panhard AML;Panhard AML;;Panhard AML;;;X
BRIG_MODEL_FRA_29_0;Renault NC;Renault NC;Renault NC;Renault NC;Renault NC;Renault NC;;Renault NC;;;X
BRIG_MODEL_FRA_29_1;Renault D1;Renault D1;Renault D1;Renault D1;Renault D1;Renault D1;;Renault D1;;;X
BRIG_MODEL_FRA_29_2;Renault D2;Renault D2;Renault D2;Renault D2;Renault D2;Renault D2;;Renault D2;;;X
BRIG_MODEL_FRA_29_3;Renault G1;Renault G1;Renault G1;Renault G1;Renault G1;Renault G1;;Renault G1;;;X
BRIG_MODEL_FRA_29_4;;;;;;;;;;;X
BRIG_MODEL_FRA_29_5;;;;;;;;;;;X
BRIG_MODEL_FRA_29_6;;;;;;;;;;;X
BRIG_MODEL_FRA_29_7;;;;;;;;;;;X
BRIG_MODEL_FRA_29_8;;;;;;;;;;;X
BRIG_MODEL_FRA_29_9;;;;;;;;;;;X
BRIG_MODEL_FRA_29_10;;;;;;;;;;;X
BRIG_MODEL_FRA_29_11;AMX 30;AMX 30;AMX 30;AMX 30;AMX 30;AMX 30;;AMX 30;;;X
BRIG_MODEL_FRA_33_0;AMR 35 TPA;AMR 35 TPA;AMR 35 TPA;AMR 35 TPA;AMR 35 TPA;AMR 35 TPA;;AMR 35 TPA;;;X
BRIG_MODEL_FRA_33_1;;;;;;;;;;;X
BRIG_MODEL_FRA_35_0;Mortier de 280 Mle 1914 Schneider;Mortier de 280 Mle 1914 Schneider;Mortier de 280 Mle 1914 Schneider;Mortier de 280 Mle 1914 Schneider;Mortier de 280 Mle 1914 Schneider;Mortier de 280 Mle 1914 Schneider;;Mortier de 280 Mle 1914 Schneider;;;X
BRIG_MODEL_FRA_35_1;;;;;;;;;;;X
BRIG_MODEL_FRA_35_2;;;;;;;;;;;X
BRIG_MODEL_FRA_35_3;;;;;;;;;;;X
BRIG_MODEL_FRA_35_4;;;;;;;;;;;X
BRIG_MODEL_FRA_35_5;;;;;;;;;;;X
# France air brigade;;;;;;;;;;;X
BRIG_MODEL_FRA_14_0;PL.2/PL.9;PL.2/PL.9;PL.2/PL.9;PL.2/PL.9;PL.2/PL.9;PL.2/PL.9;PL.2/PL.9;PL.2/PL.9;;;X
BRIG_MODEL_FRA_14_1;F.270/PL.4/D.1;F.270/PL.4/D.1;F.270/PL.4/D.1;F.270/PL.4/D.1;F.270/PL.4/D.1;F.270/PL.4/D.1;F.270/PL.4/D.1;F.270/PL.4/D.1;;;X
BRIG_MODEL_FRA_14_2;Nieuport 140/PL.16/Wibault 74;Nieuport 140/PL.16/Wibault 74;Nieuport 140/PL.16/Wibault 74;Nieuport 140/PL.16/Wibault 74;Nieuport 140/PL.16/Wibault 74;Nieuport 140/PL.16/Wibault 74;Nieuport 140/PL.16/Wibault 74;Nieuport 140/PL.16/Wibault 74;;;X
BRIG_MODEL_FRA_14_3;LN.401/PL.16/D.373;LN.401/PL.16/D.373;LN.401/PL.16/D.373;LN.401/PL.16/D.373;LN.401/PL.16/D.373;LN.401/PL.16/D.373;LN.401/PL.16/D.373;LN.401/PL.16/D.373;;;X
BRIG_MODEL_FRA_14_4;SB2U Vindicator/D.750/D.373;SB2U Vindicator/D.750/D.373;SB2U Vindicator/D.750/D.373;SB2U Vindicator/D.750/D.373;SB2U Vindicator/D.750/D.373;SB2U Vindicator/D.750/D.373;SB2U Vindicator/D.750/D.373;SB2U Vindicator/D.750/D.373;;;X
BRIG_MODEL_FRA_14_5;SBD Dauntless/F6F Hellcat;SBD Dauntless/F6F Hellcat;SBD Dauntless/F6F Hellcat;SBD Dauntless/F6F Hellcat;SBD Dauntless/F6F Hellcat;SBD Dauntless/F6F Hellcat;SBD Dauntless/F6F Hellcat;SBD Dauntless/F6F Hellcat;;;X
BRIG_MODEL_FRA_14_6;SBD Dauntless/TBF Avenger/F6F Hellcat;SBD Dauntless/TBF Avenger/F6F Hellcat;SBD Dauntless/TBF Avenger/F6F Hellcat;SBD Dauntless/TBF Avenger/F6F Hellcat;SBD Dauntless/TBF Avenger/F6F Hellcat;SBD Dauntless/TBF Avenger/F6F Hellcat;SBD Dauntless/TBF Avenger/F6F Hellcat;SBD Dauntless/TBF Avenger/F6F Hellcat;;;X
BRIG_MODEL_FRA_14_7;AD Skyraider/TBF Avenger/F4U Corsair;AD Skyraider/TBF Avenger/F4U Corsair;AD Skyraider/TBF Avenger/F4U Corsair;AD Skyraider/TBF Avenger/F4U Corsair;AD Skyraider/TBF Avenger/F4U Corsair;AD Skyraider/TBF Avenger/F4U Corsair;AD Skyraider/TBF Avenger/F4U Corsair;AD Skyraider/TBF Avenger/F4U Corsair;;;X
BRIG_MODEL_FRA_14_8;S.E.202 Aquilon / Br.1050 Alizé;S.E.202 Aquilon / Br.1050 Alizé;S.E.202 Aquilon / Br.1050 Alizé;S.E.202 Aquilon / Br.1050 Alizé;S.E.202 Aquilon / Br.1050 Alizé;S.E.202 Aquilon / Br.1050 Alizé;;S.E.202 Aquilon / Br.1050 Alizé;;;X
BRIG_MODEL_FRA_14_9;Dassault Étendard IV / Br.1050 Alizé;Dassault Étendard IV / Br.1050 Alizé;Dassault Étendard IV / Br.1050 Alizé;Dassault Étendard IV / Br.1050 Alizé;Dassault Étendard IV / Br.1050 Alizé;Dassault Étendard IV / Br.1050 Alizé;;Dassault Étendard IV / Br.1050 Alizé;;;X
BRIG_MODEL_FRA_15_0;Potez 631;Potez 631;Potez 631;Potez 631;Potez 631;Potez 631;Potez 631;Potez 631;;;X
BRIG_MODEL_FRA_15_1;Potez 671;Potez 671;Potez 671;Potez 671;Potez 671;Potez 671;Potez 671;Potez 671;;;X
BRIG_MODEL_FRA_15_2;Sud-Est Aviation SE.100;Sud-Est Aviation SE.100;Sud-Est Aviation SE.100;Sud-Est Aviation SE.100;Sud-Est Aviation SE.100;Sud-Est Aviation SE.100;Sud-Est Aviation SE.100;Sud-Est Aviation SE.100;;;X
BRIG_MODEL_FRA_15_4;Dassault Ouragan;Dassault Ouragan;Dassault Ouragan;Dassault Ouragan;Dassault Ouragan;Dassault Ouragan;;Dassault Ouragan;;;X
BRIG_MODEL_FRA_15_5;Sud Aviation Vautour IIN;Sud Aviation Vautour IIN;Sud Aviation Vautour IIN;Sud Aviation Vautour IIN;Sud Aviation Vautour IIN;Sud Aviation Vautour IIN;Sud Aviation Vautour IIN;Sud Aviation Vautour IIN;;;X
BRIG_MODEL_FRA_15_6;Dassault Mirage IIIC;Dassault Mirage IIIC;Dassault Mirage IIIC;Dassault Mirage IIIC;Dassault Mirage IIIC;Dassault Mirage IIIC;;Dassault Mirage IIIC;;;X
BRIG_MODEL_FRA_30_0;Voisin Canard;Voisin Canard;Voisin Canard;Voisin Canard;Voisin Canard;Voisin Canard;;Voisin Canard;;;X
BRIG_MODEL_FRA_30_3;Schreck FBA.17;Schreck FBA.17;Schreck FBA.17;Schreck FBA.17;Schreck FBA.17;Schreck FBA.17;;Schreck FBA.17;;;X
BRIG_MODEL_FRA_30_4;Levasseur PL.14;Levasseur PL.14;Levasseur PL.14;Levasseur PL.14;Levasseur PL.14;Levasseur PL.14;;Levasseur PL.14;;;X
BRIG_MODEL_FRA_30_5;Loire LN.130;Loire LN.130;Loire LN.130;Loire LN.130;Loire LN.130;Loire LN.130;;Loire LN.130;;;X
BRIG_MODEL_FRA_30_6;CAMS 37;CAMS 37;CAMS 37;CAMS 37;CAMS 37;CAMS 37;;CAMS 37;;;X
BRIG_MODEL_FRA_30_7;Potez 452;Potez 452;Potez 452;Potez 452;Potez 452;Potez 452;;Potez 452;;;X
# France Land Units;;;;;;;;;;;X
MODEL_FRA_4_0;Renault AMC 35;Renault AMC 35;Renault AMC 35;Renault AMC 35;Renault AMC 35;Renault AMC 35;;Renault AMC 35;;;X
MODEL_FRA_4_1;Hotchkiss H-35;Hotchkiss H-35;Hotchkiss H-35;Hotchkiss H-35;Hotchkiss H-35;Hotchkiss H-35;;Hotchkiss H-35;;;X
MODEL_FRA_4_2;Somua S-35;Somua S-35;Somua S-35;Somua S-35;Somua S-35;Somua S-35;;Somua S-35;;;X
MODEL_FRA_5_0;Char B1;Char B1;Char B1;Char B1;Char B1;Char B1;;Char B1;;;X
MODEL_FRA_5_1;Char B1 bis;Char B1 bis;Char B1 bis;Char B1 bis;Char B1 bis;Char B1 bis;;Char B1 bis;;;X
MODEL_FRA_5_2;;;;;;;;;;;X
MODEL_FRA_5_3;;;;;;;;;;;X
MODEL_FRA_5_4;ARL-44;ARL-44;ARL-44;ARL-44;ARL-44;ARL-44;;ARL-44;;;X
MODEL_FRA_5_5;;;;;;;;;;;X
MODEL_FRA_5_6;AMX-13;AMX-13;AMX-13;AMX-13;AMX-13;AMX-13;;AMX-13;;;X
MODEL_FRA_5_7;AMX-30;AMX-30;AMX-30;AMX-30;AMX-30;AMX-30;;AMX-30;;;X
# France air units;;;;;;;;;;;X
MODEL_FRA_12_0;SPAD S.VII;SPAD S.VII;SPAD S.VII;SPAD S.VII;SPAD S.VII;SPAD S.VII;SPAD S.VII;SPAD S.VII;;;X
MODEL_FRA_12_1;Caudron R.4;Caudron R.4;Caudron R.4;Caudron R.4;Caudron R.4;Caudron R.4;Caudron R.4;Caudron R.4;;;X
MODEL_FRA_12_2;Caudron R.11;Caudron R.11;Caudron R.11;Caudron R.11;Caudron R.11;Caudron R.11;Caudron R.11;Caudron R.11;;;X
MODEL_FRA_12_3;Morane-Saulnier AN;Morane-Saulnier AN;Morane-Saulnier AN;Morane-Saulnier AN;Morane-Saulnier AN;Morane-Saulnier AN;Morane-Saulnier AN;Morane-Saulnier AN;;;X
MODEL_FRA_12_4;Nieuport-Delage NiD.62;Nieuport-Delage NiD.62;Nieuport-Delage NiD.62;Nieuport-Delage NiD.62;Nieuport-Delage NiD.62;Nieuport-Delage NiD.62;Nieuport-Delage NiD.62;Nieuport-Delage NiD.62;;;X
MODEL_FRA_12_5;Dewoitine D.520;Dewoitine D.520;Dewoitine D.520;Dewoitine D.520;Dewoitine D.520;Dewoitine D.520;Dewoitine D.520;Dewoitine D.520;;;X
MODEL_FRA_12_6;Dewoitine D.550;Dewoitine D.550;Dewoitine D.550;Dewoitine D.550;Dewoitine D.550;Dewoitine D.550;Dewoitine D.550;Dewoitine D.550;;;X
MODEL_FRA_12_7;Vought F4U Corsair;Vought F4U Corsair;Vought F4U Corsair;Vought F4U Corsair;Vought F4U Corsair;Vought F4U Corsair;Vought F4U Corsair;Vought F4U Corsair;;;X
MODEL_FRA_12_9;Dassault Ouragan;Dassault Ouragan;Dassault Ouragan;Dassault Ouragan;Dassault Ouragan;Dassault Ouragan;Dassault Ouragan;Dassault Ouragan;;;X
MODEL_FRA_12_10;Dassault Mystère IV;Dassault Mystère IV;Dassault Mystère IV;Dassault Mystère IV;Dassault Mystère IV;Dassault Mystère IV;Dassault Mystère IV;Dassault Mystère IV;;;X
MODEL_FRA_12_11;Dassault Super Mystère;Dassault Super Mystère;Dassault Super Mystère;Dassault Super Mystère;Dassault Super Mystère;Dassault Super Mystère;Dassault Super Mystère;Dassault Super Mystère;;;X
MODEL_FRA_12_12;Dassault Mirage IIIE;Dassault Mirage IIIE;Dassault Mirage IIIE;Dassault Mirage IIIE;Dassault Mirage IIIE;Dassault Mirage IIIE;Dassault Mirage IIIE;Dassault Mirage IIIE;;;X
MODEL_FRA_12_13;Dassault Mirage 5;Dassault Mirage 5;Dassault Mirage 5;Dassault Mirage 5;Dassault Mirage 5;Dassault Mirage 5;Dassault Mirage 5;Dassault Mirage 5;;;X
MODEL_FRA_13_0;Blériot XI;Blériot XI;Blériot XI;Blériot XI;Blériot XI;Blériot XI;Blériot XI;Blériot XI;;;X
MODEL_FRA_13_1;Morane-Saulnier L;Morane-Saulnier L;Morane-Saulnier L;Morane-Saulnier L;Morane-Saulnier L;Morane-Saulnier L;Morane-Saulnier L;Morane-Saulnier L;;;X
MODEL_FRA_13_2;Morane-Saulnier N;Morane-Saulnier N;Morane-Saulnier N;Morane-Saulnier N;Morane-Saulnier N;Morane-Saulnier N;Morane-Saulnier N;Morane-Saulnier N;;;X
MODEL_FRA_13_3;Nieuport 17;Nieuport 17;Nieuport 17;Nieuport 17;Nieuport 17;Nieuport 17;Nieuport 17;Nieuport 17;;;X
MODEL_FRA_13_4;SPAD S.XIII;SPAD S.XIII;SPAD S.XIII;SPAD S.XIII;SPAD S.XIII;SPAD S.XIII;SPAD S.XIII;SPAD S.XIII;;;X
MODEL_FRA_13_5;Nieuport 28;Nieuport 28;Nieuport 28;Nieuport 28;Nieuport 28;Nieuport 28;Nieuport 28;Nieuport 28;;;X
MODEL_FRA_13_6;Nieuport-Delage NiD.29;Nieuport-Delage NiD.29;Nieuport-Delage NiD.29;Nieuport-Delage NiD.29;Nieuport-Delage NiD.29;Nieuport-Delage NiD.29;Nieuport-Delage NiD.29;Nieuport-Delage NiD.29;;;X
MODEL_FRA_13_7;Dewoitine D.500;Dewoitine D.500;Dewoitine D.500;Dewoitine D.500;Dewoitine D.500;Dewoitine D.500;Dewoitine D.500;Dewoitine D.500;;;X
MODEL_FRA_13_8;Morane-Saulnier MS.406;Morane-Saulnier MS.406;Morane-Saulnier MS.406;Morane-Saulnier MS.406;Morane-Saulnier MS.406;Morane-Saulnier MS.406;Morane-Saulnier MS.406;Morane-Saulnier MS.406;;;X
MODEL_FRA_13_9;Bloch MB.152;Bloch MB.152;Bloch MB.152;Bloch MB.152;Bloch MB.152;Bloch MB.152;Bloch MB.152;Bloch MB.152;;;X
MODEL_FRA_13_10;Arsenal VG.33;Arsenal VG.33;Arsenal VG.33;Arsenal VG.33;Arsenal VG.33;Arsenal VG.33;Arsenal VG.33;Arsenal VG.33;;;X
MODEL_FRA_13_11;Gloster Meteor;Gloster Meteor;Gloster Meteor;Gloster Meteor;Gloster Meteor;Gloster Meteor;Gloster Meteor;Gloster Meteor;;;X
MODEL_FRA_13_12;De Havilland Vampire;De Havilland Vampire;De Havilland Vampire;De Havilland Vampire;De Havilland Vampire;De Havilland Vampire;De Havilland Vampire;De Havilland Vampire;;;X
MODEL_FRA_13_13;Dassault Mystère II;Dassault Mystère II;Dassault Mystère II;Dassault Mystère II;Dassault Mystère II;Dassault Mystère II;Dassault Mystère II;Dassault Mystère II;;;X
MODEL_FRA_13_14;Dassault Mystere IVA;Dassault Mystere IVA;Dassault Mystere IVA;Dassault Mystere IVA;Dassault Mystere IVA;Dassault Mystere IVA;;Dassault Mystere IVA;;;X
MODEL_FRA_13_15;Dassault Mirage III;Dassault Mirage III;Dassault Mirage III;Dassault Mirage III;Dassault Mirage III;Dassault Mirage III;Dassault Mirage III;Dassault Mirage III;;;X
MODEL_FRA_13_16;Dassault Mirage IIIC;Dassault Mirage IIIC;Dassault Mirage IIIC;Dassault Mirage IIIC;Dassault Mirage IIIC;Dassault Mirage IIIC;Dassault Mirage IIIC;Dassault Mirage IIIC;;;X
MODEL_FRA_32_0;Leduc 0.21;Leduc 0.21;Leduc 0.21;Leduc 0.21;Leduc 0.21;Leduc 0.21;Leduc 0.21;Leduc 0.21;;;X
MODEL_FRA_32_1;Leduc 0.22;Leduc 0.22;Leduc 0.22;Leduc 0.22;Leduc 0.22;Leduc 0.22;Leduc 0.22;Leduc 0.22;;;X
MODEL_FRA_14_2;Lioré et Olivier LeO.203;Lioré et Olivier LeO.203;Lioré et Olivier LeO.203;Lioré et Olivier LeO.203;Lioré et Olivier LeO.203;Lioré et Olivier LeO.203;Lioré et Olivier LeO.203;Lioré et Olivier LeO.203;;;X
MODEL_FRA_14_3;Farman F.222;Farman F.222;Farman F.222;Farman F.222;Farman F.222;Farman F.222;Farman F.222;Farman F.222;;;X
MODEL_FRA_14_4;Bloch MB.162;Bloch MB.162;Bloch MB.162;Bloch MB.162;Bloch MB.162;Bloch MB.162;Bloch MB.162;Bloch MB.162;;;X
MODEL_FRA_14_5;Bréguet 482;Bréguet 482;Bréguet 482;Bréguet 482;Bréguet 482;Bréguet 482;Bréguet 482;Bréguet 482;;;X
MODEL_FRA_14_9;Dassault Mirage IV;Dassault Mirage IV;Dassault Mirage IV;Dassault Mirage IV;Dassault Mirage IV;Dassault Mirage IV;Dassault Mirage IV;Dassault Mirage IV;;;X
MODEL_FRA_15_0;Farman M.F.7 Longhorn;Farman M.F.7 Longhorn;Farman M.F.7 Longhorn;Farman M.F.7 Longhorn;Farman M.F.7 Longhorn;Farman M.F.7 Longhorn;Farman M.F.7 Longhorn;Farman M.F.7 Longhorn;;;X
MODEL_FRA_15_1;Caudron G.4;Caudron G.4;Caudron G.4;Caudron G.4;Caudron G.4;Caudron G.4;Caudron G.4;Caudron G.4;;;X
MODEL_FRA_15_2;Farman F.50;Farman F.50;Farman F.50;Farman F.50;Farman F.50;Farman F.50;Farman F.50;Farman F.50;;;X
MODEL_FRA_15_3;Farman F.60 Goliath;Farman F.60 Goliath;Farman F.60 Goliath;Farman F.60 Goliath;Farman F.60 Goliath;Farman F.60 Goliath;Farman F.60 Goliath;Farman F.60 Goliath;;;X
MODEL_FRA_15_4;Amiot 143;Amiot 143;Amiot 143;Amiot 143;Amiot 143;Amiot 143;Amiot 143;Amiot 143;;;X
MODEL_FRA_15_5;Bloch MB.210;Bloch MB.210;Bloch MB.210;Bloch MB.210;Bloch MB.210;Bloch MB.210;Bloch MB.210;Bloch MB.210;;;X
MODEL_FRA_15_6;Lioré et Olivier LéO.451;Lioré et Olivier LéO.451;Lioré et Olivier LéO.451;Lioré et Olivier LéO.451;Lioré et Olivier LéO.451;Lioré et Olivier LéO.451;Lioré et Olivier LéO.451;Lioré et Olivier LéO.451;;;X
MODEL_FRA_15_7;Martin B-26 Marauder;Martin B-26 Marauder;Martin B-26 Marauder;Martin B-26 Marauder;Martin B-26 Marauder;Martin B-26 Marauder;Martin B-26 Marauder;Martin B-26 Marauder;;;X
MODEL_FRA_15_8;De Havilland Mosquito;De Havilland Mosquito;De Havilland Mosquito;De Havilland Mosquito;De Havilland Mosquito;De Havilland Mosquito;De Havilland Mosquito;De Havilland Mosquito;;;X
MODEL_FRA_15_9;Sud Aviation Aquilon;Sud Aviation Aquilon;Sud Aviation Aquilon;Sud Aviation Aquilon;Sud Aviation Aquilon;Sud Aviation Aquilon;Sud Aviation Aquilon;Sud Aviation Aquilon;;;X
MODEL_FRA_15_10;Sud Aviation Vautour;Sud Aviation Vautour;Sud Aviation Vautour;Sud Aviation Vautour;Sud Aviation Vautour;Sud Aviation Vautour;Sud Aviation Vautour;Sud Aviation Vautour;;;X
MODEL_FRA_15_11;Sud-Est Aviation Baroudeur;Sud-Est Aviation Baroudeur;Sud-Est Aviation Baroudeur;Sud-Est Aviation Baroudeur;Sud-Est Aviation Baroudeur;Sud-Est Aviation Baroudeur;Sud-Est Aviation Baroudeur;Sud-Est Aviation Baroudeur;;;X
MODEL_FRA_15_12;SEPECAT Jaguar;SEPECAT Jaguar;SEPECAT Jaguar;SEPECAT Jaguar;SEPECAT Jaguar;SEPECAT Jaguar;SEPECAT Jaguar;SEPECAT Jaguar;;;X
MODEL_FRA_16_1;Latécoère 550;Latécoère 550;Latécoère 550;Latécoère 550;Latécoère 550;Latécoère 550;Latécoère 550;Latécoère 550;;;X
MODEL_FRA_16_2;Loire LN.401;Loire LN.401;Loire LN.401;Loire LN.401;Loire LN.401;Loire LN.401;Loire LN.401;Loire LN.401;;;X
MODEL_FRA_16_3;Potez-CAMS 141;Potez-CAMS 141;Potez-CAMS 141;Potez-CAMS 141;Potez-CAMS 141;Potez-CAMS 141;Potez-CAMS 141;Potez-CAMS 141;;;X
MODEL_FRA_16_4;Amiot 351;Amiot 351;Amiot 351;Amiot 351;Amiot 351;Amiot 351;;Amiot 351;;;X
MODEL_FRA_16_5;Lockheed P-2 Neptune;Lockheed P-2 Neptune;Lockheed P-2 Neptune;Lockheed P-2 Neptune;Lockheed P-2 Neptune;Lockheed P-2 Neptune;Lockheed P-2 Neptune;Lockheed P-2 Neptune;;;X
MODEL_FRA_16_7;Bréguet Alizé;Bréguet Alizé;Bréguet Alizé;Bréguet Alizé;Bréguet Alizé;Bréguet Alizé;;Bréguet Alizé;;;X
MODEL_FRA_16_8;Bréguet Atlantic;Bréguet Atlantic;Bréguet Atlantic;Bréguet Atlantic;Bréguet Atlantic;Bréguet Atlantic;;Bréguet Atlantic;;;X
MODEL_FRA_17_0;Amiot 120;Amiot 120;Amiot 120;Amiot 120;Amiot 120;Amiot 120;;Amiot 120;;;X
MODEL_FRA_17_1;Breguet Br.691;Breguet Br.691;Breguet Br.691;Breguet Br.691;Breguet Br.691;Breguet Br.691;;Breguet Br.691;;;X
MODEL_FRA_17_2;Bréguet 693;Bréguet 693;Bréguet 693;Bréguet 693;Bréguet 693;Bréguet 693;Bréguet 693;Bréguet 693;;;X
MODEL_FRA_17_3;Republic P-47 Thunderbolt;Republic P-47 Thunderbolt;Republic P-47 Thunderbolt;Republic P-47 Thunderbolt;Republic P-47 Thunderbolt;Republic P-47 Thunderbolt;Republic P-47 Thunderbolt;Republic P-47 Thunderbolt;;;X
MODEL_FRA_17_4;Bréguet Vultur;Bréguet Vultur;Bréguet Vultur;Bréguet Vultur;Bréguet Vultur;Bréguet Vultur;Bréguet Vultur;Bréguet Vultur;;;X
MODEL_FRA_17_5;Bréguet Taon;Bréguet Taon;Bréguet Taon;Bréguet Taon;Bréguet Taon;Bréguet Taon;Bréguet Taon;Bréguet Taon;;;X
MODEL_FRA_17_6;Sud-Est Aviation Mistral;Sud-Est Aviation Mistral;Sud-Est Aviation Mistral;Sud-Est Aviation Mistral;Sud-Est Aviation Mistral;Sud-Est Aviation Mistral;Sud-Est Aviation Mistral;Sud-Est Aviation Mistral;;;X
MODEL_FRA_18_0;Farman F.63 Goliath;Farman F.63 Goliath;Farman F.63 Goliath;Farman F.63 Goliath;Farman F.63 Goliath;Farman F.63 Goliath;Farman F.63 Goliath;Farman F.63 Goliath;;;X
MODEL_FRA_18_1;Bloch MB.220;Bloch MB.220;Bloch MB.220;Bloch MB.220;Bloch MB.220;Bloch MB.220;Bloch MB.220;Bloch MB.220;;;X
MODEL_FRA_18_2;Bréguet 470;Bréguet 470;Bréguet 470;Bréguet 470;Bréguet 470;Bréguet 470;Bréguet 470;Bréguet 470;;;X
MODEL_FRA_18_3;Potez 662;Potez 662;Potez 662;Potez 662;Potez 662;Potez 662;Potez 662;Potez 662;;;X
MODEL_FRA_18_4;Sud-Est Aviation Languedoc;Sud-Est Aviation Languedoc;Sud-Est Aviation Languedoc;Sud-Est Aviation Languedoc;Sud-Est Aviation Languedoc;Sud-Est Aviation Languedoc;Sud-Est Aviation Languedoc;Sud-Est Aviation Languedoc;;;X
MODEL_FRA_18_5;Nord Aviation Noratlas;Nord Aviation Noratlas;Nord Aviation Noratlas;Nord Aviation Noratlas;Nord Aviation Noratlas;Nord Aviation Noratlas;Nord Aviation Noratlas;Nord Aviation Noratlas;;;X
# France naval units;;;;;;;;;;;X
MODEL_FRA_21_0;Henri IV;Henri IV;Henri IV;Henri IV;Henri IV;Henri IV;;Henri IV;;;X
MODEL_FRA_21_1;Charlemagne-class;Classe Charlemagne;Classe Charlemagne;Clase Charlemagne;Charlemagne-Klasse;Charlemagne-klasa;;Charlemagne-Klasse;;;X
MODEL_FRA_21_2;Courbet-class;Classe Courbet;Classe Courbet;Clase Courbet;Courbet-Klasse;Courbet-klasa;;Courbet-Klasse;;;X
MODEL_FRA_21_3;Bretagne-class;Classe Bretagne;Classe Bretagne;Clase Bretagne;Bretagne-Klasse;Bretagne-klasa;;Bretagne-Klasse;;;X
MODEL_FRA_21_4;Lyon-class;Classe Lyon;Classe Lyon;Clase Lyon;Lyon-Klasse;Lyon-klasa;;Lyon-Klasse;;;X
MODEL_FRA_21_5;Normandie-class;Classe Normandie;Classe Normandie;Clase Normandie;Normandie-Klasse;Normandie-klasa;;Normandie-Klasse;;;X
MODEL_FRA_21_7;Richelieu-class;Classe Richelieu;Classe Richelieu;Clase Richelieu;Richelieu-Klasse;Richelieu-klasa;;Richelieu-Klasse;;;X
MODEL_FRA_21_8;Alsace-class;Classe Alsace;Classe Alsace;Clase Alsace;Alsace-Klasse;Alsace-klasa;;Alsace-Klasse;;;X
MODEL_FRA_22_0;Laperouse-class;Classe Laperouse;Classe Laperouse;Clase Laperouse;Laperouse-Klasse;Laperouse-klasa;;Laperouse-Klasse;;;X
MODEL_FRA_22_1;Jurien de la Graviere-class;Classe Jurien de la Graviere;Classe Jurien de la Graviere;Clase Jurien de la Graviere;Jurien de la Graviere-Klasse;Jurien de la Graviere-klasa;;Jurien de la Graviere-Klasse;;;X
MODEL_FRA_22_3;Duguay-Trouin-class;Classe Duguay-Trouin;Classe Duguay-Trouin;Clase Duguay-Trouin;Duguay-Trouin-Klasse;Duguay-Trouin-klasa;;Duguay-Trouin-Klasse;;;X
MODEL_FRA_22_4;La Galissonnière-class;Classe La Galissonnière;Classe La Galissonnière;Clase La Galissonnière;La Galissonnière-Klasse;La Galissonnière-klasa;;La Galissonnière-Klasse;;;X
MODEL_FRA_22_5;De Grasse-class;Classe De Grasse;Classe De Grasse;Clase De Grasse;De Grasse-Klasse;De Grasse-klasa;;De Grasse-Klasse;;;X
MODEL_FRA_22_8;Colbert-class;Classe Colbert;Classe Colbert;Clase Colbert;Colbert-Klasse;Colbert-klasa;;Colbert-Klasse;;;X
MODEL_FRA_23_1;Amiral Charner-class;Classe Amiral Charner;Classe Amiral Charner;Clase Amiral Charner;Amiral Charner-Klasse;Amiral Charner-klasa;;Amiral Charner-Klasse;;;X
MODEL_FRA_23_2;Edgar Quinet-class;Classe Edgar Quinet;Classe Edgar Quinet;Clase Edgar Quinet;Edgar Quinet-Klasse;Edgar Quinet-klasa;;Edgar Quinet-Klasse;;;X
MODEL_FRA_23_3;Duquesne-class;Classe Duquesne;Classe Duquesne;Clase Duquesne;Duquesne-Klasse;Duquesne-klasa;;Duquesne-Klasse;;;X
MODEL_FRA_23_4;Algérie-class;Classe Algérie;Classe Algérie;Clase Algérie;Algérie-Klasse;Algérie-klasa;;Algérie-Klasse;;;X
MODEL_FRA_23_5;St Louis-class;Classe St Louis;Classe St Louis;Clase St Louis;St Louis-Klasse;St Louis-klasa;;St Louis-Klasse;;;X
MODEL_FRA_24_3;Dunkerque-class;Classe Dunkerque;Classe Dunkerque;Clase Dunkerque;Dunkerque-Klasse;Dunkerque-klasa;;Dunkerque-Klasse;;;X
MODEL_FRA_25_0;Durandal-class;Classe Durandal;Classe Durandal;Clase Durandal;Durandal-Klasse;Durandal-klasa;Durandal-Klasse;;;X
MODEL_FRA_25_1;Arquebuse-class;Classe Arquebuse;Classe Arquebuse;Clase Arquebuse;Arquebuse-Klasse;Arquebuse-klasa;;Arquebuse-Klasse;;;X
MODEL_FRA_25_2;Bouclier-class;Classe Bouclier;Classe Bouclier;Clase Bouclier;Bouclier-Klasse;Bouclier-klasa;;Bouclier-Klasse;;;X
MODEL_FRA_25_3;Arabe-class;Classe Arabe;Classe Arabe;Clase Arabe;Arabe-Klasse;Arabe-klasa;;Arabe-Klasse;;;X
MODEL_FRA_25_4;Bourrasque-class;Classe Bourrasque;Classe Bourrasque;Clase Bourrasque;Bourrasque-Klasse;Bourrasque-klasa;;Bourrasque-Klasse;;;X
MODEL_FRA_25_5;Mogador-class;Classe Mogador;Classe Mogador;Clase Mogador;Mogador-Klasse;Mogador-klasa;;Mogador-Klasse;;;X
MODEL_FRA_25_6;Hardi-class;Classe Hardi;Classe Hardi;Clase Hardi;Hardi-Klasse;Hardi-klasa;;Hardi-Klasse;;;X
MODEL_FRA_25_9;T 47-class;Classe T 47;Classe T 47;Clase T 47;T 47-Klasse;T 47-klasa;;T 47-Klasse;;;X
MODEL_FRA_26_1;Joffre-class;Classe Joffre;Classe Joffre;Clase Joffre;Joffre-Klasse;Joffre-klasa;;Joffre-Klasse;;;X
MODEL_FRA_26_7;Clemenceau-class;Classe Clemenceau;Classe Clemenceau;Clase Clemenceau;Clemenceau-Klasse;Clemenceau-klasa;;Clemenceau-Klasse;;;X
MODEL_FRA_27_0;Foudre-class;Classe Foudre;Classe Foudre;Clase Foudre;Foudre-Klasse;Foudre-klasa;;Foudre-Klasse;;;X
MODEL_FRA_27_2;Béarn-class;Classe Béarn;Classe Béarn;Clase Béarn;Béarn-Klasse;Béarn-klasa;;Béarn-Klasse;;;X
MODEL_FRA_28_0;Sirène-class;Classe Sirène;Classe Sirène;Clase Sirène;Sirène-Klasse;Sirène-klasa;;Sirène-Klasse;;;X
MODEL_FRA_28_1;Brumaire-class;Classe Brumaire;Classe Brumaire;Clase Brumaire;Brumaire-Klasse;Brumaire-klasa;;Brumaire-Klasse;;;X
MODEL_FRA_28_2;Dupuy de Lome-class;Classe Dupuy de Lome;Classe Dupuy de Lome;Clase Dupuy de Lome;Dupuy de Lome-Klasse;Dupuy de Lome-klasa;;Dupuy de Lome-Klasse;;;X
MODEL_FRA_28_3;Circe-class;Classe Circe;Classe Circe;Clase Circe;Circe-Klasse;Circe-klasa;;Circe-Klasse;;;X
MODEL_FRA_28_4;Diane-class;Classe Diane;Classe Diane;Clase Diane;Diane-Klasse;Diane-klasa;;Diane-Klasse;;;X
MODEL_FRA_28_5;Minerve-class;Classe Minerve;Classe Minerve;Clase Minerve;Minerve-Klasse;Minerve-klasa;;Minerve-Klasse;;;X
MODEL_FRA_28_6;Aurore-class;Classe Aurore;Classe Aurore;Clase Aurore;Aurore-Klasse;Aurore-klasa;;Aurore-Klasse;;;X
MODEL_FRA_28_7;La Creole-class;Classe La Creole;Classe La Creole;Clase La Creole;La Creole-Klasse;La Creole-klasa;;La Creole-Klasse;;;X
MODEL_FRA_28_8;Saphir-class;Classe Saphir;Classe Saphir;Clase Saphir;Saphir-Klasse;Saphir-klasa;;Saphir-Klasse;;;X
MODEL_FRA_28_9;Narval-class;Classe Narval;Classe Narval;Clase Narval;Narval-Klasse;Narval-klasa;;Narval-Klasse;;;X
MODEL_FRA_28_12;Redoutable-class;Classe Redoutable;Classe Redoutable;Clase Redoutable;Redoutable-Klasse;Redoutable-klasa;;Redoutable-Klasse;;;X
MODEL_FRA_29_0;Surcouf-class;Classe Surcouf;Classe Surcouf;Clase Surcouf;Surcouf-Klasse;Surcouf-klasa;;Surcouf-Klasse;;;X
#;;;;;;;;;;;X
# Germany;;;;;;;;;;;X
# Germany land brigades;;;;;;;;;;;X
BRIG_MODEL_GER_1_0;7,7cm FK 96;7,7cm FK 96;7,7cm FK 96;7,7cm FK 96;7,7cm FK 96;7,7cm FK 96;;7,7cm FK 96;;;X
BRIG_MODEL_GER_1_1;15cm sFh 13;15cm sFh 13;15cm sFh 13;15cm sFh 13;15cm sFh 13;15cm sFh 13;;15cm sFh 13;;;X
BRIG_MODEL_GER_1_2;10,5 cm leFh 16;10,5cm leFh 16;10,5cm leFh 16;10,5cm leFh 16;10,5cm leFh 16;10,5 cm leFh 16;;10,5cm leFh 16;;;X
BRIG_MODEL_GER_1_3;15cm K 16;15cm K 16;15cm K 16;15cm K 16;15cm K 16;15cm K 16;;15cm K 16;;;X
BRIG_MODEL_GER_1_4;17cm SK;17cm SK;17cm SK;17cm SK;17cm SK;17cm SK;;17cm SK;;;X
BRIG_MODEL_GER_1_5;21cm Mörser 16;21cm Mörser 16;21cm Mörser 16;21cm Mörser 16;21cm Mörser 16;21cm Mörser 16;;21cm Mörser 16;;;X
BRIG_MODEL_GER_1_6;10,5cm leFh 16;10,5cm leFh 16;10,5cm leFh 16;10,5cm leFh 16;10,5cm leFh 16;10,5cm leFh 16;;10,5cm leFh 16;;;X
BRIG_MODEL_GER_1_7;7,5cm IG 18;7,5cm IG 18;7,5cm IG 18;7,5cm IG 18;7,5cm IG 18;7,5cm IG 18;;7,5cm IG 18;;;X
BRIG_MODEL_GER_1_8;10,5cm LeFh 18;10,5cm LeFh 18;10,5cm LeFh 18;10,5cm LeFh 18;10,5cm LeFh 18;10,5cm LeFh 18;;10,5cm LeFh 18;;;X
BRIG_MODEL_GER_1_9;15cm sFh 18;15cm sFh 18;15cm sFh 18;15cm sFh 18;15cm sFh 18;15cm sFh 18;;15cm sFh 18;;;X
BRIG_MODEL_GER_1_10;15cm K 39;15cm K 39;15cm K 39;15cm K 39;15cm K 39;15cm K 39;;15cm K 39;;;X
BRIG_MODEL_GER_1_11;17cm K 18;17cm K 18;17cm K 18;17cm K 18;17cm K 18;17cm K 18;;17cm K 18;;;X
BRIG_MODEL_GER_1_12;24cm K 3;24cm K 3;24cm K 3;24cm K 3;24cm K 3;24cm K 3;;24cm K 3;;;X
BRIG_MODEL_GER_1_13;10,5cm M1 Howitzer;10,5cm M1 Howitzer;10,5cm M1 Howitzer;10,5cm M1 Howitzer;10,5cm M1 Howitzer;10,5cm M1 Howitzer;;10,5cm M1 Howitzer;;;X
BRIG_MODEL_GER_2_0;StuG III;StuG III;StuG III;StuG III;StuG III;StuG III;;StuG III;;;X
BRIG_MODEL_GER_2_1;StuH;StuH;StuH;StuH;StuH;StuH;;StuH;;;X
BRIG_MODEL_GER_2_2;Sfl Wespe;Sfl Wespe;Sfl Wespe;Sfl Wespe;Sfl Wespe;Sfl Wespe;;Sfl Wespe;;;X
BRIG_MODEL_GER_2_3;Sfl Hummel;Sfl Hummel;Sfl Hummel;Sfl Hummel;Sfl Hummel;Sfl Hummel;;Sfl Hummel;;;X
BRIG_MODEL_GER_2_4;Geschützwagen VI Grille;Geschützwagen VI Grille;Geschützwagen VI Grille;Geschützwagen VI Grille;Geschützwagen VI Grille;Geschützwagen VI Grille;;Geschützwagen VI Grille;;;X
BRIG_MODEL_GER_2_5;;;;;;;;;;;X
BRIG_MODEL_GER_2_6;;;;;;;;;;;X
BRIG_MODEL_GER_6_0;PzJg.I;PzJg.I;PzJg.I;PzJg.I;PzJg.I;PzJg.I;;PzJg.I;;;X
BRIG_MODEL_GER_6_1;SdKfz. 139 Marder III;SdKfz. 139 Marder III;SdKfz. 139 Marder III;SdKfz. 139 Marder III;SdKfz. 139 Marder III;SdKfz. 139 Marder III;;SdKfz. 139 Marder III;;;X
BRIG_MODEL_GER_6_2;Jagdpanther;Jagdpanther;Jagdpanther;Jagdpanther;Jagdpanther;Jagdpanther;;Jagdpanther;;;X
BRIG_MODEL_GER_6_3;SdKfz. 186 Jagdtiger;SdKfz. 186 Jagdtiger;SdKfz. 186 Jagdtiger;SdKfz. 186 Jagdtiger;SdKfz. 186 Jagdtiger;SdKfz. 186 Jagdtiger;;SdKfz. 186 Jagdtiger;;;X
BRIG_MODEL_GER_6_4;Jagdpanzer E-75;Jagdpanzer E-75;Jagdpanzer E-75;Jagdpanzer E-75;Jagdpanzer E-75;Jagdpanzer E-75;;Jagdpanzer E-75;;;X
BRIG_MODEL_GER_6_5;;;;;;;;;;;X
BRIG_MODEL_GER_6_6;Kanonenjagdpanzer;Kanonenjagdpanzer;Kanonenjagdpanzer;Kanonenjagdpanzer;Kanonenjagdpanzer;Kanonenjagdpanzer;;Kanonenjagdpanzer;;;X
BRIG_MODEL_GER_7_0;LK I;LK I;LK I;LK I;LK I;LK I;;LK I;;;X
BRIG_MODEL_GER_7_1;LK II;LK II;LK II;LK II;LK II;LK II;;LK II;;;X
BRIG_MODEL_GER_7_2;Oberschlesien;Oberschlesien;Oberschlesien;Oberschlesien;Oberschlesien;Oberschlesien;;Oberschlesien;;;X
BRIG_MODEL_GER_7_3;Leichttraktor VK-35;Leichttraktor VK-35;Leichttraktor VK-35;Leichttraktor VK-35;Leichttraktor VK-35;Leichttraktor VK-35;;Leichttraktor VK-35;;;X
BRIG_MODEL_GER_7_4;PzKpfw. I Ausf. B;PzKpfw. I Ausf. B;PzKpfw. I Ausf. B;PzKpfw. I Ausf. B;PzKpfw. I Ausf. B;PzKpfw. I Ausf. B;;PzKpfw. I Ausf. B;;;X
BRIG_MODEL_GER_7_5;PzKpfw. II Ausf. A;PzKpfw. II Ausf. A;PzKpfw. II Ausf. A;PzKpfw. II Ausf. A;PzKpfw. II Ausf. A;PzKpfw. II Ausf. A;;PzKpfw. II Ausf. A;;;X
BRIG_MODEL_GER_7_6;PzKpfw. II Ausf. D;PzKpfw. II Ausf. D;PzKpfw. II Ausf. D;PzKpfw. II Ausf. D;PzKpfw. II Ausf. D;PzKpfw. II Ausf. D;;PzKpfw. II Ausf. D;;;X
BRIG_MODEL_GER_7_7;PzKpfw. 38t;PzKpfw. 38t;PzKpfw. 38t;PzKpfw. 38t;PzKpfw. 38t;PzKpfw. 38t;;PzKpfw. 38t;;;X
BRIG_MODEL_GER_7_8;PzKpfw. III Ausf. N;PzKpfw. III Ausf. N;PzKpfw. III Ausf. N;PzKpfw. III Ausf. N;PzKpfw. III Ausf. N;PzKpfw. III Ausf. N;;PzKpfw. III Ausf. N;;;X
BRIG_MODEL_GER_8_0;A7V;A7V;A7V;A7V;A7V;A7V;;A7V;;;X
BRIG_MODEL_GER_8_1;10,5cm K(gp.Sfl.) 'Dicker Max';10,5cm K(gp.Sfl.) 'Dicker Max';10,5cm K(gp.Sfl.) 'Dicker Max';10,5cm K(gp.Sfl.) 'Dicker Max';10,5cm K(gp.Sfl.) 'Dicker Max';10,5cm K(gp.Sfl.) 'Dicker Max';;10,5cm K(gp.Sfl.) 'Dicker Max';;;X
BRIG_MODEL_GER_8_2;12,8cm K(gp.Sfl.) 'Sturer Emil';12,8cm K(gp.Sfl.) 'Sturer Emil';12,8cm K(gp.Sfl.) 'Sturer Emil';12,8cm K(gp.Sfl.) 'Sturer Emil';12,8cm K(gp.Sfl.) 'Sturer Emil',12,8cm K(gp.Sfl.) 'Sturer Emil';12,8cm K(gp.Sfl.) 'Sturer Emil';;;;;X
BRIG_MODEL_GER_8_3;PzKpfw.VI Tiger I;PzKpfw.VI Tiger I;PzKpfw.VI Tiger I;PzKpfw.VI Tiger I;PzKpfw.VI Tiger I;PzKpfw.VI Tiger I;;PzKpfw.VI Tiger I;;;X
BRIG_MODEL_GER_8_4;PzKpfw.VI Tiger II;PzKpfw.VI Tiger II;PzKpfw.VI Tiger II;PzKpfw.VI Tiger II;PzKpfw.VI Tiger II;PzKpfw.VI Tiger II;;PzKpfw.VI Tiger II;;;X
BRIG_MODEL_GER_9_0;A7V-U;A7V-U;A7V-U;A7V-U;A7V-U;A7V-U;;A7V-U;;;X
BRIG_MODEL_GER_9_1;PzKpfw.VII Maus;PzKpfw.VII Maus;PzKpfw.VII Maus;PzKpfw.VII Maus;PzKpfw.VII Maus;PzKpfw.VII Maus;;PzKpfw.VII Maus;;;X
BRIG_MODEL_GER_10_0;;;;;;;;;;;X
BRIG_MODEL_GER_10_1;Ehrhardt E-V/4;Ehrhardt E-V/4;Ehrhardt E-V/4;Ehrhardt E-V/4;Ehrhardt E-V/4;Ehrhardt E-V/4;;Ehrhardt E-V/4;;;X
BRIG_MODEL_GER_10_2;DZVB 21;DZVB 21;DZVB 21;DZVB 21;DZVB 21;DZVB 21;;DZVB 21;;;X
BRIG_MODEL_GER_10_3;SdKfz. 13;SdKfz. 13;SdKfz. 13;SdKfz. 13;SdKfz. 13;SdKfz. 13;;SdKfz. 13;;;X
BRIG_MODEL_GER_10_4;SdKfz. 222;SdKfz. 222;SdKfz. 222;SdKfz. 222;SdKfz. 222;SdKfz. 222;;SdKfz. 222;;;X
BRIG_MODEL_GER_10_5;SdKfz. 231;SdKfz. 231;SdKfz. 231;SdKfz. 231;SdKfz. 231;SdKfz. 231;;SdKfz. 231;;;X
BRIG_MODEL_GER_10_6;;;;;;;;;;;X
BRIG_MODEL_GER_10_7;Spähpanzer M41;Spähpanzer M41;Spähpanzer M41;Spähpanzer M41;Spähpanzer M41;Spähpanzer M41;;Spähpanzer M41;;;X
BRIG_MODEL_GER_29_0;;;;;;;;;;;X
BRIG_MODEL_GER_29_1;Großtraktor;Großtraktor;Großtraktor;Großtraktor;Großtraktor;Großtraktor;;Großtraktor;;;X
BRIG_MODEL_GER_29_2;Neubaufahrzeug;Neubaufahrzeug;Neubaufahrzeug;Neubaufahrzeug;Neubaufahrzeug;Neubaufahrzeug;;Neubaufahrzeug;;;X
BRIG_MODEL_GER_29_3;PzKpfw. III Ausf. E;PzKpfw. III Ausf. E;PzKpfw. III Ausf. E;PzKpfw. III Ausf. E;PzKpfw. III Ausf. E;PzKpfw. III Ausf. E;;PzKpfw. III Ausf. E;;;X
BRIG_MODEL_GER_29_4;PzKpfw. III Ausf. J;PzKpfw. III Ausf. J;PzKpfw. III Ausf. J;PzKpfw. III Ausf. J;PzKpfw. III Ausf. J;PzKpfw. III Ausf. J;;PzKpfw. III Ausf. J;;;X
BRIG_MODEL_GER_29_5;PzKpfw. IV Ausf. G;PzKpfw. IV Ausf. G;PzKpfw. IV Ausf. G;PzKpfw. IV Ausf. G;PzKpfw. IV Ausf. G;PzKpfw. IV Ausf. G;;PzKpfw. IV Ausf. G;;;X
BRIG_MODEL_GER_29_6;PzKpfw. V Panther Ausf. G;PzKpfw. V Panther Ausf. G;PzKpfw. V Panther Ausf. G;PzKpfw. V Panther Ausf. G;PzKpfw. V Panther Ausf. G;PzKpfw. V Panther Ausf. G;;PzKpfw. V Panther Ausf. G;;;X
BRIG_MODEL_GER_29_7;PzKpfw. Panther II;PzKpfw. Panther II;PzKpfw. Panther II;PzKpfw. Panther II;PzKpfw. Panther II;PzKpfw. Panther II;;PzKpfw. Panther II;;;X
BRIG_MODEL_GER_29_8;E-75 Tiger III;E-75 Tiger III;E-75 Tiger III;E-75 Tiger III;E-75 Tiger III;E-75 Tiger III;;E-75 Tiger III;;;X
BRIG_MODEL_GER_29_9;E-90 Tiger III;E-90 Tiger III;E-90 Tiger III;E-90 Tiger III;E-90 Tiger III;E-90 Tiger III;;E-90 Tiger III;;;X
BRIG_MODEL_GER_29_10;PzKpfw. Leopard I;PzKpfw. Leopard I;PzKpfw. Leopard I;PzKpfw. Leopard I;PzKpfw. Leopard I;PzKpfw. Leopard I;;PzKpfw. Leopard I;;;X
BRIG_MODEL_GER_29_11;;;;;;;;;;;X
BRIG_MODEL_GER_32_0;Schwimmpanzer II;Schwimmpanzer II;Schwimmpanzer II;Schwimmpanzer II;Schwimmpanzer II;Schwimmpanzer II;;Schwimmpanzer II;;;X
BRIG_MODEL_GER_32_1;Tauchpanzer IV;Tauchpanzer IV;Tauchpanzer IV;Tauchpanzer IV;Tauchpanzer IV;Tauchpanzer IV;;Tauchpanzer IV;;;X
BRIG_MODEL_GER_33_0;;;;;;;;;;;X
BRIG_MODEL_GER_33_1;;;;;;;;;;;X
BRIG_MODEL_GER_34_0;7.5 cm LG 40;7.5 cm LG 40;7.5 cm LG 40;7.5 cm LG 40;7.5 cm LG 40;7.5 cm LG 40;;7.5 cm LG 40;;;X
BRIG_MODEL_GER_34_1;10.5 cm LG 42;10.5 cm LG 42;10.5 cm LG 42;10.5 cm LG 42;10.5 cm LG 42;10.5 cm LG 42;;10.5 cm LG 42;;;X
BRIG_MODEL_GER_34_2;;;;;;;;;;;X
BRIG_MODEL_GER_34_3;;;;;;;;;;;X
BRIG_MODEL_GER_34_4;;;;;;;;;;;X
BRIG_MODEL_GER_35_0;42-cm M-Gerät 14 'Dicke Bertha';42-cm M-Gerät 14 'Dicke Bertha';42-cm M-Gerät 14 'Dicke Bertha';42-cm M-Gerät 14 'Dicke Bertha';42-cm M-Gerät 14 'Dicke Bertha';42-cm M-Gerät 14 'Dicke Bertha';;42-cm M-Gerät 14 'Dicke Bertha';;;X
BRIG_MODEL_GER_35_1;38-cm SK L/45 'Max';38-cm SK L/45 'Max';38-cm SK L/45 'Max';38-cm SK L/45 'Max';38-cm SK L/45 'Max';38-cm SK L/45 'Max';;38-cm SK L/45 'Max';;;X
BRIG_MODEL_GER_35_2;28-cm SK L/40 'Kurfürst';28-cm SK L/40 'Kurfürst';28-cm SK L/40 'Kurfürst';28-cm SK L/40 'Kurfürst';28-cm SK L/40 'Kurfürst';28-cm SK L/40 'Kurfürst';;28-cm SK L/40 'Kurfürst';;;X
BRIG_MODEL_GER_35_3;80-cm K (E) 'Schwerer Gustav';80-cm K (E) 'Schwerer Gustav';80-cm K (E) 'Schwerer Gustav';80-cm K (E) 'Schwerer Gustav';80-cm K (E) 'Schwerer Gustav';80-cm K (E) 'Schwerer Gustav';;80-cm K (E) 'Schwerer Gustav';;;X
BRIG_MODEL_GER_35_4;54-cm Karl-Gerät 041;54-cm Karl-Gerät 041;54-cm Karl-Gerät 041;54-cm Karl-Gerät 041;54-cm Karl-Gerät 041;54-cm Karl-Gerät 041;;54-cm Karl-Gerät 041;;;X
BRIG_MODEL_GER_35_5;;;;;;;;;;;X
# Germany air brigades;;;;;;;;;;;X
BRIG_MODEL_GER_14_0;He.51 / Hs.123;He.51 / Hs.123;He.51 / Hs.123;He.51 / Hs.123;He.51 / Hs.123;He.51 / Hs.123;;He.51 / Hs.123;;;X
BRIG_MODEL_GER_14_1;He.51 / Hs.123;He.51 / Hs.123;He.51 / Hs.123;He.51 / Hs.123;He.51 / Hs.123;He.51 / Hs.123;;He.51 / Hs.123;;;X
BRIG_MODEL_GER_14_2;Ju 87B Stuka/Fi 167/Ar 197;Ju 87B Stuka/Fi 167/Ar 197;Ju 87B Stuka/Fi 167/Ar 197;Ju 87B Stuka/Fi 167/Ar 197;Ju 87B Stuka/Fi 167/Ar 197;Ju 87B Stuka/Fi 167/Ar 197;Ju 87B Stuka/Fi 167/Ar 197;Ju 87B Stuka/Fi 167/Ar 197;;;X
BRIG_MODEL_GER_14_3;Ju 87C Stuka/Fi 167/Bf 109T;Ju 87C Stuka/Fi 167/Bf 109T;Ju 87C Stuka/Fi 167/Bf 109T;Ju 87C Stuka/Fi 167/Bf 109T;Ju 87C Stuka/Fi 167/Bf 109T;Ju 87C Stuka/Fi 167/Bf 109T;Ju 87C Stuka/Fi 167/Bf 109T;Ju 87C Stuka/Fi 167/Bf 109T;;;X
BRIG_MODEL_GER_14_4;Ju 87D Stuka/Fi 167/Bf 109T;Ju 87D Stuka/Fi 167/Bf 109T;Ju 87D Stuka/Fi 167/Bf 109T;Ju 87D Stuka/Fi 167/Bf 109T;Ju 87D Stuka/Fi 167/Bf 109T;Ju 87D Stuka/Fi 167/Bf 109T;Ju 87D Stuka/Fi 167/Bf 109T;Ju 87D Stuka/Fi 167/Bf 109T;;;X
BRIG_MODEL_GER_14_5;Ju 87D Stuka/Fi 167/Me 155;Ju 87D Stuka/Fi 167/Me 155;Ju 87D Stuka/Fi 167/Me 155;Ju 87D Stuka/Fi 167/Me 155;Ju 87D Stuka/Fi 167/Me 155;Ju 87D Stuka/Fi 167/Me 155;Ju 87D Stuka/Fi 167/Me 155;Ju 87D Stuka/Fi 167/Me 155;;;X
BRIG_MODEL_GER_14_6;Me.155 / Ju.87C Stuka;Me.155 / Ju.87C Stuka;Me.155 / Ju.87C Stuka;Me.155 / Ju.87C Stuka;Me.155 / Ju.87C Stuka;Me.155 / Ju.87C Stuka;;Me.155 / Ju.87C Stuka;;;X
BRIG_MODEL_GER_14_7;Fw.190T / Ju.87C Stuka;Fw.190T / Ju.87C Stuka;Fw.190T / Ju.87C Stuka;Fw.190T / Ju.87C Stuka;Fw.190T / Ju.87C Stuka;Fw.190T / Ju.87C Stuka;;Fw.190T / Ju.87C Stuka;;;X
BRIG_MODEL_GER_14_8;He.162 / Hs.132;He.162 / Hs.132;He.162 / Hs.132;He.162 / Hs.132;He.162 / Hs.132;He.162 / Hs.132;;He.162 / Hs.132;;;X
BRIG_MODEL_GER_15_0;Messerschmitt Bf 110C;Messerschmitt Bf 110C;Messerschmitt Bf 110C;Messerschmitt Bf 110C;Messerschmitt Bf 110C;Messerschmitt Bf 110C;Messerschmitt Bf 110C;Messerschmitt Bf 110C;;;X
BRIG_MODEL_GER_15_1;Messerschmitt Bf 110F;Messerschmitt Bf 110F;Messerschmitt Bf 110F;Messerschmitt Bf 110F;Messerschmitt Bf 110F;Messerschmitt Bf 110F;Messerschmitt Bf 110F;Messerschmitt Bf 110F;;;X
BRIG_MODEL_GER_15_2;Messerschmitt Me 410 Hornisse;Messerschmitt Me 410 Hornisse;Messerschmitt Me 410 Hornisse;Messerschmitt Me 410 Hornisse;Messerschmitt Me 410 Hornisse;Messerschmitt Me 410 Hornisse;Messerschmitt Me 410 Hornisse;Messerschmitt Me 410 Hornisse;;;X
BRIG_MODEL_GER_15_3;Messerschmitt Me 609;Messerschmitt Me 609;Messerschmitt Me 609;Messerschmitt Me 609;Messerschmitt Me 609;Messerschmitt Me 609;Messerschmitt Me 609;Messerschmitt Me 609;;;X
BRIG_MODEL_GER_15_4;Messerschmitt Me-262;Messerschmitt Me-262;Messerschmitt Me-262;Messerschmitt Me-262;Messerschmitt Me-262;Messerschmitt Me-262;;Messerschmitt Me-262;;;X
BRIG_MODEL_GER_15_5;Gotha Go-229;Gotha Go-229;Gotha Go-229;Gotha Go-229;Gotha Go-229;Gotha Go-229;;Gotha Go-229;;;X
BRIG_MODEL_GER_15_6;Horton Ho.XIIIb;Horton Ho.XIIIb;Horton Ho.XIIIb;Horton Ho.XIIIb;Horton Ho.XIIIb;Horton Ho.XIIIb;;Horton Ho.XIIIb;;;X
BRIG_MODEL_GER_30_4;Heinkel 60;Heinkel 60;Heinkel 60;Heinkel 60;Heinkel 60;Heinkel 60;;Heinkel 60;;;X
BRIG_MODEL_GER_30_5;Heinkel He 60;Heinkel He 60;Heinkel He 60;Heinkel He 60;Heinkel He 60;Heinkel He 60;;Heinkel He 60;;;X
BRIG_MODEL_GER_30_6;Arado Ar 196;Arado Ar 196;Arado Ar 196;Arado Ar 196;Arado Ar 196;Arado Ar 196;;Arado Ar 196;;;X
BRIG_MODEL_GER_30_7;Heinkel He 115;Heinkel He 115;Heinkel He 115;Heinkel He 115;Heinkel He 115;Heinkel He 115;;Heinkel He 115;;;X
BRIG_MODEL_GER_31_0;He.51 / Hs.123;He.51 / Hs.123;He.51 / Hs.123;He.51 / Hs.123;He.51 / Hs.123;He.51 / Hs.123;;He.51 / Hs.123;;;X
BRIG_MODEL_GER_31_1;He.51 / Hs.123;He.51 / Hs.123;He.51 / Hs.123;He.51 / Hs.123;He.51 / Hs.123;He.51 / Hs.123;;He.51 / Hs.123;;;X
BRIG_MODEL_GER_31_2;Ju 87B Stuka/Fi 167/Ar 197;Ju 87B Stuka/Fi 167/Ar 197;Ju 87B Stuka/Fi 167/Ar 197;Ju 87B Stuka/Fi 167/Ar 197;Ju 87B Stuka/Fi 167/Ar 197;Ju 87B Stuka/Fi 167/Ar 197;Ju 87B Stuka/Fi 167/Ar 197;Ju 87B Stuka/Fi 167/Ar 197;;;X
BRIG_MODEL_GER_31_3;Ju 87C Stuka/Fi 167/Bf 109T;Ju 87C Stuka/Fi 167/Bf 109T;Ju 87C Stuka/Fi 167/Bf 109T;Ju 87C Stuka/Fi 167/Bf 109T;Ju 87C Stuka/Fi 167/Bf 109T;Ju 87C Stuka/Fi 167/Bf 109T;Ju 87C Stuka/Fi 167/Bf 109T;Ju 87C Stuka/Fi 167/Bf 109T;;;X
BRIG_MODEL_GER_31_4;Ju 87D Stuka/Fi 167/Bf 109T;Ju 87D Stuka/Fi 167/Bf 109T;Ju 87D Stuka/Fi 167/Bf 109T;Ju 87D Stuka/Fi 167/Bf 109T;Ju 87D Stuka/Fi 167/Bf 109T;Ju 87D Stuka/Fi 167/Bf 109T;Ju 87D Stuka/Fi 167/Bf 109T;Ju 87D Stuka/Fi 167/Bf 109T;;;X
BRIG_MODEL_GER_31_5;Ju 87D Stuka/Fi 167/Me 155;Ju 87D Stuka/Fi 167/Me 155;Ju 87D Stuka/Fi 167/Me 155;Ju 87D Stuka/Fi 167/Me 155;Ju 87D Stuka/Fi 167/Me 155;Ju 87D Stuka/Fi 167/Me 155;Ju 87D Stuka/Fi 167/Me 155;Ju 87D Stuka/Fi 167/Me 155;;;X
BRIG_MODEL_GER_31_6;Me.155 / Ju.87C Stuka;Me.155 / Ju.87C Stuka;Me.155 / Ju.87C Stuka;Me.155 / Ju.87C Stuka;Me.155 / Ju.87C Stuka;Me.155 / Ju.87C Stuka;;Me.155 / Ju.87C Stuka;;;X
BRIG_MODEL_GER_31_7;Fw.190T / Ju.87C Stuka;Fw.190T / Ju.87C Stuka;Fw.190T / Ju.87C Stuka;Fw.190T / Ju.87C Stuka;Fw.190T / Ju.87C Stuka;Fw.190T / Ju.87C Stuka;;Fw.190T / Ju.87C Stuka;;;X
BRIG_MODEL_GER_31_8;He.162 / Hs.132;He.162 / Hs.132;He.162 / Hs.132;He.162 / Hs.132;He.162 / Hs.132;He.162 / Hs.132;;He.162 / Hs.132;;;X
# Germany;;;;;;;;;;;X
# Germany land units;;;;;;;;;;;X
MODEL_GER_4_0;PzKpfw. II Ausf. A;PzKpfw. II Ausf. A;PzKpfw. II Ausf. A;PzKpfw. II Ausf. A;PzKpfw. II Ausf. A;PzKpfw. II Ausf. A;;PzKpfw. I;;;X
MODEL_GER_4_1;PzKpfw. II Ausf. D;PzKpfw. II Ausf. D;PzKpfw. II Ausf. D;PzKpfw. II Ausf. D;PzKpfw. II Ausf. D;PzKpfw. II Ausf. D;;PzKpfw. II Ausf. D;;;X
MODEL_GER_4_2;PzKpfw. 38t;PzKpfw. 38t;PzKpfw. 38t;PzKpfw. 38t;PzKpfw. 38t;PzKpfw. 38t;;PzKpfw. 38t;;;X
MODEL_GER_5_0;PzKpfw. III Ausf. E;PzKpfw. III Ausf. E;PzKpfw. III Ausf. E;PzKpfw. III Ausf. E;PzKpfw. III Ausf. E;PzKpfw. III Ausf. E;;PzKpfw. III Ausf. E;;;X
MODEL_GER_5_1;PzKpfw. IV Ausf. F;PzKpfw. IV Ausf. F;PzKpfw. IV Ausf. F;PzKpfw. IV Ausf. F;PzKpfw. IV Ausf. F;PzKpfw. IV Ausf. F;;PzKpfw. IV Ausf. F;;;X
MODEL_GER_5_2;PzKpfw. V Panther Ausf. A;PzKpfw. V Panther Ausf. A;PzKpfw. V Panther Ausf. A;PzKpfw. V Panther Ausf. A;PzKpfw. V Panther Ausf. A;PzKpfw. V Panther Ausf. A;;PzKpfw. V Panther Ausf. A;;;X
MODEL_GER_5_3;PzKpfw. V Panther Ausf. D;PzKpfw. V Panther Ausf. D;PzKpfw. V Panther Ausf. D;PzKpfw. V Panther Ausf. D;PzKpfw. V Panther Ausf. D;PzKpfw. V Panther Ausf. D;;PzKpfw. V Panther Ausf. D;;;X
MODEL_GER_5_4;PzKpfw. Panther II;PzKpfw. Panther II;PzKpfw. Panther II;PzKpfw. Panther II;PzKpfw. Panther II;PzKpfw. Panther II;;PzKpfw. Panther II;;;X
MODEL_GER_5_5;E-75 Tiger III;E-75 Tiger III;E-75 Tiger III;E-75 Tiger III;E-75 Tiger III;E-75 Tiger III;;E-75 Tiger III;;;X
MODEL_GER_5_6;E-90 Tiger III;E-90 Tiger III;E-90 Tiger III;E-90 Tiger III;E-90 Tiger III;E-90 Tiger III;;E-90 Tiger III;;;X
MODEL_GER_5_7;PzKpfw. Leopard I;PzKpfw. Leopard I;PzKpfw. Leopard I;PzKpfw. Leopard I;PzKpfw. Leopard I;PzKpfw. Leopard I;;PzKpfw. Leopard I;;;X
# Germany air units;;;;;;;;;;;X
MODEL_GER_12_0;DFW C.V;DFW C.V;DFW C.V;DFW C.V;DFW C.V;DFW C.V;DFW C.V;DFW C.V;;;X
MODEL_GER_12_1;Halberstadt CL.II;Halberstadt CL.II;Halberstadt CL.II;Halberstadt CL.II;Halberstadt CL.II;Halberstadt CL.II;Halberstadt CL.II;Halberstadt CL.II;;;X
MODEL_GER_12_2;Fokker Dr.I;Fokker Dr.I;Fokker Dr.I;Fokker Dr.I;Fokker Dr.I;Fokker Dr.I;Fokker Dr.I;Fokker Dr.I;;;X
MODEL_GER_12_3;Dornier Do 10;Dornier Do 10;Dornier Do 10;Dornier Do 10;Dornier Do 10;Dornier Do 10;;Dornier Do 10;;;X
MODEL_GER_12_4;Arado Ar 68;Arado Ar 68;Arado Ar 68;Arado Ar 68;Arado Ar 68;Arado Ar 68;;Arado Ar 68;;;X
MODEL_GER_12_5;Messerschmitt Bf 109E Emil;Messerschmitt Bf 109E Emil;Messerschmitt Bf 109E Emil;Messerschmitt Bf 109E Emil;Messerschmitt Bf 109E Emil;Messerschmitt Bf 109E Emil;Messerschmitt Bf 109E Emil;Messerschmitt Bf 109E Emil;;;X
MODEL_GER_12_6;Focke-Wulf Fw 190A;Focke-Wulf Fw 190A;Focke-Wulf Fw 190A;Focke-Wulf Fw 190A;Focke-Wulf Fw 190A;Focke-Wulf Fw 190A;Focke-Wulf Fw 190A;Focke-Wulf Fw 190A;;;X
MODEL_GER_12_7;Focke-Wulf Fw 190D;Focke-Wulf Fw 190D;Focke-Wulf Fw 190D;Focke-Wulf Fw 190D;Focke-Wulf Fw 190D;Focke-Wulf Fw 190D;Focke-Wulf Fw 190D;Focke-Wulf Fw 190D;;;X
MODEL_GER_12_9;Messerschmitt Me 262 Schwalbe;Messerschmitt Me 262 Schwalbe;Messerschmitt Me 262 Schwalbe;Messerschmitt Me 262 Schwalbe;Messerschmitt Me 262 Schwalbe;Messerschmitt Me 262 Schwalbe;Messerschmitt Me 262 Schwalbe;Messerschmitt Me 262 Schwalbe;;;X
MODEL_GER_12_10;Messerschmitt P.1101;Messerschmitt P.1101;Messerschmitt P.1101;Messerschmitt P.1101;Messerschmitt P.1101;Messerschmitt P.1101;Messerschmitt P.1101;Messerschmitt P.1101;;;X
MODEL_GER_12_11;Horton Ho 229;Horten Ho 229;Horten Ho 229;Horten Ho 229;Horten Ho 229;Horten Ho 229;Horten Ho 229;Horten Ho 229;;;X
MODEL_GER_13_0;Rumpler Taube;Rumpler Taube;Rumpler Taube;Rumpler Taube;Rumpler Taube;Rumpler Taube;Rumpler Taube;Rumpler Taube;;;X
MODEL_GER_13_1;Aviatik B.I;Aviatik B.I;Aviatik B.I;Aviatik B.I;Aviatik B.I;Aviatik B.I;Aviatik B.I;Aviatik B.I;;;X
MODEL_GER_13_2;Fokker E.I;Fokker E.I;Fokker E.I;Fokker E.I;Fokker E.I;Fokker E.I;Fokker E.I;Fokker E.I;;;X
MODEL_GER_13_3;Albatros D.III;Albatros D.III;Albatros D.III;Albatros D.III;Albatros D.III;Albatros D.III;Albatros D.III;Albatros D.III;;;X
MODEL_GER_13_4;Albatros D.V;Albatros D.V;Albatros D.V;Albatros D.V;Albatros D.V;Albatros D.V;Albatros D.V;Albatros D.V;;;X
MODEL_GER_13_5;Fokker D.VII;Fokker D.VII;Fokker D.VII;Fokker D.VII;Fokker D.VII;Fokker D.VII;;Fokker D.VII;;;X
MODEL_GER_13_6;Heinkel HD 37;Heinkel HD 37;Heinkel HD 37;Heinkel HD 37;Heinkel HD 37;Heinkel HD 37;Heinkel HD 37;Heinkel HD 37;;;X
MODEL_GER_13_7;Heinkel He 51;Heinkel He 51;Heinkel He 51;Heinkel He 51;Heinkel He 51;Heinkel He 51;Heinkel He 51;Heinkel He 51;;;X
MODEL_GER_13_8;Messerschmitt Bf 109D;Messerschmitt Bf 109D;Messerschmitt Bf 109D;Messerschmitt Bf 109D;Messerschmitt Bf 109D;Messerschmitt Bf 109D;Messerschmitt Bf 109D;Messerschmitt Bf 109D;;;X
MODEL_GER_13_9;Messerschmitt Bf 109F Franz;Messerschmitt Bf 109F Franz;Messerschmitt Bf 109F Franz;Messerschmitt Bf 109F Franz;Messerschmitt Bf 109F Franz;Messerschmitt Bf 109F Franz;Messerschmitt Bf 109F Franz;Messerschmitt Bf 109F Franz;;;X
MODEL_GER_13_10;Messerschmitt Bf 109G Gustav;Messerschmitt Bf 109G Gustav;Messerschmitt Bf 109G Gustav;Messerschmitt Bf 109G Gustav;Messerschmitt Bf 109G Gustav;Messerschmitt Bf 109G Gustav;Messerschmitt Bf 109G Gustav;Messerschmitt Bf 109G Gustav;;;X
MODEL_GER_13_11;Heinkel He 162 Salamander;Heinkel He 162 Salamander;Heinkel He 162 Salamander;Heinkel He 162 Salamander;Heinkel He 162 Salamander;Heinkel He 162 Salamander;Heinkel He 162 Salamander;Heinkel He 162 Salamander;;;X
MODEL_GER_13_12;Focke-Wulf Ta 183;Focke-Wulf Ta 183;Focke-Wulf Ta 183;Focke-Wulf Ta 183;Focke-Wulf Ta 183;Focke-Wulf Ta 183;Focke-Wulf Ta 183;Focke-Wulf Ta 183;;;X
MODEL_GER_13_13;Lippisch P.13a;Lippisch P.13a;Lippisch P.13a;Lippisch P.13a;Lippisch P.13a;Lippisch P.13a;Lippisch P.13a;Lippisch P.13a;;;X
MODEL_GER_32_0;Messerschmitt Me 163 Komet;Messerschmitt Me 163 Komet;Messerschmitt Me 163 Komet;Messerschmitt Me 163 Komet;Messerschmitt Me 163 Komet;Messerschmitt Me 163 Komet;Messerschmitt Me 163 Komet;Messerschmitt Me 163 Komet;;;X
MODEL_GER_32_1;Messerschmitt Me 263;Messerschmitt Me 263;Messerschmitt Me 263;Messerschmitt Me 263;Messerschmitt Me 263;Messerschmitt Me 263;Messerschmitt Me 263;Messerschmitt Me 263;;;X
MODEL_GER_14_0;Zeppelin-Staaken V.G.O.I;Zeppelin-Staaken V.G.O.I;Zeppelin-Staaken V.G.O.I;Zeppelin-Staaken V.G.O.I;Zeppelin-Staaken V.G.O.I;Zeppelin-Staaken V.G.O.I;Zeppelin-Staaken V.G.O.I;Zeppelin-Staaken V.G.O.I;;;X
MODEL_GER_14_1;Zeppelin-Staaken R.VI;Zeppelin-Staaken R.VI;Zeppelin-Staaken R.VI;Zeppelin-Staaken R.VI;Zeppelin-Staaken R.VI;Zeppelin-Staaken R.VI;Zeppelin-Staaken R.VI;Zeppelin-Staaken R.VI;;;X
MODEL_GER_14_2;Dornier Do P;Dornier Do P;Dornier Do P;Dornier Do P;Dornier Do P;Dornier Do P;;Dornier Do P;;;X
MODEL_GER_14_3;Junkers Ju 89;Junkers Ju 89;Junkers Ju 89;Junkers Ju 89;Junkers Ju 89;Junkers Ju 89;Junkers Ju 89;Junkers Ju 89;;;X
MODEL_GER_14_4;Junkers Ju 290;Junkers Ju 290;Junkers Ju 290;Junkers Ju 290;Junkers Ju 290;Junkers Ju 290;Junkers Ju 290;Junkers Ju 290;;;X
MODEL_GER_14_5;Junkers Ju 488;Junkers Ju 488;Junkers Ju 488;Junkers Ju 488;Junkers Ju 488;Junkers Ju 488;Junkers Ju 488;Junkers Ju 488;;;X
MODEL_GER_14_6;Messerschmitt Me 264 Amerika;Messerschmitt Me 264 Amerika;Messerschmitt Me 264 Amerika;Messerschmitt Me 264 Amerika;Messerschmitt Me 264 Amerika;Messerschmitt Me 264 Amerika;Messerschmitt Me 264 Amerika;Messerschmitt Me 264 Amerika;;;X
MODEL_GER_14_7;Junkers EF 132;Junkers EF 132;Junkers EF 132;Junkers EF 132;Junkers EF 132;Junkers EF 132;Junkers EF 132;Junkers EF 132;;;X
MODEL_GER_14_8;Messerschmitt Me-264;Messerschmitt Me-264;Messerschmitt Me-264;Messerschmitt Me-264;Messerschmitt Me-264;Messerschmitt Me-264;;Messerschmitt Me-264;;;X
MODEL_GER_15_1;AEG G.II;AEG G.II;AEG G.II;AEG G.II;AEG G.II;AEG G.II;AEG G.II;AEG G.II;;;X
MODEL_GER_15_2;Gotha G.IV;Gotha G.IV;Gotha G.IV;Gotha G.IV;Gotha G.IV;Gotha G.IV;Gotha G.IV;Gotha G.IV;;;X
MODEL_GER_15_3;Gotha G.VIII;Gotha G.VIII;Gotha G.VIII;Gotha G.VIII;Gotha G.VIII;Gotha G.VIII;Gotha G.VIII;Gotha G.VIII;;;X
MODEL_GER_15_4;Dornier Do 11;Dornier Do 11;Dornier Do 11;Dornier Do 11;Dornier Do 11;Dornier Do 11;Dornier Do 11;Dornier Do 11;;;X
MODEL_GER_15_5;Dornier Do 17;Dornier Do 17;Dornier Do 17;Dornier Do 17;Dornier Do 17;Dornier Do 17;Dornier Do 17 Fliegender Bleistift;Dornier Do 17 Fliegender Bleistift;;;X
MODEL_GER_15_6;Heinkel He 111;Heinkel He 111;Heinkel He 111;Heinkel He 111;Heinkel He 111;Heinkel He 111;Heinkel He 111;Heinkel He 111;;;X
MODEL_GER_15_7;Junkers Ju 88;Junkers Ju 88;Junkers Ju 88;Junkers Ju 88;Junkers Ju 88;Junkers Ju 88;Junkers Ju 88;Junkers Ju 88;;;X
MODEL_GER_15_8;Junkers Ju 188 Rächer;Junkers Ju 188 Rächer;Junkers Ju 188 Rächer;Junkers Ju 188 Rächer;Junkers Ju 188 Rächer;Junkers Ju 188 Rächer;Junkers Ju 188 Rächer;Junkers Ju 188 Rächer;;;X
MODEL_GER_15_9;Arado Ar 234 Blitz;Arado Ar 234 Blitz;Arado Ar 234 Blitz;Arado Ar 234 Blitz;Arado Ar 234 Blitz;Arado Ar 234 Blitz;Arado Ar 234 Blitz;Arado Ar 234 Blitz;;;X
MODEL_GER_15_10;Heinkel He 343;Heinkel He 343;Heinkel He 343;Heinkel He 343;Heinkel He 343;Heinkel He 343;Heinkel He 343;Heinkel He 343;;;X
MODEL_GER_16_1;Dornier Do J Wal;Dornier Do J Wal;Dornier Do J Wal;Dornier Do J Wal;Dornier Do J Wal;Dornier Do J Wal;Dornier Do J Wal;Dornier Do J Wal;;;X
MODEL_GER_16_2;Dornier Do 217;Dornier Do 217;Dornier Do 217;Dornier Do 217;Dornier Do 217;Dornier Do 217;Dornier Do 217;Dornier Do 217;;;X
MODEL_GER_16_3;Focke-Wulf Fw 200 Condor;Focke-Wulf Fw 200 Condor;Focke-Wulf Fw 200 Condor;Focke-Wulf Fw 200 Condor;Focke-Wulf Fw 200 Condor;Focke-Wulf Fw 200 Condor;Focke-Wulf Fw 200 Condor;Focke-Wulf Fw 200 Condor;;;X
MODEL_GER_16_4;Junkers Ju 390;Junkers Ju 390;Junkers Ju 390;Junkers Ju 390;Junkers Ju 390;Junkers Ju 390;Junkers Ju 390;Junkers Ju 390;;;X
MODEL_GER_16_5;Junkers Ju 287;Junkers Ju 287;Junkers Ju 287;Junkers Ju 287;Junkers Ju 287;Junkers Ju 287;Junkers Ju 287;Junkers Ju 287;;;X
MODEL_GER_16_6;Breguet Atlantic;Breguet Atlantic;Breguet Atlantic;Breguet Atlantic;Breguet Atlantic;Breguet Atlantic;;Breguet Atlantic;;;X
MODEL_GER_17_0;Henschel Hs 123;Henschel Hs 123;Henschel Hs 123;Henschel Hs 123;Henschel Hs 123;Henschel Hs 123;Henschel Hs 123;Henschel Hs 123;;;X
MODEL_GER_17_1;Junkers Ju 87B Stuka;Junkers Ju 87B Stuka;Junkers Ju 87B Stuka;Junkers Ju 87B Stuka;Junkers Ju 87B Stuka;Junkers Ju 87B Stuka;Junkers Ju 87B Stuka;Junkers Ju 87B Stuka;;;X
MODEL_GER_17_2;Junkers Ju 87G Stuka;Junkers Ju 87G Stuka;Junkers Ju 87G Stuka;Junkers Ju 87G Stuka;Junkers Ju 87G Stuka;Junkers Ju 87G Stuka;Junkers Ju 87G Stuka;Junkers Ju 87G Stuka;;;X
MODEL_GER_17_3;Henschel Hs 129;Henschel Hs 129;Henschel Hs 129;Henschel Hs 129;Henschel Hs 129;Henschel Hs 129;Henschel Hs 129;Henschel Hs 129;;;X
MODEL_GER_17_4;Henschel Hs 132;Henschel Hs 132;Henschel Hs 132;Henschel Hs 132;Henschel Hs 132;Henschel Hs 132;Henschel Hs 132;Henschel Hs 132;;;X
MODEL_GER_17_5;Dornier Alpha Jet;Dornier Alpha Jet;Dornier Alpha Jet;Dornier Alpha Jet;Dornier Alpha Jet;Dornier Alpha Jet;;Dornier Alpha Jet;;;X
MODEL_GER_18_0;Junkers W 34;Junkers W 34;Junkers W 34;Junkers W 34;Junkers W 34;Junkers W 34;Junkers W 34;Junkers W 34;;;X
MODEL_GER_18_1;Junkers Ju 52/3m Tante Ju;Junkers Ju 52/3m Tante Ju;Junkers Ju 52/3m Tante Ju;Junkers Ju 52/3m Tante Ju;Junkers Ju 52/3m Tante Ju;Junkers Ju 52/3m Tante Ju;Junkers Ju 52/3m Tante Ju;Junkers Ju 52/3m Tante Ju;;;X
MODEL_GER_18_2;Arado Ar 232;Arado Ar 232;Arado Ar 232;Arado Ar 232;Arado Ar 232;Arado Ar 232;Arado Ar 232;Arado Ar 232;;;X
MODEL_GER_18_3;Messerschmitt Me 323 Gigant;Messerschmitt Me 323 Gigant;Messerschmitt Me 323 Gigant;Messerschmitt Me 323 Gigant;Messerschmitt Me 323 Gigant;Messerschmitt Me 323 Gigant;Messerschmitt Me 323 Gigant;Messerschmitt Me 323 Gigant;;;X
MODEL_GER_18_4;Junkers Ju-352;Junkers Ju-352;Junkers Ju-352;Junkers Ju-352;Junkers Ju-352;Junkers Ju-352;;Junkers Ju-352;;;X
MODEL_GER_18_5;Transall C-160;Transall C-160;Transall C-160;Transall C-160;Transall C-160;Transall C-160;;Transall C-160;;;X
MODEL_GER_19_0;V1;V1;V1;V1;V1;V1;;V1;;;X
MODEL_GER_20_0;V2;V2;V2;V2;V2;V2;;V2;;;X
MODEL_GER_20_1;V2A9;V2A9;V2A9;V2A9;V2A9;V2A9;;V2A9;;;X
MODEL_GER_20_2;V2A10;V2A10;V2A10;V2A10;V2A10;V2A10;;V2A10;;;X
# Germany naval units;;;;;;;;;;;X
MODEL_GER_21_0;Friedrich Der Große-class;Classe Friedrich Der Große;Classe Friedrich Der Große;Clase Friedrich Der Große;Friedrich Der Große-Klasse;Friedrich Der Große-klasa;;Friedrich Der Große-Klasse;;;X
MODEL_GER_21_1;Kaiser-class;Classe Kaiser;Classe Kaiser;Clase Kaiser;Kaiser-Klasse;Kaiser-klasa;;Kaiser-Klasse;;;X
MODEL_GER_21_2;Nassau-class;Classe Nassau;Classe Nassau;Clase Nassau;Nassau-Klasse;Nassau-klasa;;Nassau-Klasse;;;X
MODEL_GER_21_4;Bayern-class;Classe Bayern;Classe Bayern;Clase Bayern;Bayern-Klasse;Bayern-klasa;;Bayern-Klasse;;;X
MODEL_GER_21_5;L 20a-class;Classe L 20a;Classe L 20a;Clase L 20a;L 20a-Klasse;L 20a-klasa;;L 20a-Klasse;;;X
MODEL_GER_21_7;Bismarck-class;Classe Bismarck;Classe Bismarck;Clase Bismarck;Bismarck-Klasse;Bismarck-klasa;;Bismarck-Klasse;;;X
MODEL_GER_21_8;H-class;Classe H;Classe H;Clase H;H-Klasse;H-klasa;;H-Klasse;;;X
MODEL_GER_22_0;Gazelle-class;Classe Gazelle;Classe Gazelle;Clase Gazelle;Gazelle-Klasse;Gazelle-klasa;;Gazelle-Klasse;;;X
MODEL_GER_22_1;Bremen-class;Classe Bremen;Classe Bremen;Clase Bremen;Bremen-Klasse;Bremen-klasa;;Bremen-Klasse;;;X
MODEL_GER_22_2;Magdeburg-class;Classe Magdeburg;Classe Magdeburg;Clase Magdeburg;Magdeburg-Klasse;Magdeburg-klasa;;Magdeburg-Klasse;;;X
MODEL_GER_22_3;Emden-class;Classe Emden;Classe Emden;Clase Emden;Emden-Klasse;Emden-klasa;;Emden-Klasse;;;X
MODEL_GER_22_4;Nürnberg-class;Classe Nürnberg;Classe Nürnberg;Clase Nürnberg;Nürnberg-Klasse;Nürnberg-klasa;;Nürnberg-Klasse;;;X
MODEL_GER_22_5;M-class;Classe M;Classe M;Clase M;M-Klasse;M-klasa;;M-Klasse;;;X
MODEL_GER_23_1;Wacht-class;Classe Wacht;Classe Wacht;Clase Wacht;Wacht-Klasse;Wacht-klasa;;Wacht-Klasse;;;X
MODEL_GER_23_2;Scharnhorst-class;Classe Scharnhorst;Classe Scharnhorst;Clase Scharnhorst;Scharnhorst-Klasse;Scharnhorst-klasa;;Scharnhorst-Klasse;;;X
MODEL_GER_23_4;Deutschland-class;Classe Deutschland;Classe Deutschland;Clase Deutschland;Deutschland-Klasse;Deutschland-klasa;;Deutschland-Klasse;;;X
MODEL_GER_23_5;Hipper-class;Classe Hipper;Classe Hipper;Clase Hipper;Hipper-Klasse;Hipper-klasa;;Hipper-Klasse;;;X
MODEL_GER_23_6;P-class;Classe P;Classe P;Clase P;P-Klasse;P-klasa;;P-Klasse;;;X
MODEL_GER_24_0;Moltke-class;Classe Moltke;Classe Moltke;Clase Moltke;Moltke-Klasse;Moltke-klasa;;Moltke-Klasse;;;X
MODEL_GER_24_1;Derflinger-class;Classe Derflinger;Classe Derflinger;Clase Derflinger;Derflinger-Klasse;Derflinger-klasa;;Derflinger-Klasse;;;X
MODEL_GER_24_2;Mackensen-class;Classe Mackensen;Classe Mackensen;Clase Mackensen;Mackensen-Klasse;Mackensen-klasa;;Mackensen-Klasse;;;X
MODEL_GER_24_3;Scharnhorst-class;Classe Scharnhorst;Classe Scharnhorst;Clase Scharnhorst;Scharnhorst-Klasse;Scharnhorst-klasa;;Scharnhorst-Klasse;;;X
MODEL_GER_24_4;O-class;Classe O;Classe O;Clase O;O-Klasse;O-klasa;;O-Klasse;;;X
MODEL_GER_25_0;T90-class;Classe T90;Classe T90;Clase T90;T90-Klasse;T90-klasa;;T90-Klasse;;;X
MODEL_GER_25_1;S114-class;Classe S114;Classe S114;Clase S114;S114-Klasse;S114-klasa;;S114-Klasse;;;X
MODEL_GER_25_2;S165-class;Classe S165;Classe S165;Clase S165;S165-Klasse;S165-klasa;;S165-Klasse;;;X
MODEL_GER_25_5;Type 1934-class;Classe Type 1934;Classe Type 1934;Clase Tipo 1934;Type 1934-Klasse;Type 1934-klasa;;Type 1934-Klasse;;;X
MODEL_GER_25_6;Type 1936A-class;Classe Type 1936A;Classe Type 1936A;Clase Tipo 1936A;Type 1936A-Klasse;Type 1936A-klasa;;Type 1936A-Klasse;;;X
MODEL_GER_25_7;Z37-class;Classe Z37;Classe Z37;Clase Z37;Z37-Klasse;Z37-klasa;;Z37-Klasse;;;X
MODEL_GER_25_9;Hamburg-class;Classe Hamburg;Classe Hamburg;Clase Hamburg;Hamburg-Klasse;Hamburg-klasa;;Hamburg-Klasse;;;X
MODEL_GER_26_2;Graf Zeppelin-class;Classe Graf Zeppelin;Classe Graf Zeppelin;Clase Graf Zeppelin;Graf Zeppelin-Klasse;Graf Zeppelin-klasa;;Graf Zeppelin-Klasse;;;X
MODEL_GER_28_1;Type U-27-class;Classe Type U-27;Classe Type U-27;Clase Tipo U-27;Type U-27-Klasse;Type U-27-klasa;;Type U-27-Klasse;;;X
MODEL_GER_28_2;Type U-31-class;Classe Type U-43;Classe Type U-43;Clase Tipo U-43;Type U-43-Klasse;Type U-43-klasa;;Type U-43-Klasse;;;X
MODEL_GER_28_4;Type II-class;Classe Type II;Classe Type II;Clase Tipo II;Type II-Klasse;Type II-klasa;;Type II-Klasse;;;X
MODEL_GER_28_5;Type VII-class;Classe Type VII;Classe Type VII;Clase Tipo VII;Type VII-Klasse;Type VII-klasa;;Type VII-Klasse;;;X
MODEL_GER_28_6;Type IX-class;Classe Type IX;Classe Type IX;Clase Tipo IX;Type IX-Klasse;Type IX-klasa;;Type IX-Klasse;;;X
MODEL_GER_28_7;Type XXI-class;Classe Type XXI;Classe Type XXI;Clase Tipo XXI;Type XXI-Klasse;Type XXI-klasa;;Type XXI-Klasse;;;X
MODEL_GER_28_8;Type 201-class;Classe Type 201;Classe Type 201;Clase Tipo 201;Type 201-Klasse;Type 201-klasa;;Type 201-Klasse;;;X
MODEL_GER_28_9;Type 205-class;Classe Type 205;Classe Type 205;Clase Tipo 205;Type 205-Klasse;Type 205-klasa;;Type 205-Klasse;;;X
MODEL_GER_29_1;Type IXD2-class;Classe Type IXD2;Classe Type 205;Clase Tipo IXD2;Type IXD2-Klasse;Type IXD2-klasa;;Type IXD2-Klasse;;;X
#;;;;;;;;;;;X
# Italy;;;;;;;;;;;X
# Italy land brigades;;;;;;;;;;;X
BRIG_MODEL_ITA_1_0;Cannone da 75/27 mod 06;Cannone da 75/27 mod 06;Cannone da 75/27 mod 06;Cañon de 75/27 mod 06;Cannone da 75/27 mod 06;Cannone da 75/27 mod 06;;Cannone da 75/27 mod 06;;;X
BRIG_MODEL_ITA_1_1;Cannone da 105/28 mod 13;Cannone da 105/28 mod 13;Cannone da 105/28 mod 13;Cañon de 105/28 mod 13;Cannone da 105/28 mod 13;Cannone da 105/28 mod 13;;Cannone da 105/28 mod 13;;;X
BRIG_MODEL_ITA_1_2;Obice da 149/12 mod 14;Obice da 149/12 mod 14;Obice da 149/12 mod 14;Artilleria de 149/12 mod 14;Obdice da 149/12 mod 14;Obice da 149/12 mod 14;;Obice da 149/12 mod 14;;;X
BRIG_MODEL_ITA_1_3;Cannone da 149/35;Cannone da 149/35;Cannone da 149/35;Cañon de 149/35;Cannone da 149/35;Cannone da 149/35;;Cannone da 149/35;;;X
BRIG_MODEL_ITA_1_4;;;;;;;;;;;X
BRIG_MODEL_ITA_1_5;;;;;;;;;;;X
BRIG_MODEL_ITA_1_6;;;;;;;;;;;X
BRIG_MODEL_ITA_1_7;Obice da 75/18 mod 34;Obice da 75/18 mod 34;Obice da 75/18 mod 34;Artilleria de 75/18 mod 34;Obice da 75/18 mod 34;Obice da 75/18 mod 34;;Obice da 75/18 mod 34;;;X
BRIG_MODEL_ITA_1_8;Obice da 75/27;Obice da 75/27;Obice da 75/27;Artilleria de 75/27;Obice da 75/27;Obice da 75/27;;Obice da 75/27;;;X
BRIG_MODEL_ITA_1_9;Obice da 75/18 mod 40;Obice da 75/18 mod 40;Obice da 75/18 mod 40;Artilleria de 75/18 mod 40;Obice da 75/18 mod 40;Obice da 75/18 mod 40;;Obice da 75/18 mod 40;;;X
BRIG_MODEL_ITA_1_10;Cannone da 149/40;Cannone da 149/40;Cannone da 149/40;Cañon de 149/40;Cannone da 149/40;Cannone da 149/40;;Cannone da 149/40;;;X
BRIG_MODEL_ITA_1_11;Obice da 210/22;Obice da 210/22;Obice da 210/22;Artilleria de 210/22;Obice da 210/22;Obice da 210/22;;Obice da 210/22;;;X
BRIG_MODEL_ITA_1_12;;;;;;;;;;;X
BRIG_MODEL_ITA_1_13;;;;;;;;;;;X
BRIG_MODEL_ITA_2_0;Semovente da 75/18 M40;Semovente da 75/18 M40;Semovente da 75/18 M40;Autopropulsada de 75/18 M40;Semovente da 75/18 M40;Semovente da 75/18 M40;;Semovente da 75/18 M40;;;X
BRIG_MODEL_ITA_2_1;Semovente da 75/32 M41;Semovente da 75/32 M41;Semovente da 75/32 M41;Autopropulsada de 75/32 M41;Semovente da 75/32 M41;Semovente da 75/32 M41;;Semovente da 75/32 M41;;;X
BRIG_MODEL_ITA_2_2;Semovente da 105/25;Semovente da 105/25;Semovente da 105/25;Autopropulsada de 105/25;Semovente da 105/25;Semovente da 105/25;;Semovente da 105/25;;;X
BRIG_MODEL_ITA_2_3;Semovente da 149/40;Semovente da 149/40;Semovente da 149/40;Autopropulsada de 149/40;Semovente da 149/40;Semovente da 149/40;;Semovente da 149/40;;;X
BRIG_MODEL_ITA_2_4;;;;;;;;;;;X
BRIG_MODEL_ITA_2_5;;;;;;;;;;;X
BRIG_MODEL_ITA_2_6;;;;;;;;;;;X
BRIG_MODEL_ITA_6_0;Semovente da 47/32 L40;Semovente da 47/32 L40;Semovente da 47/32 L40;Autopropulsada de 47/32 L40;Semovente da 47/32 L40;Semovente da 47/32 L40;;Semovente da 47/32 L40;;;X
BRIG_MODEL_ITA_6_1;Semovente da 75/18 M40;Semovente da 75/18 M40;Semovente da 75/18 M40;Autopropulsada de 75/18 M40;Semovente da 75/18 M40;Semovente da 75/18 M40;;Semovente da 75/18 M40;;;X
BRIG_MODEL_ITA_6_2;Semovente da 90/53 M41;Semovente da 90/53 M41;Semovente da 90/53 M41;Autopropulsada de 90/53 M41;Semovente da 90/53 M41;Semovente da 90/53 M41;;Semovente da 90/53 M41;;;X
BRIG_MODEL_ITA_6_3;Semovente da 105/25 M43;Semovente da 105/25 M43;Semovente da 105/25 M43;Autopropulsada de 105/25 M43;Semovente da 105/25 M43;Semovente da 105/25 M43;;Semovente da 105/25 M43;;;X
BRIG_MODEL_ITA_6_4;;;;;;;;;;;X
BRIG_MODEL_ITA_6_5;;;;;;;;;;;X
BRIG_MODEL_ITA_6_6;;;;;;;;;;;X
BRIG_MODEL_ITA_7_0;;;;;;;;;;;X
BRIG_MODEL_ITA_7_2;Fiat 3000 M21;Fiat 3000 M21;Fiat 3000 M21;Fiat 3000 M21;Fiat 3000 M21;Fiat 3000 M21;;Fiat 3000 M21;;;X
BRIG_MODEL_ITA_7_3;Fiat 3000 M23;Fiat 3000 M23;Fiat 3000 M23;Fiat 3000 M23;Fiat 3000 M23;Fiat 3000 M23;;Fiat 3000 M23;;;X
BRIG_MODEL_ITA_7_4;Fiat 3000 M30;Fiat 3000 M30;Fiat 3000 M30;Fiat 3000 M30;Fiat 3000 M30;Fiat 3000 M30;;Fiat 3000 M30;;;X
BRIG_MODEL_ITA_7_5;CV-33;CV-33;CV-33;CV-33;CV-33;CV-33;;CV-33;;;X
BRIG_MODEL_ITA_7_6;CV-35;CV-35;CV-35;CV-35;CV-35;CV-35;;CV-35;;;X
BRIG_MODEL_ITA_7_7;M13/40;M13/40;M13/40;M13/40;M13/40;M13/40;;M13/40;;;X
BRIG_MODEL_ITA_7_8;L6/40;L6/40;L6/40;L6/40;L6/40;L6/40;;L6/40;;;X 
BRIG_MODEL_ITA_8_0;FIAT 2000;FIAT 2000;FIAT 2000;FIAT 2000;FIAT 2000;FIAT 2000;;FIAT 2000;;;X
BRIG_MODEL_ITA_8_1;;;;;;;;;;;X
BRIG_MODEL_ITA_8_2;;;;;;;;;;;X
BRIG_MODEL_ITA_8_3;P40;P40;P40;P40;P40;P40;;P40;;;X
BRIG_MODEL_ITA_8_4;P43;P43;P43;P43;P43;P43;;P43;;;X
BRIG_MODEL_ITA_9_0;;;;;;;;;;;X
BRIG_MODEL_ITA_9_1;;;;;;;;;;;X
BRIG_MODEL_ITA_10_0;;;;;;;;;;;X
BRIG_MODEL_ITA_10_1;Lancia Ansaldo IZ;Lancia Ansaldo IZ;Lancia Ansaldo IZ;Lancia Ansaldo IZ;Lancia Ansaldo IZ;Lancia Ansaldo IZ;;Lancia Ansaldo IZ;;;X
BRIG_MODEL_ITA_10_2;;;;;;;;;;;X
BRIG_MODEL_ITA_10_3;;;;;;;;;;;X
BRIG_MODEL_ITA_10_4;L3/29;L3/29;L3/29;L3/29;L3/29;L3/29;;L3/29;;;X
BRIG_MODEL_ITA_10_5;Autoblindo 41;Autoblindo 41;Autoblindo 41;Vehiculo Blindado 41;Autoblindo 41;Autoblindo 41;;Autoblindo 41;;;X
BRIG_MODEL_ITA_10_6;;;;;;;;;;;X
BRIG_MODEL_ITA_10_7;;;;;;;;;;;X
BRIG_MODEL_ITA_28_1;Lancia da 90/53;Lancia da 90/53;Lancia da 90/53;Lancia da 90/53;Lancia da 90/53;Lancia da 90/53;;Lancia da 90/53;;;X
BRIG_MODEL_ITA_28_3;M15/42;M15/42;M15/42;M15/42;M15/42;M15/42;;M15/42;;;X
BRIG_MODEL_ITA_29_2;M11/39;M11/39;M11/39;M11/39;M11/39;M11/39;;M11/39;;;X
BRIG_MODEL_ITA_29_3;M13/40;M13/40;M13/40;M13/40;M13/40;M13/40;;M13/40;;;X
BRIG_MODEL_ITA_29_4;M14/41;M14/41;M14/41;M14/41;M14/41;M14/41;;M14/41;;;X
BRIG_MODEL_ITA_29_5;M15/42;M15/42;M15/42;M15/42;M15/42;M15/42;;M15/42;;;X
BRIG_MODEL_ITA_29_6;P26/40;P26/40;P26/40;P26/40;P26/40;P26/40;;P26/40;;;X
BRIG_MODEL_ITA_32_0;;;;;;;;;;;X
BRIG_MODEL_ITA_32_1;;;;;;;;;;;X
BRIG_MODEL_ITA_33_0;;;;;;;;;;;X
BRIG_MODEL_ITA_33_1;;;;;;;;;;;X
BRIG_MODEL_ITA_34_0;;;;;;;;;;;X
BRIG_MODEL_ITA_34_1;;;;;;;;;;;X
BRIG_MODEL_ITA_34_2;;;;;;;;;;;X
BRIG_MODEL_ITA_34_3;;;;;;;;;;;X
BRIG_MODEL_ITA_34_4;;;;;;;;;;;X
BRIG_MODEL_ITA_35_0;Mortaio da 210/8 D.S.;Mortaio da 210/8 D.S.;Mortaio da 210/8 D.S.;Mortaio da 210/8 D.S.;Mortaio da 210/8 D.S.;Mortaio da 210/8 D.S.;;Mortaio da 210/8 D.S.;;;X
BRIG_MODEL_ITA_35_1;;;;;;;;;;;X
BRIG_MODEL_ITA_35_2;;;;;;;;;;;X
BRIG_MODEL_ITA_35_3;Obice da 210/22;Obice da 210/22;Obice da 210/22;Obice da 210/22;Obice da 210/22;Obice da 210/22;;Obice da 210/22;;;X
BRIG_MODEL_ITA_35_4;;;;;;;;;;;X
BRIG_MODEL_ITA_35_5;;;;;;;;;;;X
# Italy air brigades;;;;;;;;;;;X
BRIG_MODEL_ITA_14_0;M.14/M.15;M.14/M.15;M.14/M.15;M.14/M.15;M.14/M.15;M.14/M.15;;M.14/M.15;;;X
BRIG_MODEL_ITA_14_1;CR.42 Falco / Br.65;CR.42 Falco / Br.65;CR.42 Falco / Br.65;CR.42 Falco / Br.65;CR.42 Falco / Br.65;CR.42 Falco / Br.65;;CR.42 Falco / Br.65;;;X
BRIG_MODEL_ITA_14_2;G.50 Freccia / Br.65;G.50 Freccia / Br.65;G.50 Freccia / Br.65;G.50 Freccia / Br.65;G.50 Freccia / Br.65;G.50 Freccia / Br.65;;G.50 Freccia / Br.65;;;X
BRIG_MODEL_ITA_14_3;Re.2001 Falco II/ Ju.87T Picchiarello;Re.2001 Falco II/ Ju.87T Picchiarello;Re.2001 Falco II/ Ju.87T Picchiarello;Re.2001 Falco II/ Ju.87T Picchiarello;Re.2001 Falco II/ Ju.87T Picchiarello;Re.2001 Falco II/ Ju.87T Picchiarello;;Re.2001 Falco II/ Ju.87T Picchiarello;;;X
BRIG_MODEL_ITA_14_4;Ju 87C Stuka/Re.2001 OR Falco II;Ju 87C Stuka/Re.2001 OR Falco II;Ju 87C Stuka/Re.2001 OR Falco II;Ju 87C Stuka/Re.2001 OR Falco II;Ju 87C Stuka/Re.2001 OR Falco II;Ju 87C Stuka/Re.2001 OR Falco II;Ju 87C Stuka/Re.2001 OR Falco II;Ju 87C Stuka/Re.2001 OR Falco II;;;X
BRIG_MODEL_ITA_14_5;Re.2005 Sagittario / Re.2002 Ariete;Re.2005 Sagittario / Re.2002 Ariete;Re.2005 Sagittario / Re.2002 Ariete;Re.2005 Sagittario / Re.2002 Ariete;Re.2005 Sagittario / Re.2002 Ariete;Re.2005 Sagittario / Re.2002 Ariete;;Re.2005 Sagittario / Re.2002 Ariete;;;X
BRIG_MODEL_ITA_15_0;FIAT CR.25;FIAT CR.25;FIAT CR.25;FIAT CR.25;FIAT CR.25;FIAT CR.25;FIAT CR.25;FIAT CR.25;;;X
BRIG_MODEL_ITA_15_1;Breda Ba.88 Lince;Breda Ba.88 Lince;Breda Ba.88 Lince;Breda Ba.88 Lince;Breda Ba.88 Lince;Breda Ba.88 Lince;Breda Ba.88 Lince;Breda Ba.88 Lince;;;X
BRIG_MODEL_ITA_15_2;IMAM Ro.57;IMAM Ro.57;IMAM Ro.57;IMAM Ro.57;IMAM Ro.57;IMAM Ro.57;IMAM Ro.57;IMAM Ro.57;;;X
BRIG_MODEL_ITA_15_4;IMAM Ro.58;IMAM Ro.58;IMAM Ro.58;IMAM Ro.58;IMAM Ro.58;IMAM Ro.58;IMAM Ro.58;IMAM Ro.58;;;X
BRIG_MODEL_ITA_15_5;Savoia-Marchetti SM.92;Savoia-Marchetti SM.92;Savoia-Marchetti SM.92;Savoia-Marchetti SM.92;Savoia-Marchetti SM.92;Savoia-Marchetti SM.92;Savoia-Marchetti SM.92;Savoia-Marchetti SM.92;;;X
BRIG_MODEL_ITA_15_6;Aerfer Leone;Aerfer Leone;Aerfer Leone;Aerfer Leone;Aerfer Leone;Aerfer Leone;;Aerfer Leone;;;X
BRIG_MODEL_ITA_30_1;Macchi L.1;Macchi L.1;Macchi L.1;Macchi L.1;Macchi L.1;Macchi L.1;;Macchi L.1;;;X
BRIG_MODEL_ITA_30_2;SIAI S.13;SIAI S.13;SIAI S.13;SIAI S.13;SIAI S.13;SIAI S.13;;SIAI S.13;;;X
BRIG_MODEL_ITA_30_3;SIAI S.58;SIAI S.58;SIAI S.58;SIAI S.58;SIAI S.58;SIAI S.58;;SIAI S.58;;;X
BRIG_MODEL_ITA_30_4;Macchi M.41;Macchi M.41;Macchi M.41;Macchi M.41;Macchi M.41;Macchi M.41;;Macchi M.41;;;X
BRIG_MODEL_ITA_30_5;Piaggio P.6;Piaggio P.6;Piaggio P.6;Piaggio P.6;Piaggio P.6;Piaggio P.6;;Piaggio P.6;;;X
BRIG_MODEL_ITA_30_6;IMAM Ro.43;IMAM Ro.43;IMAM Ro.43;IMAM Ro.43;IMAM Ro.43;IMAM Ro.43;;IMAM Ro.43;;;X
BRIG_MODEL_ITA_31_0;M.14/M.15;M.14/M.15;M.14/M.15;M.14/M.15;M.14/M.15;M.14/M.15;;M.14/M.15;;;X
BRIG_MODEL_ITA_31_1;CR.42 Falco / Br.65;CR.42 Falco / Br.65;CR.42 Falco / Br.65;CR.42 Falco / Br.65;CR.42 Falco / Br.65;CR.42 Falco / Br.65;;CR.42 Falco / Br.65;;;X
BRIG_MODEL_ITA_31_2;G.50 Freccia / Br.65;G.50 Freccia / Br.65;G.50 Freccia / Br.65;G.50 Freccia / Br.65;G.50 Freccia / Br.65;G.50 Freccia / Br.65;;G.50 Freccia / Br.65;;;X
BRIG_MODEL_ITA_31_3;Re.2001 Falco II/ Ju.87T Picchiarello;Re.2001 Falco II/ Ju.87T Picchiarello;Re.2001 Falco II/ Ju.87T Picchiarello;Re.2001 Falco II/ Ju.87T Picchiarello;Re.2001 Falco II/ Ju.87T Picchiarello;Re.2001 Falco II/ Ju.87T Picchiarello;;Re.2001 Falco II/ Ju.87T Picchiarello;;;X
BRIG_MODEL_ITA_31_4;Ju 87C Stuka/Re.2001 OR Falco II;Ju 87C Stuka/Re.2001 OR Falco II;Ju 87C Stuka/Re.2001 OR Falco II;Ju 87C Stuka/Re.2001 OR Falco II;Ju 87C Stuka/Re.2001 OR Falco II;Ju 87C Stuka/Re.2001 OR Falco II;Ju 87C Stuka/Re.2001 OR Falco II;Ju 87C Stuka/Re.2001 OR Falco II;;;X
BRIG_MODEL_ITA_31_5;Re.2005 Sagittario / Re.2002 Ariete;Re.2005 Sagittario / Re.2002 Ariete;Re.2005 Sagittario / Re.2002 Ariete;Re.2005 Sagittario / Re.2002 Ariete;Re.2005 Sagittario / Re.2002 Ariete;Re.2005 Sagittario / Re.2002 Ariete;;Re.2005 Sagittario / Re.2002 Ariete;;;X
# Italy land units;;;;;;;;;;;X
MODEL_ITA_4_0;CV-33;CV-33;CV-33;CV-33;CV-33;CV-33;;CV-33;;;X
MODEL_ITA_4_1;CV-35;CV-35;CV-35;CV-35;CV-35;CV-35;;CV-35;;;X
MODEL_ITA_4_2;M13/40;M13/40;M13/40;M13/40;M13/40;M13/40;;M13/40;;;X
MODEL_ITA_5_0;M11/39;M11/39;M11/39;M11/39;M11/39;M11/39;;M11/39;;;X
MODEL_ITA_5_1;M14/41;M14/41;M14/41;M14/41;M14/41;M14/41;;M14/41;;;X
MODEL_ITA_5_2;M15/42;M15/42;M15/42;M15/42;M15/42;M15/42;;M15/42;;;X
MODEL_ITA_5_3;P23/40;P23/40;P23/40;P23/40;P23/40;P23/40;;P23/40;;;X
MODEL_ITA_5_4;P23/43;P23/43;P23/43;P23/43;P23/43;P23/43;;P23/43;;;X
MODEL_ITA_5_5;;;;;;;;;;;X
MODEL_ITA_5_6;;;;;;;;;;;X
MODEL_ITA_5_7;;;;;;;;;;;X
# Italy air units;;;;;;;;;;;X
MODEL_ITA_12_0;SPAD S.VII;SPAD S.VII;SPAD S.VII;SPAD S.VII;SPAD S.VII;SPAD S.VII;SPAD S.VII;SPAD S.VII;;;X
MODEL_ITA_12_1;Pomilio PE;Pomilio PE;Pomilio PE;Pomilio PE;Pomilio PE;Pomilio PE;Pomilio PE;Pomilio PE;;;X
MODEL_ITA_12_2;SIAI S.50;SIAI S.50;SIAI S.50;SIAI S.50;SIAI S.50;SIAI S.50;SIAI S.50;SIAI S.50;;;X
MODEL_ITA_12_3;FIAT CR.20;FIAT CR.20;FIAT CR.20;FIAT CR.20;FIAT CR.20;FIAT CR.20;;FIAT CR.20;;;X
MODEL_ITA_12_4;FIAT CR.32;FIAT CR.32;FIAT CR.32;FIAT CR.32;FIAT CR.32;FIAT CR.32;;FIAT CR.32;;;X
MODEL_ITA_12_5;Macchi C.200 Saetta;Macchi C.200 Saetta;Macchi C.200 Saetta;Macchi C.200 Saetta;Macchi C.200 Saetta;Macchi C.200 Saetta;Macchi C.200 Saetta;Macchi C.200 Saetta;;;X
MODEL_ITA_12_6;Macchi C.202 Folgore;Macchi C.202 Folgore;Macchi C.202 Folgore;Macchi C.202 Folgore;Macchi C.202 Folgore;Macchi C.202 Folgore;Macchi C.202 Folgore;Macchi C.202 Folgore;;;X
MODEL_ITA_12_7;Macchi C.205 Veltro;Macchi C.205 Veltro;Macchi C.205 Veltro;Macchi C.205 Veltro;Macchi C.205 Veltro;Macchi C.205 Veltro;Macchi C.205 Veltro;Macchi C.205 Veltro;;;X
MODEL_ITA_12_8;Aerfer Sagittario;Aerfer Sagittario;Aerfer Sagittario;Aerfer Sagittario;Aerfer Sagittario;Aerfer Sagittario;Aerfer Sagittario;Aerfer Sagittario;;;X
MODEL_ITA_12_9;Aerfer Ariete;Aerfer Ariete;Aerfer Ariete;Aerfer Ariete;Aerfer Ariete;Aerfer Ariete;Aerfer Ariete;Aerfer Ariete;;;X
MODEL_ITA_12_10;Republic F-84 Thunderjet;Republic F-84 Thunderjet;Republic F-84 Thunderjet;Republic F-84 Thunderjet;Republic F-84 Thunderjet;Republic F-84 Thunderjet;Republic F-84 Thunderjet;Republic F-84 Thunderjet;;;X
MODEL_ITA_12_11;North American F-86K Sabre Dog;North American F-86K Sabre Dog;North American F-86K Sabre Dog;North American F-86K Sabre Dog;North American F-86K Sabre Dog;North American F-86K Sabre Dog;;North American F-86K Sabre Dog;;;X
MODEL_ITA_12_12;FIAT G.91;FIAT G.91;FIAT G.91;FIAT G.91;FIAT G.91;FIAT G.91;FIAT G.91;FIAT G.91;;;X
MODEL_ITA_13_0;Farman MF.7;Farman MF.7;Farman MF.7;Farman MF.7;Farman MF.7;Farman MF.7;Farman MF.7;Farman MF.7;;;X
MODEL_ITA_13_1;Caproni Ca.18;Caproni Ca.18;Caproni Ca.18;Caproni Ca.18;Caproni Ca.18;Caproni Ca.18;Caproni Ca.18;Caproni Ca.18;;;X
MODEL_ITA_13_2;Caudron G.3;Caudron G.3;Caudron G.3;Caudron G.3;Caudron G.3;Caudron G.3;Caudron G.3;Caudron G.3;;;X
MODEL_ITA_13_3;Nieuport 17;Nieuport 17;Nieuport 17;Nieuport 17;Nieuport 17;Nieuport 17;Nieuport 17;Nieuport 17;;;X
MODEL_ITA_13_4;SPAD S.XIII;SPAD S.XIII;SPAD S.XIII;SPAD S.XIII;SPAD S.XIII;SPAD S.XIII;SPAD S.XIII;SPAD S.XIII;;;X
MODEL_ITA_13_5;Hanriot AR.2;Hanriot AR.2;Hanriot AR.2;Hanriot AR.2;Hanriot AR.2;Hanriot AR.2;Hanriot AR.2;Hanriot AR.2;;;X
MODEL_ITA_13_6;FIAT CR.20;FIAT CR.20;FIAT CR.20;FIAT CR.20;FIAT CR.20;FIAT CR.20;;FIAT CR.20;;;X
MODEL_ITA_13_7;FIAT CR.42;FIAT CR.32;FIAT CR.32;FIAT CR.32;FIAT CR.32;FIAT CR.32;FIAT CR.32;FIAT CR.32;;;X
MODEL_ITA_13_8;FIAT G.50 Freccia;FIAT G.50 Freccia;FIAT G.50 Freccia;FIAT G.50 Freccia;FIAT G.50 Freccia;FIAT G.50 Freccia;FIAT G.50 Freccia;FIAT G.50 Freccia;;;X
MODEL_ITA_13_9;Reggiane Re.2000 Falco;Reggiane Re.2000 Falco;Reggiane Re.2000 Falco;Reggiane Re.2000 Falco;Reggiane Re.2000 Falco;Reggiane Re.2000 Falco;Reggiane Re.2000 Falco;Reggiane Re.2000 Falco;;;X
MODEL_ITA_13_10;Reggiane Re.2005 Sagittario;Reggiane Re.2005 Sagittario;Reggiane Re.2005 Sagittario;Reggiane Re.2005 Sagittario;Reggiane Re.2005 Sagittario;Reggiane Re.2005 Sagittario;Reggiane Re.2005 Sagittario;Reggiane Re.2005 Sagittario;;;X
MODEL_ITA_13_12;Caproni Campini N.1;Caproni Campini N.1;Caproni Campini N.1;Caproni Campini N.1;Caproni Campini N.1;Caproni Campini N.1;Caproni Campini N.1;Caproni Campini N.1;;;X
MODEL_ITA_13_13;Reggiane Re.2007;Reggiane Re.2007;Reggiane Re.2007;Reggiane Re.2007;Reggiane Re.2007;Reggiane Re.2007;Reggiane Re.2007;Reggiane Re.2007;;;X
MODEL_ITA_13_14;North American F-86 Sabre;North American F-86 Sabre;North American F-86 Sabre;North American F-86 Sabre;North American F-86 Sabre;North American F-86 Sabre;North American F-86 Sabre;North American F-86 Sabre;;;X
MODEL_ITA_13_15;Lockheed F-104S Starfighter;Lockheed F-104S Starfighter;Lockheed F-104S Starfighter;Lockheed F-104S Starfighter;Lockheed F-104S Starfighter;Lockheed F-104S Starfighter;Lockheed F-104S Starfighter;Lockheed F-104S Starfighter;;;X
MODEL_ITA_13_16;Lockheed F-104S Starfighter;Lockheed F-104S Starfighter;Lockheed F-104S Starfighter;Lockheed F-104S Starfighter;Lockheed F-104S Starfighter;Lockheed F-104S Starfighter;;Lockheed F-104S Starfighter;;;X
MODEL_ITA_32_0;Caproni Campini CC.2;Caproni Campini CC.2;Caproni Campini CC.2;Caproni Campini CC.2;Caproni Campini CC.2;Caproni Campini CC.2;Caproni Campini CC.2;Caproni Campini CC.2;;;X
MODEL_ITA_32_1;Caproni Campini Ca.183bis;Caproni Campini Ca.183bis;Caproni Campini Ca.183bis;Caproni Campini Ca.183bis;Caproni Campini Ca.183bis;Caproni Campini Ca.183bis;Caproni Campini Ca.183bis;Caproni Campini Ca.183bis;;;X
MODEL_ITA_14_0;Caproni Ca.2;Caproni Ca.2;Caproni Ca.2;Caproni Ca.2;Caproni Ca.2;Caproni Ca.2;Caproni Ca.2;Caproni Ca.2;;;X
MODEL_ITA_14_1;Caproni Ca.4;Caproni Ca.4;Caproni Ca.4;Caproni Ca.4;Caproni Ca.4;Caproni Ca.4;Caproni Ca.4;Caproni Ca.4;;;X
MODEL_ITA_14_2;Piaggio P.16;Piaggio P.16;Piaggio P.16;Piaggio P.16;Piaggio P.16;Piaggio P.16;Piaggio P.16;Piaggio P.16;;;X
MODEL_ITA_14_3;Piaggio P.50;Piaggio P.50;Piaggio P.50;Piaggio P.50;Piaggio P.50;Piaggio P.50;;Piaggio P.50;;;X
MODEL_ITA_14_4;Piaggio P.108 Bombardiere;Piaggio P.108 Bombardiere;Piaggio P.108 Bombardiere;Piaggio P.108 Bombardiere;Piaggio P.108 Bombardiere;Piaggio P.108 Bombardiere;Piaggio P.108 Bombardiere;Piaggio P.108 Bombardiere;;;X
MODEL_ITA_14_5;Piaggio P.112;Piaggio P.112;Piaggio P.112;Piaggio P.112;Piaggio P.112;Piaggio P.112;;Piaggio P.112;;;X
MODEL_ITA_14_6;Piaggio P.114;Piaggio P.114;Piaggio P.114;Piaggio P.114;Piaggio P.114;Piaggio P.114;;Piaggio P.114;;;X
MODEL_ITA_15_0;Caproni Ca.1;Caproni Ca.1;Caproni Ca.1;Caproni Ca.1;Caproni Ca.1;Caproni Ca.1;;Caproni Ca.1;;;X
MODEL_ITA_15_1;Caudron G.4;Caudron G.4;Caudron G.4;Caudron G.4;Caudron G.4;Caudron G.4;;Caudron G.4;;;X
MODEL_ITA_15_2;Caproni Ca.30;Caproni Ca.30;Caproni Ca.30;Caproni Ca.30;Caproni Ca.30;Caproni Ca.30;;Caproni Ca.30;;;X
MODEL_ITA_15_3;Caproni Ca.5;Caproni Ca.5;Caproni Ca.5;Caproni Ca.5;Caproni Ca.5;Caproni Ca.5;;Caproni Ca.5;;;X
MODEL_ITA_15_4;Caproni Ca.133;Caproni Ca.133;Caproni Ca.133;Caproni Ca.133;Caproni Ca.133;Caproni Ca.133;Caproni Ca.133;Caproni Ca.133;;;X
MODEL_ITA_15_5;Savoia-Marchetti SM.81 Pipistrello;Savoia-Marchetti SM.81 Pipistrello;Savoia-Marchetti SM.81 Pipistrello;Savoia-Marchetti SM.81 Pipistrello;Savoia-Marchetti SM.81 Pipistrello;Savoia-Marchetti SM.81 Pipistrello;;Savoia-Marchetti SM.81 Pipistrello;;;X
MODEL_ITA_15_6;Fiat BR.20 Cicogna;Fiat BR.20 Cicogna;Fiat BR.20 Cicogna;Fiat BR.20 Cicogna;Fiat BR.20 Cicogna;Fiat BR.20 Cicogna;;Fiat BR.20 Cicogna;;;X
MODEL_ITA_15_7;FIAT BR.20M Cicogna;FIAT BR.20M Cicogna;FIAT BR.20M Cicogna;FIAT BR.20M Cicogna;FIAT BR.20M Cicogna;FIAT BR.20M Cicogna;;FIAT BR.20M Cicogna;;;X
MODEL_ITA_15_8;Savoia-Marchetti SM.89;Savoia-Marchetti SM.89;Savoia-Marchetti SM.89;Savoia-Marchetti SM.89;Savoia-Marchetti SM.89;Savoia-Marchetti SM.89;Savoia-Marchetti SM.89;Savoia-Marchetti SM.89;;;X
MODEL_ITA_16_0;Macchi M.18;Macchi M.18;Macchi M.18;Macchi M.18;Macchi M.18;Macchi M.18;;Macchi M.18;;;X
MODEL_ITA_16_1;Savoia-Marchetti S.55;Savoia-Marchetti S.55;Savoia-Marchetti S.55;Savoia-Marchetti S.55;Savoia-Marchetti S.55;Savoia-Marchetti S.55;;Savoia-Marchetti S.55;;;X
MODEL_ITA_16_2;Savoia-Marchetti SM.79 Sparviero;Savoia-Marchetti SM.79 Sparviero;Savoia-Marchetti SM.79 Sparviero;Savoia-Marchetti SM.79 Sparviero;Savoia-Marchetti SM.79 Sparviero;Savoia-Marchetti SM.79 Sparviero;Savoia-Marchetti SM.79 Sparviero;Savoia-Marchetti SM.79 Sparviero;;;X
MODEL_ITA_16_3;Savoia-Marchetti SM.84;Savoia-Marchetti SM.84;Savoia-Marchetti SM.84;Savoia-Marchetti SM.84;Savoia-Marchetti SM.84;Savoia-Marchetti SM.84;Savoia-Marchetti SM.84;Savoia-Marchetti SM.84;;;X
MODEL_ITA_16_5;Lockheed P-2 Neptune;Lockheed P-2 Neptune;Lockheed P-2 Neptune;Lockheed P-2 Neptune;Lockheed P-2 Neptune;Lockheed P-2 Neptune;Lockheed P-2 Neptune;Lockheed P-2 Neptune;;;X
MODEL_ITA_16_7;Grumman S-2 Tracker;Grumman S-2 Tracker;Grumman S-2 Tracker;Grumman S-2 Tracker;Grumman S-2 Tracker;Grumman S-2 Tracker;;Grumman S-2 Tracker;;;X
MODEL_ITA_16_8;Bréguet Atlantic;Bréguet Atlantic;Bréguet Atlantic;Bréguet Atlantic;Bréguet Atlantic;Bréguet Atlantic;;Bréguet Atlantic;;;X
MODEL_ITA_17_0;Caproni Ca.111;Caproni Ca.111;Caproni Ca.111;Caproni Ca.111;Caproni Ca.111;Caproni Ca.111;;Caproni Ca.111;;;X
MODEL_ITA_17_1;Breda Ba.65;Breda Ba.65;Breda Ba.65;Breda Ba.65;Breda Ba.65;Breda Ba.65;Breda Ba.65;Breda Ba.65;;;X
MODEL_ITA_17_2;Junkers Ju 87D Stuka;Junkers Ju 87D Stuka;Junkers Ju 87D Stuka;Junkers Ju 87D Stuka;Junkers Ju 87D Stuka;Junkers Ju 87D Stuka;Junkers Ju 87D Stuka;Junkers Ju 87D Stuka;;;X
MODEL_ITA_17_3;Savoia-Marchetti SM.89;Savoia-Marchetti SM.89;Savoia-Marchetti SM.89;Savoia-Marchetti SM.89;Savoia-Marchetti SM.89;Savoia-Marchetti SM.89;Savoia-Marchetti SM.89;Savoia-Marchetti SM.89;;;X
MODEL_ITA_17_5;Republic F-84F Thunderstreak;Republic F-84F Thunderstreak;Republic F-84F Thunderstreak;Republic F-84F Thunderstreak;Republic F-84F Thunderstreak;Republic F-84F Thunderstreak;Republic F-84F Thunderstreak;Republic F-84F Thunderstreak;;;X
MODEL_ITA_17_6;Fiat G-91R;Fiat G-91R;Fiat G-91R;Fiat G-91R;Fiat G-91R;Fiat G-91R;;Fiat G-91R;;;X
MODEL_ITA_18_0;IMAM Ro.10;IMAM Ro.10;IMAM Ro.10;IMAM Ro.10;IMAM Ro.10;IMAM Ro.10;IMAM Ro.10;IMAM Ro.10;;;X
MODEL_ITA_18_1;Savoia-Marchetti SM.75 Marsupiale;Savoia-Marchetti SM.75 Marsupiale;Savoia-Marchetti SM.75 Marsupiale;Savoia-Marchetti SM.75 Marsupiale;Savoia-Marchetti SM.75 Marsupiale;Savoia-Marchetti SM.75 Marsupiale;Savoia-Marchetti SM.75 Marsupiale;Savoia-Marchetti SM.75 Marsupiale;;;X
MODEL_ITA_18_2;SM.82 Canguru;SM.82 Canguru;SM.82 Canguru;SM.82 Canguru;SM.82 Canguru;SM.82 Canguru;SM.82 Canguru;SM.82 Canguru;;;X
MODEL_ITA_18_3;Savoia-Marchetti SM.95;Savoia-Marchetti SM.95;Savoia-Marchetti SM.95;Savoia-Marchetti SM.95;Savoia-Marchetti SM.95;Savoia-Marchetti SM.95;Savoia-Marchetti SM.95;Savoia-Marchetti SM.95;;;X
MODEL_ITA_18_4;Fiat G.12;Fiat G.12;Fiat G.12;Fiat G.12;Fiat G.12;Fiat G.12;;Fiat G.12;;;X
MODEL_ITA_18_5;Fairchild C-119 Flying Boxcar;Fairchild C-119 Flying Boxcar;Fairchild C-119 Flying Boxcar;Fairchild C-119 Flying Boxcar;Fairchild C-119 Flying Boxcar;Fairchild C-119 Flying Boxcar;Fairchild C-119 Flying Boxcar;Fairchild C-119 Flying Boxcar;;;X
# Italy naval units;;;;;;;;;;;X
MODEL_ITA_21_0;Caio Dulio-class;Classe Caio Dulio;Classe Caio Dulio;Clase Caio Dulio;Caio Dulio-Klasse;Caio Dulio-klasa;;Caio Dulio-Klasse;;;X
MODEL_ITA_21_1;Ammiraglio di Saint Bon-class;Classe Ammiraglio di Saint Bon;Classe Ammiraglio di Saint Bon;Clase Ammiraglio di Saint Bon;Ammiraglio di Saint Bon-Klasse;Ammiraglio di Saint Bon-klasa;;Ammiraglio di Saint Bon-Klasse;;;X
MODEL_ITA_21_2;Dante Alighieri-class;Classe Dante Alighieri;Classe Dante Alighieri;Clase Dante Alighieri;Dante Alighieri-Klasse;Dante Alighieri-klasa;;Dante Alighieri-Klasse;;;X
MODEL_ITA_21_3;Conte di Cavour-class;Classe Conte di Cavour;Classe Conte di Cavour;Clase Conte di Cavour;Conte di Cavour-Klasse;Conte di Cavour-klasa;;Conte di Cavour-Klasse;;;X
MODEL_ITA_21_4;Caracciolo-class;Classe Caracciolo;Classe Caracciolo;Clase Caracciolo;Caracciolo-Klasse;Caracciolo-klasa;;Caracciolo-Klasse;;;X
MODEL_ITA_21_7;Vittorio Veneto-class;Classe Vittorio Veneto;Classe Vittorio Veneto;Clase Vittorio Veneto;Vittorio Veneto-Klasse;Vittorio Veneto-klasa;;Vittorio Veneto-Klasse;;;X
MODEL_ITA_22_0;Etna-class;Classe Etna;Classe Etna;Clase Etna;Etna-Klasse;Etna-klasa;;Etna-Klasse;;;X
MODEL_ITA_22_1;Quarto-class;Classe Quarto;Classe Quarto;Clase Quarto;Quarto-Klasse;Quarto-klasa;;Quarto-Klasse;;;X
MODEL_ITA_22_2;Campania-class;Classe Campania;Classe Campania;Clase Campania;Campania-Klasse;Campania-klasa;;Campania-Klasse;;;X
MODEL_ITA_22_3;Giussano-class;Classe Giussano;Classe Giussano;Clase Giussano;Giussano-Klasse;Giussano-klasa;;Giussano-Klasse;;;X
MODEL_ITA_22_4;Montecuccoli-class;Classe Montecuccoli;Classe Montecuccoli;Clase Montecuccoli;Montecuccoli-Klasse;Montecuccoli-klasa;;Montecuccoli-Klasse;;;X
MODEL_ITA_22_5;Capitani Romani-class;Classe Capitani Romani;Classe Capitani Romani;Clase Capitani Romani;Capitani Romani-Klasse;Capitani Romani-klasa;;Capitani Romani-Klasse;;;X
MODEL_ITA_22_6;Etna-class;Etna;Etna;Clase Etna;Etna-Klasse;Etna-klasa;;Etna-Klasse;;;X
MODEL_ITA_23_1;Marco Polo-class;Classe Marco Polo;Classe Marco Polo;Clase Marco Polo;Marco Polo-Klasse;Marco Polo-klasa;;Marco Polo-Klasse;;;X
MODEL_ITA_23_2;Pisa-class;Classe Pisa;Classe Pisa;Clase Pisa;Pisa-Klasse;Pisa-klasa;;Pisa-Klasse;;;X
MODEL_ITA_23_3;Trento-class;Classe Trento;Classe Trento;Clase Trento;Trento-Klasse;Trento-klasa;;Trento-Klasse;;;X
MODEL_ITA_23_4;Zara-class;Classe Zara;Classe Zara;Clase Zara;Zara-Klasse;Zara-klasa;;Zara-Klasse;;;X
MODEL_ITA_25_0;Lampo-class;Classe Lampo;Classe Lampo;Clase Lampo;Lampo-Klasse;Lampo-klasa;;Lampo-Klasse;;;X
MODEL_ITA_25_1;Soldati Artigliere-class;Classe Soldati Artigliere;Classe Soldati Artigliere;Clase Soldati Artigliere;Soldati Artigliere-Klasse;Soldati Artigliere-klasa;;Soldati Artigliere-Klasse;;;X
MODEL_ITA_25_2;Indomito-class;Classe Indomito;Classe Indomito;Clase Indomito;Indomito-Klasse;Indomito-klasa;;Indomito-Klasse;;;X
MODEL_ITA_25_3;La Masa-class;Classe La Masa;Classe La Masa;Clase La Masa;La Masa-Klasse;La Masa-klasa;;La Masa-Klasse;;;X
MODEL_ITA_25_4;Sella-class;Classe Sella;Classe Sella;Clase Sella;Sella-Klasse;Sella-klasa;;Sella-Klasse;;;X
MODEL_ITA_25_5;Maestrale-class;Classe Maestrale;Classe Maestrale;Clase Maestrale;Maestrale-Klasse;Maestrale-klasa;;Maestrale-Klasse;;;X
MODEL_ITA_25_6;Soldati-class;Classe Soldati;Classe Soldati;Clase Soldati;Soldati-Klasse;Soldati-klasa;;Soldati-Klasse;;;X
MODEL_ITA_25_7;Commandanti Medaglie d’Oro-class;Classe Commandanti Medaglie d’Oro;Classe Commandanti Medaglie d’Oro;Clase Commandanti Medaglie d’Oro;Commandanti Medaglie d’Oro-Klasse;Commandanti Medaglie d’Oro-klasa;;Commandanti Medaglie d’Oro-Klasse;;;X
MODEL_ITA_25_9;Impavido-class;Classe Impavido;Classe Impavido;Clase Impavido;Impavido-Klasse;Impavido-klasa;;Impavido-Klasse;;;X
MODEL_ITA_26_2;Aquila-class;Classe Aquila;Classe Aquila;Clase Aquila;Aquila-Klasse;Aquila-klasa;;Aquila-Klasse;;;X
MODEL_ITA_27_0;Giuseppe Miraglia-class;Classe Giuseppe Miraglia;Classe Giuseppe Miraglia;Clase Giuseppe Miraglia;Giuseppe Miraglia-Klasse;Giuseppe Miraglia-klasa;;Giuseppe Miraglia-Klasse;;;X
MODEL_ITA_27_2;Sparviero-class;Classe Sparviero;Classe Sparviero;Clase Sparviero;Sparviero-Klasse;Sparviero-klasa;;Sparviero-Klasse;;;X
MODEL_ITA_28_0;Delfino-class;Classe Delfino;Classe Delfino;Clase Delfino;Delfino-Klasse;Delfino-klasa;;Delfino-Klasse;;;X
MODEL_ITA_28_1;Nautilus-class;Classe Nautilus;Classe Nautilus;Clase Nautilus;Nautilus-Klasse;Nautilus-klasa;;Nautilus-Klasse;;;X
MODEL_ITA_28_2;F-class;Classe F;Classe F;Clase F;F-Klasse;F-klasa;;F-Klasse;;;X
MODEL_ITA_28_3;Mameli-class;Classe Mameli;Classe Mameli;Clase Mameli;Mameli-Klasse;Mameli-klasa;;Mameli-Klasse;;;X
MODEL_ITA_28_4;Sirena-class;Classe Sirena;Classe Sirena;Clase Sirena;Sirena-Klasse;Sirena-klasa;;Sirena-Klasse;;;X
MODEL_ITA_28_5;Marcello-class;Classe Marcello;Classe Marcello;Clase Marcello;Marcello-Klasse;Marcello-klasa;;Marcello-Klasse;;;X
MODEL_ITA_28_6;Acciaio-class;Classe Acciaio;Classe Acciaio;Clase Acciaio;Acciaio-Klasse;Acciaio-klasa;;Acciaio-Klasse;;;X
MODEL_ITA_28_7;Flutto-class;Classe Flutto;Classe Flutto;Clase Flutto;Flutto-Klasse;Flutto-klasa;;Flutto-Klasse;;;X
#MODEL_ITA_28_8;Gato-class;Classe Gato;Classe Gato;Clase Gato;Gato-Klasse;Gato-klasa;;Gato-Klasse;;;X
MODEL_ITA_28_9;Toti-class;Classe Toti;Classe Toti;Clase Toti;Toti-Klasse;Toti-klasa;;Toti-Klasse;;;X
MODEL_ITA_29_0;Ettore Fieramosca-class;Classe Ettore Fieramosca;Classe Ettore Fieramosca;Clase Ettore Fieramosca;Ettore Fieramosca-Klasse;Ettore Fieramosca-klasa;;Ettore Fieramosca-Klasse;;;X
MODEL_ITA_30_1;Tripoli-class AP;;;;;;;;;;x;
MODEL_ITA_30_4;Enrichetta-class AP;;;;;;;;;;x;
MODEL_ITA_30_5;Caorle-class LSD;;;;;;;;;;x;
# Japan;;;;;;;;;;;X
# land brigade;;;;;;;;;;;X
BRIG_MODEL_JAP_1_0;;;;;;;;;;;X
BRIG_MODEL_JAP_1_1;;;;;;;;;;;X
BRIG_MODEL_JAP_1_2;;;;;;;;;;;X
BRIG_MODEL_JAP_1_3;;;;;;;;;;;X
BRIG_MODEL_JAP_1_4;;;;;;;;;;;X
BRIG_MODEL_JAP_1_5;;;;;;;;;;;X
BRIG_MODEL_JAP_1_6;;;;;;;;;;;X
BRIG_MODEL_JAP_1_7;Type 11 3,7cm;Type 11 3,7cm;Type 11 3,7cm;Tipo 11 3,7cm;Type 11 3,7cm;Type 11 3,7cm;;Type 11 3,7cm;;;X
BRIG_MODEL_JAP_1_8;Type 38 10cm;Type 38 10cm;Type 38 10cm;Tipo 38 10cm;Type 38 10cm;Type 38 10cm;;Type 38 10cm;;;X
BRIG_MODEL_JAP_1_9;Type 4 15cm;Type 4 15cm;Type 4 15cm;Tipo 4 15cm;Type 4 15cm;Type 4 15cm;;Type 4 15cm;;;X
BRIG_MODEL_JAP_1_10;Type 91 10cm;Type 91 10cm;Type 91 10cm;Tipo 91 10cm;Type 91 10cm;Type 91 10cm;;Type 91 10cm;;;X
BRIG_MODEL_JAP_1_11;Type 96 15cm;Type 96 15cm;Type 96 15cm;Tipo 96 15cm;Type 96 15cm;Type 96 15cm;;Type 96 15cm;;;X
BRIG_MODEL_JAP_1_12;;;;;;;;;;;X
BRIG_MODEL_JAP_1_13;;;;;;;;;;;X
BRIG_MODEL_JAP_2_0;Type 2 Ho-I;Type 2 Ho-I;Type 2 Ho-I;Tipo 2 Ho-I;Type 2 Ho-I;Type 2 Ho-I;;Type 2 Ho-I;;;X
BRIG_MODEL_JAP_2_1;Type 3 Ho-Ni III;Type 3 Ho-Ni III;Type 3 Ho-Ni III;Tipo 3 Ho-Ni III;Type 3 Ho-Ni III;Type 3 Ho-Ni III;;Type 3 Ho-Ni III;;;X
BRIG_MODEL_JAP_2_2;Type 4 Ho-Ro;Type 4 Ho-Ro;Type 4 Ho-Ro;Tipo 4 Ho-Ro;Type 4 Ho-Ro;Type 4 Ho-Ro;;Type 4 Ho-Ro;;;X
BRIG_MODEL_JAP_2_3;;;;;;;;;;;X
BRIG_MODEL_JAP_2_4;;;;;;;;;;;X
BRIG_MODEL_JAP_2_5;;;;;;;;;;;X
BRIG_MODEL_JAP_2_6;;;;;;;;;;;X
BRIG_MODEL_JAP_6_0;Type 1 Ho-Ni I;Type 1 Ho-Ni I;Type 1 Ho-Ni I;Tipo 1 Ho-Ni I;Type 1 Ho-Ni I;Type 1 Ho-Ni I;;Type 1 Ho-Ni I;;;X
BRIG_MODEL_JAP_6_1;Type 1 Ho-Ni II;Type 1 Ho-Ni II;Type 1 Ho-Ni II;Tipo 1 Ho-Ni II;Type 1 Ho-Ni II;Type 1 Ho-Ni II;;Type 1 Ho-Ni II;;;X
BRIG_MODEL_JAP_6_2;Type 3 Ho-Ni III;Type 3 Ho-Ni III;Type 3 Ho-Ni III;Tipo 3 Ho-Ni III;Type 3 Ho-Ni III;Type 3 Ho-Ni III;;Type 3 Ho-Ni III;;;X
BRIG_MODEL_JAP_6_3;;;;;;;;;;;X
BRIG_MODEL_JAP_6_4;;;;;;;;;;;X
BRIG_MODEL_JAP_6_5;;;;;;;;;;;X
BRIG_MODEL_JAP_6_6;;;;;;;;;;;X
BRIG_MODEL_JAP_7_0;Ko-Gata Sensha;Ko-Gata Sensha;Ko-Gata Sensha;Ko-Gata Sensha;Ko-Gata Sensha;Ko-Gata Sensha;;Ko-Gata Sensha;;;X
BRIG_MODEL_JAP_7_1;Mark A Whippet;Mark A Whippet;Mark A Whippet;Mark A Whippet;Mark A Whippet;Mark A Whippet;;Mark A Whippet;;;X
BRIG_MODEL_JAP_7_2;Carden Loyd Tankette;Carden Loyd Tankette;Carden Loyd Tankette;Carden Loyd Tankette;Carden Loyd Tankette;Carden Loyd Tankette;;Carden Loyd Tankette;;;X
BRIG_MODEL_JAP_7_3;Type 94 Te-Ke;Type 94 Te-Ke;Type 94 Te-Ke;Tipo 94 Te-Ke;Type 94 Te-Ke;Type 94 Te-Ke;;Type 94 Te-Ke;;;X
BRIG_MODEL_JAP_7_4;Vickers 6 ton;Vickers 6 ton;Vickers 6 ton;Vickers 6 ton;Vickers 6 ton;Vickers 6 ton;;Vickers 6 ton;;;X
BRIG_MODEL_JAP_7_5;Type 95 Ha-Go;Type 95 Ha-Go;Type 95 Ha-Go;Tipo 95 Ha-Go;Type 95 Ha-Go;Type 95 Ha-Go;;Type 95 Ha-Go;;;X
BRIG_MODEL_JAP_7_6;Type 97 Te-Ke;Type 97 Te-Ke;Type 97 Te-Ke;Tipo 97 Te-Ke;Type 97 Te-Ke;Type 97 Te-Ke;;Type 97 Te-Ke;;;X
BRIG_MODEL_JAP_7_7;Type 98 Ke-Ni;Type 98 Ke-Ni;Type 98 Ke-Ni;Tipo 98 Ke-Ni;Type 98 Ke-Ni;Type 98 Ke-Ni;;Type 98 Ke-Ni;;;X
BRIG_MODEL_JAP_7_8;Type 2 Ke-To;Type 2 Ke-To;Type 2 Ke-To;Tipo 2 Ke-To;Type 2 Ke-To;Type 2 Ke-To;;Type 2 Ke-To;;;X
BRIG_MODEL_JAP_8_0;;;;;;;;;;;X
BRIG_MODEL_JAP_8_1;;;;;;;;;;;X
BRIG_MODEL_JAP_8_2;Tank No. 1;Tank No. 1;Tank No. 1;Blindado No. 1;Tank No. 1;Tank No. 1;;Tank No. 1;;;X
BRIG_MODEL_JAP_8_3;Type 91;Type 91;Type 91;Tipo 91;Type 91;Type 91;;Type 91;;;X
BRIG_MODEL_JAP_8_4;Type 94;Type 94;Type 94;Tipo 94;Type 94;Type 94;;Type 94;;;X
BRIG_MODEL_JAP_8_5;;;;;;;;;;;X
BRIG_MODEL_JAP_9_0;;;;;;;;;;;X
BRIG_MODEL_JAP_9_1;O-I;O-I;O-I;O-I;O-I;O-I;;O-I;;;X
BRIG_MODEL_JAP_10_0;;;;;;;;;;;X
BRIG_MODEL_JAP_10_1;;;;;;;;;;;X
BRIG_MODEL_JAP_10_2;;;;;;;;;;;X
BRIG_MODEL_JAP_10_3;;;;;;;;;;;X
BRIG_MODEL_JAP_10_4;Model 25 Vickers Crossley 'DOWA';Model 25 Vickers Crossley 'DOWA';Model 25 Vickers Crossley 'DOWA';Modelo 25 Vickers Crossley 'DOWA';Model 25 Vickers Crossley 'DOWA';Model 25 Vickers Crossley 'DOWA';;Model 25 Vickers Crossley 'DOWA';;;X
BRIG_MODEL_JAP_10_5;Type 2592 Osaka HoKoKu-Go;Type 2592 Osaka HoKoKu-Go;Type 2592 Osaka HoKoKu-Go;Tipo 2592 Osaka HoKoKu-Go;Type 2592 Osaka HoKoKu-Go;Type 2592 Osaka HoKoKu-Go;;Type 2592 Osaka HoKoKu-Go;;;X
BRIG_MODEL_JAP_10_6;Type 2595 So-Ki;Type 2595 So-Ki;Type 2595 So-Ki;Tipo 2595 So-Ki;Type 2595 So-Ki;Type 2595 So-Ki;;Type 2595 So-Ki;;;X
BRIG_MODEL_JAP_10_7;;;;;;;;;;;X
BRIG_MODEL_JAP_28_0;Type 94 Truck;Type 94;Type 94;Tipo 94;Type 94;Type 94;;Type 94;;;X
BRIG_MODEL_JAP_28_1;Type 98 Ko-Hi;Type 98 Ko-Hi;Type 98 Ko-Hi;Tipo 98 Ko-Hi;Type 98 Ko-Hi;Type 98 Ko-Hi;;Type 98 Ko-Hi;;;X
BRIG_MODEL_JAP_28_2;Type 98 Ho-Ki;Type 98 Ho-Ki;Type 98 Ho-Ki;Tipo 98 Ho-Ki;Type 98 Ho-Ki;Type 98 Ho-Ki;;Type 98 Ho-Ki;;;X
BRIG_MODEL_JAP_29_0;;;;;;;;;;;X
BRIG_MODEL_JAP_29_1;Type 89A I-Go;Type 89A I-Go;Type 89A I-Go;Tipo 89A I-Go;Type 89A I-Go;Type 89A I-Go;;Type 89A I-Go;;;X
BRIG_MODEL_JAP_29_2;Type 89B I-Go Otsu;Type 89B I-Go Otsu;Type 89B I-Go Otsu;Type 89B I-Go Otsu;Type 89B I-Go Otsu;Type 89B I-Go Otsu;;Type 89B I-Go Otsu;;;X
BRIG_MODEL_JAP_29_3;Type 97 Chi-Ha;Type 97 Chi-Ha;Type 97 Chi-Ha;Tipo 97 Chi-Ha;Type 97 Chi-Ha;Type 97 Chi-Ha;;Type 97 Chi-Ha;;;X
BRIG_MODEL_JAP_29_4;Type 1 Chi-He;Type 1 Chi-He;Type 1 Chi-He;Tipo 1 Chi-He;Type 1 Chi-He;Type 1 Chi-He;;Type 1 Chi-He;;;X
BRIG_MODEL_JAP_29_5;Type 3 Chi-Nu;Type 3 Chi-Nu;Type 3 Chi-Nu;Tipo 3 Chi-Nu;Type 3 Chi-Nu;Type 3 Chi-Nu;;Type 3 Chi-Nu;;;X
BRIG_MODEL_JAP_29_6;Type 4 Chi-To;Type 4 Chi-To;Type 4 Chi-To;Tipo 4 Chi-To;Type 4 Chi-To;Type 4 Chi-To;;Type 4 Chi-To;;;X
BRIG_MODEL_JAP_29_7;Type 5 Chi-Ri;Type 5 Chi-Ri;Type 5 Chi-Ri;Type 5 Chi-Ri;Type 5 Chi-Ri;Type 5 Chi-Ri;;Type 5 Chi-Ri;;;X
BRIG_MODEL_JAP_29_8;;;;;;;;;;;X
BRIG_MODEL_JAP_29_9;;;;;;;;;;;X
BRIG_MODEL_JAP_29_10;Type 61;Type 61;Type 61;Type 61;Type 61;Type 61;;Type 61;;;X
BRIG_MODEL_JAP_29_11;;;;;;;;;;;X
BRIG_MODEL_JAP_32_0;Type 2 Ka-Mi;Type 2 Ka-Mi;Type 2 Ka-Mi;Type 2 Ka-Mi;Type 2 Ka-Mi;Type 2 Ka-Mi;;Type 2 Ka-Mi;;;X
BRIG_MODEL_JAP_32_1;Type 5 To-Ku;Type 5 To-Ku;Type 5 To-Ku;Type 5 To-Ku;Type 5 To-Ku;Type 5 To-Ku;;Type 5 To-Ku;;;X
BRIG_MODEL_JAP_33_0;Ku-3 So-Ra;Ku-3 So-Ra;Ku-3 So-Ra;Ku-3 So-Ra;Ku-3 So-Ra;Ku-3 So-Ra;;Ku-3 So-Ra;;;X
BRIG_MODEL_JAP_33_1;Ku-6 Sora-Sha;Ku-6 Sora-Sha;Ku-6 Sora-Sha;Ku-6 Sora-Sha;Ku-6 Sora-Sha;Ku-6 Sora-Sha;;Ku-6 Sora-Sha;;;X
BRIG_MODEL_JAP_34_0;70 mm Type 92;70 mm Type 92;70 mm Type 92;70 mm Type 92;70 mm Type 92;70 mm Type 92;;70 mm Type 92;;;X
BRIG_MODEL_JAP_34_1;;;;;;;;;;;X
BRIG_MODEL_JAP_34_2;;;;;;;;;;;X
BRIG_MODEL_JAP_34_3;;;;;;;;;;;X
BRIG_MODEL_JAP_34_4;;;;;;;;;;;X
BRIG_MODEL_JAP_35_0;;;;;;;;;;;X
BRIG_MODEL_JAP_35_1;;;;;;;;;;;X
BRIG_MODEL_JAP_35_2;;;;;;;;;;;X
BRIG_MODEL_JAP_35_3;;;;;;;;;;;X
BRIG_MODEL_JAP_35_4;;;;;;;;;;;X
BRIG_MODEL_JAP_35_5;;;;;;;;;;;X
# Japan air brigades;;;;;;;;;;;X
BRIG_MODEL_JAP_14_0;1MT/1MF;1MT/1MF;1MT/1MF;1MT/1MF;1MT/1MF;1MT/1MF;1MT/1MF;1MT/1MF;;;X
BRIG_MODEL_JAP_14_1;B1M/A1N;B1M/A1N;B1M/A1N;B1M/A1N;B1M/A1N;B1M/A1N;B1M/A1N;B1M/A1N;;;X
BRIG_MODEL_JAP_14_2;D1A/B2M/A2N;D1A/B2M/A2N;D1A/B2M/A2N;D1A/B2M/A2N;D1A/B2M/A2N;D1A/B2M/A2N;D1A/B2M/A2N;D1A/B2M/A2N;;;X
BRIG_MODEL_JAP_14_3;B5M/B4Y/A5M;B5M/B4Y/A5M;B5M/B4Y/A5M;B5M/B4Y/A5M;B5M/B4Y/A5M;B5M/B4Y/A5M;B5M/B4Y/A5M;B5M/B4Y/A5M;;;X
BRIG_MODEL_JAP_14_4;D3A/B5N/A6M2;D3A/B5N/A6M2;D3A/B5N/A6M2;D3A/B5N/A6M2;D3A/B5N/A6M2;D3A/B5N/A6M2;D3A/B5N/A6M2;D3A/B5N/A6M2;;;X
BRIG_MODEL_JAP_14_5;D4Y/B6N/A6M5;D4Y/B6N/A6M5;D4Y/B6N/A6M5;D4Y/B6N/A6M5;D4Y/B6N/A6M5;D4Y/B6N/A6M5;D4Y/B6N/A6M5;D4Y/B6N/A6M5;;;X
BRIG_MODEL_JAP_14_6;D4Y/B6N/A7M;D4Y/B6N/A7M;D4Y/B6N/A7M;D4Y/B6N/A7M;D4Y/B6N/A7M;D4Y/B6N/A7M;D4Y/B6N/A7M;D4Y/B6N/A7M;;;X
BRIG_MODEL_JAP_14_7;A7M2 Reppu / B7A2;A7M2 Reppu / B7A2;A7M2 Reppu / B7A2;A7M2 Reppu / B7A2;A7M2 Reppu / B7A2;A7M2 Reppu / B7A2;;A7M2 Reppu / B7A2;;;X
BRIG_MODEL_JAP_14_8;Ki-201 Karyu / Kikka;Ki-201 Karyu / Kikka;Ki-201 Karyu / Kikka;Ki-201 Karyu / Kikka;Ki-201 Karyu / Kikka;Ki-201 Karyu / Kikka;;Ki-201 Karyu / Kikka;;;X
BRIG_MODEL_JAP_15_0;Kawasaki Ki-38;Kawasaki Ki-38;Kawasaki Ki-38;Kawasaki Ki-38;Kawasaki Ki-38;Kawasaki Ki-38;;Kawasaki Ki-38;;;X
BRIG_MODEL_JAP_15_1;Kawasaki Ki-45;Kawasaki Ki-45;Kawasaki Ki-45;Kawasaki Ki-45;Kawasaki Ki-45;Kawasaki Ki-45;Kawasaki Ki-45;Kawasaki Ki-45;;;X
BRIG_MODEL_JAP_15_2;Kawasaki Ki-102;Kawasaki Ki-102;Kawasaki Ki-102;Kawasaki Ki-102;Kawasaki Ki-102;Kawasaki Ki-102;Kawasaki Ki-102;Kawasaki Ki-102;;;X
BRIG_MODEL_JAP_15_3;Kawasaki Ki-96;Kawasaki Ki-96;Kawasaki Ki-96;Kawasaki Ki-96;Kawasaki Ki-96;Kawasaki Ki-96;Kawasaki Ki-96;Kawasaki Ki-96;;;X
BRIG_MODEL_JAP_15_4;Rikugun Ki-93;Rikugun Ki-93;Rikugun Ki-93;Rikugun Ki-93;Rikugun Ki-93;Rikugun Ki-93;Rikugun Ki-93;Rikugun Ki-93;;;X
BRIG_MODEL_JAP_15_5;Nakajima Ki-201 Karyu;Nakajima Ki-201 Karyu;Nakajima Ki-201 Karyu;Nakajima Ki-201 Karyu;Nakajima Ki-201 Karyu;Nakajima Ki-201 Karyu;;Nakajima Ki-201 Karyu;;;X
BRIG_MODEL_JAP_15_6;Mitsubishi F-1;Mitsubishi F-1;Mitsubishi F-1;Mitsubishi F-1;Mitsubishi F-1;Mitsubishi F-1;;Mitsubishi F-1;;;X
BRIG_MODEL_JAP_30_0;Curtiss Model E;Curtiss Model E;Curtiss Model E;Curtiss Model E;Curtiss Model E;Curtiss Model E;;Curtiss Model E;;;X
BRIG_MODEL_JAP_30_1;Hansa-Brandenburg W.33;Hansa-Brandenburg W.33;Hansa-Brandenburg W.33;Hansa-Brandenburg W.33;Hansa-Brandenburg W.33;Hansa-Brandenburg W.33;;Hansa-Brandenburg W.33;;;X
BRIG_MODEL_JAP_30_2;Felixstowe F.5;Felixstowe F.5;Felixstowe F.5;Felixstowe F.5;Felixstowe F.5;Felixstowe F.5;;Felixstowe F.5;;;X
BRIG_MODEL_JAP_30_3;Yokosuka E1Y;Yokosuka E1Y;Yokosuka E1Y;Yokosuka E1Y;Yokosuka E1Y;Yokosuka E1Y;;Yokosuka E1Y;;;X
BRIG_MODEL_JAP_30_4;Aichi E3A;Aichi E3A;Aichi E3A;Aichi E3A;Aichi E3A;Aichi E3A;;Aichi E3A;;;X
BRIG_MODEL_JAP_30_5;Nakajima E4N;Nakajima E4N;Nakajima E4N;Nakajima E4N;Nakajima E4N;Nakajima E4N;;Nakajima E4N;;;X
BRIG_MODEL_JAP_30_6;Kawanishi E7K;Kawanishi E7K;Kawanishi E7K;Kawanishi E7K;Kawanishi E7K;Kawanishi E7K;;Kawanishi E7K;;;X
BRIG_MODEL_JAP_30_7;Kawanishi E15K;Kawanishi E15K;Kawanishi E15K;Kawanishi E15K;Kawanishi E15K;Kawanishi E15K;;Kawanishi E15K;;;X
BRIG_MODEL_JAP_31_0;1MT/1MF;1MT/1MF;1MT/1MF;1MT/1MF;1MT/1MF;1MT/1MF;1MT/1MF;1MT/1MF;;;X
BRIG_MODEL_JAP_31_1;B1M/A1N;B1M/A1N;B1M/A1N;B1M/A1N;B1M/A1N;B1M/A1N;B1M/A1N;B1M/A1N;;;X
BRIG_MODEL_JAP_31_2;D1A/B2M/A2N;D1A/B2M/A2N;D1A/B2M/A2N;D1A/B2M/A2N;D1A/B2M/A2N;D1A/B2M/A2N;D1A/B2M/A2N;D1A/B2M/A2N;;;X
BRIG_MODEL_JAP_31_3;B5M/B4Y/A5M;B5M/B4Y/A5M;B5M/B4Y/A5M;B5M/B4Y/A5M;B5M/B4Y/A5M;B5M/B4Y/A5M;B5M/B4Y/A5M;B5M/B4Y/A5M;;;X
BRIG_MODEL_JAP_31_4;D3A/B5N/A6M2;D3A/B5N/A6M2;D3A/B5N/A6M2;D3A/B5N/A6M2;D3A/B5N/A6M2;D3A/B5N/A6M2;D3A/B5N/A6M2;D3A/B5N/A6M2;;;X
BRIG_MODEL_JAP_31_5;D4Y/B6N/A6M5;D4Y/B6N/A6M5;D4Y/B6N/A6M5;D4Y/B6N/A6M5;D4Y/B6N/A6M5;D4Y/B6N/A6M5;D4Y/B6N/A6M5;D4Y/B6N/A6M5;;;X
BRIG_MODEL_JAP_31_6;D4Y/B6N/A7M;D4Y/B6N/A7M;D4Y/B6N/A7M;D4Y/B6N/A7M;D4Y/B6N/A7M;D4Y/B6N/A7M;D4Y/B6N/A7M;D4Y/B6N/A7M;;;X
BRIG_MODEL_JAP_31_7;A7M2 Reppu / B7A2;A7M2 Reppu / B7A2;A7M2 Reppu / B7A2;A7M2 Reppu / B7A2;A7M2 Reppu / B7A2;A7M2 Reppu / B7A2;;A7M2 Reppu / B7A2;;;X
BRIG_MODEL_JAP_31_8;Ki-201 Karyu / Kikka;Ki-201 Karyu / Kikka;Ki-201 Karyu / Kikka;Ki-201 Karyu / Kikka;Ki-201 Karyu / Kikka;Ki-201 Karyu / Kikka;;Ki-201 Karyu / Kikka;;;X
## Japan land units;;;;;;;;;;;X
MODEL_JAP_4_0;Type 95 Ha-Go;Type 95 Ha-Go;Type 95 Ha-Go;Tipo 95 Ha-Go;Type 95 Ha-Go;Type 95 Ha-Go;;Type 95 Ha-Go;;;X
MODEL_JAP_4_1;Type 97 Te-Ke;Type 97 Te-Ke;Type 97 Te-Ke;Tipo 97 Te-Ke;Type 97 Te-Ke;Type 97 Te-Ke;;Type 97 Te-Ke;;;X
MODEL_JAP_4_2;Type 98 Ke-Ni;Type 98 Ke-Ni;Type 98 Ke-Ni;Type 98 Ke-Ni;Type 98 Ke-Ni;Type 98 Ke-Ni;;Type 98 Ke-Ni;;;X
MODEL_JAP_5_0;Type 97 Chi-Ha;Type 97 Chi-Ha;Type 97 Chi-Ha;Tipo 97 Chi-Ha;Type 97 Chi-Ha;Type 97 Chi-Ha;;Type 97 Chi-Ha;;;X
MODEL_JAP_5_1;Type 1 Chi-He;Type 1 Chi-He;Type 1 Chi-He;Tipo 1 Chi-He;Type 1 Chi-He;Type 1 Chi-He;;Type 1 Chi-He;;;X
MODEL_JAP_5_2;Type 3 Chi-Nu;Type 3 Chi-Nu;Type 3 Chi-Nu;Tipo 3 Chi-Nu;Type 3 Chi-Nu;Type 3 Chi-Nu;;Type 3 Chi-Nu;;;X
MODEL_JAP_5_3;Type 4 Chi-To;Type 4 Chi-To;Type 4 Chi-To;Tipo 4 Chi-To;Type 4 Chi-To;Type 4 Chi-To;;Type 4 Chi-To;;;X
MODEL_JAP_5_4;Type 5 Chi-Ri;Type 5 Chi-Ri;Type 5 Chi-Ri;Type 5 Chi-Ri;Type 5 Chi-Ri;Type 5 Chi-Ri;;Type 5 Chi-Ri;;;X
MODEL_JAP_5_5;;;;;;;;;;;X
MODEL_JAP_5_6;;;;;;;;;;;X
MODEL_JAP_5_7;Type 61;Type 61;Type 61;Type 61;Type 61;Type 61;;Type 61;;;X
# Japan air units;;;;;;;;;;;X
MODEL_JAP_12_0;Sopwith Strutter;Sopwith Strutter;Sopwith Strutter;Sopwith Strutter;Sopwith Strutter;Sopwith Strutter;Sopwith Strutter;Sopwith Strutter;;;X
MODEL_JAP_12_1;Salmson 2;Salmson 2;Salmson 2;Salmson 2;Salmson 2;Salmson 2;Salmson 2;Salmson 2;;;X
MODEL_JAP_12_2;Kaishiki no.7;Kaishiki no.7;Kaishiki no.7;Kaishiki no.7;Kaishiki no.7;Kaishiki no.7;;Kaishiki no.7;;;X
MODEL_JAP_12_3;Nakajima Type 91;Nakajima Type 91;Nakajima Type 91;Nakajima Type 91;Nakajima Type 91;Nakajima Type 91;Nakajima Type 91;Nakajima Type 91;;;X
MODEL_JAP_12_4;Kawasaki Type 92;Kawasaki Type 92;Kawasaki Type 92;Kawasaki Type 92;Kawasaki Type 92;Kawasaki Type 92;Kawasaki Type 92;Kawasaki Type 92;;;X
MODEL_JAP_12_5;Nakajima Ki-44;Nakajima Ki-44;Nakajima Ki-44;Nakajima Ki-44;Nakajima Ki-44;Nakajima Ki-44;Nakajima Ki-44;Nakajima Ki-44;;;X
MODEL_JAP_12_6;Mitsubishi J2M;Mitsubishi J2M;Mitsubishi J2M;Mitsubishi J2M;Mitsubishi J2M;Mitsubishi J2M;Mitsubishi J2M;Mitsubishi J2M;;;X
MODEL_JAP_12_7;Mitsubishi N1K2;Mitsubishi N1K2;Mitsubishi N1K2;Mitsubishi N1K2;Mitsubishi N1K2;Mitsubishi N1K2;Mitsubishi N1K2 'George';Mitsubishi N1K2 'George';;;X
MODEL_JAP_12_8;Kyushu J7W1 Shinden;Kyushu J7W1 Shinden;Kyushu J7W1 Shinden;Kyushu J7W1 Shinden;Kyushu J7W1 Shinden;Kyushu J7W1 Shinden;Kyushu J7W1 Shinden;Kyushu J7W1 Shinden;;;X
MODEL_JAP_12_9;Nakajima Ki-201 Karyu;Nakajima Ki-201 Karyu;Nakajima Ki-201 Karyu;Nakajima Ki-201 Karyu;Nakajima Ki-201 Karyu;Nakajima Ki-201 Karyu;Nakajima Ki-201 Karyu;Nakajima Ki-201 Karyu;;;X
MODEL_JAP_12_11;North American F-86F Sabre;North American F-86F Sabre;North American F-86F Sabre;North American F-86F Sabre;North American F-86F Sabre;North American F-86F Sabre;North American F-86F Sabre;North American F-86F Sabre;;;X
MODEL_JAP_12_12;Mitsubishi F-1;Mitsubishi F-1;Mitsubishi F-1;Mitsubishi F-1;Mitsubishi F-1;Mitsubishi F-1;Mitsubishi F-1;Mitsubishi F-1;;;X
MODEL_JAP_12_13;McDonnell-Douglas F-4E Phantom II;McDonnell-Douglas F-4E Phantom II;McDonnell-Douglas F-4E Phantom II;McDonnell-Douglas F-4E Phantom II;McDonnell-Douglas F-4E Phantom II;McDonnell-Douglas F-4E Phantom II;McDonnell-Douglas F-4E Phantom II;McDonnell-Douglas F-4E Phantom II;;;X
MODEL_JAP_13_0;Farman III;Farman III;Farman III;Farman III;Farman III;Farman III;Farman III;Farman III;;;X
MODEL_JAP_13_1;Kaishiki no.6;Kaishiki no.6;Kaishiki no.6;Kaishiki no.6;Kaishiki no.6;Kaishiki no.6;;Kaishiki no.6;;;X
MODEL_JAP_13_2;Izaki no.2 Sempu-Go;Izaki no.2 Sempu-Go;Izaki no.2 Sempu-Go;Izaki no.2 Sempu-Go;Izaki no.2 Sempu-Go;Izaki no.2 Sempu-Go;;Izaki no.2 Sempu-Go;;;X
MODEL_JAP_13_3;Nieuport 11;Nieuport 11;Nieuport 11;Nieuport 11;Nieuport 11;Nieuport 11;Nieuport 11;Nieuport 11;;;X
MODEL_JAP_13_4;SPAD S.XIII;SPAD S.XIII;SPAD S.XIII;SPAD S.XIII;SPAD S.XIII;SPAD S.XIII;SPAD S.XIII;SPAD S.XIII;;;X
MODEL_JAP_13_5;Nieuport 24;Nieuport 24;Nieuport 24;Nieuport 24;Nieuport 24;Nieuport 24;Nieuport 24;Nieuport 24;;;X
MODEL_JAP_13_6;Nieuport-Delage NiD 29;Nieuport-Delage NiD 29;Nieuport-Delage NiD 29;Nieuport-Delage NiD 29;Nieuport-Delage NiD 29;Nieuport-Delage NiD 29;Nieuport-Delage NiD 29;Nieuport-Delage NiD 29;;;X
MODEL_JAP_13_7;Kawasaki Ki-10;Kawasaki Ki-10;Kawasaki Ki-10;Kawasaki Ki-10;Kawasaki Ki-10;Kawasaki Ki-10;Kawasaki Ki-10;Kawasaki Ki-10;;;X
MODEL_JAP_13_8;Nakajima Ki-27;Nakajima Ki-27;Nakajima Ki-27;Nakajima Ki-27;Nakajima Ki-27;Nakajima Ki-27;Nakajima Ki-27;Nakajima Ki-27;;;X
MODEL_JAP_13_9;Nakajima Ki-43 Oscar;Nakajima Ki-43 Oscar;Nakajima Ki-43 Oscar;Nakajima Ki-43 Oscar;Nakajima Ki-43 Oscar;Nakajima Ki-43 Oscar;;Nakajima Ki-43 Oscar;;;X
MODEL_JAP_13_10;Nakajima Ki-61;Nakajima Ki-61;Nakajima Ki-61;Nakajima Ki-61;Nakajima Ki-61;Nakajima Ki-61;Nakajima Ki-61;Nakajima Ki-61;;;X
MODEL_JAP_13_11;Nakajima Ki-84;Nakajima Ki-84;Nakajima Ki-84;Nakajima Ki-84;Nakajima Ki-84;Nakajima Ki-84;;Nakajima Ki-84;;;X
MODEL_JAP_13_12;Mitsubishi J8M2 Shusui;Mitsubishi J8M2 Shusui;Mitsubishi J8M2 Shusui;Mitsubishi J8M2 Shusui;Mitsubishi J8M2 Shusui;Mitsubishi J8M2 Shusui;Mitsubishi J8M2 Shusui;Mitsubishi J8M2 Shusui;;;X
MODEL_JAP_13_13;Kyushu J7W2 Shinden Kai;Kyushu J7W2 Shinden Kai;Kyushu J7W2 Shinden Kai;Kyushu J7W2 Shinden Kai;Kyushu J7W2 Shinden Kai;Kyushu J7W2 Shinden Kai;Kyushu J7W2 Shinden Kai;Kyushu J7W2 Shinden Kai;;;X
MODEL_JAP_13_14;Mizuno Shinryu;Mizuno Shinryu;Mizuno Shinryu;Mizuno Shinryu;Mizuno Shinryu;Mizuno Shinryu;;Mizuno Shinryu;;;X
MODEL_JAP_13_15;Lockheed F-104J Starfighter;Lockheed F-104J Starfighter;Lockheed F-104J Starfighter;Lockheed F-104J Starfighter;Lockheed F-104J Starfighter;Lockheed F-104J Starfighter;Lockheed F-104J Starfighter;Lockheed F-104J Starfighter;;;X
MODEL_JAP_32_0;Mitsubishi J8M3 Shusui;Mitsubishi J8M3 Shusui;Mitsubishi J8M3 Shusui;Mitsubishi J8M3 Shusui;Mitsubishi J8M3 Shusui;Mitsubishi J8M3 Shusui;Mitsubishi J8M3 Shusui;Mitsubishi J8M3 Shusui;;;X
MODEL_JAP_32_1;Mitsubishi Ki-202 Shusui Kai;Mitsubishi Ki-202 Shusui Kai;Mitsubishi Ki-202 Shusui Kai;Mitsubishi Ki-202 Shusui Kai;Mitsubishi Ki-202 Shusui Kai;Mitsubishi Ki-202 Shusui Kai;Mitsubishi Ki-202 Shusui Kai;Mitsubishi Ki-202 Shusui Kai;;;X
MODEL_JAP_14_2;Mitsubishi Ki-20;Mitsubishi Ki-20;Mitsubishi Ki-20;Mitsubishi Ki-20;Mitsubishi Ki-20;Mitsubishi Ki-20;Mitsubishi Ki-20;Mitsubishi Ki-20;;;X
MODEL_JAP_14_3;Nakajima G5N Shinzan;Nakajima G5N Shinzan;Nakajima G5N Shinzan;Nakajima G5N Shinzan;Nakajima G5N Shinzan;Nakajima G5N Shinzan;;Nakajima G5N Shinzan;;;X
MODEL_JAP_14_4;Nakajima G5N;Nakajima G5N;Nakajima G5N;Nakajima G5N;Nakajima G5N;Nakajima G5N;Nakajima G5N;Nakajima G5N;;;X
MODEL_JAP_14_5;Nakajima G8N;Nakajima G8N;Nakajima G8N;Nakajima G8N;Nakajima G8N;Nakajima G8N;Nakajima G8N;Nakajima G8N;;;X
MODEL_JAP_14_6;Nakajima G10N;Nakajima G10N;Nakajima G10N;Nakajima G10N;Nakajima G10N;Nakajima G10N;Nakajima G10N;Nakajima G10N;;;X
MODEL_JAP_15_1;Caudron G.4;Caudron G.4;Caudron G.4;Caudron G.4;Caudron G.4;Caudron G.4;;Caudron G.4;;;X
MODEL_JAP_15_4;Kawasaki Ka 87;Kawasaki Ka 87;Kawasaki Ka 87;Kawasaki Ka 87;Kawasaki Ka 87;Kawasaki Ka 87;Kawasaki Ka 87;Kawasaki Ka 87;;;X
MODEL_JAP_15_5;Mitsubishi Ki-21;Mitsubishi Ki-21;Mitsubishi Ki-21;Mitsubishi Ki-21;Mitsubishi Ki-21;Mitsubishi Ki-21;Mitsubishi Ki-21;Mitsubishi Ki-21;;;X
MODEL_JAP_15_6;Kawasaki Ki-48;Kawasaki Ki-48;Kawasaki Ki-48;Kawasaki Ki-48;Kawasaki Ki-48;Kawasaki Ki-48;Kawasaki Ki-48;Kawasaki Ki-48;;;X
MODEL_JAP_15_7;Nakajima Ki-49;Nakajima Ki-49;Nakajima Ki-49;Nakajima Ki-49;Nakajima Ki-49;Nakajima Ki-49;Nakajima Ki-49;Nakajima Ki-49;;;X
MODEL_JAP_15_8;Mitsubishi Ki-67;Mitsubishi Ki-67;Mitsubishi Ki-67;Mitsubishi Ki-67;Mitsubishi Ki-67;Mitsubishi Ki-67;Mitsubishi Ki-67;Mitsubishi Ki-67;;;X
MODEL_JAP_15_9;Nakajima J9Y2 Kikkai Kai;Nakajima J9Y2 Kikkai Kai;Nakajima J9Y2 Kikkai Kai;Nakajima J9Y2 Kikkai Kai;Nakajima J9Y2 Kikkai Kai;Nakajima J9Y2 Kikkai Kai;Nakajima J9Y2 Kikkai Kai;Nakajima J9Y2 Kikkai Kai;;;X
MODEL_JAP_15_12;Mitsubishi F-1;Mitsubishi F-1;Mitsubishi F-1;Mitsubishi F-1;Mitsubishi F-1;Mitsubishi F-1;Mitsubishi F-1;Mitsubishi F-1;;;X
MODEL_JAP_16_0;Sopwith Cuckoo;Sopwith Cuckoo;Sopwith Cuckoo;Sopwith Cuckoo;Sopwith Cuckoo;Sopwith Cuckoo;;Sopwith Cuckoo;;;X
MODEL_JAP_16_2;Mitsubishi G3M;Mitsubishi G3M;Mitsubishi G3M;Mitsubishi G3M;Mitsubishi G3M;Mitsubishi G3M;Mitsubishi G3M;Mitsubishi G3M;;;X
MODEL_JAP_16_3;Mitsubishi G4M;Mitsubishi G4M;Mitsubishi G4M;Mitsubishi G4M;Mitsubishi G4M;Mitsubishi G4M;Mitsubishi G4M;Mitsubishi G4M;;;X
MODEL_JAP_16_4;Kawanishi H8K;Kawanishi H8K;Kawanishi H8K;Kawanishi H8K;Kawanishi H8K;Kawanishi H8K;Kawanishi H8K;Kawanishi H8K;;;X
MODEL_JAP_16_5;Kyushu Q1W;Kyushu Q1W;Kyushu Q1W;Kyushu Q1W;Kyushu Q1W;Kyushu Q1W;Kyushu Q1W;Kyushu Q1W;;;X
MODEL_JAP_16_6;Kawasaki P-2J;Kawasaki P-2J;Kawasaki P-2J;Kawasaki P-2J;Kawasaki P-2J;Kawasaki P-2J;Kawasaki P-2J;Kawasaki P-2J;;;X
MODEL_JAP_16_8;Shin Meiwa PS-1;Shin Meiwa PS-1;Shin Meiwa PS-1;Shin Meiwa PS-1;Shin Meiwa PS-1;Shin Meiwa PS-1;;Shin Meiwa PS-1;;;X
MODEL_JAP_17_0;Mitsubishi Ki-30;Mitsubishi Ki-30;Mitsubishi Ki-30;Mitsubishi Ki-30;Mitsubishi Ki-30;Mitsubishi Ki-30;Mitsubishi Ki-30;Mitsubishi Ki-30;;;X
MODEL_JAP_17_1;Kawasaki Ki-32;Kawasaki Ki-32;Kawasaki Ki-32;Kawasaki Ki-32;Kawasaki Ki-32;Kawasaki Ki-32;Kawasaki Ki-32;Kawasaki Ki-32;;;X
MODEL_JAP_17_2;Yokosuka D4Y;Yokosuka D4Y;Yokosuka D4Y;Yokosuka D4Y;Yokosuka D4Y;Yokosuka D4Y;Yokosuka D4Y;Yokosuka D4Y;;;X
MODEL_JAP_17_3;Tachikawa Ki-74;Tachikawa Ki-74;Tachikawa Ki-74;Tachikawa Ki-74;Tachikawa Ki-74;Tachikawa Ki-74;Tachikawa Ki-74;Tachikawa Ki-74;;;X
MODEL_JAP_17_4;Kawasaki Ki-66;Kawasaki Ki-66;Kawasaki Ki-66;Kawasaki Ki-66;Kawasaki Ki-66;Kawasaki Ki-66;Kawasaki Ki-66;Kawasaki Ki-66;;;X
MODEL_JAP_18_1;Nakajima Ki-34;Nakajima Ki-34;Nakajima Ki-34;Nakajima Ki-34;Nakajima Ki-34;Nakajima Ki-34;Nakajima Ki-34;Nakajima Ki-34;;;X
MODEL_JAP_18_2;Tachikawa Ki-54;Tachikawa Ki-54;Tachikawa Ki-54;Tachikawa Ki-54;Tachikawa Ki-54;Tachikawa Ki-54;Tachikawa Ki-54;Tachikawa Ki-54;;;X
MODEL_JAP_18_3;Mitsubishi Ki-57;Mitsubishi Ki-57;Mitsubishi Ki-57;Mitsubishi Ki-57;Mitsubishi Ki-57;Mitsubishi Ki-57;Mitsubishi Ki-57;Mitsubishi Ki-57;;;X
MODEL_JAP_18_4;Mitsubishi G6M;Mitsubishi G6M;Mitsubishi G6M;Mitsubishi G6M;Mitsubishi G6M;Mitsubishi G6M;Mitsubishi G6M;Mitsubishi G6M;;;X
MODEL_JAP_18_5;Kokusai KU-7;Kokusai KU-7;Kokusai KU-7;Kokusai KU-7;Kokusai KU-7;Kokusai KU-7;;Kokusai KU-7;;;X
# # Japan naval units;;;;;;;;;;;X
MODEL_JAP_21_0;Fuso-class;Classe Fuso;Classe Fuso;Clase Fuso;Fuso-Klasse;Fuso-klasa;;Fuso-Klasse;;;X
MODEL_JAP_21_1;Fuji-class;Classe Fuji;Classe Fuji;Clase Fuji;Fuji-Klasse;Fuji-klasa;;Fuji-Klasse;;;X
MODEL_JAP_21_2;Kawachi-class;Classe Kawachi;Classe Kawachi;Clase Kawachi;Kawachi-Klasse;Kawachi-klasa;;Kawachi-Klasse;;;X
MODEL_JAP_21_3;Fuso-class;Classe Fuso;Classe Fuso;Clase Fuso;Fuso-Klasse;Fuso-klasa;;Fuso-Klasse;;;X
MODEL_JAP_21_4;Ise-class;Classe Ise;Classe Ise;Clase Ise;Ise-Klasse;Ise-klasa;;Ise-Klasse;;;X
MODEL_JAP_21_5;Nagato-class;Classe Nagato;Classe Nagato;Clase Nagato;Nagato-Klasse;Nagato-klasa;;Nagato-Klasse;;;X
MODEL_JAP_21_6;Kii-class;Classe Kii;Classe Kii;Clase Kii;Kii-Klasse;Kii-klasa;;Kii-Klasse;;;X
MODEL_JAP_21_7;No. 13-class;Classe No. 13;Classe No. 13;Clase No. 13;No. 13-Klasse;No. 13-klasa;;No. 13-Klasse;;;X
MODEL_JAP_21_11;Yamato-class;Classe Yamato;Classe Yamato;Clase Yamato;Yamato-Klasse;Yamato-klasa;;Yamato-Klasse;;;X
MODEL_JAP_21_12;A-150-class;Classe A-150;Classe A-150;Clase A-150;A-150-Klasse;A-150-klasa;;A-150-Klasse;;;X
MODEL_JAP_22_0;Naniwa-class;Classe Naniwa;Classe Naniwa;Clase Naniwa;Naniwa-Klasse;Naniwa-klasa;;Naniwa-Klasse;;;X
MODEL_JAP_22_1;Tone-class;Classe Tone;Classe Tone;Clase Tone;Tone-Klasse;Tone-klasa;;Tone-Klasse;;;X
MODEL_JAP_22_2;Chikuma-class;Classe Chikuma;Classe Chikuma;Clase Chikuma;Chikuma-Klasse;Chikuma-klasa;;Chikuma-Klasse;;;X
MODEL_JAP_22_3;Sendai-class;Classe Sendai;Classe Sendai;Clase Sendai;Sendai-Klasse;Sendai-klasa;;Sendai-Klasse;;;X
MODEL_JAP_22_6;Agano-class;Classe Agano;Classe Agano;Clase Agano;Agano-Klasse;Agano-klasa;;Agano-Klasse;;;X
MODEL_JAP_23_0;Hiei-class;Classe Hiei;Classe Hiei;Clase Hiei;Hiei-Klasse;Hiei-klasa;;Hiei-Klasse;;;X
MODEL_JAP_23_1;Azuma-class;Classe Azuma;Classe Azuma;Clase Azuma;Azuma-Klasse;Azuma-klasa;;Azuma-Klasse;;;X
MODEL_JAP_23_2;Kasuga-class;Classe Kasuga;Classe Kasuga;Clase Kasuga;Kasuga-Klasse;Kasuga-klasa;;Kasuga-Klasse;;;X
MODEL_JAP_23_3;Furutaka-class;Classe Furutaka;Classe Furutaka;Clase Furutaka;Furutaka-Klasse;Furutaka-klasa;;Furutaka-Klasse;;;X
MODEL_JAP_23_4;Takao-class;Classe Takao;Classe Takao;Clase Takao;Takao-Klasse;Takao-klasa;;Takao-Klasse;;;X
MODEL_JAP_23_5;Tone-class;Classe Tone;Classe Tone;Clase Tone;Tone-Klasse;Tone-klasa;;Tone-Klasse;;;X
MODEL_JAP_24_0;Tsukuba-class;Classe Tsukuba;Classe Tsukuba;Clase Tsukuba;Tsukuba-Klasse;Tsukuba-klasa;;Tsukuba-Klasse;;;X
MODEL_JAP_24_1;Kongo-class;Classe Kongo;Classe Kongo;Clase Kongo;Kongo-Klasse;Kongo-klasa;;Kongo-Klasse;;;X
MODEL_JAP_24_2;Amagi-class;Classe Amagi;Classe Amagi;Clase Amagi;Amagi-Klasse;Amagi-klasa;;Amagi-Klasse;;;X
#MODEL_JAP_24_3;No13-class;Classe No13;Classe No13;Clase No13;No13-Klasse;No13-klasa;;No13-Klasse;;;X
MODEL_JAP_24_4;B-64-class;Classe B-64;Classe B-64;Clase B-64;B-64-Klasse;B-64-klasa;;B-64-Klasse;;;X
MODEL_JAP_25_0;Ikazuchi-class;Classe Ikazuchi;Classe Ikazuchi;Clase Ikazuchi;Ikazuchi-Klasse;Ikazuchi-klasa;;Ikazuchi-Klasse;;;X
MODEL_JAP_25_1;Kamikaze-class;Classe Kamikaze;Classe Kamikaze;Clase Kamikaze;Kamikaze-Klasse;Kamikaze-klasa;;Kamikaze-Klasse;;;X
MODEL_JAP_25_2;Umikaze-class;Classe Umikaze;Classe Umikaze;Clase Umikaze;Umikaze-Klasse;Umikaze-klasa;;Umikaze-Klasse;;;X
MODEL_JAP_25_3;Isokaze-class;Classe Isokaze;Classe Isokaze;Clase Isokaze;Isokaze-Klasse;Isokaze-klasa;;Isokaze-Klasse;;;X
MODEL_JAP_25_4;Mutsuki-class;Classe Mutsuki;Classe Mutsuki;Clase Mutsuki;Mutsuki-Klasse;Mutsuki-klasa;;Mutsuki-Klasse;;;X
MODEL_JAP_25_5;Shiratsuyu-class;Classe Shiratsuyu;Classe Shiratsuyu;Clase Shiratsuyu;Shiratsuyu-Klasse;Shiratsuyu-klasa;;Shiratsuyu-Klasse;;;X
MODEL_JAP_25_6;Kagero-class;Classe Kagero;Classe Kagero;Clase Kagero;Kagero-Klasse;Kagero-klasa;;Kagero-Klasse;;;X
MODEL_JAP_25_7;Akizuki-class;Classe Akizuki;Classe Akizuki;Clase Akizuki;Akizuki-Klasse;Akizuki-klasa;;Akizuki-Klasse;;;X
MODEL_JAP_25_8;Matsu-class;Classe Matsu;Classe Matsu;Clase Matsu;Matsu-Klasse;Matsu-klasa;;Matsu-Klasse;;;X
MODEL_JAP_25_9;Amatsukaze-class;Classe Amatsukaze;Classe Amatsukaze;Clase Amatsukaze;Amatsukaze-Klasse;Amatsukaze-klasa;;Amatsukaze-Klasse;;;X
MODEL_JAP_26_0;Akagi-class;Classe Akagi;Classe Akagi;Clase Akagi;Akagi-Klasse;Akagi-klasa;;Akagi-Klasse;;;X
MODEL_JAP_26_2;Soryu-class;Classe Soryu;Classe Soryu;Clase Soryu;Soryu-Klasse;Soryu-klasa;;Soryu-Klasse;;;X
MODEL_JAP_26_3;Shokaku-class;Classe Shokaku;Classe Shokaku;Clase Shokaku;Shokaku-Klasse;Shokaku-klasa;;Shokaku-Klasse;;;X
MODEL_JAP_26_4;Taiho-class;Classe Taiho;Classe Taiho;Clase Taiho;Taiho-Klasse;Taiho-klasa;;Taiho-Klasse;;;X
MODEL_JAP_26_5;Unryu-class;Classe Unryu;Classe Unryu;Clase Unryu;Unryu-Klasse;Unryu-klasa;;Unryu-Klasse;;;X
MODEL_JAP_27_0;Wakamiya-class;Classe Wakamiya;Classe Wakamiya;Clase Wakamiya;Wakamiya-Klasse;Wakamiya-klasa;;Wakamiya-Klasse;;;X
MODEL_JAP_27_2;Hosho-class;Classe Hosho;Classe Hosho;Clase Hosho;Hosho-Klasse;Hosho-klasa;;Hosho-Klasse;;;X
MODEL_JAP_27_3;Taiyo-class;Classe Taiyo;Classe Taiyo;Clase Taiyo;Taiyo-klasse;Taiyo-klasa;;Taiyo-klasse;;;X
MODEL_JAP_28_0;Type-VII-class;Classe Type-VII;Classe Type-VII;Clase Type-VII;Type-VII-Klasse;Type-VII-Klasse;;Type-VII-Klasse;;;X
MODEL_JAP_28_1;Kaichu I-class;Classe Kaichu I;Classe Kaichu I;Clase Kaichu I;Kaichu I-Klasse;Kaichu I-Klasse;;Kaichu I-Klasse;;;X
MODEL_JAP_28_2;KD1-boat-class;Classe KD1-boat;Classe KD1-boat;Clase KD1-boat;KD1-boot-Klasse;KD1-boat-Klasse;;KD1-boat-Klasse;;;X
MODEL_JAP_28_3;J1-boat-class;Classe J1-boat;Classe J1-boat;Clase J1-boat;J1-boot-Klasse;J1-boat-Klasse;;J1-boat-Klasse;;;X
MODEL_JAP_28_4;J3-class;Classe J3;Classe J3;Clase J3;J3-Klasse;J3-Klasse;;J3-Klasse;;;X
MODEL_JAP_28_5;Type D-class;Classe Type D;Classe Type D;Clase Tipo D;Type D-Klasse;Type D-klasa;;Type D-Klasse;;;X
MODEL_JAP_28_6;ST-boat-class;Classe ST-boat;Classe ST-boat;Clase ST-boat;ST-boat-Klasse;ST-boat-klasa;;ST-boat-Klasse;;;X
MODEL_JAP_28_7;Kuroshio-class;Classe Kuroshio;Classe Kuroshio;Clase Kuroshio;Kuroshio-Klasse;Kuroshio-klasa;;Kuroshio-Klasse;;;X
MODEL_JAP_28_8;Hayashio-class;Classe Hayashio;Classe Hayashio;Clase Hayashio;Hayashio-Klasse;Hayashio-klasa;;Hayashio-Klasse;;;X
MODEL_JAP_29_0;Junsen-gata class;Classe Junsen-gata;Classe Junsen-gata;Clase Junsen-gata;Junsen-gata Klasse;Junsen-gata klasa;;;;;X
MODEL_JAP_29_1;Junsen Otsu-gata class;Classe Junsen Otsu-gata;Classe Junsen Otsu-gata;Clase Junsen Otsu-gata;Junsen Otsu-gata Klasse;Junsen Otsu-gata-klasa;;;;;X
MODEL_JAP_29_2;Sen Toku class;Classe Sen Toku;Classe Sen Toku;Clase Sen Toku;Sen Toku Klasse;Sen Toku klasa;;;;;X
MODEL_JAP_30_1;1D-class AP;;;;;;;;;;x;
MODEL_JAP_30_3;Mayasan Maru-class APA;;;;;;;;;;x;
MODEL_JAP_30_4;3A-class APA;;;;;;;;;;x;
MODEL_JAP_30_5;Shinsu Maru-class LSD;;;;;;;;;;x;
MODEL_JAP_31_0;Ryujo-class;Classe Ryujo;Classe Ryujo;Clase Ryujo;Ryujo-Klasse;Ryujo-klasa;;Ryujo-Klasse;;;X
MODEL_JAP_31_1;Chitose-class;Classe Chitose;Classe Chitose;Clase Chitose;Chitose-klasse;Chitose-klasa;;Chitose-klasse;;;X
# USSR;;;;;;;;;;;X
# land brigades;;;;;;;;;;;X
BRIG_MODEL_SOV_1_0;Putilov 76.2mm M1900;Putilov 76.2mm M1900;Putilov 76.2mm M1900;Putilov 76.2mm M1900;Putilov 76.2mm M1900;Putilov 76.2mm M1900;;Putilov 76.2mm M1900;;;X
BRIG_MODEL_SOV_1_1;Putilov 76.2mm M1902;Putilov 76.2mm M1902;Putilov 76.2mm M1902;Putilov 76.2mm M1902;Putilov 76.2mm M1902;Putilov 76.2mm M1902;;Putilov 76.2mm M1902;;;X
BRIG_MODEL_SOV_1_2;Obuchov 15,2cm M1904;Obuchov 15,2cm M1904;Obuchov 15,2cm M1904;Obuchov 15,2cm M1904;Obuchov 15,2cm M1904;Obuchov 15,2cm M1904;;Obuchov 15,2cm M1904;;;X
BRIG_MODEL_SOV_1_3;10,7cm Howitzer M1910;10,7cm Howitzer M1910;10,7cm Howitzer M1910;10,7cm Howitzer M1910;10,7cm Howitzer M1910;10,7cm Howitzer M1910;;10,7cm Howitzer M1910;;;X
BRIG_MODEL_SOV_1_4;12,2cm Howitzer M1910;12,2cm Howitzer M1910;12,2cm Howitzer M1910;12,2cm Howitzer M1910;12,2cm Howitzer M1910;12,2cm Howitzer M1910;;12,2cm Howitzer M1910;;;X
BRIG_MODEL_SOV_1_5;;;;;;;;;;;X
BRIG_MODEL_SOV_1_6;;;;;;;;;;;X
BRIG_MODEL_SOV_1_7;;;;;;;;;;;X
BRIG_MODEL_SOV_1_8;7,62cm F22;7,62cm F22;7,62cm F22;7,62cm F22;7,62cm F22;7,62cm F22;;7,62cm F22;;;X
BRIG_MODEL_SOV_1_9;12,2cm M1938 M-30;12,2cm M1938 M-30;12,2cm M1938 M-30;12,2cm M1938 M-30;12,2cm M1938 M-30;12,2cm M1938 M-30;;12,2cm M1938 M-30;;;X
BRIG_MODEL_SOV_1_10;15,2cm M1937 ML-20;15,2cm M1937 ML-20;15,2cm M1937 ML-20;15,2cm M1937 ML-20;15,2cm M1937 ML-20;15,2cm M1937 ML-20;;15,2cm M1937 ML-20;;;X
BRIG_MODEL_SOV_1_11;20,3cm B-4;20,3cm B-4;20,3cm B-4;20,3cm B-4;20,3cm B-4;20,3cm B-4;;20,3cm B-4;;;X
BRIG_MODEL_SOV_1_12;;;;;;;;;;;X
BRIG_MODEL_SOV_1_13;;;;;;;;;;;X
BRIG_MODEL_SOV_2_0;KV-2;KV-2;KV-2;KV-2;KV-2;KV-2;;KV-2;;;X
BRIG_MODEL_SOV_2_1;SU-76;SU-76;SU-76;SU-76;SU-76;SU-76;;SU-76;;;X
BRIG_MODEL_SOV_2_2;SU-152;SU-152;SU-152;SU-152;SU-152;SU-152;;SU-152;;;X
BRIG_MODEL_SOV_2_3;ISU-152;ISU-152;ISU-152;ISU-152;ISU-152;ISU-152;;ISU-152;;;X
BRIG_MODEL_SOV_2_4;ISU-152 m45;ISU-152 m45;ISU-152 m45;ISU-152 m45;ISU-152 m45;ISU-152 m45;;ISU-152 m45;;;X
BRIG_MODEL_SOV_2_5;ISU-152K;ISU-152K;ISU-152K;ISU-152K;ISU-152K;ISU-152K;;ISU-152K;;;X
BRIG_MODEL_SOV_2_6;ISU-152M;ISU-152M;ISU-152M;ISU-152M;ISU-152M;ISU-152M;;ISU-152M;;;X
BRIG_MODEL_SOV_6_0;ZiS-30;ZiS-30;ZiS-30;ZiS-30;ZiS-30;ZiS-30;;ZiS-30;;;X
BRIG_MODEL_SOV_6_1;SU-76;SU-76;SU-76;SU-76;SU-76;SU-76;;SU-76;;;X
BRIG_MODEL_SOV_6_2;SU-85;SU-85;SU-85;SU-85;SU-85;SU-85;;SU-85;;;X
BRIG_MODEL_SOV_6_3;SU-100;SU-100;SU-100;SU-100;SU-100;SU-100;;SU-100;;;X
BRIG_MODEL_SOV_6_4;T-44/100;T-44/100;T-44/100;T-44/100;T-44/100;T-44/100;;T-44/100;;;X
BRIG_MODEL_SOV_6_5;ASU-57;ASU-57;ASU-57;ASU-57;ASU-57;ASU-57;;ASU-57;;;X
BRIG_MODEL_SOV_6_6;ASU-85;ASU-85;ASU-85;ASU-85;ASU-85;ASU-85;;ASU-85;;;X
BRIG_MODEL_SOV_6_7;;;;;;;;;;;X
BRIG_MODEL_SOV_7_0;FT-17;FT-17;FT-17;FT-17;FT-17;FT-17;;FT-17;;;X
BRIG_MODEL_SOV_7_1;Mark A Tyeilor;Mark A Tyeilor;Mark A Tyeilor;Mark A Tyeilor;Mark A Tyeilor;Mark A Tyeilor;;Mark A Tyeilor;;;X
BRIG_MODEL_SOV_7_2;;;;;;;;;;;X
BRIG_MODEL_SOV_7_3;;;;;;;;;;;X
BRIG_MODEL_SOV_7_4;MS-1;MS-1;MS-1;MS-1;MS-1;MS-1;;MS-1;;;X
BRIG_MODEL_SOV_7_5;BT-5;BT-5;BT-5;BT-5;BT-5;BT-5;;BT-5;;;X
BRIG_MODEL_SOV_7_6;BT-7;BT-7;BT-7;BT-7;BT-7;BT-7;;BT-7;;;X
BRIG_MODEL_SOV_7_7;T-26 m38;T-26 m38;T-26 m38;T-26 m38;T-26 m38;T-26 m38;;T-26 m38;;;X
BRIG_MODEL_SOV_7_8;T-70/80;T-70/80;T-70/80;T-70/80;T-70/80;T-70/80;;T-70/80;;;X
BRIG_MODEL_SOV_8_0;Mark V Rikardo;Mark V Rikardo;Mark V Rikardo;Mark V Rikardo;Mark V Rikardo;Mark V Rikardo;;Mark V Rikardo;;;X
BRIG_MODEL_SOV_8_1;T-35;T-35;T-35;T-35;T-35;T-35;;T-35;;;X
BRIG_MODEL_SOV_8_2;KV-1;KV-1;KV-1;KV-1;KV-1;KV-1;;KV-1;;;X
BRIG_MODEL_SOV_8_3;KV-85;KV-85;KV-85;KV-85;KV-85;KV-85;;KV-85;;;X
BRIG_MODEL_SOV_8_4;IS-2;IS-2;IS-2;IS-2;IS-2;IS-2;;IS-2;;;X
BRIG_MODEL_SOV_8_5;T-10;T-10;T-10;T-10;T-10;T-10;;T-10;;;X
BRIG_MODEL_SOV_9_0;;;;;;;;;;;X
BRIG_MODEL_SOV_9_1;KV-4;KV-4;KV-4;KV-4;KV-4;KV-4;;KÂ-4;;;X
BRIG_MODEL_SOV_10_0;Nakashidze-Charon;Nakashidze-Charon;Nakashidze-Charon;Nakashidze-Charon;Nakashidze-Charon;Nakashidze-Charon;;Íàêàøèäçå-Øàððîí;;;X
BRIG_MODEL_SOV_10_1;Austin-Putilow;Austin-Putilow;Austin-Putilow;Austin-Putilow;Austin-Putilow;Austin-Putilow;;Austin-Putilow;;;X
BRIG_MODEL_SOV_10_2;Izorski-FIAT;Izorski-FIAT;Izorski-FIAT;Izorski-FIAT;Izorski-FIAT;Izorski-FIAT;;Izorski-FIAT;;;X
BRIG_MODEL_SOV_10_3;FAI;FAI;FAI;FAI;FAI;FAI;;FAI;;;X
BRIG_MODEL_SOV_10_4;BA-10;BA-10;BA-10;BA-10;BA-10;BA-10;;BA-10;;;X
BRIG_MODEL_SOV_10_5;BA-64;BA-64;BA-64;BA-64;BA-64;BA-64;;BA-64;;;X
BRIG_MODEL_SOV_10_6;BTR-152;BTR-152;BTR-152;BTR-152;BTR-152;BTR-152;;ÁÒÐ-152;;;X
BRIG_MODEL_SOV_10_7;BTR-40;BTR-40;BTR-40;BTR-40;BTR-40;BTR-40;;BTR-40;;;X
BRIG_MODEL_SOV_10_8;BRDM-1;BRDM-1;BRDM-1;BRDM-1;BRDM-1;BRDM-1;;BRDM-1;;;X
BRIG_MODEL_SOV_29_1;T-24;T-24;T-24;T-24;T-24;T-24;;T-24;;;X
BRIG_MODEL_SOV_29_2;T-28 m34;T-28 m34;T-28 m34;T-28 m34;T-28 m34;T-28 m34;;T-28 îáð. 1934 ã.;;;X
BRIG_MODEL_SOV_29_3;T-28 m38;T-28 m38;T-28 m38;T-28 m38;T-28 m38;T-28 m38;;T-28 îáð. 1938 ã.;;;X
BRIG_MODEL_SOV_29_4;T-34/76;T-34/76;T-34/76;T-34/76;T-34/76;T-34/76;;T-34/76;;;X
BRIG_MODEL_SOV_29_5;T-34/85;T-34/85;T-34/85;T-34/85;T-34/85;T-34/85;;T-34/85;;;X
BRIG_MODEL_SOV_29_6;T-44;T-44;T-44;T-44;T-44;T-44;;T-44;;;X
BRIG_MODEL_SOV_29_7;T-54;T-54;T-54;T-54;T-54;T-54;;T-54;;;X
BRIG_MODEL_SOV_29_8;T-54A;T-54A;T-54A;T-54A;T-54A;T-54A;;T-54A;;;X
BRIG_MODEL_SOV_29_9;T-55;T-55;T-55;T-55;T-55;T-55;;T-55;;;X
BRIG_MODEL_SOV_29_10;T-62;T-62;T-62;T-62;T-62;T-62;;T-62;;;X
BRIG_MODEL_SOV_30_6;Be-2 'Mote';Be-2 'Mote';Be-2 'Mote';Be-2 'Mote';Be-2 'Mote';Be-2 'Mote';;Áå-2;;;X
BRIG_MODEL_SOV_30_7;Be-4 'Mug';Be-4 'Mug';Be-4 'Mug';Be-4 'Mug';Be-4 'Mug';Be-4 'Mug';;Áå-4;;;X
BRIG_MODEL_SOV_32_0;T-37;T-37;T-37;T-37;T-37;T-37;;T-37;;;X
BRIG_MODEL_SOV_32_1;T-40;T-40;T-40;T-40;T-40;T-40;;T-40;;;X
BRIG_MODEL_SOV_33_0;T-27;T-27;T-27;T-27;T-27;T-27;;T-27;;;X
BRIG_MODEL_SOV_33_1;A-40;A-40;A-40;A-40;A-40;A-40;;A-40;;;X
BRIG_MODEL_SOV_34_0;;;;;;;;;;;X
BRIG_MODEL_SOV_34_1;;;;;;;;;;;X
BRIG_MODEL_SOV_34_2;;;;;;;;;;;X
BRIG_MODEL_SOV_34_3;;;;;;;;;;;X
BRIG_MODEL_SOV_34_4;;;;;;;;;;;X
BRIG_MODEL_SOV_35_0;305-mm gaubitsa o. 1915;305-mm gaubitsa o. 1915;305-mm gaubitsa o. 1915;305-mm gaubitsa o. 1915;305-mm gaubitsa o. 1915;305-mm gaubitsa o. 1915;;305ìì ãàóáèöà oáð. 1915 ã.;;;X
BRIG_MODEL_SOV_35_1;;;;;;;;;;;X
BRIG_MODEL_SOV_35_2;;;;;;;;;;;X
BRIG_MODEL_SOV_35_3;305-mm gaubitsa o. 1939 Br-18;305-mm gaubitsa o. 1939 Br-18;305-mm gaubitsa o. 1939 Br-18;305-mm gaubitsa o. 1939 Br-18;305-mm gaubitsa o. 1939 Br-18;305-mm gaubitsa o. 1939 Br-18;;305ìì ãàóáèöà oáð. 1939 Br-18;;;X
BRIG_MODEL_SOV_35_4;;;;;;;;;;;X
BRIG_MODEL_SOV_35_5;406-mm 2A3 Kondensator 2P;406-mm 2A3 Kondensator 2P;406-mm 2A3 Kondensator 2P;406-mm 2A3 Kondensator 2P;406-mm 2A3 Kondensator 2P;406-mm 2A3 Kondensator 2P;;406ìì 2A3 Kondensator 2P;;;X
# USSR air brigades;;;;;;;;;;;X
BRIG_MODEL_SOV_14_2;I-16/Su-2/TB-1;I-16/Su-2/TB-1;I-16/Su-2/TB-1;I-16/Su-2/TB-1;I-16/Su-2/TB-1;I-16/Su-2/TB-1;;I-16/Su-2/TB-1;;;X
BRIG_MODEL_SOV_14_3;Yak-1/Su-2/SB;Yak-1/Su-2/SB;Yak-1/Su-2/SB;Yak-1/Su-2/SB;Yak-1/Su-2/SB;Yak-1/Su-2/SB;;Yak-1/Su-2/SB;;;X
BRIG_MODEL_SOV_14_4;Yak-3/Su-2/SB;Yak-3/Su-2/SB;Yak-3/Su-2/SB;Yak-3/Su-2/SB;Yak-3/Su-2/SB;Yak-3/Su-2/SB;;Yak-3/Su-2/SB;;;X
BRIG_MODEL_SOV_14_5;Yak-9/Il-2/Pe-2;Yak-9/Il-2/Pe-2;Yak-9/Il-2/Pe-2;Yak-9/Il-2/Pe-2;Yak-9/Il-2/Pe-2;Yak-9/Il-2/Pe-2;;Yak-9/Il-2/Pe-2;;;X
BRIG_MODEL_SOV_14_6;Yak-9/Il-2/Tu-2;Yak-9/Il-2/Tu-2;Yak-9/Il-2/Tu-2;Yak-9/Il-2/Tu-2;Yak-9/Il-2/Tu-2;Yak-9/Il-2/Tu-2;;Yak-9/Il-2/Tu-2;;;X
BRIG_MODEL_SOV_14_7;Yak-17/Il-10/Tu-82;Yak-17/Il-10/Tu-82;Yak-17/Il-10/Tu-82;Yak-17/Il-10/Tu-82;Yak-17/Il-10/Tu-82;Yak-17/Il-10/Tu-82;;Yak-17/Il-10/Tu-82;;;X
BRIG_MODEL_SOV_14_8;Yak-36;Yak-36;Yak-36;Yak-36;Yak-36;Yak-36;;Yak-36;;;X
BRIG_MODEL_SOV_31_2;I-16/Su-2/TB-1;I-16/Su-2/TB-1;I-16/Su-2/TB-1;I-16/Su-2/TB-1;I-16/Su-2/TB-1;I-16/Su-2/TB-1;;I-16/Su-2/TB-1;;;X
BRIG_MODEL_SOV_31_3;Yak-1/Su-2/SB;Yak-1/Su-2/SB;Yak-1/Su-2/SB;Yak-1/Su-2/SB;Yak-1/Su-2/SB;Yak-1/Su-2/SB;;Yak-1/Su-2/SB;;;X
BRIG_MODEL_SOV_31_9;Yak-36;Yak-36;Yak-36;Yak-36;Yak-36;Yak-36;;Yak-36;;;X
BRIG_MODEL_SOV_15_0;Tupolev DI-8;Tupolev DI-8;Tupolev DI-8;Tupolev DI-8;Tupolev DI-8;Tupolev DI-8;Tupolev DI-8;Tupolev DI-8;;;X
BRIG_MODEL_SOV_15_1;Yakovlev Yak-2;Yakovlev Yak-2;Yakovlev Yak-2;Yakovlev Yak-2;Yakovlev Yak-2;Yakovlev Yak-2;Yakovlev Yak-2;Yakovlev Yak-2;;;X
BRIG_MODEL_SOV_15_2;Petlyakov Pe-3;Petlyakov Pe-3;Petlyakov Pe-3;Petlyakov Pe-3;Petlyakov Pe-3;Petlyakov Pe-3;Petlyakov Pe-3;Petlyakov Pe-3;;;X
BRIG_MODEL_SOV_15_4;Yakovlev Yak-17;Yakovlev Yak-17;Yakovlev Yak-17;Yakovlev Yak-17;Yakovlev Yak-17;Yakovlev Yak-17;;Yakovlev Yak-17;;;X
BRIG_MODEL_SOV_15_5;Yak-25;Yak-25;Yak-25;Yak-25;Yak-25;Yak-25;Yak-25;Yak-25;;;X
BRIG_MODEL_SOV_15_6;Yak-28P;Yak-28P;Yak-28P;Yak-28P;Yak-28P;Yak-28P;Yak-28P;Yak-28P;;;X
BRIG_MODEL_SOV_15_8;Tupolev Tu-128;Tupolev Tu-128;Tupolev Tu-128;Tupolev Tu-128;Tupolev Tu-128;Tupolev Tu-128;;Tupolev Tu-128;;;X
BRIG_MODEL_SOV_31_4;Yak-3/Su-2/SB;Yak-3/Su-2/SB;Yak-3/Su-2/SB;Yak-3/Su-2/SB;Yak-3/Su-2/SB;Yak-3/Su-2/SB;;Yak-3/Su-2/SB;;;X
BRIG_MODEL_SOV_31_5;Yak-9/Il-2/Pe-2;Yak-9/Il-2/Pe-2;Yak-9/Il-2/Pe-2;Yak-9/Il-2/Pe-2;Yak-9/Il-2/Pe-2;Yak-9/Il-2/Pe-2;;Yak-9/Il-2/Pe-2;;;X
BRIG_MODEL_SOV_31_6;Yak-9/Il-2/Il-4;Yak-9/Il-2/Il-4;Yak-9/Il-2/Il-4;Yak-9/Il-2/Il-4;Yak-9/Il-2/Il-4;Yak-9/Il-2/Il-4;;Yak-9/Il-2/Il-4;;;X
BRIG_MODEL_SOV_31_7;Yak-17/Il-10/Tu-82;Yak-17/Il-10/Tu-82;Yak-17/Il-10/Tu-82;Yak-17/Il-10/Tu-82;Yak-17/Il-10/Tu-82;Yak-17/Il-10/Tu-82;;Yak-17/Il-10/Tu-82;;;X
BRIG_MODEL_SOV_31_8;Yak-36;Yak-36;Yak-36;Yak-36;Yak-36;Yak-36;;Yak-36;;;X
# USSR;;;;;;;;;;;X
# land units;;;;;;;;;;;X
MODEL_SOV_4_0;BT-5;BT-5;BT-5;BT-5;BT-5;BT-5;;BT-5;;;X
MODEL_SOV_4_1;BT-7;BT-7;BT-7;BT-7;BT-7;BT-7;;BT-7;;;X
MODEL_SOV_4_2;T-26 m28;T-26 m28;T-26 m28;T-26 m28;T-26 m28;T-26 m28;;T-26 m28;;;X
MODEL_SOV_5_0;T-34/76 m40;T-34/76 m40;T-34/76 m40;T-34/76 m40;T-34/76 m40;T-34/76 m40;;T-34/76 m40;;;X
MODEL_SOV_5_1;T-34/76 m41;T-34/76 m41;T-34/76 m41;T-34/76 m41;T-34/76 m41;T-34/76 m41;;T-34/76 m41;;;X
MODEL_SOV_5_2;T-34/76 m43;T-34/76 m43;T-34/76 m43;T-34/76 m43;T-34/76 m43;T-34/76 m43;;T-34/76 m43;;;X
MODEL_SOV_5_3;T-34/85;T-34/85;T-34/85;T-34/85;T-34/85;T-34/85;;T-34/85;;;X
MODEL_SOV_5_4;T-44;T-44;T-44;T-44;T-44;T-44;;T-44;;;X
MODEL_SOV_5_5;T-54;T-54;T-54;T-54;T-54;T-54;;T-54;;;X
MODEL_SOV_5_6;T-55;T-55;T-55;T-55;T-55;T-55;;T-55;;;X
MODEL_SOV_5_7;T-62;T-62;T-62;T-62;T-62;T-62;;T-62;;;X
# air units;;;;;;;;;;;X
MODEL_SOV_12_0;Nieuport 10;Nieuport 10;Nieuport 10;Nieuport 10;Nieuport 10;Nieuport 10;Nieuport 10;Nieuport 10;;;X
MODEL_SOV_12_1;Sikorsky S-XVI;Sikorsky S-XVI;Sikorsky S-XVI;Sikorsky S-XVI;Sikorsky S-XVI;Sikorsky S-XVI;Sikorsky S-XVI;Sikorsky S-XVI;;;X
MODEL_SOV_12_2;Farman HF.30;Farman HF.30;Farman HF.30;Farman HF.30;Farman HF.30;Farman HF.30;Farman HF.30;Farman HF.30;;;X
MODEL_SOV_12_3;Polikarpov I-5;Polikarpov I-5;Polikarpov I-5;Polikarpov I-5;Polikarpov I-5;Polikarpov I-5;Polikarpov I-5;Polikarpov I-5;;;X
MODEL_SOV_12_4;Polikarpov I-16 Ishak;Polikarpov I-16 Ishak;Polikarpov I-16 Ishak;Polikarpov I-16 Ishak;Polikarpov I-16 Ishak;Polikarpov I-16 Ishak;Polikarpov I-16 Ishak;Polikarpov I-16 Ishak;;;X
MODEL_SOV_12_5;Mikoyan-Gurevich MiG-3;Mikoyan-Gurevich MiG-3;Mikoyan-Gurevich MiG-3;Mikoyan-Gurevich MiG-3;Mikoyan-Gurevich MiG-3;Mikoyan-Gurevich MiG-3;Mikoyan-Gurevich MiG-3;Mikoyan-Gurevich MiG-3;;;X
MODEL_SOV_12_6;Lavochkin La-5;Lavochkin La-5;Lavochkin La-5;Lavochkin La-5;Lavochkin La-5;Lavochkin La-5;Lavochkin La-5;Lavochkin La-5;;;X
MODEL_SOV_12_7;Lavochkin La-7;Lavochkin La-7;Lavochkin La-7;Lavochkin La-7;Lavochkin La-7;Lavochkin La-7;Lavochkin La-7;Lavochkin La-7;;;X
MODEL_SOV_12_9;Mikoyan-Gurevich MiG-9;Mikoyan-Gurevich MiG-9;Mikoyan-Gurevich MiG-9;Mikoyan-Gurevich MiG-9;Mikoyan-Gurevich MiG-9;Mikoyan-Gurevich MiG-9;Mikoyan-Gurevich MiG-9;Mikoyan-Gurevich MiG-9;;;X
MODEL_SOV_12_10;Mikoyan-Gurevich MiG-15;Mikoyan-Gurevich MiG-15;Mikoyan-Gurevich MiG-15;Mikoyan-Gurevich MiG-15;Mikoyan-Gurevich MiG-15;Mikoyan-Gurevich MiG-15;Mikoyan-Gurevich MiG-15;Mikoyan-Gurevich MiG-15;;;X
MODEL_SOV_12_11;Mikoyan-Gurevich MiG-17;Mikoyan-Gurevich MiG-17;Mikoyan-Gurevich MiG-17;Mikoyan-Gurevich MiG-17;Mikoyan-Gurevich MiG-17;Mikoyan-Gurevich MiG-17;Mikoyan-Gurevich MiG-17;Mikoyan-Gurevich MiG-17;;;X
MODEL_SOV_12_12;Mikoyan-Gurevich MiG-19;Mikoyan-Gurevich MiG-19;Mikoyan-Gurevich MiG-19;Mikoyan-Gurevich MiG-19;Mikoyan-Gurevich MiG-19;Mikoyan-Gurevich MiG-19;Mikoyan-Gurevich MiG-19;Mikoyan-Gurevich MiG-19;;;X
MODEL_SOV_12_13;Mikoyan-Gurevich MiG-21;Mikoyan-Gurevich MiG-21;Mikoyan-Gurevich MiG-21;Mikoyan-Gurevich MiG-21;Mikoyan-Gurevich MiG-21;Mikoyan-Gurevich MiG-21;Mikoyan-Gurevich MiG-21;Mikoyan-Gurevich MiG-21;;;X
MODEL_SOV_13_0;Morane-Saulnier G;Morane-Saulnier G;Morane-Saulnier G;Morane-Saulnier G;Morane-Saulnier G;Morane-Saulnier G;Morane-Saulnier G;Morane-Saulnier G;;;X
MODEL_SOV_13_1;Morane-Saulnier L;Morane-Saulnier L;Morane-Saulnier L;Morane-Saulnier L;Morane-Saulnier L;Morane-Saulnier L;Morane-Saulnier L;Morane-Saulnier L;;;X
MODEL_SOV_13_2;Mosca-Bistritsky MB-bis;Mosca-Bistritsky MB-bis;Mosca-Bistritsky MB-bis;Mosca-Bistritsky MB-bis;Mosca-Bistritsky MB-bis;Mosca-Bistritsky MB-bis;Mosca-Bistritsky MB-bis;Mosca-Bistritsky MB-bis;;;X
MODEL_SOV_13_3;Anatra Anamon;Anatra Anamon;Anatra Anamon;Anatra Anamon;Anatra Anamon;Anatra Anamon;Anatra Anamon;Anatra Anamon;;;X
MODEL_SOV_13_4;Anatra Anadis;Anatra Anadis;Anatra Anadis;Anatra Anadis;Anatra Anadis;Anatra Anadis;Anatra Anadis;Anatra Anadis;;;X
MODEL_SOV_13_5;Polikarpov I-1;Polikarpov I-1;Polikarpov I-1;Polikarpov I-1;Polikarpov I-1;Polikarpov I-1;;Polikarpov I-1;;;X
MODEL_SOV_13_6;Polikarpov I-3;Polikarpov I-3;Polikarpov I-3;Polikarpov I-3;Polikarpov I-3;Polikarpov I-3;;È-16;;;X
MODEL_SOV_13_7;Polikarpov I-15 Chaika;Polikarpov I-15 Chaika;Polikarpov I-15 Chaika;Polikarpov I-15 Chaika;Polikarpov I-15 Chaika;Polikarpov I-15 Chaika;Polikarpov I-15 Chaika;Polikarpov I-15 Chaika;;;X
MODEL_SOV_13_8;Yakovlev Yak-1;Yakovlev Yak-1;Yakovlev Yak-1;Yakovlev Yak-1;Yakovlev Yak-1;Yakovlev Yak-1;Yakovlev Yak-1;Yakovlev Yak-1;;;X
MODEL_SOV_13_9;Yakovlev Yak-3;Yakovlev Yak-3;Yakovlev Yak-3;Yakovlev Yak-3;Yakovlev Yak-3;Yakovlev Yak-3;Yakovlev Yak-3;Yakovlev Yak-3;;;X
MODEL_SOV_13_10;Yakovlev Yak-9;Yakovlev Yak-9;Yakovlev Yak-9;Yakovlev Yak-9;Yakovlev Yak-9;Yakovlev Yak-9;Yakovlev Yak-9;Yakovlev Yak-9;;;X
MODEL_SOV_13_11;Yakovlev Yak-15;Yakovlev Yak-15;Yakovlev Yak-15;Yakovlev Yak-15;Yakovlev Yak-15;Yakovlev Yak-15;Yakovlev Yak-15;Yakovlev Yak-15;;;X
MODEL_SOV_13_12;Yakovlev Yak-17;Yakovlev Yak-17;Yakovlev Yak-17;Yakovlev Yak-17;Yakovlev Yak-17;Yakovlev Yak-17;Yakovlev Yak-17;Yakovlev Yak-17;;;X
MODEL_SOV_13_13;Lavochkin La-15;Lavochkin La-15;Lavochkin La-15;Lavochkin La-15;Lavochkin La-15;Lavochkin La-15;Lavochkin La-15;Lavochkin La-15;;;X
MODEL_SOV_13_14;Yakovlev Yak-23;Yakovlev Yak-23;Yakovlev Yak-23;Yakovlev Yak-23;Yakovlev Yak-23;Yakovlev Yak-23;Yakovlev Yak-23;Yakovlev Yak-23;;;X
MODEL_SOV_13_15;Sukhoi Su-9;Sukhoi Su-9;Sukhoi Su-9;Sukhoi Su-9;Sukhoi Su-9;Sukhoi Su-9;Sukhoi Su-9;Sukhoi Su-9;;;X
MODEL_SOV_13_16;Sukhoi Su-11;Sukhoi Su-11;Sukhoi Su-11;Sukhoi Su-11;Sukhoi Su-11;Sukhoi Su-11;Sukhoi Su-11;Sukhoi Su-11;;;X
MODEL_SOV_32_0;Bereznyak-Isayev BI-1;Bereznyak-Isayev BI-1;Bereznyak-Isayev BI-1;Bereznyak-Isayev BI-1;Bereznyak-Isayev BI-1;Bereznyak-Isayev BI-1;Bereznyak-Isayev BI-1;Bereznyak-Isayev BI-1;;;X
MODEL_SOV_32_1;Bereznyak-Isayev BI-6;Bereznyak-Isayev BI-6;Bereznyak-Isayev BI-6;Bereznyak-Isayev BI-6;Bereznyak-Isayev BI-6;Bereznyak-Isayev BI-6;Bereznyak-Isayev BI-6;Bereznyak-Isayev BI-6;;;X
MODEL_SOV_14_0;Sikorsky Ilya Muromets;Sikorsky Ilya Muromets;Sikorsky Ilya Muromets;Sikorsky Ilya Muromets;Sikorsky Ilya Muromets;Sikorsky Ilya Muromets;Sikorsky Ilya Muromets;Sikorsky Ilya Muromets;;;X
MODEL_SOV_14_1;Anatra DE;Anatra DE;Anatra DE;Anatra DE;Anatra DE;Anatra DE;Anatra DE;Anatra DE;;;X
MODEL_SOV_14_2;Tupolev TB-3;Tupolev TB-3;Tupolev TB-3;Tupolev TB-3;Tupolev TB-3;Tupolev TB-3;Tupolev TB-3;Tupolev TB-3;;;X
MODEL_SOV_14_3;Tupolev TB-6;Tupolev TB-6;Tupolev TB-6;Tupolev TB-6;Tupolev TB-6;Tupolev TB-6;Tupolev TB-6;Tupolev TB-6;;;X
MODEL_SOV_14_4;Petlyakov Pe-8;Petlyakov Pe-8;Petlyakov Pe-8;Petlyakov Pe-8;Petlyakov Pe-8;Petlyakov Pe-8;Petlyakov Pe-8;Petlyakov Pe-8;;;X
MODEL_SOV_14_5;Tupolev Tu-4;Tupolev Tu-4;Tupolev Tu-4;Tupolev Tu-4;Tupolev Tu-4;Tupolev Tu-4;Tupolev Tu-4;Tupolev Tu-4;;;X
MODEL_SOV_14_6;Myasishchev M-4;Myasishchev M-4;Myasishchev M-4;Myasishchev M-4;Myasishchev M-4;Myasishchev M-4;Myasishchev M-4;Myasishchev M-4;;;X
MODEL_SOV_14_7;Tupolev Tu-16;Tupolev Tu-16;Tupolev Tu-16;Tupolev Tu-16;Tupolev Tu-16;Tupolev Tu-16;Tupolev Tu-16;Tupolev Tu-16;;;X
MODEL_SOV_14_8;Tupolev Tu-95;Tupolev Tu-95;Tupolev Tu-95;Tupolev Tu-95;Tupolev Tu-95;Tupolev Tu-95;Tupolev Tu-95;Tupolev Tu-95;;;X
MODEL_SOV_14_9;Myasishchev M-50;Myasishchev M-50;Myasishchev M-50;Myasishchev M-50;Myasishchev M-50;Myasishchev M-50;Myasishchev M-50;Myasishchev M-50;;;X
MODEL_SOV_15_4;Tupolev TB-1;Tupolev TB-1;Tupolev TB-1;Tupolev TB-1;Tupolev TB-1;Tupolev TB-1;Tupolev TB-1;Tupolev TB-1;;;X
MODEL_SOV_15_5;Tupolev SB Katyusha;Tupolev SB Katyusha;Tupolev SB Katyusha;Tupolev SB Katyusha;Tupolev SB Katyusha;Tupolev SB Katyusha;Tupolev SB Katyusha;Tupolev SB Katyusha;;;X
MODEL_SOV_15_6;Petlyakov Pe-2 Peshka;Petlyakov Pe-2 Peshka;Petlyakov Pe-2 Peshka;Petlyakov Pe-2 Peshka;Petlyakov Pe-2 Peshka;Petlyakov Pe-2 Peshka;Petlyakov Pe-2 Peshka;Petlyakov Pe-2 Peshka;;;X
MODEL_SOV_15_7;Ilyushin Il-4;Ilyushin Il-4;Ilyushin Il-4;Ilyushin Il-4;Ilyushin Il-4;Ilyushin Il-4;Ilyushin Il-4;Ilyushin Il-4;;;X
MODEL_SOV_15_8;Tupolev Tu-2;Tupolev Tu-2;Tupolev Tu-2;Tupolev Tu-2;Tupolev Tu-2;Tupolev Tu-2;Tupolev Tu-2;Tupolev Tu-2;;;X
MODEL_SOV_15_9;Tupolev Tu-12;Tupolev Tu-12;Tupolev Tu-12;Tupolev Tu-12;Tupolev Tu-12;Tupolev Tu-12;Tupolev Tu-12;Tupolev Tu-12;;;X
MODEL_SOV_15_10;Tupolev Tu-82;Tupolev Tu-82;Tupolev Tu-82;Tupolev Tu-82;Tupolev Tu-82;Tupolev Tu-82;Tupolev Tu-82;Tupolev Tu-82;;;X
MODEL_SOV_15_11;Ilyushin Il-28;Ilyushin Il-28;Ilyushin Il-28;Ilyushin Il-28;Ilyushin Il-28;Ilyushin Il-28;Ilyushin Il-28;Ilyushin Il-28;;;X
MODEL_SOV_15_12;Ilyushin Il-54;Ilyushin Il-54;Ilyushin Il-54;Ilyushin Il-54;Ilyushin Il-54;Ilyushin Il-54;Ilyushin Il-54;Ilyushin Il-54;;;X
MODEL_SOV_16_2;Arkhangelsky Ar-2;Arkhangelsky Ar-2;Arkhangelsky Ar-2;Arkhangelsky Ar-2;Arkhangelsky Ar-2;Arkhangelsky Ar-2;Arkhangelsky Ar-2;Arkhangelsky Ar-2;;;X
MODEL_SOV_16_3;Ilyushin Il-4T;Ilyushin Il-4T;Ilyushin Il-4T;Ilyushin Il-4T;Ilyushin Il-4T;Ilyushin Il-4T;Ilyushin Il-4T;Ilyushin Il-4T;;;X
MODEL_SOV_16_4;Tupolev Tu-2T;Tupolev Tu-2T;Tupolev Tu-2T;Tupolev Tu-2T;Tupolev Tu-2T;Tupolev Tu-2T;Tupolev Tu-2T;Tupolev Tu-2T;;;X
MODEL_SOV_16_6;Beriev Be-6;Beriev Be-6;Beriev Be-6;Beriev Be-6;Beriev Be-6;Beriev Be-6;;Beriev Be-6;;;X
MODEL_SOV_16_8;Beriev Be-12;Beriev Be-12;Beriev Be-12;Beriev Be-12;Beriev Be-12;Beriev Be-12;;Beriev Be-12;;;X
MODEL_SOV_17_0;Sukhoi Su-2;Sukhoi Su-2;Sukhoi Su-2;Sukhoi Su-2;Sukhoi Su-2;Sukhoi Su-2;Sukhoi Su-2;Sukhoi Su-2;;;X
MODEL_SOV_17_1;Sukhoi Su-4;Sukhoi Su-4;Sukhoi Su-4;Sukhoi Su-4;Sukhoi Su-4;Sukhoi Su-4;Sukhoi Su-4;Sukhoi Su-4;;;X
MODEL_SOV_17_2;Ilyushin Il-2 Shturmovik;Ilyushin Il-2 Shturmovik;Ilyushin Il-2 Shturmovik;Ilyushin Il-2 Shturmovik;Ilyushin Il-2 Shturmovik;Ilyushin Il-2 Shturmovik;Ilyushin Il-2 Shturmovik;Ilyushin Il-2 Shturmovik;;;X
MODEL_SOV_17_3;Ilyushin Il-2M Shturmovik;Ilyushin Il-2M Shturmovik;Ilyushin Il-2M Shturmovik;Ilyushin Il-2M Shturmovik;Ilyushin Il-2M Shturmovik;Ilyushin Il-2M Shturmovik;Ilyushin Il-2M Shturmovik;Ilyushin Il-2M Shturmovik;;;X
MODEL_SOV_17_4;Ilyushin Il-10;Ilyushin Il-10;Ilyushin Il-10;Ilyushin Il-10;Ilyushin Il-10;Ilyushin Il-10;Ilyushin Il-10;Ilyushin Il-10;;;X
MODEL_SOV_17_5;Ilyushin Il-16;Ilyushin Il-16;Ilyushin Il-16;Ilyushin Il-16;Ilyushin Il-16;Ilyushin Il-16;Ilyushin Il-16;Ilyushin Il-16;;;X
MODEL_SOV_17_6;Su-7;Su-7;Su-7;Su-7;Su-7;Su-7;Su-7;Su-7;;;X
MODEL_SOV_18_0;Tupolev TB-3;Tupolev TB-3;Tupolev TB-3;Tupolev TB-3;Tupolev TB-3;Tupolev TB-3;;Ëè-2Â;;;X
MODEL_SOV_18_1;Lisunov Li-2;Lisunov Li-2;Lisunov Li-2;Lisunov Li-2;Lisunov Li-2;Lisunov Li-2;Lisunov Li-2;Lisunov Li-2;;;X
MODEL_SOV_18_2;Lisunov Li-2V;Lisunov Li-2V;Lisunov Li-2V;Lisunov Li-2V;Lisunov Li-2V;Lisunov Li-2V;Lisunov Li-2V;Lisunov Li-2V;;;X
MODEL_SOV_18_3;Ilyushin Il-12;Ilyushin Il-12;Ilyushin Il-12;Ilyushin Il-12;Ilyushin Il-12;Ilyushin Il-12;Ilyushin Il-12;Ilyushin Il-12;;;X
MODEL_SOV_18_4;Antonov An-2;Antonov An-2;Antonov An-2;Antonov An-2;Antonov An-2;Antonov An-2;;Antonov An-2;;;X
MODEL_SOV_18_5;Antonov An-8;Antonov An-8;Antonov An-8;Antonov An-8;Antonov An-8;Antonov An-8;;Antonov An-8;;;X
MODEL_SOV_20_0;SUB-1 Scunner;SUB-1 Scunner;SUB-1 Scunner;SUB-1 Scunner;SUB-1 Scunner;SS-1 Scunner;;SUB-1 Scunner;;;X
MODEL_SOV_20_1;SUB-3 Shyster;SUB-3 Shyster;SUB-3 Shyster;SUB-3 Shyster;SUB-3 Shyster;SS-3 Shyster;;SUB-3 Shyster;;;X
MODEL_SOV_20_2;SUB-6 Sapwood;SUB-6 Sapwood;SUB-6 Sapwood;SUB-6 Sapwood;SUB-6 Sapwood;SS-6 Sapwood;;SUB-6 Sapwood;;;X
# naval units;;;;;;;;;;;X
MODEL_SOV_21_0;Rusalka-class;Classe Rusalka;Classe Rusalka;Clase Rusalka;Rusalka-Klasse;Rusalka-Klasse;;Rusalka-Klasse;;;X
MODEL_SOV_21_1;Petropavlosk-class;Classe Petropavlosk;Classe Petropavlosk;Clase Petropavlosk;Petropavlosk-Klasse;Petropavlosk-Klasse;;Petropavlosk-Klasse;;;X
MODEL_SOV_21_2;Gangut-class;Classe Gangut;Classe Gangut;Clase Gangut;Gangut-Klasse;Gangut-Klasse;;Gangut-Klasse;;;X
MODEL_SOV_21_8;Sovyetskiy Soyuz-class;Classe Sovyetskiy Soyuz;Classe Sovyetskiy Soyuz;Clase Sovyetskiy Soyuz;Sovyetskiy Soyuz-Klasse;Sovyetskiy Soyuz-Klasse;;Sovyetskiy Soyuz-Klasse;;;X
MODEL_SOV_22_0;Komintern-class;Classe Komintern;Classe Komintern;Clase Komintern;Komintern-Klasse;Komintern-Klasse;;Komintern-Klasse;;;X
MODEL_SOV_22_2;Svetlana-class;Classe Svetlana;Classe Svetlana;Clase Svetlana;Svetlana-Klasse;Svetlana-Klasse;;Svetlana-Klasse;;;X
MODEL_SOV_22_3;Profintern-class;Classe Profintern;Classe Profintern;Clase Profintern;Profintern-Klasse;Profintern-Klasse;;Profintern-Klasse;;;X
MODEL_SOV_22_5;Project 65-class;Classe Project 65;Classe Project 65;Clase Project 65;Project 65-Klasse;Project 65-Klasse;;Project 65-Klasse;;;X
MODEL_SOV_22_8;Kynda-class;Classe Kynda;Classe Kynda;Clase Kynda;Kynda-Klasse;Kynda-Klasse;;Kynda-Klasse;;;X
MODEL_SOV_23_0;Kniaz Pozharskii-class;Classe Kniaz Pozharskii;Classe Kniaz Pozharskii;Clase Kniaz Pozharskii;Kniaz Pozharskii-Klasse;Kniaz Pozharskii-Klasse;;Kniaz Pozharskii-Klasse;;;X
MODEL_SOV_23_1;Bayan-class;Classe Bayan;Classe Bayan;Clase Bayan;Bayan-Klasse;Bayan-klasa;;Bayan-Klasse;;;X
MODEL_SOV_23_5;Kirov-class;Classe Kirov;Classe Kirov;Clase Kirov;Kirov-Klasse;Kirov-Klasse;;Kirov-Klasse;;;X
MODEL_SOV_23_6;Chapayev-class;Classe Chapayev;Classe Chapayev;Clase Chapayev;Chapayev-Klasse;Chapayev-Klasse;;Chapayev-Klasse;;;X
MODEL_SOV_23_7;Sverdlov-class;Classe Sverdlov;Classe Sverdlov;Clase Sverdlov;Sverdlov-Klasse;Sverdlov-Klasse;;Sverdlov-Klasse;;;X
MODEL_SOV_23_8;Slava-class;Classe Slava;Classe Slava;Clase Slava;Slava-Klasse;Slava-Klasse;;Slava-Klasse;;;X
MODEL_SOV_24_1;Borodino-class;Classe Borodino;Classe Borodino;Clase Borodino;Borodino-Klasse;Borodino-klasa;;Borodino-Klasse;;;X
MODEL_SOV_24_3;Kronshtadt-class;Classe Kronshtadt;Classe Kronshtadt;Clase Kronshtadt;Kronshtadt-Klasse;Kronshtadt-klasa;;Kronshtadt-Klasse;;;X
MODEL_SOV_24_5;Stalingrad-class;Classe Stalingrad;Classe Stalingrad;Clase Stalingrad;Stalingrad-Klasse;Stalingrad-klasa;;Stalingrad-Klasse;;;X
MODEL_SOV_25_0;Pruitki-class;Classe Pruitki;Classe Pruitki;Clase Pruitki;Pruitki-Klasse;Pruitki-klasa;;Pruitki-Klasse;;;X
MODEL_SOV_25_1;Tverdi-class;Classe Tverdi;Classe Tverdi;Clase Tverdi;Tverdi-Klasse;Tverdi-klasa;;Tverdi-Klasse;;;X
MODEL_SOV_25_2;Yakov Sverdlov-class;Classe Yakov Sverdlov;Classe Yakov Sverdlov;Clase Yakov Sverdlov;Yakov Sverdlov-Klasse;Yakov Sverdlov-klasa;;Yakov Sverdlov-Klasse;;;X
MODEL_SOV_25_3;Derzky-class;Classe Derzky;Classe Derzky;Clase Derzky;Derzky-Klasse;Derzky-klasa;;Derzky-Klasse;;;X
MODEL_SOV_25_4;Gnevny-class;Classe Gnevny;Classe Gnevny;Clase Gnevny;Gnevny-Klasse;Gnevny-klasa;;Gnevny-Klasse;;;X
MODEL_SOV_25_6;Ognevoy-class;Classe Ognevoy;Classe Ognevoy;Clase Ognevoy;Ognevoy-Klasse;Ognevoy-klasa;;Ognevoy-Klasse;;;X
MODEL_SOV_25_7;Opytny-class;Classe Opytny;Classe Opytny;Clase Opytny;Opytny-Klasse;Opytny-klasa;;Opytny-Klasse;;;X
MODEL_SOV_25_8;Skoriy-class;Classe Skoriy;Classe Skoriy;Clase Skoriy;Skoriy-Klasse;Skoriy-klasa;;Skoriy-Klasse;;;X
MODEL_SOV_25_9;Kotlin-class;Classe Kotlin;Classe Kotlin;Clase Kotlin;Kotlin-Klasse;Kotlin-klasa;;Kotlin-Klasse;;;X
MODEL_SOV_26_5;Project 72-class;Classe Project 72;Classe Project 72;Clase Project 72;Project 72-Klasse;Project 72-klasa;;Project 72-Klasse;;;X
MODEL_SOV_26_6;Kostromitinova-class;Classe Kostromitinova;Classe Kostromitinova;Clase Kostromitinova;Kostromitinova-Klasse;Kostromitinova-klasa;;Kostromitinova-Klasse;;;X
MODEL_SOV_26_7;Project 85-class;Classe Project 85;Classe Project 85;Clase Project 85;Project 85-Klasse;Project 85-klasa;;Project 85-Klasse;;;X
MODEL_SOV_28_0;Drzewiecki-class;Drzewiecki-class;Classe Drzewiecki;Clase Drzewiecki;Drzewiecki-Klasse;Drzewiecki-class;;Drzewiecki-Klasse;;;X
MODEL_SOV_28_1;Narval-class;Narval-class;Classe Narval;Clase Narval;Narval-Klasse;Narval-class;;Narval-Klasse;;;X
MODEL_SOV_28_2;AG-boat-class;AG-boat-class;Classe AG-boat;Clase AG-boat;AG-boat-Klasse;AG-boat-class;;AG-boat-Klasse;;;X
MODEL_SOV_28_3;Series I;Series I;Classe Series I;Clase Series I;Series I;Series I;;Series I;;;X
MODEL_SOV_28_4;Series II;Series II;Classe Series II;Clase Series II;Series II;Series II;;Series II;;;X
MODEL_SOV_28_5;Series XII;Series XII;Classe Series XII;Clase Series XII;Series XII;Series XII;;Series XII;;;X
MODEL_SOV_28_6;Series IX;Series IX;Classe Series IX;Clase Series IX;Series IX;Series IX;;Series IX;;;X
MODEL_SOV_28_7;Series XIV;Series XIV;Classe Series XIV;Clase Series XIV;Series XIV;Series XIV;;Series XIV;;;X
MODEL_SOV_28_8;Whiskey-class;Whiskey-class;Classe Whiskey;Clase Whiskey;Whiskey-Klasse;Whiskey-class;;Whiskey-Klasse;;;X
MODEL_SOV_28_9;Romeo-class;Romeo-class;Classe Romeo;Clase Romeo;Romeo-Klasse;Romeo-class;;Romeo-Klasse;;;X
MODEL_SOV_28_10;November-class;November-class;Classe November;Clase November;November-Klasse;November-class;;November-Klasse;;;X
MODEL_SOV_28_11;Echo-class;Echo-class;Classe Echo;Clase Echo;Echo-Klasse;Echo-class;;Echo-Klasse;;;X
MODEL_SOV_28_12;Victor-class;Victor-class;Classe Victor;Clase Victor;Victor-Klasse;Victor-class;;Victor-Klasse;;;X
MODEL_SOV_29_1;K-class;Classe K;Classe K;Clase K;K-Klasse;K-klasa;;K-êëàññ;;;X
MODEL_SOV_30_1;Abkhazia-class;Classe Abkhazia;Classe Abkhazia;Clase Abkhazia;Abkhazia-Klasse;Abkhazia-klasa;;Abkhazia-Klasse;;;X
MODEL_SOV_30_2;Iosif Stalin-class;Classe Iosif Stalin;Classe Iosif Stalin;Clase Iosif Stalin;Iosif Stalin-Klasse;Iosif Stalin-klasa;;Iosif Stalin-Klasse;;;X
MODEL_SOV_31_1;Projekt 71-class;Classe Projekt 71;Classe Projekt 71;Clase Projekt 71;Projekt 71-Klasse;Projekt 71-klasa;;Projekt 71-Klasse;;;X
# USA;;;;;;;;;;;X
# land brigades;;;;;;;;;;;X
BRIG_MODEL_USA_1_0;3inch M1902;3inch M1902;3inch M1902;3inch M1902;3inch M1902;3inch M1902;;3inch M1902;;;X
BRIG_MODEL_USA_1_1;6inch M1908;6inch M1908;6inch M1908;6inch M1908;6inch M1908;6inch M1908;;6inch M1908;;;X
BRIG_MODEL_USA_1_2;15,5cm Howitzer M1917A1;15,5cm Howitzer M1917A1;15,5cm Howitzer M1917A1;15,5cm Howitzer M1917A1;15,5cm Howitzer M1917A1;15,5cm Howitzer M1917A1;;15,5cm Howitzer M1917A1;;;X
BRIG_MODEL_USA_1_3;15,5cm Cannon M1917;15,5cm Cannon M1917;15,5cm Cannon M1917;15,5cm Cannon M1917;15,5cm Cannon M1917;15,5cm Cannon M1917;;15,5cm Cannon M1917;;;X
BRIG_MODEL_USA_1_4;;;;;;;;;;;X
BRIG_MODEL_USA_1_5;7,5cm M1;7,5cm M1;7,5cm M1;7,5cm M1;7,5cm M1;7,5cm M1;;7,5cm M1;;;X
BRIG_MODEL_USA_1_6;;;;;;;;;;;X
BRIG_MODEL_USA_1_7;203mm Howitzer M115;203mm Howitzer M115;203mm Howitzer M115;203mm Howitzer M115;203mm Howitzer M115;203mm Howitzer M115;;203mm Howitzer M115;;;X
BRIG_MODEL_USA_1_8;15,5cm Long Tom;15,5cm Long Tom;15,5cm Long Tom;15,5cm Long Tom;15,5cm Long Tom;15,5cm Long Tom;;15,5cm Long Tom;;;X
BRIG_MODEL_USA_1_9;105mm M2A1;105mm M2A1;105mm M2A1;105mm M2A1;105mm M2A1;105mm M2A1;;105mm M2A1;;;X
BRIG_MODEL_USA_1_10;155mm Howitzer M114;155mm Howitzer M114;155mm Howitzer M114;155mm Howitzer M114;155mm Howitzer M114;203mm Howitzer M115;;155mm Howitzer M114;;;X
BRIG_MODEL_USA_1_11;15,5cm M59 Long Tom;15,5cm M59 Long Tom;15,5cm M59 Long Tom;15,5cm M59 Long Tom;15,5cm M59 Long Tom;15,5cm M59 Long Tom;;15,5cm M59 Long Tom;;;X
BRIG_MODEL_USA_1_12;;;;;;;;;;;X
BRIG_MODEL_USA_1_13;;;;;;;;;;;X
BRIG_MODEL_USA_2_0;M3 GMC;M3 GMC;M3 GMC;M3 GMC;M3 GMC;M3 GMC;;M3 GMC;;;X
BRIG_MODEL_USA_2_1;M8 Scot;M8 Scot;M8 Scot;M8 Scot;M8 Scot;M8 Scot;;M8 Scot;;;X
BRIG_MODEL_USA_2_2;M7 Priest;M7 Priest;M7 Priest;M7 Priest;M7 Priest;M7 Priest;;M7 Priest;;;X
BRIG_MODEL_USA_2_3;M12 GMC;M12 GMC;M12 GMC;M12 GMC;M12 GMC;M12 GMC;;M12 GMC;;;X
BRIG_MODEL_USA_2_4;M40 GMC;M40 GMC;M40 GMC;M40 GMC;M40 GMC;M40 GMC;;M40 GMC;;;X
BRIG_MODEL_USA_2_5;M53 GMC;M53 GMC;M53 GMC;M53 GMC;M53 GMC;M53 GMC;;M53 GMC;;;X
BRIG_MODEL_USA_2_6;;;;;;;;;;;X
BRIG_MODEL_USA_2_7;M107 GMC;M107 GMC;M107 GMC;M107 GMC;M107 GMC;M107 GMC;;M107 GMC;;;X
BRIG_MODEL_USA_6_0;3,7cm Gun Portee;3,7cm Gun Portee;3,7cm Gun Portee;3,7cm Gun Portee;3,7cm Gun Portee;3,7cm Gun Portee;;3,7cm Gun Portee;;;X
BRIG_MODEL_USA_6_1;M10 Wolverine;M10 Wolverine;M10 Wolverine;M10 Wolverine;M10 Wolverine;M10 Wolverine;;M10 Wolverine;;;X
BRIG_MODEL_USA_6_2;M18 Hellcat;M18 Hellcat;M18 Hellcat;M18 Hellcat;M18 Hellcat;M18 Hellcat;;M18 Hellcat;;;X
BRIG_MODEL_USA_6_3;M36 Jackson;M36 Jackson;M36 Jackson;M36 Jackson;M36 Jackson;M36 Jackson;;M36 Jackson;;;X
BRIG_MODEL_USA_6_4;T95 GMC;T95 GMC;T95 GMC;T95 GMC;T95 GMC;T95 GMC;;T95 GMC;;;X
BRIG_MODEL_USA_6_5;M56 Scorpion;M56 Scorpion;M56 Scorpion;M56 Scorpion;M56 Scorpion;M56 Scorpion;;M56 Scorpion;;;X
BRIG_MODEL_USA_6_6;M50 Ontos;M50 Ontos;M50 Ontos;M50 Ontos;M50 Ontos;M50 Ontos;;M50 Ontos;;;X
BRIG_MODEL_USA_7_0;Six-Ton Tank M1917;Six-Ton Tank M1917;Six-Ton Tank M1917;Six-Ton Tank M1917;Six-Ton Tank M1917;Six-Ton Tank M1917;;Six-Ton Tank M1917;;;X
BRIG_MODEL_USA_7_1;Christie M1919;Christie M1919;Christie M1919;Christie M1919;Christie M1919;Christie M1919;;Christie M1919;;;X
BRIG_MODEL_USA_7_2;Christie M1921;Christie M1921;Christie M1921;Christie M1921;Christie M1921;Christie M1921;;Christie M1921;;;X
BRIG_MODEL_USA_7_3;T1 Light Tank;T1 Light Tank;T1 Light Tank;T1 Light Tank;T1 Light Tank;T1 Light Tank;;T1 Light Tank;;;X
BRIG_MODEL_USA_7_4;T1E3 Light Tank;T1E3 Light Tank;T1E3 Light Tank;T1E3 Light Tank;T1E3 Light Tank;T1E3 Light Tank;;T1E3 Light Tank;;;X
BRIG_MODEL_USA_7_5;M2A4 Light Tank;M2A4 Light Tank;M2A4 Light Tank;M2A4 Light Tank;M2A4 Light Tank;M2A4 Light Tank;;M2A4 Light Tank;;;X
BRIG_MODEL_USA_7_6;M3 Stuart;M3 Stuart;M3 Stuart;M3 Stuart;M3 Stuart;M3 Stuart;;M3 Stuart;;;X
BRIG_MODEL_USA_7_7;M5 Stuart;M5 Stuart;M5 Stuart;M5 Stuart;M5 Stuart;M5 Stuart;;M5 Stuart;;;X
BRIG_MODEL_USA_7_8;M24 Chaffee;M24 Chaffee;M24 Chaffee;M24 Chaffee;M24 Chaffee;M24 Chaffee;;M24 Chaffee;;;X
BRIG_MODEL_USA_8_0;Mark VII Liberty;Mark VII Liberty;Mark VII Liberty;Mark VII Liberty;Mark VII Liberty;Mark VII Liberty;;Mark VII Liberty;;;X
BRIG_MODEL_USA_8_1;;;;;;;;;;;X
BRIG_MODEL_USA_8_2;T1E3 Heavy Tank;T1E3 Heavy Tank;T1E3 Heavy Tank;T1E3 Heavy Tank;T1E3 Heavy Tank;T1E3 Heavy Tank;;T1E3 Heavy Tank;;;X
BRIG_MODEL_USA_8_3;M26 Pershing;M26 Pershing;M26 Pershing;M26 Pershing;M26 Pershing;M26 Pershing;;M26 Pershing;;;X
BRIG_MODEL_USA_8_4;T26E1 Super Pershing;T26E1 Super Pershing;T26E1 Super Pershing;T26E1 Super Pershing;T26E1 Super Pershing;T26E1 Super Pershing;;T26E1 Super Pershing;;;X
BRIG_MODEL_USA_8_5;M103 heavy tank;M103 heavy tank;M103 heavy tank;M103 heavy tank;M103 heavy tank;M103 heavy tank;;M103 heavy tank;;;X
BRIG_MODEL_USA_9_0;Holt Tank;Holt Tank;Holt Tank;Blindado Holt;Holt Tank;Holt Tank;;Holt Tank;;;X
BRIG_MODEL_USA_9_1;T29;T29;T29;Blindado T29;T29;T29;;T29;;;X
BRIG_MODEL_USA_10_0;Davidson Automobile Battery;Davidson Automobile Battery;Davidson Automobile Battery;Davidson Automobile Battery;Davidson Automobile Battery;Davidson Automobile Battery;;Davidson Automobile Battery;;;X
BRIG_MODEL_USA_10_1;Davidson-Cadillac Armored Car;Davidson-Cadillac Armored Car;Davidson-Cadillac Armored Car;Vehiculo Blindado Davidson-Cadillac;Davidson-Cadillac Armored Car;Davidson-Cadillac Armored Car;;Davidson-Cadillac Armored Car;;;X
BRIG_MODEL_USA_10_2;King Armored Car;King Armored Car;King Armored Car;King Armored Car;King Armored Car;King Armored Car;;King Armored Car;;;X
BRIG_MODEL_USA_10_3;M1 Combat Car;M1 Combat Car;M1 Combat Car;Vehiculo de Combate M1;M1 Combat Car;M1 Combat Car;;M1 Combat Car;;;X
BRIG_MODEL_USA_10_4;M3 Scout Car;M3 Scout Car;M3 Scout Car;M3 Scout Car;M3 Scout Car;M3 Scout Car;M3 Scout Car;M3 Scout Car;;;X
BRIG_MODEL_USA_10_5;M8 Greyhound;M8 Greyhound;M8 Greyhound;M8 Greyhound;M8 Greyhound;M8 Greyhound;M8 Greyhound;M8 Greyhound;;;X
BRIG_MODEL_USA_10_6;M38 Wolfhound;M38 Wolfhound;M38 Wolfhound;M38 Wolfhound;M38 Wolfhound;M38 Wolfhound;M38 Wolfhound;M38 Wolfhound;;;X
BRIG_MODEL_USA_10_7;;;;;;;;;;;X
BRIG_MODEL_USA_10_8;Cadillac Gage Commando;Cadillac Gage Commando;Cadillac Gage Commando;Cadillac Gage Commando;Cadillac Gage Commando;Cadillac Gage Commando;;Cadillac Gage Commando;;;X
BRIG_MODEL_USA_28_1;M16 GMC AA;M16 GMC AA;M16 GMC AA;M16 GMC AA;M16 GMC AA;M16 GMC AA;;M16 GMC AA;;;X
BRIG_MODEL_USA_28_2;M19 GMC AA;M19 GMC AA;M19 GMC AA;M19 GMC AA;M19 GMC AA;M19 GMC AA;;M19 GMC AA;;;X
BRIG_MODEL_USA_28_4;M42 Duster;M42 Duster;M42 Duster;M42 Duster;M42 Duster;M42 Duster;;M42 Duster;;;X
BRIG_MODEL_USA_28_5;T249 Vigilante;T249 Vigilante;T249 Vigilante;T249 Vigilante;T249 Vigilante;T249 Vigilante;;T249 Vigilante;;;X
BRIG_MODEL_USA_29_0;;;;;;;;;;;X
BRIG_MODEL_USA_29_1;;;;;;;;;;;X
BRIG_MODEL_USA_29_2;T2 medium Tank;T2 medium Tank;T2 medium Tank;T2 medium Tank;T2 medium Tank;T2 medium Tank;;T2 medium Tank;;;X
BRIG_MODEL_USA_29_3;T3E2 Medium Tank;T3E2 Medium Tank;T3E2 Medium Tank;T3E2 Medium Tank;T3E2 Medium Tank;T3E2 Medium Tank;;T3E2 Medium Tank;;;X
BRIG_MODEL_USA_29_4;M3 Lee;M3 Lee;M3 Lee;M3 Lee;M3 Lee;M3 Lee;;M3 Lee;;;X
BRIG_MODEL_USA_29_5;M4 Sherman;M4 Sherman;M4 Sherman;M4 Sherman;M4 Sherman;M4 Sherman;;M4 Sherman;;;X
BRIG_MODEL_USA_29_6;M4A3E8(76)W Sherman;M4A3E8(76)W Sherman;M4A3E8(76)W Sherman;M4A3E8(76)W Sherman;M4A3E8(76)W Sherman;M4A3E8(76)W Sherman;;M4A3E8(76)W Sherman;;;X
BRIG_MODEL_USA_29_7;M46 Patton;M46 Patton;M46 Patton;M46 Patton;M46 Patton;M46 Patton;;M46 Patton;;;X
BRIG_MODEL_USA_29_8;M47 Patton;M47 Patton;M47 Patton;M47 Patton;M47 Patton;M47 Patton;;M47 Patton;;;X
BRIG_MODEL_USA_29_9;M48 Patton;M48 Patton;M48 Patton;M48 Patton;M48 Patton;M48 Patton;;M48 Patton;;;X
BRIG_MODEL_USA_29_10;M60 Patton;M60 Patton;M60 Patton;M60 Patton;M60 Patton;M60 Patton;;M60 Patton;;;X
BRIG_MODEL_USA_29_11;;;;;;;;;;;X
BRIG_MODEL_USA_32_0;;;;;;;;;;;X
BRIG_MODEL_USA_32_1;DD Sherman;DD Sherman;DD Sherman;DD Sherman;DD Sherman;DD Sherman;;DD Sherman;;;X
BRIG_MODEL_USA_33_1;M22 Locust;M22 Locust;M22 Locust;M22 Locust;M22 Locust;M22 Locust;;M22 Locust;;;X
BRIG_MODEL_USA_34_0;75 mm M1;75 mm M1;75 mm M1;75 mm M1;75 mm M1;75 mm M1;;75 mm M1;;;X
BRIG_MODEL_USA_34_1;105 mm M3;105 mm M3;105 mm M3;105 mm M3;105 mm M3;105 mm M3;;105 mm M3;;;X
BRIG_MODEL_USA_34_2;;;;;;;;;;;X
BRIG_MODEL_USA_34_3;;;;;;;;;;;X
BRIG_MODEL_USA_34_4;105 mm M102;105 mm M102;105 mm M102;105 mm M102;105 mm M102;105 mm M102;;105 mm M102;;;X
BRIG_MODEL_USA_35_0;8 inch M1888 railway gun;8 inch M1888 railway gun;8 inch M1888 railway gun;8 inch M1888 railway gun;8 inch M1888 railway gun;8 inch M1888 railway gun;;8 inch M1888 railway gun;;;X
BRIG_MODEL_USA_35_1;10 inch M1888 railway gun;10 inch M1888 railway gun;10 inch M1888 railway gun;10 inch M1888 railway gun;10 inch M1888 railway gun;10 inch M1888 railway gun;;10 inch M1888 railway gun;;;X
BRIG_MODEL_USA_35_2;14''/50 caliber railway gun;14''/50 caliber railway gun;14''/50 caliber railway gun;14''/50 caliber railway gun;14''/50 caliber railway gun;14''/50 caliber railway gun;;14''/50 caliber railway gun;;;X
BRIG_MODEL_USA_35_3;14 inch M1920 railway gun;14 inch M1920 railway gun;14 inch M1920 railway gun;14 inch M1920 railway gun;14 inch M1920 railway gun;14 inch M1920 railway gun;;14 inch M1920 railway gun;;;X
BRIG_MODEL_USA_35_4;240 mm howitzer M1;240 mm howitzer M1;240 mm howitzer M1;240 mm howitzer M1;240 mm howitzer M1;240 mm howitzer M1;;240 mm howitzer M1;;;X
BRIG_MODEL_USA_35_5;280 mm M65 Atomic Cannon;280 mm M65 Atomic Cannon;280 mm M65 Atomic Cannon;280 mm M65 Atomic Cannon;280 mm M65 Atomic Cannon;280 mm M65 Atomic Cannon;;280 mm M65 Atomic Cannon;;;X
# USA air brigades;;;;;;;;;;;X
BRIG_MODEL_USA_14_0;DT/FC;DT/FC;DT/FC;DT/FC;DT/FC;DT/FC;DT/FC;DT/FC;;;X
BRIG_MODEL_USA_14_1;S2C/T4M/FF;S2C/T4M/FF;S2C/T4M/FF;S2C/T4M/FF;S2C/T4M/FF;S2C/T4M/FF;S2C/T4M/FF;S2C/T4M/FF;;;X
BRIG_MODEL_USA_14_2;SBC Helldiver/T4M/Grumman F3F;SBC Helldiver/T4M/Grumman F3F;SBC Helldiver/T4M/Grumman F3F;SBC Helldiver/T4M/Grumman F3F;SBC Helldiver/T4M/Grumman F3F;SBC Helldiver/T4M/Grumman F3F;SBC Helldiver/T4M/Grumman F3F;SBC Helldiver/T4M/Grumman F3F;;;X
BRIG_MODEL_USA_14_3;SB2U Vindicator/TBD Devastator/F2A Buffalo;SB2U Vindicator/TBD Devastator/F2A Buffalo;SB2U Vindicator/TBD Devastator/F2A Buffalo;SB2U Vindicator/TBD Devastator/F2A Buffalo;SB2U Vindicator/TBD Devastator/F2A Buffalo;SB2U Vindicator/TBD Devastator/F2A Buffalo;SB2U Vindicator/TBD Devastator/F2A Buffalo;SB2U Vindicator/TBD Devastator/F2A Buffalo;;;X
BRIG_MODEL_USA_14_4;SBD Dauntless/TBD Devastator/F4F Wildcat;SBD Dauntless/TBD Devastator/F4F Wildcat;SBD Dauntless/TBD Devastator/F4F Wildcat;SBD Dauntless/TBD Devastator/F4F Wildcat;SBD Dauntless/TBD Devastator/F4F Wildcat;SBD Dauntless/TBD Devastator/F4F Wildcat;SBD Dauntless/TBD Devastator/F4F Wildcat;SBD Dauntless/TBD Devastator/F4F Wildcat;;;X
BRIG_MODEL_USA_14_5;SB2C Helldiver/TBF Avenger/F6F Hellcat;SB2C Helldiver/TBF Avenger/F6F Hellcat;SB2C Helldiver/TBF Avenger/F6F Hellcat;SB2C Helldiver/TBF Avenger/F6F Hellcat;SB2C Helldiver/TBF Avenger/F6F Hellcat;SB2C Helldiver/TBF Avenger/F6F Hellcat;SB2C Helldiver/TBF Avenger/F6F Hellcat;SB2C Helldiver/TBF Avenger/F6F Hellcat;;;X
BRIG_MODEL_USA_14_6;F4U Corsair/AD Skyraider/F9F Panther;F4U Corsair/AD Skyraider/F9F Panther;F4U Corsair/AD Skyraider/F9F Panther;F4U Corsair/AD Skyraider/F9F Panther;F4U Corsair/AD Skyraider/F9F Panther;F4U Corsair/AD Skyraider/F9F Panther;F4U Corsair/AD Skyraider/F9F Panther;F4U Corsair/AD Skyraider/F9F Panther;;;X
BRIG_MODEL_USA_14_7;F4U Corsair/AD Skyraider/F9F Cougar;F4U Corsair/AD Skyraider/F9F Cougar;F4U Corsair/AD Skyraider/F9F Cougar;F4U Corsair/AD Skyraider/F9F Cougar;F4U Corsair/AD Skyraider/F9F Cougar;F4U Corsair/AD Skyraider/F9F Cougar;F4U Corsair/AD Skyraider/F9F Cougar;F4U Corsair/AD Skyraider/F9F Cougar;;;X
BRIG_MODEL_USA_14_8;A4D Skyhawk/A3D Skywarrior/F11F Tiger;A4D Skyhawk/A3D Skywarrior/F11F Tiger;A4D Skyhawk/A3D Skywarrior/F11F Tiger;A4D Skyhawk/A3D Skywarrior/F11F Tiger;A4D Skyhawk/A3D Skywarrior/F11F Tiger;A4D Skyhawk/A3D Skywarrior/F11F Tiger;A4D Skyhawk/A3D Skywarrior/F11F Tiger;A4D Skyhawk/A3D Skywarrior/F11F Tiger;;;X
BRIG_MODEL_USA_31_0;DT/FC;DT/FC;DT/FC;DT/FC;DT/FC;DT/FC;DT/FC;DT/FC;;;X
BRIG_MODEL_USA_31_1;S2C/T4M/FF;S2C/T4M/FF;S2C/T4M/FF;S2C/T4M/FF;S2C/T4M/FF;S2C/T4M/FF;S2C/T4M/FF;S2C/T4M/FF;;;X
BRIG_MODEL_USA_31_2;SBC Helldiver/T4M/Grumman F3F;SBC Helldiver/T4M/Grumman F3F;SBC Helldiver/T4M/Grumman F3F;SBC Helldiver/T4M/Grumman F3F;SBC Helldiver/T4M/Grumman F3F;SBC Helldiver/T4M/Grumman F3F;SBC Helldiver/T4M/Grumman F3F;SBC Helldiver/T4M/Grumman F3F;;;X
BRIG_MODEL_USA_31_3;SB2U Vindicator/TBD Devastator/F2A Buffalo;SB2U Vindicator/TBD Devastator/F2A Buffalo;SB2U Vindicator/TBD Devastator/F2A Buffalo;SB2U Vindicator/TBD Devastator/F2A Buffalo;SB2U Vindicator/TBD Devastator/F2A Buffalo;SB2U Vindicator/TBD Devastator/F2A Buffalo;SB2U Vindicator/TBD Devastator/F2A Buffalo;SB2U Vindicator/TBD Devastator/F2A Buffalo;;;X
BRIG_MODEL_USA_31_4;SBD Dauntless/TBD Devastator/F4F Wildcat;SBD Dauntless/TBD Devastator/F4F Wildcat;SBD Dauntless/TBD Devastator/F4F Wildcat;SBD Dauntless/TBD Devastator/F4F Wildcat;SBD Dauntless/TBD Devastator/F4F Wildcat;SBD Dauntless/TBD Devastator/F4F Wildcat;SBD Dauntless/TBD Devastator/F4F Wildcat;SBD Dauntless/TBD Devastator/F4F Wildcat;;;X
BRIG_MODEL_USA_31_5;SB2C Helldiver/TBF Avenger/F6F Hellcat;SB2C Helldiver/TBF Avenger/F6F Hellcat;SB2C Helldiver/TBF Avenger/F6F Hellcat;SB2C Helldiver/TBF Avenger/F6F Hellcat;SB2C Helldiver/TBF Avenger/F6F Hellcat;SB2C Helldiver/TBF Avenger/F6F Hellcat;SB2C Helldiver/TBF Avenger/F6F Hellcat;SB2C Helldiver/TBF Avenger/F6F Hellcat;;;X
BRIG_MODEL_USA_31_6;F4U Corsair/AD Skyraider/F9F Panther;F4U Corsair/AD Skyraider/F9F Panther;F4U Corsair/AD Skyraider/F9F Panther;F4U Corsair/AD Skyraider/F9F Panther;F4U Corsair/AD Skyraider/F9F Panther;F4U Corsair/AD Skyraider/F9F Panther;F4U Corsair/AD Skyraider/F9F Panther;F4U Corsair/AD Skyraider/F9F Panther;;;X
BRIG_MODEL_USA_31_7;F4U Corsair/AD Skyraider/F9F Cougar;F4U Corsair/AD Skyraider/F9F Cougar;F4U Corsair/AD Skyraider/F9F Cougar;F4U Corsair/AD Skyraider/F9F Cougar;F4U Corsair/AD Skyraider/F9F Cougar;F4U Corsair/AD Skyraider/F9F Cougar;F4U Corsair/AD Skyraider/F9F Cougar;F4U Corsair/AD Skyraider/F9F Cougar;;;X
BRIG_MODEL_USA_31_8;A4D Skyhawk/A3D Skywarrior/F11F Tiger;A4D Skyhawk/A3D Skywarrior/F11F Tiger;A4D Skyhawk/A3D Skywarrior/F11F Tiger;A4D Skyhawk/A3D Skywarrior/F11F Tiger;A4D Skyhawk/A3D Skywarrior/F11F Tiger;A4D Skyhawk/A3D Skywarrior/F11F Tiger;A4D Skyhawk/A3D Skywarrior/F11F Tiger;A4D Skyhawk/A3D Skywarrior/F11F Tiger;;;X
BRIG_MODEL_USA_15_0;Consolidated P-30;Consolidated P-30;Consolidated P-30;Consolidated P-30;Consolidated P-30;Consolidated P-30;Consolidated P-30;Consolidated P-30;;;X
BRIG_MODEL_USA_15_1;Lockheed P-38D Lightning;Lockheed P-38D Lightning;Lockheed P-38D Lightning;Lockheed P-38D Lightning;Lockheed P-38D Lightning;Lockheed P-38D Lightning;Lockheed P-38D Lightning;Lockheed P-38D Lightning;;;X
BRIG_MODEL_USA_15_2;Lockheed P-38F Lightning;Lockheed P-38F Lightning;Lockheed P-38F Lightning;Lockheed P-38F Lightning;Lockheed P-38F Lightning;Lockheed P-38F Lightning;Lockheed P-38F Lightning;Lockheed P-38F Lightning;;;X
BRIG_MODEL_USA_15_3;Lockheed P-38J Lightning;Lockheed P-38J Lightning;Lockheed P-38J Lightning;Lockheed P-38J Lightning;Lockheed P-38J Lightning;Lockheed P-38J Lightning;Lockheed P-38J Lightning;Lockheed P-38J Lightning;;;X
BRIG_MODEL_USA_15_4;North American P-82 Twin Mustang;North American P-82 Twin Mustang;North American P-82 Twin Mustang;North American P-82 Twin Mustang;North American P-82 Twin Mustang;North American P-82 Twin Mustang;North American P-82 Twin Mustang;North American P-82 Twin Mustang;;;X
BRIG_MODEL_USA_15_5;Northrop F-89 Scorpion;Northrop F-89 Scorpion;Northrop F-89 Scorpion;Northrop F-89 Scorpion;Northrop F-89 Scorpion;Northrop F-89 Scorpion;Northrop F-89 Scorpion;Northrop F-89 Scorpion;;;X
BRIG_MODEL_USA_15_6;Lockheed F-94 Starfire;Lockheed F-94 Starfire;Lockheed F-94 Starfire;Lockheed F-94 Starfire;Lockheed F-94 Starfire;Lockheed F-94 Starfire;Lockheed F-94 Starfire;Lockheed F-94 Starfire;;;X
BRIG_MODEL_USA_15_7;Convair F-102 Delta Dagger;Convair F-102 Delta Dagger;Convair F-102 Delta Dagger;Convair F-102 Delta Dagger;Convair F-102 Delta Dagger;Convair F-102 Delta Dagger;;Convair F-102 Delta Dagger;;;X
BRIG_MODEL_USA_15_8;Convair F-102 Delta Dagger;Convair F-102 Delta Dagger;Convair F-102 Delta Dagger;Convair F-102 Delta Dagger;Convair F-102 Delta Dagger;Convair F-102 Delta Dagger;;Convair F-102 Delta Dagger;;;X
BRIG_MODEL_USA_30_0;SOC Seagull;SOC Seagull;SOC Seagull;SOC Seagull;SOC Seagull;SOC Seagull;;SOC Seagull;;;X
BRIG_MODEL_USA_30_1;OS2U Kingfisher;OS2U Kingfisher;OS2U Kingfisher;OS2U Kingfisher;OS2U Kingfisher;OS2U Kingfisher;;OS2U Kingfisher;;;X
BRIG_MODEL_USA_30_2;SC Seahawk;SC Seahawk;SC Seahawk;SC Seahawk;SC Seahawk;SC Seahawk;;SC Seahawk;;;X
BRIG_MODEL_USA_30_5;Vought UO;Vought UO;Vought UO;Vought UO;Vought UO;Vought UO;;Vought UO;;;X
BRIG_MODEL_USA_30_6;OS2U Kingfisher;OS2U Kingfisher;OS2U Kingfisher;OS2U Kingfisher;OS2U Kingfisher;OS2U Kingfisher;;OS2U Kingfisher;;;X
BRIG_MODEL_USA_30_7;SC Seahawk;SC Seahawk;SC Seahawk;SC Seahawk;SC Seahawk;SC Seahawk;;SC Seahawk;;;X
# USA;;;;;;;;;;;X
# land units;;;;;;;;;;;X
MODEL_USA_4_0;M2A4 Light Tank;M2A4 Light Tank;M2A4 Light Tank;M2A4 Light Tank;M2A4 Light Tank;M2A4 Light Tank;;M2A4 Light Tank;;;X
MODEL_USA_4_1;M3 Light Tank;M3 Light Tank;M3 Light Tank;M3 Light Tank;M3 Light Tank;M3 Light Tank;;M3 Light Tank;;;X
MODEL_USA_4_3;M5 Light Tank;M5 Light Tank;M5 Light Tank;M5 Light Tank;M5 Light Tank;M5 Light Tank;;M5 Light Tank;;;X
MODEL_USA_5_0;M2 Medium;M2 Medium;M2 Medium;M2 Medium;M2 Medium;M2 Medium;;M2 Medium;;;X
MODEL_USA_5_1;M3 Lee;M3 Lee;M3 Lee;M3 Lee;M3 Lee;M3 Lee;;M3 Lee;;;X
MODEL_USA_5_2;M4 Sherman;M4 Sherman;M4 Sherman;M4 Sherman;M4 Sherman;M4 Sherman;;M4 Sherman;;;X
MODEL_USA_5_3;M4A3E8(76)W Sherman;M4A3E8(76)W Sherman;M4A3E8(76)W Sherman;M4A3E8(76)W Sherman;M4A3E8(76)W Sherman;M4A3E8(76)W Sherman;;M4A3E8(76)W Sherman;;;X
MODEL_USA_5_4;M26 Pershing;M26 Pershing;M26 Pershing;M26 Pershing;M26 Pershing;M26 Pershing;;M26 Pershing;;;X
MODEL_USA_5_5;M47 Patton I;M47 Patton I;M47 Patton I;M47 Patton I;M47 Patton I;M47 Patton I;;M47 Patton I;;;X
MODEL_USA_5_6;M48 Patton II;M48 Patton II;M48 Patton II;M48 Patton II;M48 Patton II;M48 Patton II;;M48 Patton II;;;X
MODEL_USA_5_7;M60A1 Main battle tank;M60A1 Main battle tank;M60A1 Main battle tank;M60A1 Main battle tank;M60A1 Main battle tank;M60A1 Main battle tank;;M60A1 Main battle tank;;;X
# air units;;;;;;;;;;;X
MODEL_USA_12_0;Sopwith Strutter;Sopwith Strutter;Sopwith Strutter;Sopwith Strutter;Sopwith Strutter;Sopwith Strutter;Sopwith Strutter;Sopwith Strutter;;;X
MODEL_USA_12_1;Bristol F.2 Fighter;Bristol F.2 Fighter;Bristol F.2 Fighter;Bristol F.2 Fighter;Bristol F.2 Fighter;Bristol F.2 Fighter;Bristol F.2 Fighter;Bristol F.2 Fighter;;;X
MODEL_USA_12_2;Curtiss 18-T;Curtiss 18-T;Curtiss 18-T;Curtiss 18-T;Curtiss 18-T;Curtiss 18-T;Curtiss 18-T;Curtiss 18-T;;;X
MODEL_USA_12_3;Boeing P-12;Boeing P-12;Boeing P-12;Boeing P-12;Boeing P-12;Boeing P-12;;Boeing P-12;;;X
MODEL_USA_12_4;Berliner-Joyce P-16;Berliner-Joyce P-16;Berliner-Joyce P-16;Berliner-Joyce P-16;Berliner-Joyce P-16;Berliner-Joyce P-16;Berliner-Joyce P-16;Berliner-Joyce P-16;;;X
MODEL_USA_12_5;Seversky P-35 Guardsman;Seversky P-35 Guardsman;Seversky P-35 Guardsman;Seversky P-35 Guardsman;Seversky P-35 Guardsman;Seversky P-35 Guardsman;;Seversky P-35 Guardsman;;;X
MODEL_USA_12_6;Bell P-39 Airacobra;Bell P-39 Airacobra;Bell P-39 Airacobra;Bell P-39 Airacobra;Bell P-39 Airacobra;Bell P-39 Airacobra;Bell P-39 Airacobra;Bell P-39 Airacobra;;;X
MODEL_USA_12_7;Republic P-47 Thunderbolt;Republic P-47 Thunderbolt;Republic P-47 Thunderbolt;Republic P-47 Thunderbolt;Republic P-47 Thunderbolt;Republic P-47 Thunderbolt;Republic P-47 Thunderbolt;Republic P-47 Thunderbolt;;;X
MODEL_USA_12_8;Bell P-59 Airacomet;Bell P-59 Airacomet;Bell P-59 Airacomet;Bell P-59 Airacomet;Bell P-59 Airacomet;Bell P-59 Airacomet;Bell P-59 Airacomet;Bell P-59 Airacomet;;;X
MODEL_USA_12_9;Republic F-84 Thunderjet;Republic F-84 Thunderjet;Republic F-84 Thunderjet;Republic F-84 Thunderjet;Republic F-84 Thunderjet;Republic F-84 Thunderjet;Republic F-84 Thunderjet;Republic F-84 Thunderjet;;;X
MODEL_USA_12_10;Republic F-84F Thunderjet;Republic F-84F Thunderjet;Republic F-84F Thunderjet;Republic F-84F Thunderjet;Republic F-84F Thunderjet;Republic F-84F Thunderjet;;Republic F-84F Thunderjet;;;X
MODEL_USA_12_11;McDonnell F-101 Voodoo;McDonnell F-101 Voodoo;McDonnell F-101 Voodoo;McDonnell F-101 Voodoo;McDonnell F-101 Voodoo;McDonnell F-101 Voodoo;McDonnell F-101 Voodoo;McDonnell F-101 Voodoo;;;X
MODEL_USA_12_12;Republic F-105 Thunderchief;Republic F-105 Thunderchief;Republic F-105 Thunderchief;Republic F-105 Thunderchief;Republic F-105 Thunderchief;Republic F-105 Thunderchief;Republic F-105 Thunderchief;Republic F-105 Thunderchief;;;X
MODEL_USA_12_13;McDonnell-Douglas F-4 Phantom II;McDonnell-Douglas F-4 Phantom II;McDonnell-Douglas F-4 Phantom II;McDonnell-Douglas F-4 Phantom II;McDonnell-Douglas F-4 Phantom II;McDonnell-Douglas F-4 Phantom II;McDonnell-Douglas F-4 Phantom II;McDonnell-Douglas F-4 Phantom II;;;X
MODEL_USA_13_0;Wright Model B;Wright Model B;Wright Model B;Wright Model B;Wright Model B;Wright Model B;Wright Model B;Wright Model B;;;X
MODEL_USA_13_1;Curtiss Model R;Curtiss Model R;Curtiss Model R;Curtiss Model R;Curtiss Model R;Curtiss Model R;Curtiss Model R;Curtiss Model R;;;X
MODEL_USA_13_2;Avro 504;Avro 504;Avro 504;Avro 504;Avro 504;Avro 504;Avro 504;Avro 504;;;X
MODEL_USA_13_3;Nieuport 17;Nieuport 17;Nieuport 17;Nieuport 17;Nieuport 17;Nieuport 17;Nieuport 17;Nieuport 17;;;X
MODEL_USA_13_4;SPAD S.XIII;SPAD S.XIII;SPAD S.XIII;SPAD S.XIII;SPAD S.XIII;SPAD S.XIII;SPAD S.XIII;SPAD S.XIII;;;X
MODEL_USA_13_5;Nieuport 28;Nieuport 28;Nieuport 28;Nieuport 28;Nieuport 28;Nieuport 28;Nieuport 28;Nieuport 28;;;X
MODEL_USA_13_6;Curtiss P-6 Hawk;Curtiss P-6 Hawk;Curtiss P-6 Hawk;Curtiss P-6 Hawk;Curtiss P-6 Hawk;Curtiss P-6 Hawk;Curtiss P-6 Hawk;Curtiss P-6 Hawk;;;X
MODEL_USA_13_7;Boeing P-26 Peashooter;Boeing P-26 Peashooter;Boeing P-26 Peashooter;Boeing P-26 Peashooter;Boeing P-26 Peashooter;Boeing P-26 Peashooter;Boeing P-26 Peashooter;Boeing P-26 Peashooter;;;X
MODEL_USA_13_8;Curtiss P-36 Hawk;Curtiss P-36 Hawk;Curtiss P-36 Hawk;Curtiss P-36 Hawk;Curtiss P-36 Hawk;Curtiss P-36 Hawk;;Curtiss P-36 Hawk;;;X
MODEL_USA_13_9;Curtiss P-40 Warhawk;Curtiss P-40 Warhawk;Curtiss P-40 Warhawk;Curtiss P-40 Warhawk;Curtiss P-40 Warhawk;Curtiss P-40 Warhawk;Curtiss P-40 Warhawk;Curtiss P-40 Warhawk;;;X
MODEL_USA_13_10;North American P-51 Mustang;North American P-51 Mustang;North American P-51 Mustang;North American P-51 Mustang;North American P-51 Mustang;North American P-51 Mustang;North American P-51 Mustang;North American P-51 Mustang;;;X
MODEL_USA_13_11;Lockheed P-80 Shooting Star;Lockheed P-80 Shooting Star;Lockheed P-80 Shooting Star;Lockheed P-80 Shooting Star;Lockheed P-80 Shooting Star;Lockheed P-80 Shooting Star;Lockheed P-80 Shooting Star;Lockheed P-80 Shooting Star;;;X
MODEL_USA_13_12;North American F-86A Sabre;North American F-86A Sabre;North American F-86A Sabre;North American F-86A Sabre;North American F-86A Sabre;North American F-86A Sabre;North American F-86A Sabre;North American F-86A Sabre;;;X
MODEL_USA_13_13;North American F-86D Sabre;North American F-86D Sabre;North American F-86D Sabre;North American F-86D Sabre;North American F-86D Sabre;North American F-86D Sabre;North American F-86D Sabre;North American F-86D Sabre;;;X
MODEL_USA_13_14;North American F-100 Super Sabre;North American F-100 Super Sabre;North American F-100 Super Sabre;North American F-100 Super Sabre;North American F-100 Super Sabre;North American F-100 Super Sabre;North American F-100 Super Sabre;North American F-100 Super Sabre;;;X
MODEL_USA_13_15;Lockheed F-104 Starfighter;Lockheed F-104 Starfighter;Lockheed F-104 Starfighter;Lockheed F-104 Starfighter;Lockheed F-104 Starfighter;Lockheed F-104 Starfighter;;Lockheed F-104 Starfighter;;;X
MODEL_USA_13_16;Convair F-106 Delta Dart;Convair F-106 Delta Dart;Convair F-106 Delta Dart;Convair F-106 Delta Dart;Convair F-106 Delta Dart;Convair F-106 Delta Dart;Convair F-106 Delta Dart;Convair F-106 Delta Dart;;;X
MODEL_USA_32_0;Northrop P-79 Flying Ram;Northrop P-79 Flying Ram;Northrop P-79 Flying Ram;Northrop P-79 Flying Ram;Northrop P-79 Flying Ram;Northrop P-79 Flying Ram;Northrop P-79 Flying Ram;Northrop P-79 Flying Ram;;;X
MODEL_USA_32_1;Republic F-91 Thunderceptor;Republic F-91 Thunderceptor;Republic F-91 Thunderceptor;Republic F-91 Thunderceptor;Republic F-91 Thunderceptor;Republic F-91 Thunderceptor;Republic F-91 Thunderceptor;Republic F-91 Thunderceptor;;;X
MODEL_USA_14_1;Huff-Daland HB-1;Huff-Daland HB-1;Huff-Daland HB-1;Huff-Daland HB-1;Huff-Daland HB-1;Huff-Daland HB-1;Huff-Daland HB-1;Huff-Daland HB-1;;;X
MODEL_USA_14_2;Curtiss B-2;Curtiss B-2;Curtiss B-2;Curtiss B-2;Curtiss B-2;Curtiss B-2;Curtiss B-2;Curtiss B-2;;;X
MODEL_USA_14_3;Boeing B-15;Boeing B-15;Boeing B-15;Boeing B-15;Boeing B-15;Boeing B-15;Boeing B-15;Boeing B-15;;;X
MODEL_USA_14_4;Boeing B-17 Flying Fortress;Boeing B-17 Flying Fortress;Boeing B-17 Flying Fortress;Boeing B-17 Flying Fortress;Boeing B-17 Flying Fortress;Boeing B-17 Flying Fortress;Boeing B-17 Flying Fortress;Boeing B-17 Flying Fortress;;;X
MODEL_USA_14_5;Consolidated B-24 Liberator;Consolidated B-24 Liberator;Consolidated B-24 Liberator;Consolidated B-24 Liberator;Consolidated B-24 Liberator;Consolidated B-24 Liberator;Consolidated B-24 Liberator;Consolidated B-24 Liberator;;;X
MODEL_USA_14_6;Boeing B-29 Superfortress;Boeing B-29 Superfortress;Boeing B-29 Superfortress;Boeing B-29 Superfortress;Boeing B-29 Superfortress;Boeing B-29 Superfortress;Boeing B-29 Superfortress;Boeing B-29 Superfortress;;;X
MODEL_USA_14_7;Convair B-36 Peacemaker;Convair B-36 Peacemaker;Convair B-36 Peacemaker;Convair B-36 Peacemaker;Convair B-36 Peacemaker;Convair B-36 Peacemaker;Convair B-36 Peacemaker;Convair B-36 Peacemaker;;;X
MODEL_USA_14_8;Boeing B-47 Stratojet;Boeing B-47 Stratojet;Boeing B-47 Stratojet;Boeing B-47 Stratojet;Boeing B-47 Stratojet;Boeing B-47 Stratojet;Boeing B-47 Stratojet;Boeing B-47 Stratojet;;;X
MODEL_USA_14_9;Boeing B-52 Stratofortress;Boeing B-52 Stratofortress;Boeing B-52 Stratofortress;Boeing B-52 Stratofortress;Boeing B-52 Stratofortress;Boeing B-52 Stratofortress;Boeing B-52 Stratofortress;Boeing B-52 Stratofortress;;;X
MODEL_USA_15_1;Caudron G.4;Caudron G.4;Caudron G.4;Caudron G.4;Caudron G.4;Caudron G.4;Caudron G.4;Caudron G.4;;;X
MODEL_USA_15_2;Handley Page O/400;Handley Page O/400;Handley Page O/400;Handley Page O/400;Handley Page O/400;Handley Page O/400;Handley Page O/400;Handley Page O/400;;;X
MODEL_USA_15_3;Martin MB-1;Martin MB-1;Martin MB-1;Martin MB-1;Martin MB-1;Martin MB-1;Martin MB-1;Martin MB-1;;;X
MODEL_USA_15_4;Keystone B-3;Keystone B-3;Keystone B-3;Keystone B-3;Keystone B-3;Keystone B-3;Keystone B-3;Keystone B-3;;;X
MODEL_USA_15_5;Martin B-10;Martin B-10;Martin B-10;Martin B-10;Martin B-10;Martin B-10;Martin B-10;Martin B-10;;;X
MODEL_USA_15_6;Douglas DB-7 Boston;Douglas DB-7 Boston;Douglas DB-7 Boston;Douglas DB-7 Boston;Douglas DB-7 Boston;Douglas DB-7 Boston;Douglas DB-7 Boston;Douglas DB-7 Boston;;;X
MODEL_USA_15_7;North American B-25 Mitchell;North American B-25 Mitchell;North American B-25 Mitchell;North American B-25 Mitchell;North American B-25 Mitchell;North American B-25 Mitchell;North American B-25 Mitchell;North American B-25 Mitchell;;;X
MODEL_USA_15_8;Martin B-26 Marauder;Martin B-26 Marauder;Martin B-26 Marauder;Martin B-26 Marauder;Martin B-26 Marauder;Martin B-26 Marauder;Martin B-26 Marauder;Martin B-26 Marauder;;;X
MODEL_USA_15_9;Douglas A-26 Invader;Douglas A-26 Invader;Douglas A-26 Invader;Douglas A-26 Invader;Douglas A-26 Invader;Douglas A-26 Invader;Douglas A-26 Invader;Douglas A-26 Invader;;;X
MODEL_USA_15_10;North American B-45 Tornado;North American B-45 Tornado;North American B-45 Tornado;North American B-45 Tornado;North American B-45 Tornado;North American B-45 Tornado;North American B-45 Tornado;North American B-45 Tornado;;;X
MODEL_USA_15_11;Martin B-57 Canberra;Martin B-57 Canberra;Martin B-57 Canberra;Martin B-57 Canberra;Martin B-57 Canberra;Martin B-57 Canberra;Martin B-57 Canberra;Martin B-57 Canberra;;;X
MODEL_USA_15_12;Douglas B-66 Destroyer;Douglas B-66 Destroyer;Douglas B-66 Destroyer;Douglas B-66 Destroyer;Douglas B-66 Destroyer;Douglas B-66 Destroyer;Douglas B-66 Destroyer;Douglas B-66 Destroyer;;;X
MODEL_USA_16_0;Felixstowe F5L;Felixstowe F5L;Felixstowe F5L;Felixstowe F5L;Felixstowe F5L;Felixstowe F5L;Felixstowe F5L;Felixstowe F5L;;;X
MODEL_USA_16_1;Consolidated P2Y;Consolidated P2Y;Consolidated P2Y;Consolidated P2Y;Consolidated P2Y;Consolidated P2Y;Consolidated P2Y;Consolidated P2Y;;;X
MODEL_USA_16_2;Consolidated PBY Catalina;Consolidated PBY Catalina;Consolidated PBY Catalina;Consolidated PBY Catalina;Consolidated PBY Catalina;Consolidated PBY Catalina;Consolidated PBY Catalina;Consolidated PBY Catalina;;;X
MODEL_USA_16_3;Martin PBM Mariner;Martin PBM Mariner;Martin PBM Mariner;Martin PBM Mariner;Martin PBM Mariner;Martin PBM Mariner;Martin PBM Mariner;Martin PBM Mariner;;;X
MODEL_USA_16_4;Consolidated PB4Y Privateer;Consolidated PB4Y Privateer;Consolidated PB4Y Privateer;Consolidated PB4Y Privateer;Consolidated PB4Y Privateer;Consolidated PB4Y Privateer;Consolidated PB4Y Privateer;Consolidated PB4Y Privateer;;;X
MODEL_USA_16_5;Lockheed P-2 Neptune;Lockheed P-2 Neptune;Lockheed P-2 Neptune;Lockheed P-2 Neptune;Lockheed P-2 Neptune;Lockheed P-2 Neptune;Lockheed P-2 Neptune;Lockheed P-2 Neptune;;;X
MODEL_USA_16_6;Lockheed P-2F Neptune;Lockheed P-2F Neptune;Lockheed P-2F Neptune;Lockheed P-2F Neptune;Lockheed P-2F Neptune;Lockheed P-2F Neptune;;Lockheed P-2F Neptune;;;X
MODEL_USA_16_7;Grumman S-2 Tracker;Grumman S-2 Tracker;Grumman S-2 Tracker;Grumman S-2 Tracker;Grumman S-2 Tracker;Grumman S-2 Tracker;Grumman S-2 Tracker;Grumman S-2 Tracker;;;X
MODEL_USA_16_8;Lockheed P-3 Orion;Lockheed P-3 Orion;Lockheed P-3 Orion;Lockheed P-3 Orion;Lockheed P-3 Orion;Lockheed P-3 Orion;;Lockheed P-3 Orion;;;X
MODEL_USA_17_0;Curtiss A-12 Shrike;Curtiss A-12 Shrike;Curtiss A-12 Shrike;Curtiss A-12 Shrike;Curtiss A-12 Shrike;Curtiss A-12 Shrike;Curtiss A-12 Shrike;Curtiss A-12 Shrike;;;X
MODEL_USA_17_1;Northrop A-17;Northrop A-17;Northrop A-17;Northrop A-17;Northrop A-17;Northrop A-17;Northrop A-17;Northrop A-17;;;X
MODEL_USA_17_2;Vultee A-31 Vengeance;Vultee A-31 Vengeance;Vultee A-31 Vengeance;Vultee A-31 Vengeance;Vultee A-31 Vengeance;Vultee A-31 Vengeance;Vultee A-31 Vengeance;Vultee A-31 Vengeance;;;X
MODEL_USA_17_3;North American A-36 Apache;North American A-36 Apache;North American A-36 Apache;North American A-36 Apache;North American A-36 Apache;North American A-36 Apache;North American A-36 Apache;North American A-36 Apache;;;X
MODEL_USA_17_4;Douglas A-1 Skyraider;Douglas A-1 Skyraider;Douglas A-1 Skyraider;Douglas A-1 Skyraider;Douglas A-1 Skyraider;Douglas A-1 Skyraider;Douglas A-1 Skyraider;Douglas A-1 Skyraider;;;X
MODEL_USA_17_5;Republic F-84F Thunderstreak;Republic F-84F Thunderstreak;Republic F-84F Thunderstreak;Republic F-84F Thunderstreak;Republic F-84F Thunderstreak;Republic F-84F Thunderstreak;Republic F-84F Thunderstreak;Republic F-84F Thunderstreak;;;X
MODEL_USA_17_6;Douglas A-4 Skyhawk;Douglas A-4 Skyhawk;Douglas A-4 Skyhawk;Douglas A-4 Skyhawk;Douglas A-4 Skyhawk;Douglas A-4 Skyhawk;Douglas A-4 Skyhawk;Douglas A-4 Skyhawk;;;X
MODEL_USA_18_0;Douglas C-1;Douglas C-1;Douglas C-1;Douglas C-1;Douglas C-1;Douglas C-1;Douglas C-1;Douglas C-1;;;X
MODEL_USA_18_1;Douglas C-33;Douglas C-33;Douglas C-33;Douglas C-33;Douglas C-33;Douglas C-33;Douglas C-33;Douglas C-33;;;X
MODEL_USA_18_2;Curtiss-Wright C-46 Commando;Curtiss-Wright C-46 Commando;Curtiss-Wright C-46 Commando;Curtiss-Wright C-46 Commando;Curtiss-Wright C-46 Commando;Curtiss-Wright C-46 Commando;Curtiss-Wright C-46 Commando;Curtiss-Wright C-46 Commando;;;X
MODEL_USA_18_3;Douglas C-47 Skytrain;Douglas C-47 Skytrain;Douglas C-47 Skytrain;Douglas C-47 Skytrain;Douglas C-47 Skytrain;Douglas C-47 Skytrain;Douglas C-47 Skytrain;Douglas C-47 Skytrain;;;X
MODEL_USA_18_4;Douglas C-54 Skymaster;Douglas C-54 Skymaster;Douglas C-54 Skymaster;Dougals C-54 Skymaster;Dougals C-54 Skymaster;Dougals C-54 Skymaster;Dougals C-54 Skymaster;Dougals C-54 Skymaster;;;X
MODEL_USA_18_5;Fairchild C-119 Flying Boxcar;Fairchild C-119 Flying Boxcar;Fairchild C-119 Flying Boxcar;Fairchild C-119 Flying Boxcar;Fairchild C-119 Flying Boxcar;Fairchild C-119 Flying Boxcar;Fairchild C-119 Flying Boxcar;Fairchild C-119 Flying Boxcar;;;X
MODEL_USA_20_0;Redstone;Redstone;Redstone;Redstone;Redstone;Redstone;;Redstone;;;X
MODEL_USA_20_1;Thor;Thor;Thor;Thor;Thor;Thor;;Thor;;;X
MODEL_USA_20_2;Atlas-D;Atlas-D;Atlas-D;Atlas-D;Atlas-D;Atlas-D;;Atlas-D;;;X
# naval units;;;;;;;;;;;X
MODEL_USA_21_0;Puritan-class;Classe Puritan;Classe Puritan;Clase Puritan;Puritan-Klasse;Puritan-klasa;;Puritan-Klasse;;;X
MODEL_USA_21_1;Illinois-class;Classe Illinois;Classe Illinois;Clase Illinois;Illinois-Klasse;Illinois-klasa;;Illinois-Klasse;;;X
MODEL_USA_21_2;Delaware-class;Classe Delaware;Classe Delaware;Clase Delaware;Delaware-Klasse;Delaware-klasa;;Delaware-Klasse;;;X
MODEL_USA_21_3;New York-class;Classe New York;Classe New York;Clase New York;New York-Klasse;New York-klasa;;New York-Klasse;;;X
MODEL_USA_21_4;Nevada-class;Classe Nevada;Classe Nevada;Clase Nevada;Nevada-Klasse;Nevada-klasa;;Nevada-Klasse;;;X
MODEL_USA_21_5;Tennessee-class;Classe Tennessee;Classe Tennessee;Clase Tennessee;Tennessee-Klasse;Tennessee-klasa;;Tennessee-Klasse;;;X
MODEL_USA_21_6;Colorado-class;Classe Colorado;Classe Colorado;Clase Colorado;Colorado-Klasse;Colorado-klasa;;Colorado-Klasse;;;X
MODEL_USA_21_7;North Carolina-class;Classe North Carolina;Classe North Carolina;Clase North Carolina;North Carolina-Klasse;North Carolina-klasa;;North Carolina-Klasse;;;X
MODEL_USA_21_8;Iowa-class;Classe Iowa;Classe Iowa;Clase Iowa;Iowa-Klasse;Iowa-klasa;;Iowa-Klasse;;;X
MODEL_USA_21_11;Montana-class;Classe Montana;Classe Montana;Clase Montana;Montana-Klasse;Montana-klasa;;Montana-Klasse;;;X
MODEL_USA_22_0;Atlanta-class;Classe Atlanta;Classe Atlanta;Clase Atlanta;Atlanta-Klasse;Atlanta-klasa;;Atlanta-Klasse;;;X
MODEL_USA_22_1;Chester-class;Classe Chester;Classe Chester;Clase Chester;Chester-Klasse;Chester-klasa;;Chester-Klasse;;;X
MODEL_USA_22_3;Omaha-class;Classe Omaha;Classe Omaha;Clase Omaha;Omaha-Klasse;Omaha-klasa;;Omaha-Klasse;;;X
MODEL_USA_22_5;Brooklyn-class;Classe Brooklyn;Classe Brooklyn;Clase Brooklyn;Brooklyn-Klasse;Brooklyn-klasa;;Brooklyn-Klasse;;;X
MODEL_USA_22_6;Cleveland-class;Classe Cleveland;Classe Cleveland;Clase Cleveland;Cleveland-Klasse;Cleveland-klasa;;Cleveland-Klasse;;;X
MODEL_USA_22_7;Worcester-class;Classe Worcester;Classe Worcester;Clase Worcester;Worcester-Klasse;Worcester-klasa;;Worcester-Klasse;;;X
MODEL_USA_22_8;Galveston-class;Classe Galveston;Classe Galveston;Clase Galveston;Galveston-Klasse;Galveston-klasa;;Galveston-Klasse;;;X
MODEL_USA_22_9;Bainbridge-class;Classe Bainbridge;Classe Bainbridge;Clase Bainbridge;Bainbridge-Klasse;Bainbridge-klasa;;Bainbridge-Klasse;;;X
MODEL_USA_23_1;New York-class;Classe New York;Classe New York;Clase New York;New York-Klasse;New York-klasa;;New York-Klasse;;;X
MODEL_USA_23_2;St. Louis-class;Classe St. Louis;Classe St. Louis;Clase St. Louis;St. Louis-Klasse;St. Louis-klasa;;St. Louis-Klasse;;;X
MODEL_USA_23_3;Pensacola-class;Classe Pensacola;Classe Pensacola;Clase Pensacola;Pensacola-Klasse;Pensacola-klasa;;Pensacola-Klasse;;;X
MODEL_USA_23_4;New Orleans-class;Classe New Orleans;Classe New Orleans;Clase New Orleans;New Orleans-Klasse;New Orleans-klasa;;New Orleans-Klasse;;;X
MODEL_USA_23_5;Wichita-class;Classe Wichita;Classe Wichita;Clase Wichita;Wichita-Klasse;Wichita-klasa;;Wichita-Klasse;;;X
MODEL_USA_23_6;Baltimore-class;Classe Baltimore;Classe Baltimore;Clase Baltimore;Baltimore-Klasse;Baltimore-klasa;;Baltimore-Klasse;;;X
MODEL_USA_23_7;Des Moines-class;Classe Des Moines;Classe Des Moines;Clase Des Moines;Des Moines-Klasse;Des Moines-klasa;;Des Moines-Klasse;;;X
MODEL_USA_23_8;Albany-class;Classe Albany;Classe Albany;Clase Albany;Albany-Klasse;Albany-klasa;;Albany-Klasse;;;X
MODEL_USA_23_9;Leahy-class;Leahy-class;Leahy-class;Leahy-class;Leahy-Klasse;Leahy-Klasse;;;;;x
MODEL_USA_24_2;Lexington-class;Classe Lexington;Classe Lexington;Clase Lexington;Lexington-Klasse;Lexington-klasa;;Lexington-Klasse;;;X
MODEL_USA_24_4;Alaska-class;Classe Alaska;Classe Alaska;Clase Alaska;Alaska-Klasse;Alaska-klasa;;Alaska-Klasse;;;X
MODEL_USA_25_1;Bainbridge-class;Classe Bainbridge;Classe Bainbridge;Clase Bainbridge;Bainbridge-Klasse;Bainbridge-klasa;;Bainbridge-Klasse;;;X
MODEL_USA_25_2;Paulding-class;Classe Paulding;Classe Paulding;Clase Paulding;Paulding-Klasse;Paulding-klasa;;Paulding-Klasse;;;X
MODEL_USA_25_3;Wickes-class;Classe Wickes;Classe Wickes;Clase Wickes;Wickes-Klasse;Wickes-klasa;;Wickes-Klasse;;;X
MODEL_USA_25_4;Clemson-class;Classe Clemson;Classe Clemson;Clase Clemson;Clemson-Klasse;Clemson-klasa;;Clemson-Klasse;;;X
MODEL_USA_25_5;Farragut-class;Classe Farragut;Classe Farragut;Clase Farragut;Farragut-Klasse;Farragut-klasa;;Farragut-Klasse;;;X
MODEL_USA_25_6;Sims-class;Classe Sims;Classe Sims;Clase Sims;Sims-Klasse;Sims-klasa;;Sims-Klasse;;;X
MODEL_USA_25_7;Fletcher-class;Classe Fletcher;Classe Fletcher;Clase Fletcher;Fletcher-Klasse;Fletcher-klasa;;Fletcher-Klasse;;;X
MODEL_USA_25_8;Gearing-class;Classe Gearing;Classe Gearing;Clase Gearing;Gearing-Klasse;Gearing-klasa;;Gearing-Klasse;;;X
MODEL_USA_25_9;Adams-class;Classe Adams;Classe Adams;Clase Adams;Adams-Klasse;Adams-klasa;;Adams-Klasse;;;X
MODEL_USA_26_0;Lexington-class;Classe Lexington;Classe Lexington;Clase Lexington;Lexington-Klasse;Lexington-klasa;;Lexington-Klasse;;;X
MODEL_USA_26_1;Ranger-class;Classe Ranger;Classe Ranger;Clase Ranger;Ranger-Klasse;Ranger-klasa;;Ranger-Klasse;;;X
MODEL_USA_26_2;Yorktown-class;Classe Yorktown;Classe Yorktown;Clase Yorktown;Yorktown-Klasse;Yorktown-klasa;;Yorktown-Klasse;;;X
MODEL_USA_26_4;Essex-class;Classe Essex;Classe Essex;Clase Essex;Essex-Klasse;Essex-klasa;;Essex-Klasse;;;X
MODEL_USA_26_5;Midway-class;Classe Midway;Classe Midway;Clase Midway;Midway-Klasse;Midway-klasa;;Midway-Klasse;;;X
MODEL_USA_26_6;United States-class;Classe United States;Classe United States;Clase United States;United States-Klasse;United States-klasa;;United States-Klasse;;;X
MODEL_USA_26_7;Forrestal-class;Classe Forrestal;Classe Forrestal;Clase Forrestal;Forrestal-Klasse;Forrestal-klasa;;Forrestal-Klasse;;;X
MODEL_USA_26_8;Enterprise-class;Classe Enterprise;Classe Enterprise;Clase Enterprise;Enterprise-Klasse;Enterprise-klasa;;Enterprise-Klasse;;;X
MODEL_USA_27_0;Wright-class;Classe Wright;Classe Wright;Clase Wright;Wright-Klasse;Wright-klasa;;Wright-Klasse;;;X
MODEL_USA_27_1;Langley-class;Classe Langley;Classe Langley;Clase Langley;Langley-Klasse;Langley-klasa;;Langley-Klasse;;;X
MODEL_USA_27_3;Long Island-class;Classe Long Island;Classe Long Island;Clase Long Island;Long Island-Klasse;Long Island-klasa;;Long Island-Klasse;;;X
MODEL_USA_27_4;Casablanca-class;Classe Casablanca;Classe Casablanca;Clase Casablanca;Casablanca-Klasse;Casablanca-klasa;;Casablanca-Klasse;;;X
MODEL_USA_28_0;Holland-class;Classe Holland;Classe Holland;Clase Holland;Holland-Klasse;Holland-klasa;;Holland-Klasse;;;X
MODEL_USA_28_1;K-boat;Classe K-boat;Classe K-boat;Clase K-boat;K-boat;K-boat;;K-boat;;;X
MODEL_USA_28_2;S-boat;Classe S-boat;Classe S-boat;Clase S-boat;S-boat;S-boat;;S-boat;;;X
MODEL_USA_28_3;Barracuda-class;Classe Barracuda;Classe Barracuda;Clase Barracuda;Barracuda-Klasse;Barracuda-klasa;;Barracuda-Klasse;;;X
MODEL_USA_28_4;Porpoise-class;Classe Porpoise;Classe Porpoise;Clase Porpoise;Porpoise-Klasse;Porpoise-klasa;;Porpoise-Klasse;;;X
MODEL_USA_28_5;Sargo-class;Classe Sargo;Classe Sargo;Clase Sargo;Sargo-Klasse;Sargo-klasa;;Sargo-Klasse;;;X
MODEL_USA_28_6;Gato-class;Classe Gato;Classe Gato;Clase Gato;Gato-Klasse;Gato-klasa;;Gato-Klasse;;;X
MODEL_USA_28_7;Balao-class;Classe Balao;Classe Balao;Clase Balao;Balao-Klasse;Balao-klasa;;Balao-Klasse;;;X
MODEL_USA_28_8;Tang-class;Classe Tang;Classe Tang;Clase Tang;Tang-Klasse;Tang-klasa;;Tang-Klasse;;;X
MODEL_USA_28_9;Sailfish-class;Classe Sailfish;Classe Sailfish;Clase Sailfish;Sailfish-Klasse;Sailfish-klasa;;Sailfish-Klasse;;;X
MODEL_USA_28_10;Nautilus-class;Classe Nautilus;Classe Nautilus;Clase Nautilus;Nautilus-Klasse;Nautilus-klasa;;Nautilus-Klasse;;;X
MODEL_USA_28_11;Skate-class;Classe Skate;Classe Skate;Clase Skate;Skate-Klasse;Skate-klasa;;Skate-Klasse;;;X
MODEL_USA_28_12;George Washington-class;Classe George Washington;Classe George Washington;Clase George Washington;George Washington-Klasse;George Washington-klasa;;George Washington-Klasse;;;X
MODEL_USA_29_0;XS-class;Classe XS;Classe XS;Clase XS;XS-Klasse;XS-klasa;;XS-Klasse;;;X
MODEL_USA_30_3;Crescent City-class APA;;;;;;;;;;x;
MODEL_USA_30_4;Haskell-class APA;;;;;;;;;;x;
MODEL_USA_30_5;Doyen-class APA;;;;;;;;;;x;
MODEL_USA_31_1;Independence-class;Classe Independence;Classe Independence;Clase Independence;Independence-Klasse;Independence-klasa;;Independence-Klasse;;;X
MODEL_USA_31_2;Saipan-class;Classe Saipan;Classe Saipan;Clase Saipan;Saipan-Klasse;Saipan-klasa;;Saipan-Klasse;;;X
#;;;;;;;;;;;X
# Canada;;;;;;;;;;;X
# Canada land brigades;;;;;;;;;;;X
BRIG_MODEL_CAN_1_4;4.5-in Mk.I & 5.5-in Mk.I;4.5-in Mk.I & 5.5-in Mk.I;4.5-in Mk.I & 5.5-in Mk.I;4.5-in M2 & 5.5-in Mk.I0;4.5-in Mk.I & 5.5-in Mk.I;4.5-in Mk.I & 5.5-in Mk.I;;;;;x;
BRIG_MODEL_CAN_1_5;4.5-in Mk.II & 5.5-in Mk.II;4.5-in Mk.II & 5.5-in Mk.II;4.5-in Mk.II & 5.5-in Mk.II;4.5-in M2 & 5.5-in Mk.II0;4.5-in Mk.II & 5.5-in Mk.II;4.5-in Mk.II & 5.5-in Mk.II;;;;;x;
BRIG_MODEL_CAN_1_6;4.5-in Mk.III & 5.5-in Mk.III;4.5-in Mk.III & 5.5-in Mk.III;4.5-in Mk.III & 5.5-in Mk.III;4.5-in M2 & 5.5-in Mk.III;4.5-in Mk.III & 5.5-in Mk.III;4.5-in Mk.III & 5.5-in Mk.III;;;;;x;
BRIG_MODEL_CAN_1_7;4.5-in Mk.IV & 5.5-in Mk.IV;4.5-in Mk.IV & 5.5-in Mk.IV;4.5-in Mk.IV & 5.5-in Mk.IV;4.5-in M2 & 5.5-in Mk.IV;4.5-in Mk.IV & 5.5-in Mk.IV;4.5-in Mk.IV & 5.5-in Mk.IV;;;;;x;
BRIG_MODEL_CAN_1_8;4.5-in Mk.V & 5.5-in Mk.V;4.5-in Mk.V & 5.5-in Mk.V;4.5-in Mk.V & 5.5-in Mk.V;4.5-in M2 & 5.5-in Mk.V;4.5-in Mk.V & 5.5-in Mk.V;4.5-in Mk.V & 5.5-in Mk.V;;;;;x;
BRIG_MODEL_CAN_2_2;Bishop;Bishop;Bishop;Obispo;Bishop;Bishop;;Bishop;;;X
BRIG_MODEL_CAN_2_3;Sexton;Sexton;Sexton;Sacristan;Sexton;Sexton;;Sexton;;;X
BRIG_MODEL_CAN_3_0;Land Mattress;Land Mattress;Land Mattress;Land Mattress;Land Mattress;Land Mattress;;Land Mattress;;;X
BRIG_MODEL_CAN_6_0;2Pdr.Portee;2Pdr.Portee;2Pdr.Portee;2Pdr.Portee;2Pdr.Portee;2Pdr.Portee;;2Pdr.Portee;;;X
BRIG_MODEL_CAN_6_1;Deacon;Deacon;Deacon;Deacon;Deacon;Deacon;;;;;x
BRIG_MODEL_CAN_6_2;Archer Mk.Ic;Archer Mk.Ic;Archer Mk.Ic;Archer Mk.Ic;Archer Mk.Ic;Archer Mk.Ic;;;;;x
BRIG_MODEL_CAN_6_3;Avenger;Avenger;Avenger;Avenger;Avenger;Avenger;;;;;x
BRIG_MODEL_CAN_7_0;Whippet;Whippet;Whippet;Whippet;Whippet;Whippet;;Whippet;;;X
BRIG_MODEL_CAN_7_1;Carden-Loyd Mk.VI;Carden-Loyd Mk.VI;Carden-Loyd Mk.VI;Carden-Loyd Mk.VI;Carden-Loyd Mk.VI;Carden-Loyd Mk.VI;;Carden-Loyd Mk.VI;;;X
BRIG_MODEL_CAN_7_8;RAM II;RAM II;RAM II;RAM II;RAM II;RAM II;;RAM II;;;X
BRIG_MODEL_CAN_8_0;Matilda Mk.II;Matilda Mk.II;Matilda Mk.II;Matilda Mk.II;Matilda Mk.II;Matilda Mk.II;;Matilda Mk.II;;;X
BRIG_MODEL_CAN_8_1;Mk.IV A22 Churchill Mk.I;Mk.IV A22 Churchill Mk.I;Mk.IV A22 Churchill Mk.I;Mk.IV A22 Churchill Mk.I;Mk.IV A22 Churchill Mk.I;Mk.IV A22 Churchill Mk.I;;Mk.IV A22 Churchill Mk.I;;;X
BRIG_MODEL_CAN_8_2;Mk.IV A22 Churchill Mk.VII;Mk.IV A22 Churchill Mk.VII;Mk.IV A22 Churchill Mk.VII;Mk.IV A22 Churchill Mk.VII;Mk.IV A22 Churchill Mk.VII;Mk.IV A22 Churchill Mk.VII;;Mk.IV A22 Churchill Mk.VII;;;X
BRIG_MODEL_CAN_9_0;A39 Tortoise;A39 Tortoise;A39 Tortoise;A39 Tortoise;A39 Tortoise;A39 Tortoise;;A39 Tortoise;;;X
BRIG_MODEL_CAN_10_0;Humber Mk.I;Humber Mk.I;Humber Mk.I;Humber Mk.I;Humber Mk.I;Humber Mk.I;;Humber Mk.I;;;X
BRIG_MODEL_CAN_10_1;Staghound Mk.I;Staghound Mk.I;Staghound Mk.I;Staghound Mk.I;Staghound Mk.I;Staghound Mk.I;;Staghound Mk.I;;;X
BRIG_MODEL_CAN_10_2;Ferret Mk 1/2;Ferret Mk 1/2;Ferret Mk 1/2;Ferret Mk 1/2;Ferret Mk 1/2;Ferret Mk 1/2;;Ferret Mk 1/2;;;X
# Canada air brigades;;;;;;;;;;;X
BRIG_MODEL_CAN_14_0;Nimrod / Swordfish;Nimrod / Swordfish;Nimrod / Swordfish;Nimrod / Swordfish;Nimrod / Swordfish;Nimrod / Swordfish;;Nimrod / Swordfish;;;X
BRIG_MODEL_CAN_14_1;Nimrod / Swordfish;Nimrod / Swordfish;Nimrod / Swordfish;Nimrod / Swordfish;Nimrod / Swordfish;Nimrod / Swordfish;;Nimrod / Swordfish;;;X
BRIG_MODEL_CAN_14_2;Sea Gladiator / Swordfish;Sea Gladiator / Swordfish;Sea Gladiator / Swordfish;Sea Gladiator / Swordfish;Sea Gladiator / Swordfish;Sea Gladiator / Swordfish;;Sea Gladiator / Swordfish;;;X
BRIG_MODEL_CAN_14_3;Sea Gladiator / Skua / Swordfish;Sea Gladiator / Skua / Swordfish;Sea Gladiator / Skua / Swordfish;Sea Gladiator / Skua / Swordfish;Sea Gladiator / Skua / Swordfish;Sea Gladiator / Skua / Swordfish;;Sea Gladiator / Skua / Swordfish;;;X
BRIG_MODEL_CAN_14_4;Fulmar / Skua / Albacore;Fulmar / Skua / Albacore;Fulmar / Skua / Albacore;Fulmar / Skua / Albacore;Fulmar / Skua / Albacore;Fulmar / Skua / Albacore;;Fulmar / Skua / Albacore;;;X
BRIG_MODEL_CAN_14_5;Firefly / Barracuda;Firefly / Barracuda;Firefly / Barracuda;Firefly / Barracuda;Firefly / Barracuda;Firefly / Barracuda;;Firefly / Barracuda;;;X
BRIG_MODEL_CAN_14_6;Seafire / Firebrand;Seafire / Firebrand;Seafire / Firebrand;Seafire / Firebrand;Seafire / Firebrand;Seafire / Firebrand;;Seafire / Firebrand;;;X
BRIG_MODEL_CAN_14_7;Sea Fury / Wyvern;Sea Fury / Wyvern;Sea Fury / Wyvern;Sea Fury / Wyvern;Sea Fury / Wyvern;Sea Fury / Wyvern;;Sea Fury / Wyvern;;;X
BRIG_MODEL_CAN_14_8;Sea Venom / Attacker;Sea Venom / Attacker;Sea Venom / Attacker;Sea Venom / Attacker;Sea Venom / Attacker;Sea Venom / Attacker;;Sea Venom / Attacker;;;X
BRIG_MODEL_CAN_14_9;F2H-3 Banshee / Attacker;F2H-3 Banshee / Attacker;F2H-3 Banshee / Attacker;F2H-3 Banshee / Attacker;F2H-3 Banshee / Attacker;F2H-3 Banshee / Attacker;;F2H-3 Banshee / Attacker;;;X
BRIG_MODEL_CAN_15_4;Canadair F-86 Sabre;Canadair F-86 Sabre;Canadair F-86 Sabre;Canadair F-86 Sabre;Canadair F-86 Sabre;Canadair F-86 Sabre;;Canadair F-86 Sabre;;;X
BRIG_MODEL_CAN_15_5;McDonnell CF-101 Voodoo;McDonnell CF-101 Voodoo;McDonnell CF-101 Voodoo;McDonnell CF-101 Voodoo;McDonnell CF-101 Voodoo;McDonnell CF-101 Voodoo;;McDonnell CF-101 Voodoo;;;X
# Canada land units;;;;;;;;;;;X
MODEL_CAN_4_0;Vickers Mk.VIc;Vickers Mk.VIc;Vickers Mk.VIc;Vickers Mk.VIc;Vickers Mk.VIc;Vickers Mk.VIc;;Vickers Mk.VIc;;;X
MODEL_CAN_4_1;Stuart Mk.V;Stuart Mk.V;Stuart Mk.V;Stuart Mk.V;Stuart Mk.V;Stuart Mk.V;;Stuart Mk.V;;;X
MODEL_CAN_5_0;Cruiser Tank Mk.I A9;Cruiser Tank Mk.I A9;Cruiser Tank Mk.I A9;Cruiser Tank Mk.I A9;Cruiser Tank Mk.I A9;Cruiser Tank Mk.I A9;;Cruiser Tank Mk.I A9;;;X
MODEL_CAN_5_1;Ram I;Ram I;Ram I;Ram I;Ram I;Ram I;;Ram I;;;X
MODEL_CAN_5_2;Grizzly I;Grizzly I;Grizzly I;Grizzly I;Grizzly I;Grizzly I;;Grizzly I;;;X
MODEL_CAN_5_3;M26 Pershing;M26 Pershing;M26 Pershing;M26 Pershing;M26 Pershing;M26 Pershing;;M26 Pershing;;;X
MODEL_CAN_5_4;Centurion Mk.3;Centurion Mk.3;Centurion Mk.3;Centurion Mk.3;Centurion Mk.3;Centurion Mk.3;;Centurion Mk.3;;;X
MODEL_CAN_5_5;Centurion Mk.V;Centurion Mk.V;Centurion Mk.V;Centurion Mk.V;Centurion Mk.V;Centurion Mk.V;;Centurion Mk.V;;;X
# Canada air units;;;;;;;;;;;X
MODEL_CAN_12_6;Supermarine Spitfire Mk.IX;Supermarine Spitfire Mk.IX;Supermarine Spitfire Mk.IX;Supermarine Spitfire Mk.IX;Supermarine Spitfire Mk.IX;Supermarine Spitfire Mk.IX;;Supermarine Spitfire Mk.IX;;;X
MODEL_CAN_12_8;N.American Mustang Mk.IV;N.American Mustang Mk.IV;N.American Mustang Mk.IV;N.American Mustang Mk.IV;N.American Mustang Mk.IV;N.American Mustang Mk.IV;;N.American Mustang Mk.IV;;;X
MODEL_CAN_12_9;Gloster Meteor Mk.III;Gloster Meteor Mk.III;Gloster Meteor Mk.III;Gloster Meteor Mk.III;Gloster Meteor Mk.III;Gloster Meteor Mk.III;;Gloster Meteor Mk.III;;;X
MODEL_CAN_12_10;de Havilland Vampire;de Havilland Vampire;de Havilland Vampire;de Havilland Vampire;de Havilland Vampire;de Havilland Vampire;;de Havilland Vampire;;;X
MODEL_CAN_12_11;Avro CF-100 Canuck;Avro CF-100 Canuck;Avro CF-100 Canuck;Avro CF-100 Canuck;Avro CF-100 Canuck;Avro CF-100 Canuck;;Avro CF-100 Canuck;;;X
MODEL_CAN_13_6;Grumman C-23 Goblin;Grumman C-23 Goblin;Grumman C-23 Goblin;Grumman C-23 Goblin;Grumman C-23 Goblin;Grumman C-23 Goblin;;Grumman C-23 Goblin;;;X
MODEL_CAN_13_8;Hawker Hurricane Mk.I;Hawker Hurricane Mk.I;Hawker Hurricane Mk.I;Hawker Hurricane Mk.I;Hawker Hurricane Mk.I;Hawker Hurricane Mk.I;;Hawker Hurricane Mk.I;;;X
MODEL_CAN_13_9;Grumman F4F Martlet;Grumman F4F Martlet;Grumman F4F Martlet;Grumman F4F Martlet;Grumman F4F Martlet;Grumman F4F Martlet;;Grumman F4F Martlet;;;X
MODEL_CAN_13_10;Hawker Typhoon;Hawker Typhoon;Hawker Typhoon;Hawker Typhoon;Hawker Typhoon;Hawker Typhoon;;Hawker Typhoon;;;X
MODEL_CAN_13_11;Hawker P.1052;Hawker P.1052;Hawker P.1052;Hawker P.1052;Hawker P.1052;Hawker P.1052;;Hawker P.1052;;;X
MODEL_CAN_13_12;Canadair CL-13 Sabre;Canadair CL-13 Sabre;Canadair CL-13 Sabre;Canadair CL-13 Sabre;Canadair CL-13 Sabre;Canadair CL-13 Sabre;;Canadair CL-13 Sabre;;;X
MODEL_CAN_13_13;Avro Canada CF-105 Arrow;Avro Canada CF-105 Arrow;Avro Canada CF-105 Arrow;Avro Canada CF-105 Arrow;Avro Canada CF-105 Arrow;Avro Canada CF-105 Arrow;;Avro Canada CF-105 Arrow;;;X
MODEL_CAN_14_3;Armstrong-Whitworth Whitley;Armstrong-Whitworth Whitley;Armstrong-Whitworth Whitley;Armstrong-Whitworth Whitley;Armstrong-Whitworth Whitley;Armstrong-Whitworth Whitley;;Armstrong-Whitworth Whitley;;;X
MODEL_CAN_14_4;Handley Page Halifax;Handley Page Halifax;Handley Page Halifax;Handley Page Halifax;Handley Page Halifax;Handley Page Halifax;;Handley Page Halifax;;;X
MODEL_CAN_14_5;Avro Lancaster;Avro Lancaster;Avro Lancaster;Avro Lancaster;Avro Lancaster;Avro Lancaster;;Avro Lancaster;;;X
MODEL_CAN_14_7;Vickers Valiant;Vickers Valiant;Vickers Valiant;Vickers Valiant;Vickers Valiant;Vickers Valiant;;Vickers Valiant;;;X
MODEL_CAN_15_3;Douglas B-18 Digby;Douglas B-18 Digby;Douglas B-18 Digby;Douglas B-18 Digby;Douglas B-18 Digby;Douglas B-18 Digby;;Douglas B-18 Digby;;;X
MODEL_CAN_15_4;Bristol Blenheim Mk.IV;Bristol Blenheim Mk.IV;Bristol Blenheim Mk.IV;Bristol Blenheim Mk.IV;Bristol Blenheim Mk.IV;Bristol Blenheim Mk.IV;;Bristol Blenheim Mk.IV;;;X
MODEL_CAN_15_6;Vickers-Armstrong Wellington Mk.III;Vickers-Armstrong Wellington Mk.III;Vickers-Armstrong Wellington Mk.III;Vickers-Armstrong Wellington Mk.III;Vickers-Armstrong Wellington Mk.III;Vickers-Armstrong Wellington Mk.III;;Vickers-Armstrong Wellington Mk.III;;;X
MODEL_CAN_15_7;N.American Mitchell Mk.II;N.American Mitchell Mk.II;N.American Mitchell Mk.II;N.American Mitchell Mk.II;N.American Mitchell Mk.II;N.American Mitchell Mk.II;;N.American Mitchell Mk.II;;;X
MODEL_CAN_15_8;de Havilland Mosquito B.XVI;de Havilland Mosquito B.XVI;de Havilland Mosquito B.XVI;de Havilland Mosquito B.XVI;de Havilland Mosquito B.XVI;de Havilland Mosquito B.XVI;;de Havilland Mosquito B.XVI;;;X
MODEL_CAN_15_9;de Havilland Venom;de Havilland Venom;de Havilland Venom;de Havilland Venom;de Havilland Venom;de Havilland Venom;;de Havilland Venom;;;X
MODEL_CAN_15_11;English Electric Canberra;English Electric Canberra;English Electric Canberra;English Electric Canberra;English Electric Canberra;English Electric Canberra;;English Electric Canberra;;;X
MODEL_CAN_16_2;Lockheed Hudson;Lockheed Hudson;Lockheed Hudson;Lockheed Hudson;Lockheed Hudson;Lockheed Hudson;;Lockheed Hudson;;;X
MODEL_CAN_16_3;Lockheed Ventura;Lockheed Ventura;Lockheed Ventura;Lockheed Ventura;Lockheed Ventura;Lockheed Ventura;;Lockheed Ventura;;;X
MODEL_CAN_16_4;Lockheed Harpoon;Lockheed Harpoon;Lockheed Harpoon;Lockheed Harpoon;Lockheed Harpoon;Lockheed Harpoon;;Lockheed Harpoon;;;X
MODEL_CAN_16_5;Lockheed CP-127 Neptune;Lockheed CP-127 Neptune;Lockheed CP-127 Neptune;Lockheed CP-127 Neptune;Lockheed CP-127 Neptune;Lockheed CP-127 Neptune;;Lockheed CP-127 Neptune;;;X
MODEL_CAN_17_1;Fairey Battle;Fairey Battle;Fairey Battle;Fairey Battle;Fairey Battle;Fairey Battle;;Fairey Battle;;;X
MODEL_CAN_17_2;Vultee Vengeance;Vultee Vengeance;Vultee Vengeance;Vultee Vengeance;Vultee Vengeance;Vultee Vengeance;;Vultee Vengeance;;;X
MODEL_CAN_17_3;Bristol Beaufighter I;Bristol Beaufighter I;Bristol Beaufighter I;Bristol Beaufighter I;Bristol Beaufighter I;Bristol Beaufighter I;;Bristol Beaufighter I;;;X
MODEL_CAN_18_1;Armstrong-Whitworth AW.41 Albermarle;Armstrong-Whitworth AW.41 Albermarle;Armstrong-Whitworth AW.41 Albermarle;Armstrong-Whitworth AW.41 Albermarle;Armstrong-Whitworth AW.41 Albermarle;Armstrong-Whitworth AW.41 Albermarle;;Armstrong-Whitworth AW.41 Albermarle;;;X
MODEL_CAN_18_3;Douglas CC-129 Dakota;Douglas CC-129 Dakota;Douglas CC-129 Dakota;Douglas CC-129 Dakota;Douglas CC-129 Dakota;Douglas CC-129 Dakota;;Douglas CC-129 Dakota;;;X
MODEL_CAN_18_4;Douglas North Star;Douglas North Star;Douglas North Star;Douglas North Star;Douglas North Star;Douglas North Star;;Douglas North Star;;;X
# Canada naval units;;;;;;;;;;;X
MODEL_CAN_22_0;Apollo-class;Apollo-class;Classe Apollo;Clase Apollo;Apollo-Klasse;Apollo-class;;Apollo-Klasse;;;X
MODEL_CAN_22_2;Arethusa-class;Arethusa-class;Classe Arethusa;Clase Arethusa;Arethusa-Klasse;Arethusa-class;;Arethusa-Klasse;;;X
MODEL_CAN_22_4;Ontario-class;Ontario-class;Classe Ontario;Clase Ontario;Ontario-Klasse;Ontario-class;;Ontario-Klasse;;;X
MODEL_CAN_22_5;Crown Colony-class;Crown Colony-class;Classe Crown Colony;Clase Crown Colony;Crown Colony-Klasse;Crown Colony-class;;Crown Colony-Klasse;;;X
MODEL_CAN_22_6;Minotaur-class;Minotaur-class;Classe Minotaur;Clase Minotaur;Minotaur-Klasse;Minotaur-class;;Minotaur-Klasse;;;X
MODEL_CAN_23_1;Diadem-class;Diadem-class;Classe Diadem;Clase Diadem;Diadem-Klasse;Diadem-class;;Diadem-Klasse;;;X
MODEL_CAN_25_2;M-class;M-class;Classe M;Clase M;M-Klasse;M-class;;M-Klasse;;;X
MODEL_CAN_25_3;S-class;S-class;Classe S;Clase S;S-Klasse;S-class;;S-Klasse;;;X
MODEL_CAN_25_4;River-class;River-class;Classe River;Clase River;River-Klasse;River-class;;River-Klasse;;;X
MODEL_CAN_25_5;G-class;G-class;Classe G;Clase G;G-Klasse;G-class;;G-Klasse;;;X
MODEL_CAN_25_6;Tribal-class;Tribal-class;Classe Tribal;Clase Tribal;Tribal-Klasse;Tribal-class;;Tribal-Klasse;;;X
MODEL_CAN_25_7;V-class;V-class;Classe V;Clase V;V-Klasse;V-class;;V-Klasse;;;X
MODEL_CAN_28_1;CC-class;CC-class;Classe CC;Clase CC;CC-Klasse;CC-class;;CC-Klasse;;;X
MODEL_CAN_28_2;H-boat-class;H-boat-class;Classe H-boat;Clase H-boat;H-boat-Klasse;H-boat-class;;H-boat-Klasse;;;X
MODEL_CAN_30_1;Montcalm-class AP;;;;;;;;;;x;
MODEL_CAN_31_1;Colossus-class;Colossus-class;Classe Colossus;Clase Colossus;Colossus-Klasse;Colossus-class;;Colossus-Klasse;;;X
MODEL_CAN_31_2;Majestic-class;Classe Majestic;Classe Majestic;Clase Majestic;Majestic-Klasse;Majestic-klasa;;Majestic-Klasse;;;X
#;;;;;;;;;;;X
# Temp models as duplicates;;;;;;;;;;;X
# France;;;;;;;;;;;X
# France land brigade;;;;;;;;;;;X
BRIG_MODEL_U01_1_0;Canon de 75 mle 1897;Canon de 75 mle 1897;Canon de 75 mle 1897;Cañon de 75 mle 1897;Canon de 75 mle 1897;Canon de 75 mle 1897;;Canon de 75 mle 1897;;;X
BRIG_MODEL_U01_1_1;Canon de 75 mle 1912;Canon de 75 mle 1912;Canon de 75 mle 1912;Cañon de 75 mle 1912;Canon de 75 mle 1912;Canon de 75 mle 1912;;Canon de 75 mle 1912;;;X
BRIG_MODEL_U01_1_2;Canon de 105 mle 1913;Canon de 105 mle 1913;Canon de 105 mle 1913;Cañon de 105 mle 1913;Canon de 105 mle 1913;Canon de 105 mle 1913;;Canon de 105 mle 1913;;;X
BRIG_MODEL_U01_1_3;Canon de 155 C mle 1917;Canon de 155 C mle 1917;Canon de 155 C mle 1917;Cañon de 155 C mle 1917;Canon de 155 C mle 1917;Canon de 155 C mle 1917;;Canon de 155 C mle 1917;;;X
BRIG_MODEL_U01_1_4;Canon de 155mm GPF;Canon de 155mm GPF;Canon de 155mm GPF;Cañon de 155mm GPF;Canon de 155mm GPF;Canon de 155mm GPF;;Canon de 155mm GPF;;;X
BRIG_MODEL_U01_1_5;;;;;;;;;;;X
BRIG_MODEL_U01_1_6;;;;;;;;;;;X
BRIG_MODEL_U01_1_7;Canon de 105 Mle 1935;Canon de 105 Mle 1935;Canon de 105 Mle 1935;Cañon de 105 Mle 1935;Canon de 105 Mle 1935;Canon de 105 Mle 1935;;Canon de 105 Mle 1935;;;X
BRIG_MODEL_U01_1_8;;;;;;;;;;;X
BRIG_MODEL_U01_1_9;Canon de 194 Mle GPF;Canon de 194 Mle GPF;Canon de 194 Mle GPF;Canon de 194 Mle GPF;Canon de 194 Mle GPF;Canon de 194 Mle GPF;;Canon de 194 Mle GPF;;;X
BRIG_MODEL_U01_1_10;;;;;;;;;;;X
BRIG_MODEL_U01_1_11;;;;;;;;;;;X
BRIG_MODEL_U01_1_12;;;;;;;;;;;X
BRIG_MODEL_U01_1_13;;;;;;;;;;;X
BRIG_MODEL_U01_2_0;SAu-40;SAu-40;SAu-40;SAu-40;SAu-40;SAu-40;;SAu-40;;;X
BRIG_MODEL_U01_2_1;ARL-40;ARL-40;ARL-40;ARL-40;ARL-40;ARL-40;;ARL-40;;;X
BRIG_MODEL_U01_2_2;;;;;;;;;;;X
BRIG_MODEL_U01_2_3;;;;;;;;;;;X
BRIG_MODEL_U01_2_4;;;;;;;;;;;X
BRIG_MODEL_U01_2_5;;;;;;;;;;;X
BRIG_MODEL_U01_2_6;ELC AMX;ELC AMX;ELC AMX;ELC AMX;ELC AMX;ELC AMX;;ELC AMX;;;X
BRIG_MODEL_U01_2_7;AMX 13 105 Automoteur;AMX 13 105 Automoteur;AMX 13 105 Automoteur;AMX 13 105 Automoteur;AMX 13 105 Automoteur;AMX 13 105 Automoteur;;AMX 13 105 Automoteur;;;X
BRIG_MODEL_U01_6_0;Laffly W15;Laffly W15;Laffly W15;Laffly W15;Laffly W15;Laffly W15;;Laffly W15;;;X
BRIG_MODEL_U01_6_1;;;;;;;;;;;X
BRIG_MODEL_U01_6_2;;;;;;;;;;;X
BRIG_MODEL_U01_6_3;;;;;;;;;;;X
BRIG_MODEL_U01_6_4;;;;;;;;;;;X
BRIG_MODEL_U01_6_5;AMX-13;AMX-13;AMX-13;AMX-13;AMX-13;AMX-13;;AMX-13;;;X
BRIG_MODEL_U01_6_6;AMX 50 Canon Automoteur;AMX 50 Canon Automoteur;AMX 50 Canon Automoteur;AMX 50 Canon Automoteur;AMX 50 Canon Automoteur;AMX 50 Canon Automoteur;;AMX 50 Canon Automoteur;;;X
BRIG_MODEL_U01_7_0;Renault FT 17;Renault FT 17;Renault FT 17;Renault FT 17;Renault FT 17;Renault FT 17;;Renault FT 17;;;X
BRIG_MODEL_U01_7_1;;;;;;;;;;;X
BRIG_MODEL_U01_7_2;;;;;;;;;;;X
BRIG_MODEL_U01_7_3;Renault FT 31;Renault FT 31;Renault FT 31;Renault FT 31;Renault FT 31;Renault FT 31;;Renault FT 31;;;X
BRIG_MODEL_U01_7_4;AMR 33;AMR 33;AMR 33;AMR 33;AMR 33;AMR 33;;AMR 33;;;X
BRIG_MODEL_U01_7_5;AMR 35;AMR 35;AMR 35;AMR 35;AMR 35;AMR 35;;AMR 35;;;X
#BRIG_MODEL_U01_7_5;Renault R35;Renault R35;Renault R35;Renault R35;Renault R35;Renault R35;;Renault R35;;;X
BRIG_MODEL_U01_7_6;Hotchkiss H-35;Hotchkiss H-35;Hotchkiss H-35;Hotchkiss H-35;Hotchkiss H-35;Hotchkiss H-35;;Hotchkiss H-35;;;X
BRIG_MODEL_U01_7_7;Somua S35;Somua S35;Somua S35;Somua S35;Somua S35;Somua S35;;Somua S35;;;X
BRIG_MODEL_U01_7_8;Hotchkiss H-39;Hotchkiss H-39;Hotchkiss H-39;Hotchkiss H-39;Hotchkiss H-39;Hotchkiss H-39;;Hotchkiss H-39;;;X
#BRIG_MODEL_U01_7_9;Renault R40;Renault R40;Renault R40;Renault R40;Renault R40;Renault R40;;Renault R40;;;X
BRIG_MODEL_U01_8_0;Schneider CA1;Schneider CA1;Schneider CA1;Schneider CA1;Schneider CA1;Schneider CA1;;Schneider CA1;;;X
BRIG_MODEL_U01_8_1;Char 2C;Char 2C;Char 2C;Char 2C;Char 2C;Char 2C;;Char 2C;;;X
BRIG_MODEL_U01_8_2;Renault B1;Renault B1;Renault B1;Renault B1;Renault B1;Renault B1;;Renault B1;;;X
BRIG_MODEL_U01_8_3;;;;;;;;;;;X
BRIG_MODEL_U01_8_4;ARL-44;ARL-44;ARL-44;ARL-44;ARL-44;ARL-44;;ARL-44;;;X
BRIG_MODEL_U01_8_5;AMX-50 12cm Gun;AMX-50 12cm Gun;AMX-50 12cm Gun;AMX-50 12cm Gun;AMX-50 12cm Gun;AMX-50 12cm Gun;;AMX-50 12cm Gun;;;X
BRIG_MODEL_U01_9_0;Frot-Laffy landship;Frot-Laffy landship;Frot-Laffy landship;Frot-Laffy landship;Frot-Laffy landship;Frot-Laffy landship;;Frot-Laffy landship;;;X
BRIG_MODEL_U01_9_1;FCM-F1;FCM-F1;FCM-F1;FCM-F1;FCM-F1;FCM-F1;;FCM-F1;;;X
BRIG_MODEL_U01_10_0;;;;;;;;;;;X
BRIG_MODEL_U01_10_1;Peugeot Armored Car;Peugeot Armored Car;Peugeot Armored Car;Coche Blindado Peugeot;Peugeot Armored Car;Peugeot Armored Car;;Peugeot Armored Car;;;X
BRIG_MODEL_U01_10_2;;;;;;;;;;;X
BRIG_MODEL_U01_10_3;AMC Schneider P 16;AMC Schneider P 16;AMC Schneider P 16;AMC Schneider P 16;AMC Schneider P 16;AMC Schneider P 16;;AMC Schneider P 16;;;X
BRIG_MODEL_U01_10_4;Panhard 178;Panhard 178;Panhard 178;Panhard 178;Panhard 178;Panhard 178;;Panhard 178;;;X
BRIG_MODEL_U01_10_5;Panhard 201;Panhard 201;Panhard 201;Panhard 201;Panhard 201;Panhard 201;;Panhard 201;;;X
BRIG_MODEL_U01_10_6;EBR-75;EBR-75;EBR-75;EBR-75;EBR-75;EBR-75;;EBR-75;;;X
BRIG_MODEL_U01_10_7;Panhard AML;Panhard AML;Panhard AML;Panhard AML;Panhard AML;Panhard AML;;Panhard AML;;;X
BRIG_MODEL_U01_29_0;Renault NC;Renault NC;Renault NC;Renault NC;Renault NC;Renault NC;;Renault NC;;;X
BRIG_MODEL_U01_29_1;Renault D1;Renault D1;Renault D1;Renault D1;Renault D1;Renault D1;;Renault D1;;;X
BRIG_MODEL_U01_29_2;Renault D2;Renault D2;Renault D2;Renault D2;Renault D2;Renault D2;;Renault D2;;;X
BRIG_MODEL_U01_29_3;Renault G1;Renault G1;Renault G1;Renault G1;Renault G1;Renault G1;;Renault G1;;;X
BRIG_MODEL_U01_29_4;;;;;;;;;;;X
BRIG_MODEL_U01_29_5;;;;;;;;;;;X
BRIG_MODEL_U01_29_6;;;;;;;;;;;X
BRIG_MODEL_U01_29_7;;;;;;;;;;;X
BRIG_MODEL_U01_29_8;;;;;;;;;;;X
BRIG_MODEL_U01_29_9;;;;;;;;;;;X
BRIG_MODEL_U01_29_10;;;;;;;;;;;X
BRIG_MODEL_U01_29_11;AMX 30;AMX 30;AMX 30;AMX 30;AMX 30;AMX 30;;AMX 30;;;X
# France air brigade;;;;;;;;;;;X
BRIG_MODEL_U01_14_0;PL.2/PL.9;PL.2/PL.9;PL.2/PL.9;PL.2/PL.9;PL.2/PL.9;PL.2/PL.9;PL.2/PL.9;PL.2/PL.9;;;X
BRIG_MODEL_U01_14_1;F.270/PL.4/D.1;F.270/PL.4/D.1;F.270/PL.4/D.1;F.270/PL.4/D.1;F.270/PL.4/D.1;F.270/PL.4/D.1;F.270/PL.4/D.1;F.270/PL.4/D.1;;;X
BRIG_MODEL_U01_14_2;Nieuport 140/PL.16/Wibault 74;Nieuport 140/PL.16/Wibault 74;Nieuport 140/PL.16/Wibault 74;Nieuport 140/PL.16/Wibault 74;Nieuport 140/PL.16/Wibault 74;Nieuport 140/PL.16/Wibault 74;Nieuport 140/PL.16/Wibault 74;Nieuport 140/PL.16/Wibault 74;;;X
BRIG_MODEL_U01_14_3;LN.401/PL.16/D.373;LN.401/PL.16/D.373;LN.401/PL.16/D.373;LN.401/PL.16/D.373;LN.401/PL.16/D.373;LN.401/PL.16/D.373;LN.401/PL.16/D.373;LN.401/PL.16/D.373;;;X
BRIG_MODEL_U01_14_4;SB2U Vindicator/D.750/D.373;SB2U Vindicator/D.750/D.373;SB2U Vindicator/D.750/D.373;SB2U Vindicator/D.750/D.373;SB2U Vindicator/D.750/D.373;SB2U Vindicator/D.750/D.373;SB2U Vindicator/D.750/D.373;SB2U Vindicator/D.750/D.373;;;X
BRIG_MODEL_U01_14_5;SBD Dauntless/F6F Hellcat;SBD Dauntless/F6F Hellcat;SBD Dauntless/F6F Hellcat;SBD Dauntless/F6F Hellcat;SBD Dauntless/F6F Hellcat;SBD Dauntless/F6F Hellcat;SBD Dauntless/F6F Hellcat;SBD Dauntless/F6F Hellcat;;;X
BRIG_MODEL_U01_14_6;SBD Dauntless/TBF Avenger/F6F Hellcat;SBD Dauntless/TBF Avenger/F6F Hellcat;SBD Dauntless/TBF Avenger/F6F Hellcat;SBD Dauntless/TBF Avenger/F6F Hellcat;SBD Dauntless/TBF Avenger/F6F Hellcat;SBD Dauntless/TBF Avenger/F6F Hellcat;SBD Dauntless/TBF Avenger/F6F Hellcat;SBD Dauntless/TBF Avenger/F6F Hellcat;;;X
BRIG_MODEL_U01_14_7;AD Skyraider/TBF Avenger/F4U Corsair;AD Skyraider/TBF Avenger/F4U Corsair;AD Skyraider/TBF Avenger/F4U Corsair;AD Skyraider/TBF Avenger/F4U Corsair;AD Skyraider/TBF Avenger/F4U Corsair;AD Skyraider/TBF Avenger/F4U Corsair;AD Skyraider/TBF Avenger/F4U Corsair;AD Skyraider/TBF Avenger/F4U Corsair;;;X
BRIG_MODEL_U01_14_8;S.E.202 Aquilon / Br.1050 Alizé;S.E.202 Aquilon / Br.1050 Alizé;S.E.202 Aquilon / Br.1050 Alizé;S.E.202 Aquilon / Br.1050 Alizé;S.E.202 Aquilon / Br.1050 Alizé;S.E.202 Aquilon / Br.1050 Alizé;;S.E.202 Aquilon / Br.1050 Alizé;;;X
BRIG_MODEL_U01_14_9;Dassault Étendard IV / Br.1050 Alizé;Dassault Étendard IV / Br.1050 Alizé;Dassault Étendard IV / Br.1050 Alizé;Dassault Étendard IV / Br.1050 Alizé;Dassault Étendard IV / Br.1050 Alizé;Dassault Étendard IV / Br.1050 Alizé;;Dassault Étendard IV / Br.1050 Alizé;;;X
BRIG_MODEL_U01_15_0;Potez 631;Potez 631;Potez 631;Potez 631;Potez 631;Potez 631;Potez 631;Potez 631;;;X
BRIG_MODEL_U01_15_1;Potez 671;Potez 671;Potez 671;Potez 671;Potez 671;Potez 671;Potez 671;Potez 671;;;X
BRIG_MODEL_U01_15_2;Sud-Est Aviation SE.100;Sud-Est Aviation SE.100;Sud-Est Aviation SE.100;Sud-Est Aviation SE.100;Sud-Est Aviation SE.100;Sud-Est Aviation SE.100;Sud-Est Aviation SE.100;Sud-Est Aviation SE.100;;;X
BRIG_MODEL_U01_15_4;Dassault Ouragan;Dassault Ouragan;Dassault Ouragan;Dassault Ouragan;Dassault Ouragan;Dassault Ouragan;;Dassault Ouragan;;;X
BRIG_MODEL_U01_15_5;Sud Aviation Vautour IIN;Sud Aviation Vautour IIN;Sud Aviation Vautour IIN;Sud Aviation Vautour IIN;Sud Aviation Vautour IIN;Sud Aviation Vautour IIN;Sud Aviation Vautour IIN;Sud Aviation Vautour IIN;;;X
BRIG_MODEL_U01_15_6;Dassault Mirage IIIC;Dassault Mirage IIIC;Dassault Mirage IIIC;Dassault Mirage IIIC;Dassault Mirage IIIC;Dassault Mirage IIIC;;Dassault Mirage IIIC;;;X
BRIG_MODEL_U01_30_0;Voisin Canard;Voisin Canard;Voisin Canard;Voisin Canard;Voisin Canard;Voisin Canard;;Voisin Canard;;;X
BRIG_MODEL_U01_30_3;Schreck FBA.17;Schreck FBA.17;Schreck FBA.17;Schreck FBA.17;Schreck FBA.17;Schreck FBA.17;;Schreck FBA.17;;;X
BRIG_MODEL_U01_30_4;Levasseur PL.14;Levasseur PL.14;Levasseur PL.14;Levasseur PL.14;Levasseur PL.14;Levasseur PL.14;;Levasseur PL.14;;;X
BRIG_MODEL_U01_30_5;Loire LN.130;Loire LN.130;Loire LN.130;Loire LN.130;Loire LN.130;Loire LN.130;;Loire LN.130;;;X
BRIG_MODEL_U01_30_6;CAMS 37;CAMS 37;CAMS 37;CAMS 37;CAMS 37;CAMS 37;;CAMS 37;;;X
BRIG_MODEL_U01_30_7;Potez 452;Potez 452;Potez 452;Potez 452;Potez 452;Potez 452;;Potez 452;;;X
# France Land Units;;;;;;;;;;;X
MODEL_U01_4_0;Renault AMC 35;Renault AMC 35;Renault AMC 35;Renault AMC 35;Renault AMC 35;Renault AMC 35;;Renault AMC 35;;;X
MODEL_U01_4_1;Hotchkiss H-35;Hotchkiss H-35;Hotchkiss H-35;Hotchkiss H-35;Hotchkiss H-35;Hotchkiss H-35;;Hotchkiss H-35;;;X
MODEL_U01_4_2;Somua S-35;Somua S-35;Somua S-35;Somua S-35;Somua S-35;Somua S-35;;Somua S-35;;;X
MODEL_U01_5_0;Char B1;Char B1;Char B1;Char B1;Char B1;Char B1;;Char B1;;;X
MODEL_U01_5_1;Char B1 bis;Char B1 bis;Char B1 bis;Char B1 bis;Char B1 bis;Char B1 bis;;Char B1 bis;;;X
MODEL_U01_5_2;;;;;;;;;;;X
MODEL_U01_5_3;;;;;;;;;;;X
MODEL_U01_5_4;ARL-44;ARL-44;ARL-44;ARL-44;ARL-44;ARL-44;;ARL-44;;;X
MODEL_U01_5_5;;;;;;;;;;;X
MODEL_U01_5_6;AMX-13;AMX-13;AMX-13;AMX-13;AMX-13;AMX-13;;AMX-13;;;X
MODEL_U01_5_7;AMX-30;AMX-30;AMX-30;AMX-30;AMX-30;AMX-30;;AMX-30;;;X
# France air units;;;;;;;;;;;X
MODEL_U01_12_0;SPAD S.VII;SPAD S.VII;SPAD S.VII;SPAD S.VII;SPAD S.VII;SPAD S.VII;SPAD S.VII;SPAD S.VII;;;X
MODEL_U01_12_1;Caudron R.4;Caudron R.4;Caudron R.4;Caudron R.4;Caudron R.4;Caudron R.4;Caudron R.4;Caudron R.4;;;X
MODEL_U01_12_2;Caudron R.11;Caudron R.11;Caudron R.11;Caudron R.11;Caudron R.11;Caudron R.11;Caudron R.11;Caudron R.11;;;X
MODEL_U01_12_3;Morane-Saulnier AN;Morane-Saulnier AN;Morane-Saulnier AN;Morane-Saulnier AN;Morane-Saulnier AN;Morane-Saulnier AN;Morane-Saulnier AN;Morane-Saulnier AN;;;X
MODEL_U01_12_4;Nieuport-Delage NiD.62;Nieuport-Delage NiD.62;Nieuport-Delage NiD.62;Nieuport-Delage NiD.62;Nieuport-Delage NiD.62;Nieuport-Delage NiD.62;Nieuport-Delage NiD.62;Nieuport-Delage NiD.62;;;X
MODEL_U01_12_5;Dewoitine D.520;Dewoitine D.520;Dewoitine D.520;Dewoitine D.520;Dewoitine D.520;Dewoitine D.520;Dewoitine D.520;Dewoitine D.520;;;X
MODEL_U01_12_6;Dewoitine D.550;Dewoitine D.550;Dewoitine D.550;Dewoitine D.550;Dewoitine D.550;Dewoitine D.550;Dewoitine D.550;Dewoitine D.550;;;X
MODEL_U01_12_7;Vought F4U Corsair;Vought F4U Corsair;Vought F4U Corsair;Vought F4U Corsair;Vought F4U Corsair;Vought F4U Corsair;Vought F4U Corsair;Vought F4U Corsair;;;X
MODEL_U01_12_8;Dassault Ouragan;Dassault Ouragan;Dassault Ouragan;Dassault Ouragan;Dassault Ouragan;Dassault Ouragan;Dassault Ouragan;Dassault Ouragan;;;X
MODEL_U01_12_9;Dassault Mystère;Dassault Mystère;Dassault Mystère;Dassault Mystère;Dassault Mystère;Dassault Mystère;Dassault Mystère;Dassault Mystère;;;X
MODEL_U01_12_10;Dassault Mystère IV;Dassault Mystère IV;Dassault Mystère IV;Dassault Mystère IV;Dassault Mystère IV;Dassault Mystère IV;Dassault Mystère IV;Dassault Mystère IV;;;X
MODEL_U01_12_11;Dassault Super Mystère;Dassault Super Mystère;Dassault Super Mystère;Dassault Super Mystère;Dassault Super Mystère;Dassault Super Mystère;Dassault Super Mystère;Dassault Super Mystère;;;X
MODEL_U01_12_12;Dassault Mirage IIIE;Dassault Mirage IIIE;Dassault Mirage IIIE;Dassault Mirage IIIE;Dassault Mirage IIIE;Dassault Mirage IIIE;Dassault Mirage IIIE;Dassault Mirage IIIE;;;X
MODEL_U01_12_13;Dassault Mirage 5;Dassault Mirage 5;Dassault Mirage 5;Dassault Mirage 5;Dassault Mirage 5;Dassault Mirage 5;Dassault Mirage 5;Dassault Mirage 5;;;X
MODEL_U01_13_0;Blériot XI;Blériot XI;Blériot XI;Blériot XI;Blériot XI;Blériot XI;Blériot XI;Blériot XI;;;X
MODEL_U01_13_1;Morane-Saulnier L;Morane-Saulnier L;Morane-Saulnier L;Morane-Saulnier L;Morane-Saulnier L;Morane-Saulnier L;Morane-Saulnier L;Morane-Saulnier L;;;X
MODEL_U01_13_2;Morane-Saulnier N;Morane-Saulnier N;Morane-Saulnier N;Morane-Saulnier N;Morane-Saulnier N;Morane-Saulnier N;Morane-Saulnier N;Morane-Saulnier N;;;X
MODEL_U01_13_3;Nieuport 17;Nieuport 17;Nieuport 17;Nieuport 17;Nieuport 17;Nieuport 17;Nieuport 17;Nieuport 17;;;X
MODEL_U01_13_4;SPAD S.XIII;SPAD S.XIII;SPAD S.XIII;SPAD S.XIII;SPAD S.XIII;SPAD S.XIII;SPAD S.XIII;SPAD S.XIII;;;X
MODEL_U01_13_5;Nieuport 28;Nieuport 28;Nieuport 28;Nieuport 28;Nieuport 28;Nieuport 28;Nieuport 28;Nieuport 28;;;X
MODEL_U01_13_6;Nieuport-Delage NiD.29;Nieuport-Delage NiD.29;Nieuport-Delage NiD.29;Nieuport-Delage NiD.29;Nieuport-Delage NiD.29;Nieuport-Delage NiD.29;Nieuport-Delage NiD.29;Nieuport-Delage NiD.29;;;X
MODEL_U01_13_7;Dewoitine D.500;Dewoitine D.500;Dewoitine D.500;Dewoitine D.500;Dewoitine D.500;Dewoitine D.500;Dewoitine D.500;Dewoitine D.500;;;X
MODEL_U01_13_8;Morane-Saulnier MS.406;Morane-Saulnier MS.406;Morane-Saulnier MS.406;Morane-Saulnier MS.406;Morane-Saulnier MS.406;Morane-Saulnier MS.406;Morane-Saulnier MS.406;Morane-Saulnier MS.406;;;X
MODEL_U01_13_9;Bloch MB.152;Bloch MB.152;Bloch MB.152;Bloch MB.152;Bloch MB.152;Bloch MB.152;Bloch MB.152;Bloch MB.152;;;X
MODEL_U01_13_10;Arsenal VG.33;Arsenal VG.33;Arsenal VG.33;Arsenal VG.33;Arsenal VG.33;Arsenal VG.33;Arsenal VG.33;Arsenal VG.33;;;X
MODEL_U01_13_11;Gloster Meteor;Gloster Meteor;Gloster Meteor;Gloster Meteor;Gloster Meteor;Gloster Meteor;Gloster Meteor;Gloster Meteor;;;X
MODEL_U01_13_12;De Havilland Vampire;De Havilland Vampire;De Havilland Vampire;De Havilland Vampire;De Havilland Vampire;De Havilland Vampire;De Havilland Vampire;De Havilland Vampire;;;X
MODEL_U01_13_13;Dassault Mystère II;Dassault Mystère II;Dassault Mystère II;Dassault Mystère II;Dassault Mystère II;Dassault Mystère II;Dassault Mystère II;Dassault Mystère II;;;X
MODEL_U01_13_14;Dassault Mystere IVA;Dassault Mystere IVA;Dassault Mystere IVA;Dassault Mystere IVA;Dassault Mystere IVA;Dassault Mystere IVA;;Dassault Mystere IVA;;;X
MODEL_U01_13_15;Dassault Mirage III;Dassault Mirage III;Dassault Mirage III;Dassault Mirage III;Dassault Mirage III;Dassault Mirage III;Dassault Mirage III;Dassault Mirage III;;;X
MODEL_U01_13_16;Dassault Mirage IIIC;Dassault Mirage IIIC;Dassault Mirage IIIC;Dassault Mirage IIIC;Dassault Mirage IIIC;Dassault Mirage IIIC;Dassault Mirage IIIC;Dassault Mirage IIIC;;;X
MODEL_U01_32_0;Leduc 0.21;Leduc 0.21;Leduc 0.21;Leduc 0.21;Leduc 0.21;Leduc 0.21;Leduc 0.21;Leduc 0.21;;;X
MODEL_U01_32_1;Leduc 0.22;Leduc 0.22;Leduc 0.22;Leduc 0.22;Leduc 0.22;Leduc 0.22;Leduc 0.22;Leduc 0.22;;;X
MODEL_U01_14_2;Lioré et Olivier LeO.203;Lioré et Olivier LeO.203;Lioré et Olivier LeO.203;Lioré et Olivier LeO.203;Lioré et Olivier LeO.203;Lioré et Olivier LeO.203;Lioré et Olivier LeO.203;Lioré et Olivier LeO.203;;;X
MODEL_U01_14_3;Farman F.222;Farman F.222;Farman F.222;Farman F.222;Farman F.222;Farman F.222;Farman F.222;Farman F.222;;;X
MODEL_U01_14_4;Bloch MB.162;Bloch MB.162;Bloch MB.162;Bloch MB.162;Bloch MB.162;Bloch MB.162;Bloch MB.162;Bloch MB.162;;;X
MODEL_U01_14_5;Bréguet 482;Bréguet 482;Bréguet 482;Bréguet 482;Bréguet 482;Bréguet 482;Bréguet 482;Bréguet 482;;;X
MODEL_U01_14_9;Dassault Mirage IV;Dassault Mirage IV;Dassault Mirage IV;Dassault Mirage IV;Dassault Mirage IV;Dassault Mirage IV;Dassault Mirage IV;Dassault Mirage IV;;;X
MODEL_U01_15_0;Farman M.F.7 Longhorn;Farman M.F.7 Longhorn;Farman M.F.7 Longhorn;Farman M.F.7 Longhorn;Farman M.F.7 Longhorn;Farman M.F.7 Longhorn;Farman M.F.7 Longhorn;Farman M.F.7 Longhorn;;;X
MODEL_U01_15_1;Caudron G.4;Caudron G.4;Caudron G.4;Caudron G.4;Caudron G.4;Caudron G.4;Caudron G.4;Caudron G.4;;;X
MODEL_U01_15_2;Farman F.50;Farman F.50;Farman F.50;Farman F.50;Farman F.50;Farman F.50;Farman F.50;Farman F.50;;;X
MODEL_U01_15_3;Farman F.60 Goliath;Farman F.60 Goliath;Farman F.60 Goliath;Farman F.60 Goliath;Farman F.60 Goliath;Farman F.60 Goliath;Farman F.60 Goliath;Farman F.60 Goliath;;;X
MODEL_U01_15_4;Amiot 143;Amiot 143;Amiot 143;Amiot 143;Amiot 143;Amiot 143;Amiot 143;Amiot 143;;;X
MODEL_U01_15_5;Bloch MB.210;Bloch MB.210;Bloch MB.210;Bloch MB.210;Bloch MB.210;Bloch MB.210;Bloch MB.210;Bloch MB.210;;;X
MODEL_U01_15_6;Lioré et Olivier LéO.451;Lioré et Olivier LéO.451;Lioré et Olivier LéO.451;Lioré et Olivier LéO.451;Lioré et Olivier LéO.451;Lioré et Olivier LéO.451;Lioré et Olivier LéO.451;Lioré et Olivier LéO.451;;;X
MODEL_U01_15_7;Martin B-26 Marauder;Martin B-26 Marauder;Martin B-26 Marauder;Martin B-26 Marauder;Martin B-26 Marauder;Martin B-26 Marauder;Martin B-26 Marauder;Martin B-26 Marauder;;;X
MODEL_U01_15_8;De Havilland Mosquito;De Havilland Mosquito;De Havilland Mosquito;De Havilland Mosquito;De Havilland Mosquito;De Havilland Mosquito;De Havilland Mosquito;De Havilland Mosquito;;;X
MODEL_U01_15_9;Sud Aviation Aquilon;Sud Aviation Aquilon;Sud Aviation Aquilon;Sud Aviation Aquilon;Sud Aviation Aquilon;Sud Aviation Aquilon;Sud Aviation Aquilon;Sud Aviation Aquilon;;;X
MODEL_U01_15_10;Sud Aviation Vautour;Sud Aviation Vautour;Sud Aviation Vautour;Sud Aviation Vautour;Sud Aviation Vautour;Sud Aviation Vautour;Sud Aviation Vautour;Sud Aviation Vautour;;;X
MODEL_U01_15_11;Sud-Est Aviation Baroudeur;Sud-Est Aviation Baroudeur;Sud-Est Aviation Baroudeur;Sud-Est Aviation Baroudeur;Sud-Est Aviation Baroudeur;Sud-Est Aviation Baroudeur;Sud-Est Aviation Baroudeur;Sud-Est Aviation Baroudeur;;;X
MODEL_U01_15_12;SEPECAT Jaguar;SEPECAT Jaguar;SEPECAT Jaguar;SEPECAT Jaguar;SEPECAT Jaguar;SEPECAT Jaguar;SEPECAT Jaguar;SEPECAT Jaguar;;;X
MODEL_U01_16_1;Latécoère 550;Latécoère 550;Latécoère 550;Latécoère 550;Latécoère 550;Latécoère 550;Latécoère 550;Latécoère 550;;;X
MODEL_U01_16_2;Loire LN.401;Loire LN.401;Loire LN.401;Loire LN.401;Loire LN.401;Loire LN.401;Loire LN.401;Loire LN.401;;;X
MODEL_U01_16_3;Potez-CAMS 141;Potez-CAMS 141;Potez-CAMS 141;Potez-CAMS 141;Potez-CAMS 141;Potez-CAMS 141;Potez-CAMS 141;Potez-CAMS 141;;;X
MODEL_U01_16_4;Amiot 351;Amiot 351;Amiot 351;Amiot 351;Amiot 351;Amiot 351;Amiot 351;Amiot 351;;;X
MODEL_U01_16_5;Lockheed P-2 Neptune;Lockheed P-2 Neptune;Lockheed P-2 Neptune;Lockheed P-2 Neptune;Lockheed P-2 Neptune;Lockheed P-2 Neptune;Lockheed P-2 Neptune;Lockheed P-2 Neptune;;;X
MODEL_U01_16_6;Bréguet Alizé;Bréguet Alizé;Bréguet Alizé;Bréguet Alizé;Bréguet Alizé;Bréguet Alizé;Bréguet Alizé;Bréguet Alizé;;;X
MODEL_U01_17_0;Amiot 120;Amiot 120;Amiot 120;Amiot 120;Amiot 120;Amiot 120;;Amiot 120;;;X
MODEL_U01_17_1;Breguet Br.691;Breguet Br.691;Breguet Br.691;Breguet Br.691;Breguet Br.691;Breguet Br.691;;Breguet Br.691;;;X
MODEL_U01_17_2;Bréguet 693;Bréguet 693;Bréguet 693;Bréguet 693;Bréguet 693;Bréguet 693;Bréguet 693;Bréguet 693;;;X
MODEL_U01_17_3;Republic P-47 Thunderbolt;Republic P-47 Thunderbolt;Republic P-47 Thunderbolt;Republic P-47 Thunderbolt;Republic P-47 Thunderbolt;Republic P-47 Thunderbolt;Republic P-47 Thunderbolt;Republic P-47 Thunderbolt;;;X
MODEL_U01_17_4;Bréguet Vultur;Bréguet Vultur;Bréguet Vultur;Bréguet Vultur;Bréguet Vultur;Bréguet Vultur;Bréguet Vultur;Bréguet Vultur;;;X
MODEL_U01_17_5;Bréguet Taon;Bréguet Taon;Bréguet Taon;Bréguet Taon;Bréguet Taon;Bréguet Taon;Bréguet Taon;Bréguet Taon;;;X
MODEL_U01_17_6;Sud-Est Aviation Mistral;Sud-Est Aviation Mistral;Sud-Est Aviation Mistral;Sud-Est Aviation Mistral;Sud-Est Aviation Mistral;Sud-Est Aviation Mistral;Sud-Est Aviation Mistral;Sud-Est Aviation Mistral;;;X
MODEL_U01_17_7;Dassault Mirage IIIE;Dassault Mirage IIIE;Dassault Mirage IIIE;Dassault Mirage IIIE;Dassault Mirage IIIE;Dassault Mirage IIIE;;Dassault Mirage IIIE;;;X
MODEL_U01_18_0;Farman F.63 Goliath;Farman F.63 Goliath;Farman F.63 Goliath;Farman F.63 Goliath;Farman F.63 Goliath;Farman F.63 Goliath;Farman F.63 Goliath;Farman F.63 Goliath;;;X
MODEL_U01_18_1;Bloch MB.220;Bloch MB.220;Bloch MB.220;Bloch MB.220;Bloch MB.220;Bloch MB.220;Bloch MB.220;Bloch MB.220;;;X
MODEL_U01_18_2;Bréguet 470;Bréguet 470;Bréguet 470;Bréguet 470;Bréguet 470;Bréguet 470;Bréguet 470;Bréguet 470;;;X
MODEL_U01_18_3;Potez 662;Potez 662;Potez 662;Potez 662;Potez 662;Potez 662;Potez 662;Potez 662;;;X
MODEL_U01_18_4;Sud-Est Aviation Languedoc;Sud-Est Aviation Languedoc;Sud-Est Aviation Languedoc;Sud-Est Aviation Languedoc;Sud-Est Aviation Languedoc;Sud-Est Aviation Languedoc;Sud-Est Aviation Languedoc;Sud-Est Aviation Languedoc;;;X
MODEL_U01_18_5;Nord Aviation Noratlas;Nord Aviation Noratlas;Nord Aviation Noratlas;Nord Aviation Noratlas;Nord Aviation Noratlas;Nord Aviation Noratlas;Nord Aviation Noratlas;Nord Aviation Noratlas;;;X
# France naval units;;;;;;;;;;;X
MODEL_U01_21_0;Henri IV;Henri IV;Henri IV;Henri IV;Henri IV;Henri IV;;Henri IV;;;X
MODEL_U01_21_1;Charlemagne-class;Classe Charlemagne;Classe Charlemagne;Clase Charlemagne;Charlemagne-Klasse;Charlemagne-klasa;;Charlemagne-Klasse;;;X
MODEL_U01_21_2;Courbet-class;Classe Courbet;Classe Courbet;Clase Courbet;Courbet-Klasse;Courbet-klasa;;Courbet-Klasse;;;X
MODEL_U01_21_3;Bretagne-class;Classe Bretagne;Classe Bretagne;Clase Bretagne;Bretagne-Klasse;Bretagne-klasa;;Bretagne-Klasse;;;X
MODEL_U01_21_4;Lyon-class;Classe Lyon;Classe Lyon;Clase Lyon;Lyon-Klasse;Lyon-klasa;;Lyon-Klasse;;;X
MODEL_U01_21_5;Normandie-class;Classe Normandie;Classe Normandie;Clase Normandie;Normandie-Klasse;Normandie-klasa;;Normandie-Klasse;;;X
MODEL_U01_21_7;Richelieu-class;Classe Richelieu;Classe Richelieu;Clase Richelieu;Richelieu-Klasse;Richelieu-klasa;;Richelieu-Klasse;;;X
MODEL_U01_21_8;Alsace-class;Classe Alsace;Classe Alsace;Clase Alsace;Alsace-Klasse;Alsace-klasa;;Alsace-Klasse;;;X
MODEL_U01_22_0;Laperouse-class;Classe Laperouse;Classe Laperouse;Clase Laperouse;Laperouse-Klasse;Laperouse-klasa;;Laperouse-Klasse;;;X
MODEL_U01_22_1;Jurien de la Graviere-class;Classe Jurien de la Graviere;Classe Jurien de la Graviere;Clase Jurien de la Graviere;Jurien de la Graviere-Klasse;Jurien de la Graviere-klasa;;Jurien de la Graviere-Klasse;;;X
MODEL_U01_22_3;Duguay-Trouin-class;Classe Duguay-Trouin;Classe Duguay-Trouin;Clase Duguay-Trouin;Duguay-Trouin-Klasse;Duguay-Trouin-klasa;;Duguay-Trouin-Klasse;;;X
MODEL_U01_22_4;La Galissonnière-class;Classe La Galissonnière;Classe La Galissonnière;Clase La Galissonnière;La Galissonnière-Klasse;La Galissonnière-klasa;;La Galissonnière-Klasse;;;X
MODEL_U01_22_5;De Grasse-class;Classe De Grasse;Classe De Grasse;Clase De Grasse;De Grasse-Klasse;De Grasse-klasa;;De Grasse-Klasse;;;X
MODEL_U01_22_8;Colbert-class;Classe Colbert;Classe Colbert;Clase Colbert;Colbert-Klasse;Colbert-klasa;;Colbert-Klasse;;;X
MODEL_U01_23_1;Amiral Charner-class;Classe Amiral Charner;Classe Amiral Charner;Clase Amiral Charner;Amiral Charner-Klasse;Amiral Charner-klasa;;Amiral Charner-Klasse;;;X
MODEL_U01_23_2;Edgar Quinet-class;Classe Edgar Quinet;Classe Edgar Quinet;Clase Edgar Quinet;Edgar Quinet-Klasse;Edgar Quinet-klasa;;Edgar Quinet-Klasse;;;X
MODEL_U01_23_3;Duquesne-class;Classe Duquesne;Classe Duquesne;Clase Duquesne;Duquesne-Klasse;Duquesne-klasa;;Duquesne-Klasse;;;X
MODEL_U01_23_4;Algérie-class;Classe Algérie;Classe Algérie;Clase Algérie;Algérie-Klasse;Algérie-klasa;;Algérie-Klasse;;;X
MODEL_U01_23_5;St Louis-class;Classe St Louis;Classe St Louis;Clase St Louis;St Louis-Klasse;St Louis-klasa;;St Louis-Klasse;;;X
MODEL_U01_24_3;Dunkerque-class;Classe Dunkerque;Classe Dunkerque;Clase Dunkerque;Dunkerque-Klasse;Dunkerque-klasa;;Dunkerque-Klasse;;;X
MODEL_U01_25_1;Arquebuse-class;Classe Arquebuse;Classe Arquebuse;Clase Arquebuse;Arquebuse-Klasse;Arquebuse-klasa;;Arquebuse-Klasse;;;X
MODEL_U01_25_2;Bouclier-class;Classe Bouclier;Classe Bouclier;Clase Bouclier;Bouclier-Klasse;Bouclier-klasa;;Bouclier-Klasse;;;X
MODEL_U01_25_3;Arabe-class;Classe Arabe;Classe Arabe;Clase Arabe;Arabe-Klasse;Arabe-klasa;;Arabe-Klasse;;;X
MODEL_U01_25_4;Bourrasque-class;Classe Bourrasque;Classe Bourrasque;Clase Bourrasque;Bourrasque-Klasse;Bourrasque-klasa;;Bourrasque-Klasse;;;X
MODEL_U01_25_5;Mogador-class;Classe Mogador;Classe Mogador;Clase Mogador;Mogador-Klasse;Mogador-klasa;;Mogador-Klasse;;;X
MODEL_U01_25_6;Hardi-class;Classe Hardi;Classe Hardi;Clase Hardi;Hardi-Klasse;Hardi-klasa;;Hardi-Klasse;;;X
MODEL_U01_25_9;T 47-class;Classe T 47;Classe T 47;Clase T 47;T 47-Klasse;T 47-klasa;;T 47-Klasse;;;X
MODEL_U01_26_1;Joffre-class;Classe Joffre;Classe Joffre;Clase Joffre;Joffre-Klasse;Joffre-klasa;;Joffre-Klasse;;;X
MODEL_U01_26_7;Clemenceau-class;Classe Clemenceau;Classe Clemenceau;Clase Clemenceau;Clemenceau-Klasse;Clemenceau-klasa;;Clemenceau-Klasse;;;X
MODEL_U01_27_0;Foudre-class;Classe Foudre;Classe Foudre;Clase Foudre;Foudre-Klasse;Foudre-klasa;;Foudre-Klasse;;;X
MODEL_U01_27_1;Béarn-class;Classe Béarn;Classe Béarn;Clase Béarn;Béarn-Klasse;Béarn-klasa;;Béarn-Klasse;;;X
MODEL_U01_28_0;Sirène-class;Classe Sirène;Classe Sirène;Clase Sirène;Sirène-Klasse;Sirène-klasa;;Sirène-Klasse;;;X
MODEL_U01_28_1;Brumaire-class;Classe Brumaire;Classe Brumaire;Clase Brumaire;Brumaire-Klasse;Brumaire-klasa;;Brumaire-Klasse;;;X
MODEL_U01_28_2;Dupuy de Lome-class;Classe Dupuy de Lome;Classe Dupuy de Lome;Clase Dupuy de Lome;Dupuy de Lome-Klasse;Dupuy de Lome-klasa;;Dupuy de Lome-Klasse;;;X
MODEL_U01_28_3;Circe-class;Classe Circe;Classe Circe;Clase Circe;Circe-Klasse;Circe-klasa;;Circe-Klasse;;;X
MODEL_U01_28_4;Diane-class;Classe Diane;Classe Diane;Clase Diane;Diane-Klasse;Diane-klasa;;Diane-Klasse;;;X
MODEL_U01_28_5;Minerve-class;Classe Minerve;Classe Minerve;Clase Minerve;Minerve-Klasse;Minerve-klasa;;Minerve-Klasse;;;X
MODEL_U01_28_6;Aurore-class;Classe Aurore;Classe Aurore;Clase Aurore;Aurore-Klasse;Aurore-klasa;;Aurore-Klasse;;;X
MODEL_U01_28_7;La Creole-class;Classe La Creole;Classe La Creole;Clase La Creole;La Creole-Klasse;La Creole-klasa;;La Creole-Klasse;;;X
MODEL_U01_28_8;Saphir-class;Classe Saphir;Classe Saphir;Clase Saphir;Saphir-Klasse;Saphir-klasa;;Saphir-Klasse;;;X
MODEL_U01_28_9;Narval-class;Classe Narval;Classe Narval;Clase Narval;Narval-Klasse;Narval-klasa;;Narval-Klasse;;;X
#;;;;;;;;;;;X
# Germany;;;;;;;;;;;X
# Germany land brigades;;;;;;;;;;;X
BRIG_MODEL_U08_1_0;7,7cm FK 96;7,7cm FK 96;7,7cm FK 96;7,7cm FK 96;7,7cm FK 96;7,7cm FK 96;;7,7cm FK 96;;;X
BRIG_MODEL_U08_1_1;15cm sFh 13;15cm sFh 13;15cm sFh 13;15cm sFh 13;15cm sFh 13;15cm sFh 13;;15cm sFh 13;;;X
BRIG_MODEL_U08_1_2;10,5 cm leFh 16;10,5cm leFh 16;10,5cm leFh 16;10,5cm leFh 16;10,5cm leFh 16;10,5 cm leFh 16;;10,5cm leFh 16;;;X
BRIG_MODEL_U08_1_3;15cm K 16;15cm K 16;15cm K 16;15cm K 16;15cm K 16;15cm K 16;;15cm K 16;;;X
BRIG_MODEL_U08_1_4;17cm SK;17cm SK;17cm SK;17cm SK;17cm SK;17cm SK;;17cm SK;;;X
BRIG_MODEL_U08_1_5;21cm Mörser 16;21cm Mörser 16;21cm Mörser 16;21cm Mörser 16;21cm Mörser 16;21cm Mörser 16;;21cm Mörser 16;;;X
BRIG_MODEL_U08_1_6;10,5cm leFh 16;10,5cm leFh 16;10,5cm leFh 16;10,5cm leFh 16;10,5cm leFh 16;10,5cm leFh 16;;10,5cm leFh 16;;;X
BRIG_MODEL_U08_1_7;7,5cm IG 18;7,5cm IG 18;7,5cm IG 18;7,5cm IG 18;7,5cm IG 18;7,5cm IG 18;;7,5cm IG 18;;;X
BRIG_MODEL_U08_1_8;10,5cm LeFh 18;10,5cm LeFh 18;10,5cm LeFh 18;10,5cm LeFh 18;10,5cm LeFh 18;10,5cm LeFh 18;;10,5cm LeFh 18;;;X
BRIG_MODEL_U08_1_9;15cm sFh 18;15cm sFh 18;15cm sFh 18;15cm sFh 18;15cm sFh 18;15cm sFh 18;;15cm sFh 18;;;X
BRIG_MODEL_U08_1_10;15cm K 39;15cm K 39;15cm K 39;15cm K 39;15cm K 39;15cm K 39;;15cm K 39;;;X
BRIG_MODEL_U08_1_11;17cm K 18;17cm K 18;17cm K 18;17cm K 18;17cm K 18;17cm K 18;;17cm K 18;;;X
BRIG_MODEL_U08_1_12;24cm K 3;24cm K 3;24cm K 3;24cm K 3;24cm K 3;24cm K 3;;24cm K 3;;;X
BRIG_MODEL_U08_1_13;10,5cm M1 Howitzer;10,5cm M1 Howitzer;10,5cm M1 Howitzer;10,5cm M1 Howitzer;10,5cm M1 Howitzer;10,5cm M1 Howitzer;;10,5cm M1 Howitzer;;;X
BRIG_MODEL_U08_2_0;StuG III;StuG III;StuG III;StuG III;StuG III;StuG III;;StuG III;;;X
BRIG_MODEL_U08_2_1;StuH;StuH;StuH;StuH;StuH;StuH;;StuH;;;X
BRIG_MODEL_U08_2_2;Sfl Wespe;Sfl Wespe;Sfl Wespe;Sfl Wespe;Sfl Wespe;Sfl Wespe;;Sfl Wespe;;;X
BRIG_MODEL_U08_2_3;Sfl Hummel;Sfl Hummel;Sfl Hummel;Sfl Hummel;Sfl Hummel;Sfl Hummel;;Sfl Hummel;;;X
BRIG_MODEL_U08_2_4;Geschützwagen VI Grille;Geschützwagen VI Grille;Geschützwagen VI Grille;Geschützwagen VI Grille;Geschützwagen VI Grille;Geschützwagen VI Grille;;Geschützwagen VI Grille;;;X
BRIG_MODEL_U08_2_5;;;;;;;;;;;X
BRIG_MODEL_U08_2_6;;;;;;;;;;;X
BRIG_MODEL_U08_6_0;PzJg.I;PzJg.I;PzJg.I;PzJg.I;PzJg.I;PzJg.I;;PzJg.I;;;X
BRIG_MODEL_U08_6_1;SdKfz. 139 Marder III;SdKfz. 139 Marder III;SdKfz. 139 Marder III;SdKfz. 139 Marder III;SdKfz. 139 Marder III;SdKfz. 139 Marder III;;SdKfz. 139 Marder III;;;X
BRIG_MODEL_U08_6_2;Jagdpanther;Jagdpanther;Jagdpanther;Jagdpanther;Jagdpanther;Jagdpanther;;Jagdpanther;;;X
BRIG_MODEL_U08_6_3;SdKfz. 186 Jagdtiger;SdKfz. 186 Jagdtiger;SdKfz. 186 Jagdtiger;SdKfz. 186 Jagdtiger;SdKfz. 186 Jagdtiger;SdKfz. 186 Jagdtiger;;SdKfz. 186 Jagdtiger;;;X
BRIG_MODEL_U08_6_4;Jagdpanzer E-75;Jagdpanzer E-75;Jagdpanzer E-75;Jagdpanzer E-75;Jagdpanzer E-75;Jagdpanzer E-75;;Jagdpanzer E-75;;;X
BRIG_MODEL_U08_6_5;;;;;;;;;;;X
BRIG_MODEL_U08_6_6;Kanonenjagdpanzer;Kanonenjagdpanzer;Kanonenjagdpanzer;Kanonenjagdpanzer;Kanonenjagdpanzer;Kanonenjagdpanzer;;Kanonenjagdpanzer;;;X
BRIG_MODEL_U08_7_0;LK I;LK I;LK I;LK I;LK I;LK I;;LK I;;;X
BRIG_MODEL_U08_7_1;LK II;LK II;LK II;LK II;LK II;LK II;;LK II;;;X
BRIG_MODEL_U08_7_2;Oberschlesien;Oberschlesien;Oberschlesien;Oberschlesien;Oberschlesien;Oberschlesien;;Oberschlesien;;;X
BRIG_MODEL_U08_7_3;Leichttraktor VK-35;Leichttraktor VK-35;Leichttraktor VK-35;Leichttraktor VK-35;Leichttraktor VK-35;Leichttraktor VK-35;;Leichttraktor VK-35;;;X
BRIG_MODEL_U08_7_4;PzKpfw. I Ausf. B;PzKpfw. I Ausf. B;PzKpfw. I Ausf. B;PzKpfw. I Ausf. B;PzKpfw. I Ausf. B;PzKpfw. I Ausf. B;;PzKpfw. I Ausf. B;;;X
BRIG_MODEL_U08_7_5;PzKpfw. II Ausf. A;PzKpfw. II Ausf. A;PzKpfw. II Ausf. A;PzKpfw. II Ausf. A;PzKpfw. II Ausf. A;PzKpfw. II Ausf. A;;PzKpfw. II Ausf. A;;;X
BRIG_MODEL_U08_7_6;PzKpfw. II Ausf. D;PzKpfw. II Ausf. D;PzKpfw. II Ausf. D;PzKpfw. II Ausf. D;PzKpfw. II Ausf. D;PzKpfw. II Ausf. D;;PzKpfw. II Ausf. D;;;X
BRIG_MODEL_U08_7_7;PzKpfw. 38t;PzKpfw. 38t;PzKpfw. 38t;PzKpfw. 38t;PzKpfw. 38t;PzKpfw. 38t;;PzKpfw. 38t;;;X
BRIG_MODEL_U08_7_8;PzKpfw. III Ausf. N;PzKpfw. III Ausf. N;PzKpfw. III Ausf. N;PzKpfw. III Ausf. N;PzKpfw. III Ausf. N;PzKpfw. III Ausf. N;;PzKpfw. III Ausf. N;;;X
BRIG_MODEL_U08_8_0;A7V;A7V;A7V;A7V;A7V;A7V;;A7V;;;X
BRIG_MODEL_U08_8_1;10,5cm K(gp.Sfl.) 'Dicker Max';10,5cm K(gp.Sfl.) 'Dicker Max';10,5cm K(gp.Sfl.) 'Dicker Max';10,5cm K(gp.Sfl.) 'Dicker Max';10,5cm K(gp.Sfl.) 'Dicker Max';10,5cm K(gp.Sfl.) 'Dicker Max';;10,5cm K(gp.Sfl.) 'Dicker Max';;;X
BRIG_MODEL_U08_8_2;12,8cm K(gp.Sfl.) 'Sturer Emil';12,8cm K(gp.Sfl.) 'Sturer Emil';12,8cm K(gp.Sfl.) 'Sturer Emil';12,8cm K(gp.Sfl.) 'Sturer Emil';12,8cm K(gp.Sfl.) 'Sturer Emil',12,8cm K(gp.Sfl.) 'Sturer Emil';12,8cm K(gp.Sfl.) 'Sturer Emil';;;;;X
BRIG_MODEL_U08_8_3;PzKpfw.VI Tiger I;PzKpfw.VI Tiger I;PzKpfw.VI Tiger I;PzKpfw.VI Tiger I;PzKpfw.VI Tiger I;PzKpfw.VI Tiger I;;PzKpfw.VI Tiger I;;;X
BRIG_MODEL_U08_8_4;PzKpfw.VI Tiger II;PzKpfw.VI Tiger II;PzKpfw.VI Tiger II;PzKpfw.VI Tiger II;PzKpfw.VI Tiger II;PzKpfw.VI Tiger II;;PzKpfw.VI Tiger II;;;X
BRIG_MODEL_U08_9_0;A7V-U;A7V-U;A7V-U;A7V-U;A7V-U;A7V-U;;A7V-U;;;X
BRIG_MODEL_U08_9_1;PzKpfw.VII Maus;PzKpfw.VII Maus;PzKpfw.VII Maus;PzKpfw.VII Maus;PzKpfw.VII Maus;PzKpfw.VII Maus;;PzKpfw.VII Maus;;;X
BRIG_MODEL_U08_10_0;;;;;;;;;;;X
BRIG_MODEL_U08_10_1;Ehrhardt E-V/4;Ehrhardt E-V/4;Ehrhardt E-V/4;Ehrhardt E-V/4;Ehrhardt E-V/4;Ehrhardt E-V/4;;Ehrhardt E-V/4;;;X
BRIG_MODEL_U08_10_2;DZVB 21;DZVB 21;DZVB 21;DZVB 21;DZVB 21;DZVB 21;;DZVB 21;;;X
BRIG_MODEL_U08_10_3;SdKfz. 13;SdKfz. 13;SdKfz. 13;SdKfz. 13;SdKfz. 13;SdKfz. 13;;SdKfz. 13;;;X
BRIG_MODEL_U08_10_4;SdKfz. 222;SdKfz. 222;SdKfz. 222;SdKfz. 222;SdKfz. 222;SdKfz. 222;;SdKfz. 222;;;X
BRIG_MODEL_U08_10_5;SdKfz. 231;SdKfz. 231;SdKfz. 231;SdKfz. 231;SdKfz. 231;SdKfz. 231;;SdKfz. 231;;;X
BRIG_MODEL_U08_10_6;;;;;;;;;;;X
BRIG_MODEL_U08_10_7;Spähpanzer M41;Spähpanzer M41;Spähpanzer M41;Spähpanzer M41;Spähpanzer M41;Spähpanzer M41;;Spähpanzer M41;;;X
BRIG_MODEL_U08_29_0;;;;;;;;;;;X
BRIG_MODEL_U08_29_1;Großtraktor;Großtraktor;Großtraktor;Großtraktor;Großtraktor;Großtraktor;;Großtraktor;;;X
BRIG_MODEL_U08_29_2;Neubaufahrzeug;Neubaufahrzeug;Neubaufahrzeug;Neubaufahrzeug;Neubaufahrzeug;Neubaufahrzeug;;Neubaufahrzeug;;;X
BRIG_MODEL_U08_29_3;PzKpfw. III Ausf. E;PzKpfw. III Ausf. E;PzKpfw. III Ausf. E;PzKpfw. III Ausf. E;PzKpfw. III Ausf. E;PzKpfw. III Ausf. E;;PzKpfw. III Ausf. E;;;X
BRIG_MODEL_U08_29_4;PzKpfw. III Ausf. J;PzKpfw. III Ausf. J;PzKpfw. III Ausf. J;PzKpfw. III Ausf. J;PzKpfw. III Ausf. J;PzKpfw. III Ausf. J;;PzKpfw. III Ausf. J;;;X
BRIG_MODEL_U08_29_5;PzKpfw. IV Ausf. G;PzKpfw. IV Ausf. G;PzKpfw. IV Ausf. G;PzKpfw. IV Ausf. G;PzKpfw. IV Ausf. G;PzKpfw. IV Ausf. G;;PzKpfw. IV Ausf. G;;;X
BRIG_MODEL_U08_29_6;PzKpfw. V Panther Ausf. G;PzKpfw. V Panther Ausf. G;PzKpfw. V Panther Ausf. G;PzKpfw. V Panther Ausf. G;PzKpfw. V Panther Ausf. G;PzKpfw. V Panther Ausf. G;;PzKpfw. V Panther Ausf. G;;;X
BRIG_MODEL_U08_29_7;PzKpfw. Panther II;PzKpfw. Panther II;PzKpfw. Panther II;PzKpfw. Panther II;PzKpfw. Panther II;PzKpfw. Panther II;;PzKpfw. Panther II;;;X
BRIG_MODEL_U08_29_8;E-75 Tiger III;E-75 Tiger III;E-75 Tiger III;E-75 Tiger III;E-75 Tiger III;E-75 Tiger III;;E-75 Tiger III;;;X
BRIG_MODEL_U08_29_9;E-90 Tiger III;E-90 Tiger III;E-90 Tiger III;E-90 Tiger III;E-90 Tiger III;E-90 Tiger III;;E-90 Tiger III;;;X
BRIG_MODEL_U08_29_10;PzKpfw. Leopard I;PzKpfw. Leopard I;PzKpfw. Leopard I;PzKpfw. Leopard I;PzKpfw. Leopard I;PzKpfw. Leopard I;;PzKpfw. Leopard I;;;X
BRIG_MODEL_U08_29_11;;;;;;;;;;;X
# Germany air brigades;;;;;;;;;;;X
BRIG_MODEL_U08_14_0;He.51 / Hs.123;He.51 / Hs.123;He.51 / Hs.123;He.51 / Hs.123;He.51 / Hs.123;He.51 / Hs.123;;He.51 / Hs.123;;;X
BRIG_MODEL_U08_14_1;He.51 / Hs.123;He.51 / Hs.123;He.51 / Hs.123;He.51 / Hs.123;He.51 / Hs.123;He.51 / Hs.123;;He.51 / Hs.123;;;X
BRIG_MODEL_U08_14_2;Ju 87B Stuka/Fi 167/Ar 197;Ju 87B Stuka/Fi 167/Ar 197;Ju 87B Stuka/Fi 167/Ar 197;Ju 87B Stuka/Fi 167/Ar 197;Ju 87B Stuka/Fi 167/Ar 197;Ju 87B Stuka/Fi 167/Ar 197;Ju 87B Stuka/Fi 167/Ar 197;Ju 87B Stuka/Fi 167/Ar 197;;;X
BRIG_MODEL_U08_14_3;Ju 87C Stuka/Fi 167/Bf 109T;Ju 87C Stuka/Fi 167/Bf 109T;Ju 87C Stuka/Fi 167/Bf 109T;Ju 87C Stuka/Fi 167/Bf 109T;Ju 87C Stuka/Fi 167/Bf 109T;Ju 87C Stuka/Fi 167/Bf 109T;Ju 87C Stuka/Fi 167/Bf 109T;Ju 87C Stuka/Fi 167/Bf 109T;;;X
BRIG_MODEL_U08_14_4;Ju 87D Stuka/Fi 167/Bf 109T;Ju 87D Stuka/Fi 167/Bf 109T;Ju 87D Stuka/Fi 167/Bf 109T;Ju 87D Stuka/Fi 167/Bf 109T;Ju 87D Stuka/Fi 167/Bf 109T;Ju 87D Stuka/Fi 167/Bf 109T;Ju 87D Stuka/Fi 167/Bf 109T;Ju 87D Stuka/Fi 167/Bf 109T;;;X
BRIG_MODEL_U08_14_5;Ju 87D Stuka/Fi 167/Me 155;Ju 87D Stuka/Fi 167/Me 155;Ju 87D Stuka/Fi 167/Me 155;Ju 87D Stuka/Fi 167/Me 155;Ju 87D Stuka/Fi 167/Me 155;Ju 87D Stuka/Fi 167/Me 155;Ju 87D Stuka/Fi 167/Me 155;Ju 87D Stuka/Fi 167/Me 155;;;X
BRIG_MODEL_U08_14_6;Me.155 / Ju.87C Stuka;Me.155 / Ju.87C Stuka;Me.155 / Ju.87C Stuka;Me.155 / Ju.87C Stuka;Me.155 / Ju.87C Stuka;Me.155 / Ju.87C Stuka;;Me.155 / Ju.87C Stuka;;;X
BRIG_MODEL_U08_14_7;Fw.190T / Ju.87C Stuka;Fw.190T / Ju.87C Stuka;Fw.190T / Ju.87C Stuka;Fw.190T / Ju.87C Stuka;Fw.190T / Ju.87C Stuka;Fw.190T / Ju.87C Stuka;;Fw.190T / Ju.87C Stuka;;;X
BRIG_MODEL_U08_14_8;He.162 / Hs.132;He.162 / Hs.132;He.162 / Hs.132;He.162 / Hs.132;He.162 / Hs.132;He.162 / Hs.132;;He.162 / Hs.132;;;X
BRIG_MODEL_U08_15_0;Messerschmitt Bf 110C;Messerschmitt Bf 110C;Messerschmitt Bf 110C;Messerschmitt Bf 110C;Messerschmitt Bf 110C;Messerschmitt Bf 110C;Messerschmitt Bf 110C;Messerschmitt Bf 110C;;;X
BRIG_MODEL_U08_15_1;Messerschmitt Bf 110F;Messerschmitt Bf 110F;Messerschmitt Bf 110F;Messerschmitt Bf 110F;Messerschmitt Bf 110F;Messerschmitt Bf 110F;Messerschmitt Bf 110F;Messerschmitt Bf 110F;;;X
BRIG_MODEL_U08_15_2;Messerschmitt Me 410 Hornisse;Messerschmitt Me 410 Hornisse;Messerschmitt Me 410 Hornisse;Messerschmitt Me 410 Hornisse;Messerschmitt Me 410 Hornisse;Messerschmitt Me 410 Hornisse;Messerschmitt Me 410 Hornisse;Messerschmitt Me 410 Hornisse;;;X
BRIG_MODEL_U08_15_3;Messerschmitt Me 609;Messerschmitt Me 609;Messerschmitt Me 609;Messerschmitt Me 609;Messerschmitt Me 609;Messerschmitt Me 609;Messerschmitt Me 609;Messerschmitt Me 609;;;X
BRIG_MODEL_U08_15_4;Messerschmitt Me-262;Messerschmitt Me-262;Messerschmitt Me-262;Messerschmitt Me-262;Messerschmitt Me-262;Messerschmitt Me-262;;Messerschmitt Me-262;;;X
BRIG_MODEL_U08_15_5;Gotha Go-229;Gotha Go-229;Gotha Go-229;Gotha Go-229;Gotha Go-229;Gotha Go-229;;Gotha Go-229;;;X
BRIG_MODEL_U08_15_6;Horton Ho.XIIIb;Horton Ho.XIIIb;Horton Ho.XIIIb;Horton Ho.XIIIb;Horton Ho.XIIIb;Horton Ho.XIIIb;;Horton Ho.XIIIb;;;X
BRIG_MODEL_U08_30_0;Hinkel 60;Hinkel 60;Hinkel 60;Hinkel 60;Hinkel 60;Hinkel 60;;Hinkel 60;;;X
BRIG_MODEL_U08_30_1;Arado Ar 196;Arado Ar 196;Arado Ar 196;Arado Ar 196;Arado Ar 196;Arado Ar 196;;Arado Ar 196;;;X
BRIG_MODEL_U08_30_5;Heinkel He 60;Heinkel He 60;Heinkel He 60;Heinkel He 60;Heinkel He 60;Heinkel He 60;;Heinkel He 60;;;X
BRIG_MODEL_U08_30_6;Arado Ar 196;Arado Ar 196;Arado Ar 196;Arado Ar 196;Arado Ar 196;Arado Ar 196;;Arado Ar 196;;;X
BRIG_MODEL_U08_30_7;Heinkel He 115;Heinkel He 115;Heinkel He 115;Heinkel He 115;Heinkel He 115;Heinkel He 115;;Heinkel He 115;;;X
# Germany;;;;;;;;;;;X
# Germany land units;;;;;;;;;;;X
MODEL_U08_4_0;PzKpfw. II Ausf. A;PzKpfw. II Ausf. A;PzKpfw. II Ausf. A;PzKpfw. II Ausf. A;PzKpfw. II Ausf. A;PzKpfw. II Ausf. A;;PzKpfw. I;;;X
MODEL_U08_4_1;PzKpfw. II Ausf. D;PzKpfw. II Ausf. D;PzKpfw. II Ausf. D;PzKpfw. II Ausf. D;PzKpfw. II Ausf. D;PzKpfw. II Ausf. D;;PzKpfw. II Ausf. D;;;X
MODEL_U08_4_2;PzKpfw. 38t;PzKpfw. 38t;PzKpfw. 38t;PzKpfw. 38t;PzKpfw. 38t;PzKpfw. 38t;;PzKpfw. 38t;;;X
MODEL_U08_5_0;PzKpfw. III Ausf. E;PzKpfw. III Ausf. E;PzKpfw. III Ausf. E;PzKpfw. III Ausf. E;PzKpfw. III Ausf. E;PzKpfw. III Ausf. E;;PzKpfw. III Ausf. E;;;X
MODEL_U08_5_1;PzKpfw. IV Ausf. F;PzKpfw. IV Ausf. F;PzKpfw. IV Ausf. F;PzKpfw. IV Ausf. F;PzKpfw. IV Ausf. F;PzKpfw. IV Ausf. F;;PzKpfw. IV Ausf. F;;;X
MODEL_U08_5_2;PzKpfw. V Panther Ausf. A;PzKpfw. V Panther Ausf. A;PzKpfw. V Panther Ausf. A;PzKpfw. V Panther Ausf. A;PzKpfw. V Panther Ausf. A;PzKpfw. V Panther Ausf. A;;PzKpfw. V Panther Ausf. A;;;X
MODEL_U08_5_3;PzKpfw. V Panther Ausf. D;PzKpfw. V Panther Ausf. D;PzKpfw. V Panther Ausf. D;PzKpfw. V Panther Ausf. D;PzKpfw. V Panther Ausf. D;PzKpfw. V Panther Ausf. D;;PzKpfw. V Panther Ausf. D;;;X
MODEL_U08_5_4;PzKpfw. Panther II;PzKpfw. Panther II;PzKpfw. Panther II;PzKpfw. Panther II;PzKpfw. Panther II;PzKpfw. Panther II;;PzKpfw. Panther II;;;X
MODEL_U08_5_5;E-75 Tiger III;E-75 Tiger III;E-75 Tiger III;E-75 Tiger III;E-75 Tiger III;E-75 Tiger III;;E-75 Tiger III;;;X
MODEL_U08_5_6;E-90 Tiger III;E-90 Tiger III;E-90 Tiger III;E-90 Tiger III;E-90 Tiger III;E-90 Tiger III;;E-90 Tiger III;;;X
MODEL_U08_5_7;PzKpfw. Leopard I;PzKpfw. Leopard I;PzKpfw. Leopard I;PzKpfw. Leopard I;PzKpfw. Leopard I;PzKpfw. Leopard I;;PzKpfw. Leopard I;;;X
# Germany air units;;;;;;;;;;;X
MODEL_U08_12_0;DFW C.V;DFW C.V;DFW C.V;DFW C.V;DFW C.V;DFW C.V;DFW C.V;DFW C.V;;;X
MODEL_U08_12_1;Halberstadt CL.II;Halberstadt CL.II;Halberstadt CL.II;Halberstadt CL.II;Halberstadt CL.II;Halberstadt CL.II;Halberstadt CL.II;Halberstadt CL.II;;;X
MODEL_U08_12_2;Fokker Dr.I;Fokker Dr.I;Fokker Dr.I;Fokker Dr.I;Fokker Dr.I;Fokker Dr.I;Fokker Dr.I;Fokker Dr.I;;;X
MODEL_U08_12_3;Dornier Do 10;Dornier Do 10;Dornier Do 10;Dornier Do 10;Dornier Do 10;Dornier Do 10;;Dornier Do 10;;;X
MODEL_U08_12_4;Arado Ar 68;Arado Ar 68;Arado Ar 68;Arado Ar 68;Arado Ar 68;Arado Ar 68;;Arado Ar 68;;;X
MODEL_U08_12_5;Messerschmitt Bf 109E Emil;Messerschmitt Bf 109E Emil;Messerschmitt Bf 109E Emil;Messerschmitt Bf 109E Emil;Messerschmitt Bf 109E Emil;Messerschmitt Bf 109E Emil;Messerschmitt Bf 109E Emil;Messerschmitt Bf 109E Emil;;;X
MODEL_U08_12_6;Focke-Wulf Fw 190A;Focke-Wulf Fw 190A;Focke-Wulf Fw 190A;Focke-Wulf Fw 190A;Focke-Wulf Fw 190A;Focke-Wulf Fw 190A;Focke-Wulf Fw 190A;Focke-Wulf Fw 190A;;;X
MODEL_U08_12_7;Focke-Wulf Fw 190D;Focke-Wulf Fw 190D;Focke-Wulf Fw 190D;Focke-Wulf Fw 190D;Focke-Wulf Fw 190D;Focke-Wulf Fw 190D;Focke-Wulf Fw 190D;Focke-Wulf Fw 190D;;;X
MODEL_U08_12_8;Messerschmitt Me 262 Schwalbe;Messerschmitt Me 262 Schwalbe;Messerschmitt Me 262 Schwalbe;Messerschmitt Me 262 Schwalbe;Messerschmitt Me 262 Schwalbe;Messerschmitt Me 262 Schwalbe;Messerschmitt Me 262 Schwalbe;Messerschmitt Me 262 Schwalbe;;;X
MODEL_U08_12_9;Messerschmitt P.1101;Messerschmitt P.1101;Messerschmitt P.1101;Messerschmitt P.1101;Messerschmitt P.1101;Messerschmitt P.1101;Messerschmitt P.1101;Messerschmitt P.1101;;;X
MODEL_U08_12_10;Horten Ho 229;Horten Ho 229;Horten Ho 229;Horten Ho 229;Horten Ho 229;Horten Ho 229;Horten Ho 229;Horten Ho 229;;;X
MODEL_U08_13_0;Rumpler Taube;Rumpler Taube;Rumpler Taube;Rumpler Taube;Rumpler Taube;Rumpler Taube;Rumpler Taube;Rumpler Taube;;;X
MODEL_U08_13_1;Aviatik B.I;Aviatik B.I;Aviatik B.I;Aviatik B.I;Aviatik B.I;Aviatik B.I;Aviatik B.I;Aviatik B.I;;;X
MODEL_U08_13_2;Fokker E.I;Fokker E.I;Fokker E.I;Fokker E.I;Fokker E.I;Fokker E.I;Fokker E.I;Fokker E.I;;;X
MODEL_U08_13_3;Albatros D.III;Albatros D.III;Albatros D.III;Albatros D.III;Albatros D.III;Albatros D.III;Albatros D.III;Albatros D.III;;;X
MODEL_U08_13_4;Albatros D.V;Albatros D.V;Albatros D.V;Albatros D.V;Albatros D.V;Albatros D.V;Albatros D.V;Albatros D.V;;;X
MODEL_U08_13_5;Fokker D.VII;Fokker D.VII;Fokker D.VII;Fokker D.VII;Fokker D.VII;Fokker D.VII;;Fokker D.VII;;;X
MODEL_U08_13_6;Heinkel HD 37;Heinkel HD 37;Heinkel HD 37;Heinkel HD 37;Heinkel HD 37;Heinkel HD 37;Heinkel HD 37;Heinkel HD 37;;;X
MODEL_U08_13_7;Heinkel He 51;Heinkel He 51;Heinkel He 51;Heinkel He 51;Heinkel He 51;Heinkel He 51;Heinkel He 51;Heinkel He 51;;;X
MODEL_U08_13_8;Messerschmitt Bf 109D;Messerschmitt Bf 109D;Messerschmitt Bf 109D;Messerschmitt Bf 109D;Messerschmitt Bf 109D;Messerschmitt Bf 109D;Messerschmitt Bf 109D;Messerschmitt Bf 109D;;;X
MODEL_U08_13_9;Messerschmitt Bf 109F Franz;Messerschmitt Bf 109F Franz;Messerschmitt Bf 109F Franz;Messerschmitt Bf 109F Franz;Messerschmitt Bf 109F Franz;Messerschmitt Bf 109F Franz;Messerschmitt Bf 109F Franz;Messerschmitt Bf 109F Franz;;;X
MODEL_U08_13_10;Messerschmitt Bf 109G Gustav;Messerschmitt Bf 109G Gustav;Messerschmitt Bf 109G Gustav;Messerschmitt Bf 109G Gustav;Messerschmitt Bf 109G Gustav;Messerschmitt Bf 109G Gustav;Messerschmitt Bf 109G Gustav;Messerschmitt Bf 109G Gustav;;;X
MODEL_U08_13_11;Heinkel He 162 Salamander;Heinkel He 162 Salamander;Heinkel He 162 Salamander;Heinkel He 162 Salamander;Heinkel He 162 Salamander;Heinkel He 162 Salamander;Heinkel He 162 Salamander;Heinkel He 162 Salamander;;;X
MODEL_U08_13_12;Focke-Wulf Ta 183;Focke-Wulf Ta 183;Focke-Wulf Ta 183;Focke-Wulf Ta 183;Focke-Wulf Ta 183;Focke-Wulf Ta 183;Focke-Wulf Ta 183;Focke-Wulf Ta 183;;;X
MODEL_U08_13_13;Lippisch P.13a;Lippisch P.13a;Lippisch P.13a;Lippisch P.13a;Lippisch P.13a;Lippisch P.13a;Lippisch P.13a;Lippisch P.13a;;;X
MODEL_U08_32_0;Messerschmitt Me 163 Komet;Messerschmitt Me 163 Komet;Messerschmitt Me 163 Komet;Messerschmitt Me 163 Komet;Messerschmitt Me 163 Komet;Messerschmitt Me 163 Komet;Messerschmitt Me 163 Komet;Messerschmitt Me 163 Komet;;;X
MODEL_U08_32_1;Messerschmitt Me 263;Messerschmitt Me 263;Messerschmitt Me 263;Messerschmitt Me 263;Messerschmitt Me 263;Messerschmitt Me 263;Messerschmitt Me 263;Messerschmitt Me 263;;;X
MODEL_U08_14_0;Zeppelin-Staaken V.G.O.I;Zeppelin-Staaken V.G.O.I;Zeppelin-Staaken V.G.O.I;Zeppelin-Staaken V.G.O.I;Zeppelin-Staaken V.G.O.I;Zeppelin-Staaken V.G.O.I;Zeppelin-Staaken V.G.O.I;Zeppelin-Staaken V.G.O.I;;;X
MODEL_U08_14_1;Zeppelin-Staaken R.VI;Zeppelin-Staaken R.VI;Zeppelin-Staaken R.VI;Zeppelin-Staaken R.VI;Zeppelin-Staaken R.VI;Zeppelin-Staaken R.VI;Zeppelin-Staaken R.VI;Zeppelin-Staaken R.VI;;;X
MODEL_U08_14_3;Junkers Ju 89;Junkers Ju 89;Junkers Ju 89;Junkers Ju 89;Junkers Ju 89;Junkers Ju 89;Junkers Ju 89;Junkers Ju 89;;;X
MODEL_U08_14_4;Junkers Ju 290;Junkers Ju 290;Junkers Ju 290;Junkers Ju 290;Junkers Ju 290;Junkers Ju 290;Junkers Ju 290;Junkers Ju 290;;;X
MODEL_U08_14_5;Junkers Ju 488;Junkers Ju 488;Junkers Ju 488;Junkers Ju 488;Junkers Ju 488;Junkers Ju 488;Junkers Ju 488;Junkers Ju 488;;;X
MODEL_U08_14_6;Messerschmitt Me 264 Amerika;Messerschmitt Me 264 Amerika;Messerschmitt Me 264 Amerika;Messerschmitt Me 264 Amerika;Messerschmitt Me 264 Amerika;Messerschmitt Me 264 Amerika;Messerschmitt Me 264 Amerika;Messerschmitt Me 264 Amerika;;;X
MODEL_U08_14_7;Junkers EF 132;Junkers EF 132;Junkers EF 132;Junkers EF 132;Junkers EF 132;Junkers EF 132;Junkers EF 132;Junkers EF 132;;;X
MODEL_U08_14_8;Messerschmitt Me-264;Messerschmitt Me-264;Messerschmitt Me-264;Messerschmitt Me-264;Messerschmitt Me-264;Messerschmitt Me-264;;Messerschmitt Me-264;;;X
MODEL_U08_15_1;AEG G.II;AEG G.II;AEG G.II;AEG G.II;AEG G.II;AEG G.II;AEG G.II;AEG G.II;;;X
MODEL_U08_15_2;Gotha G.IV;Gotha G.IV;Gotha G.IV;Gotha G.IV;Gotha G.IV;Gotha G.IV;Gotha G.IV;Gotha G.IV;;;X
MODEL_U08_15_3;Gotha G.VIII;Gotha G.VIII;Gotha G.VIII;Gotha G.VIII;Gotha G.VIII;Gotha G.VIII;Gotha G.VIII;Gotha G.VIII;;;X
MODEL_U08_15_4;Dornier Do 11;Dornier Do 11;Dornier Do 11;Dornier Do 11;Dornier Do 11;Dornier Do 11;Dornier Do 11;Dornier Do 11;;;X
MODEL_U08_15_5;Dornier Do 17 Fliegender Bleistift;Dornier Do 17 Fliegender Bleistift;Dornier Do 17 Fliegender Bleistift;Dornier Do 17 Fliegender Bleistift;Dornier Do 17 Fliegender Bleistift;Dornier Do 17 Fliegender Bleistift;Dornier Do 17 Fliegender Bleistift;Dornier Do 17 Fliegender Bleistift;;;X
MODEL_U08_15_6;Heinkel He 111;Heinkel He 111;Heinkel He 111;Heinkel He 111;Heinkel He 111;Heinkel He 111;Heinkel He 111;Heinkel He 111;;;X
MODEL_U08_15_7;Junkers Ju 88;Junkers Ju 88;Junkers Ju 88;Junkers Ju 88;Junkers Ju 88;Junkers Ju 88;Junkers Ju 88;Junkers Ju 88;;;X
MODEL_U08_15_8;Junkers Ju 188 Rächer;Junkers Ju 188 Rächer;Junkers Ju 188 Rächer;Junkers Ju 188 Rächer;Junkers Ju 188 Rächer;Junkers Ju 188 Rächer;Junkers Ju 188 Rächer;Junkers Ju 188 Rächer;;;X
MODEL_U08_15_9;Arado Ar 234 Blitz;Arado Ar 234 Blitz;Arado Ar 234 Blitz;Arado Ar 234 Blitz;Arado Ar 234 Blitz;Arado Ar 234 Blitz;Arado Ar 234 Blitz;Arado Ar 234 Blitz;;;X
MODEL_U08_15_10;Heinkel He 343;Heinkel He 343;Heinkel He 343;Heinkel He 343;Heinkel He 343;Heinkel He 343;Heinkel He 343;Heinkel He 343;;;X
MODEL_U08_16_1;Dornier Do J Wal;Dornier Do J Wal;Dornier Do J Wal;Dornier Do J Wal;Dornier Do J Wal;Dornier Do J Wal;Dornier Do J Wal;Dornier Do J Wal;;;X
MODEL_U08_16_2;Dornier Do 217;Dornier Do 217;Dornier Do 217;Dornier Do 217;Dornier Do 217;Dornier Do 217;Dornier Do 217;Dornier Do 217;;;X
MODEL_U08_16_3;Focke-Wulf Fw 200 Condor;Focke-Wulf Fw 200 Condor;Focke-Wulf Fw 200 Condor;Focke-Wulf Fw 200 Condor;Focke-Wulf Fw 200 Condor;Focke-Wulf Fw 200 Condor;Focke-Wulf Fw 200 Condor;Focke-Wulf Fw 200 Condor;;;X
MODEL_U08_16_4;Junkers Ju 390;Junkers Ju 390;Junkers Ju 390;Junkers Ju 390;Junkers Ju 390;Junkers Ju 390;Junkers Ju 390;Junkers Ju 390;;;X
MODEL_U08_16_5;Junkers Ju 287;Junkers Ju 287;Junkers Ju 287;Junkers Ju 287;Junkers Ju 287;Junkers Ju 287;Junkers Ju 287;Junkers Ju 287;;;X
MODEL_U08_16_6;Breguet Atlantic;Breguet Atlantic;Breguet Atlantic;Breguet Atlantic;Breguet Atlantic;Breguet Atlantic;;Breguet Atlantic;;;X
MODEL_U08_17_0;Henschel Hs 123;Henschel Hs 123;Henschel Hs 123;Henschel Hs 123;Henschel Hs 123;Henschel Hs 123;Henschel Hs 123;Henschel Hs 123;;;X
MODEL_U08_17_1;Junkers Ju 87B Stuka;Junkers Ju 87B Stuka;Junkers Ju 87B Stuka;Junkers Ju 87B Stuka;Junkers Ju 87B Stuka;Junkers Ju 87B Stuka;Junkers Ju 87B Stuka;Junkers Ju 87B Stuka;;;X
MODEL_U08_17_2;Junkers Ju 87G Stuka;Junkers Ju 87G Stuka;Junkers Ju 87G Stuka;Junkers Ju 87G Stuka;Junkers Ju 87G Stuka;Junkers Ju 87G Stuka;Junkers Ju 87G Stuka;Junkers Ju 87G Stuka;;;X
MODEL_U08_17_3;Henschel Hs 129;Henschel Hs 129;Henschel Hs 129;Henschel Hs 129;Henschel Hs 129;Henschel Hs 129;Henschel Hs 129;Henschel Hs 129;;;X
MODEL_U08_17_4;Henschel Hs 132;Henschel Hs 132;Henschel Hs 132;Henschel Hs 132;Henschel Hs 132;Henschel Hs 132;Henschel Hs 132;Henschel Hs 132;;;X
MODEL_U08_17_5;Dornier Alpha Jet;Dornier Alpha Jet;Dornier Alpha Jet;Dornier Alpha Jet;Dornier Alpha Jet;Dornier Alpha Jet;;Dornier Alpha Jet;;;X
MODEL_U08_18_0;Junkers W 34;Junkers W 34;Junkers W 34;Junkers W 34;Junkers W 34;Junkers W 34;Junkers W 34;Junkers W 34;;;X
MODEL_U08_18_1;Junkers Ju 52/3m Tante Ju;Junkers Ju 52/3m Tante Ju;Junkers Ju 52/3m Tante Ju;Junkers Ju 52/3m Tante Ju;Junkers Ju 52/3m Tante Ju;Junkers Ju 52/3m Tante Ju;Junkers Ju 52/3m Tante Ju;Junkers Ju 52/3m Tante Ju;;;X
MODEL_U08_18_2;Arado Ar 232;Arado Ar 232;Arado Ar 232;Arado Ar 232;Arado Ar 232;Arado Ar 232;Arado Ar 232;Arado Ar 232;;;X
MODEL_U08_18_3;Messerschmitt Me 323 Gigant;Messerschmitt Me 323 Gigant;Messerschmitt Me 323 Gigant;Messerschmitt Me 323 Gigant;Messerschmitt Me 323 Gigant;Messerschmitt Me 323 Gigant;Messerschmitt Me 323 Gigant;Messerschmitt Me 323 Gigant;;;X
MODEL_U08_18_4;Junkers Ju-352;Junkers Ju-352;Junkers Ju-352;Junkers Ju-352;Junkers Ju-352;Junkers Ju-352;;Junkers Ju-352;;;X
MODEL_U08_18_5;Transall C-160;Transall C-160;Transall C-160;Transall C-160;Transall C-160;Transall C-160;;Transall C-160;;;X
MODEL_U08_19_0;V1;V1;V1;V1;V1;V1;;V1;;;X
MODEL_U08_20_0;V2;V2;V2;V2;V2;V2;;V2;;;X
MODEL_U08_20_1;V2A9;V2A9;V2A9;V2A9;V2A9;V2A9;;V2A9;;;X
MODEL_U08_20_2;V2A10;V2A10;V2A10;V2A10;V2A10;V2A10;;V2A10;;;X
# Germany naval units;;;;;;;;;;;X
MODEL_U08_21_0;Friedrich Der Große-class;Classe Friedrich Der Große;Classe Friedrich Der Große;Clase Friedrich Der Große;Friedrich Der Große-Klasse;Friedrich Der Große-klasa;;Friedrich Der Große-Klasse;;;X
MODEL_U08_21_1;Kaiser-class;Classe Kaiser;Classe Kaiser;Clase Kaiser;Kaiser-Klasse;Kaiser-klasa;;Kaiser-Klasse;;;X
MODEL_U08_21_2;Nassau-class;Classe Nassau;Classe Nassau;Clase Nassau;Nassau-Klasse;Nassau-klasa;;Nassau-Klasse;;;X
MODEL_U08_21_4;Bayern-class;Classe Bayern;Classe Bayern;Clase Bayern;Bayern-Klasse;Bayern-klasa;;Bayern-Klasse;;;X
MODEL_U08_21_5;L 20a-class;Classe L 20a;Classe L 20a;Clase L 20a;L 20a-Klasse;L 20a-klasa;;L 20a-Klasse;;;X
MODEL_U08_21_7;Bismarck-class;Classe Bismarck;Classe Bismarck;Clase Bismarck;Bismarck-Klasse;Bismarck-klasa;;Bismarck-Klasse;;;X
MODEL_U08_21_8;H-class;Classe H;Classe H;Clase H;H-Klasse;H-klasa;;H-Klasse;;;X
MODEL_U08_22_0;Gazelle-class;Classe Gazelle;Classe Gazelle;Clase Gazelle;Gazelle-Klasse;Gazelle-klasa;;Gazelle-Klasse;;;X
MODEL_U08_22_1;Bremen-class;Classe Bremen;Classe Bremen;Clase Bremen;Bremen-Klasse;Bremen-klasa;;Bremen-Klasse;;;X
MODEL_U08_22_2;Magdeburg-class;Classe Magdeburg;Classe Magdeburg;Clase Magdeburg;Magdeburg-Klasse;Magdeburg-klasa;;Magdeburg-Klasse;;;X
MODEL_U08_22_3;Emden-class;Classe Emden;Classe Emden;Clase Emden;Emden-Klasse;Emden-klasa;;Emden-Klasse;;;X
MODEL_U08_22_4;Nürnberg-class;Classe Nürnberg;Classe Nürnberg;Clase Nürnberg;Nürnberg-Klasse;Nürnberg-klasa;;Nürnberg-Klasse;;;X
MODEL_U08_22_5;M-class;Classe M;Classe M;Clase M;M-Klasse;M-klasa;;M-Klasse;;;X
MODEL_U08_23_1;Wacht-class;Classe Wacht;Classe Wacht;Clase Wacht;Wacht-Klasse;Wacht-klasa;;Wacht-Klasse;;;X
MODEL_U08_23_2;Scharnhorst-class;Classe Scharnhorst;Classe Scharnhorst;Clase Scharnhorst;Scharnhorst-Klasse;Scharnhorst-klasa;;Scharnhorst-Klasse;;;X
MODEL_U08_23_4;Deutschland-class;Classe Deutschland;Classe Deutschland;Clase Deutschland;Deutschland-Klasse;Deutschland-klasa;;Deutschland-Klasse;;;X
MODEL_U08_23_5;Hipper-class;Classe Hipper;Classe Hipper;Clase Hipper;Hipper-Klasse;Hipper-klasa;;Hipper-Klasse;;;X
MODEL_U08_23_6;P-class;Classe P;Classe P;Clase P;P-Klasse;P-klasa;;P-Klasse;;;X
MODEL_U08_24_0;Moltke-class;Classe Moltke;Classe Moltke;Clase Moltke;Moltke-Klasse;Moltke-klasa;;Moltke-Klasse;;;X
MODEL_U08_24_1;Derflinger-class;Classe Derflinger;Classe Derflinger;Clase Derflinger;Derflinger-Klasse;Derflinger-klasa;;Derflinger-Klasse;;;X
MODEL_U08_24_2;Mackensen-class;Classe Mackensen;Classe Mackensen;Clase Mackensen;Mackensen-Klasse;Mackensen-klasa;;Mackensen-Klasse;;;X
MODEL_U08_24_3;Scharnhorst-class;Classe Scharnhorst;Classe Scharnhorst;Clase Scharnhorst;Scharnhorst-Klasse;Scharnhorst-klasa;;Scharnhorst-Klasse;;;X
MODEL_U08_24_4;O-class;Classe O;Classe O;Clase O;O-Klasse;O-klasa;;O-Klasse;;;X
MODEL_U08_25_0;T90-class;Classe T90;Classe T90;Clase T90;T90-Klasse;T90-klasa;;T90-Klasse;;;X
MODEL_U08_25_1;S114-class;Classe S114;Classe S114;Clase S114;S114-Klasse;S114-klasa;;S114-Klasse;;;X
MODEL_U08_25_2;S165-class;Classe S165;Classe S165;Clase S165;S165-Klasse;S165-klasa;;S165-Klasse;;;X
MODEL_U08_25_5;Type 1934-class;Classe Type 1934;Classe Type 1934;Clase Tipo 1934;Type 1934-Klasse;Type 1934-klasa;;Type 1934-Klasse;;;X
MODEL_U08_25_6;Type 1936A-class;Classe Type 1936A;Classe Type 1936A;Clase Tipo 1936A;Type 1936A-Klasse;Type 1936A-klasa;;Type 1936A-Klasse;;;X
MODEL_U08_25_7;Z37-class;Classe Z37;Classe Z37;Clase Z37;Z37-Klasse;Z37-klasa;;Z37-Klasse;;;X
MODEL_U08_25_9;Hamburg-class;Classe Hamburg;Classe Hamburg;Clase Hamburg;Hamburg-Klasse;Hamburg-klasa;;Hamburg-Klasse;;;X
MODEL_U08_26_2;Graf Zeppelin-class;Classe Graf Zeppelin;Classe Graf Zeppelin;Clase Graf Zeppelin;Graf Zeppelin-Klasse;Graf Zeppelin-klasa;;Graf Zeppelin-Klasse;;;X
MODEL_U08_28_1;Type U-27-class;Classe Type U-27;Classe Type U-27;Clase Tipo U-27;Type U-27-Klasse;Type U-27-klasa;;Type U-27-Klasse;;;X
MODEL_U08_28_2;Type U-31-class;Classe Type U-31;Classe Type U-31;Clase Tipo U-31;Type U-31-Klasse;Type U-31-klasa;;Type U-31-Klasse;;;X
MODEL_U08_28_4;Type II-class;Classe Type II;Classe Type II;Clase Tipo II;Type II-Klasse;Type II-klasa;;Type II-Klasse;;;X
MODEL_U08_28_5;Type VII-class;Classe Type VII;Classe Type VII;Clase Tipo VII;Type VII-Klasse;Type VII-klasa;;Type VII-Klasse;;;X
MODEL_U08_28_6;Type IX-class;Classe Type IX;Classe Type IX;Clase Tipo IX;Type IX-Klasse;Type IX-klasa;;Type IX-Klasse;;;X
MODEL_U08_28_7;Type XXI-class;Classe Type XXI;Classe Type XXI;Clase Tipo XXI;Type XXI-Klasse;Type XXI-klasa;;Type XXI-Klasse;;;X
MODEL_U08_28_8;Type 201-class;Classe Type 201;Classe Type 201;Clase Tipo 201;Type 201-Klasse;Type 201-klasa;;Type 201-Klasse;;;X
MODEL_U08_28_9;Type 205-class;Classe Type 205;Classe Type 205;Clase Tipo 205;Type 205-Klasse;Type 205-klasa;;Type 205-Klasse;;;X
#;;;;;;;;;;;X;
#;;;;;;;;;;;X
# Argentina;;;;;;;;;;;X
# Argentina naval units;;;;;;;;;;;X
MODEL_ARG_21_0;Los Andes-class;Los Andes-class;Classe Los Andes;Clase Los Andes;Los Andes-Klasse;Los Andes-class;;Los Andes-Klasse;;;X
MODEL_ARG_21_1;Libertad-class;Libertad-class;Classe Libertad;Clase Libertad;Libertad-Klasse;Libertad-class;;Libertad-Klasse;;;X
MODEL_ARG_21_3;Rivadavia-class;Rivadavia-class;Classe Rivadavia;Clase Rivadavia;Rivadavia-Klasse;Rivadavia-class;;Rivadavia-Klasse;;;X
MODEL_ARG_22_0;Nueve de Julio-class;Nueve de Julio-class;Classe Nueve de Julio;Clase Nueve de Julio;Nueve de Julio-Klasse;Nueve de Julio-class;;Nueve de Julio-Klasse;;;X
MODEL_ARG_22_4;La Argentina-class;La Argentina-class;Classe La Argentina;Clase La Argentina;La Argentina-Klasse;La Argentina-class;;La Argentina-Klasse;;;X
MODEL_ARG_22_5;General Belgrano-class;General Belgrano-class;Classe General Belgrano;Clase General Belgrano;General Belgrano-Klasse;General Belgrano-class;;General Belgrano-Klasse;;;X
MODEL_ARG_23_0;Belgrano-class;Belgrano-class;Classe Belgrano;Clase Belgrano;Belgrano-Klasse;Belgrano-class;;Belgrano-Klasse;;;X
MODEL_ARG_23_1;Garibaldi-class;Garibaldi-class;Classe Garibaldi;Clase Garibaldi;Garibaldi-Klasse;Garibaldi-class;;Garibaldi-Klasse;;;X
MODEL_ARG_23_3;Veinticinco de Mayo-class;Veinticinco de Mayo-class;Classe Veinticinco de Mayo;Clase Veinticinco de Mayo;Veinticinco de Mayo-Klasse;Veinticinco de Mayo-class;;Veinticinco de Mayo-Klasse;;;X
MODEL_ARG_25_2;San Luis-class;San Luis-class;Classe San Luis;Clase San Luis;San Luis-Klasse;San Luis-class;;San Luis-Klasse;;;X
MODEL_ARG_25_3;La Plata-class;La Plata-class;Classe La Plata;Clase La Plata;La Plata-Klasse;La Plata-class;;La Plata-Klasse;;;X
MODEL_ARG_25_4;Churucca-class;Churucca-class;Classe Churucca;Clase Churucca;Churucca-Klasse;Churucca-class;;Churucca-Klasse;;;X
MODEL_ARG_25_5;Buenos Aires-class;Buenos Aires-class;Classe Buenos Aires;Clase Buenos Aires;Buenos Aires-Klasse;Buenos Aires-class;;Buenos Aires-Klasse;;;X
MODEL_ARG_28_3;Santa Fe-class;Santa Fe-class;Classe Santa Fe;Clase Santa Fe;Santa Fe-Klasse;Santa Fe-class;;Santa Fe-Klasse;;;X
MODEL_ARG_30_1;Pampa-class;Pampa-class;Classe Pampa;Clase Pampa;Pampa-Klasse;Pampa-class;;Pampa-Klasse;;;X
#;;;;;;;;;;;X
# Australia;;;;;;;;;;;X
# Australia naval units;;;;;;;;;;;X
MODEL_AST_22_1;Pelorus-class;Pelorus-class;Classe Pelorus;Clase Pelorus;Pelorus-Klasse;Pelorus-class;;Pelorus-Klasse;;;X
MODEL_AST_22_2;Melbourne-class;Melbourne-class;Classe Melbourne;Clase Melbourne;Melbourne-Klasse;Melbourne-class;;Melbourne-Klasse;;;X
MODEL_AST_22_4;Sydney-class;Leander-class;Classe Leander;Clase Leander;Leander-Klasse;Leander-class;;Leander-Klasse;;;X
MODEL_AST_23_3;Australia-class;County-class;Classe County;Clase County;County-Klasse;County-class;;County-Klasse;;;X
MODEL_AST_24_0;Indefatigable-class;Indefatigable-class;Classe Indefatigable;Clase Indefatigable;Indefatigable-Klasse;Indefatigable-class;;Indefatigable-Klasse;;;X
MODEL_AST_25_1;River-class;River-class;Classe River;Clase River;River-Klasse;River-class;;River-Klasse;;;X
MODEL_AST_25_3;S-class;S-class;Classe S;Clase S;S-Klasse;S-class;;S-Klasse;;;X
MODEL_AST_25_6;Tribal-class;Tribal-class;Classe Tribal;Clase Tribal;Tribal-Klasse;Tribal-class;;Tribal-Klasse;;;X
MODEL_AST_25_7;Anzac-class;Classe Anzac;Classe Anzac;Clase Anzac;Anzac-Klasse;Anzac-klasa;;Anzac-Klasse;;;X
MODEL_AST_25_8;Perth-class;Perth-class;Classe Perth;Clase Perth;Perth-Klasse;Perth-class;;Perth-Klasse;;;X
MODEL_AST_26_5;Sydney-class;Sydney-class;Classe Sydney;Clase Sydney;Sydney-Klasse;Sydney-class;;Sydney-Klasse;;;X
MODEL_AST_27_0;Albatross-class;Albatross-class;Classe Albatross;Clase Albatross;Albatross-Klasse;Albatross-class;;Albatross-Klasse;;;X
MODEL_AST_28_1;E-boat-class;E-boat-class;Classe E-boat;Clase E-boat;E-boat-Klasse;E-boat-class;;E-boat-Klasse;;;X
MODEL_AST_28_2;J-boat-class;J-boat-class;Classe J-boat;Clase J-boat;J-boat-Klasse;J-boat-class;;J-boat-Klasse;;;X
MODEL_AST_28_3;O-boat-class;O-boat-class;Classe O-boat;Clase O-boat;O-boat-Klasse;O-boat-class;;O-boat-Klasse;;;X
MODEL_AST_30_3;Manoora-class AP;;;;;;;;;;x;
MODEL_AST_31_1;Vengeance-class;Vengeance-class;Classe Vengeance;Clase Vengeance;Vengeance-Klasse;Vengeance-class;;Vengeance-Klasse;;;X
#;;;;;;;;;;;X
# Brazil;;;;;;;;;;;X
# Brazil naval units;;;;;;;;;;;X
MODEL_BRA_21_0;Riachuelo-class;Riachuelo-class;Classe Riachuelo;Clase Riachuelo;Riachuelo-Klasse;Riachuelo-class;;Riachuelo-Klasse;;;X
MODEL_BRA_21_2;Minas Gerais-class;Minas Gerais-class;Classe Minas Gerais;Clase Minas Gerais;Minas Gerais-Klasse;Minas Gerais-class;;Minas Gerais-Klasse;;;X
MODEL_BRA_21_3;Rio de Janeiro-class;Rio de Janeiro-class;Classe Rio de Janeiro;Clase Rio de Janeiro;Rio de Janeiro-Klasse;Rio de Janeiro-class;;Rio de Janeiro-Klasse;;;X
MODEL_BRA_22_0;Republica-class;Republica-class;Classe Republica;Clase Republica;Republica-Klasse;Republica-class;;Republica-Klasse;;;X
MODEL_BRA_22_1;Bahia-class;Bahia-class;Classe Bahia;Clase Bahia;Bahia-Klasse;Bahia-class;;Bahia-Klasse;;;X
MODEL_BRA_25_1;Para-class;Para-class;Classe Para;Clase Para;Para-Klasse;Para-class;;Para-Klasse;;;X
MODEL_BRA_25_2;Maranhao-class;Maranhao-class;Classe Maranhao;Clase Maranhao;Maranhao-Klasse;Maranhao-class;;Maranhao-Klasse;;;X
MODEL_BRA_25_6;Marcilio Dias-class;Marcilio Dias-class;Classe Marcilio Dias;Clase Marcilio Dias;Marcilio Dias-Klasse;Marcilio Dias-class;;Marcilio Dias-Klasse;;;X
MODEL_BRA_25_7;Acre-class;Acre-class;Classe Acre;Clase Acre;Acre-Klasse;Acre-class;;Acre-Klasse;;;X
MODEL_BRA_28_3;Humaytá-class;Humaytá-class;Classe Humaytá;Clase Humaytá;Humaytá-Klasse;Humaytá-class;;Humaytá-Klasse;;;X
MODEL_BRA_28_4;Tupy-class;Tupy-class;Classe Tupy;Clase Tupy;Tupy-Klasse;Tupy-class;;Tupy-Klasse;;;X
#;;;;;;;;;;;X
# Chile;;;;;;;;;;;X
# Chile naval units;;;;;;;;;;;X
MODEL_CHL_21_0;Almirante Cochrane-class;Almirante Cochrane-class;Almirante Cochrane;Clase Almirante Cochrane;Almirante Cochrane-Klasse;Almirante Cochrane-class;;Almirante Cochrane-Klasse;;;X
MODEL_CHL_21_2;Almirante Latorre-class;Almirante Latorre-class;Almirante Latorre;Clase Almirante Latorre;Almirante Latorre-Klasse;Almirante Latorre-class;;Almirante Latorre-Klasse;;;X
MODEL_CHL_22_0;Blanco Encalada-class;Blanco Encalada-class;Classe Blanco Encalada;Clase Blanco Encalada;Blanco Encalada-Klasse;Blanco Encalada-class;;Blanco Encalada-Klasse;;;X
MODEL_CHL_22_1;Chacabuco-class;Chacabuco-class;Classe Chacabuco;Clase Chacabuco;Chacabuco-Klasse;Chacabuco-class;;Chacabuco-Klasse;;;X
MODEL_CHL_23_0;Esmerelda-class;Esmerelda-class;Classe Esmerelda;Clase Esmerelda;Esmerelda-Klasse;Esmerelda-class;;Esmerelda-Klasse;;;X
MODEL_CHL_23_1;General O'Higgins-class;Almirante O'Higgins-class;Classe Almirante O'Higgins;Clase Almirante O'Higgins;Almirante O'Higgins-Klasse;Almirante O'Higgins-class;;Almirante O'Higgins-Klasse;;;X
MODEL_CHL_25_2;Almirante Lynch-class;Almirante Lynch-class;Classe Almirante Lynch;Clase Almirante Lynch;Almirante Lynch-Klasse;Almirante Lynch-class;;Almirante Lynch-Klasse;;;X
MODEL_CHL_25_4;Serrano-class;Serrano-class;Classe Serrano;Clase Serrano;Serrano-Klasse;Serrano-class;;Serrano-Klasse;;;X
MODEL_CHL_25_9;Almirante-class;Almirante-class;Classe Almirante;Clase Almirante;Almirante-Klasse;Almirante-class;;Almirante-Klasse;;;X
MODEL_CHL_28_2;H-boat-class;Classe H-boat;Classe H-boat;Clase H-boat;H-boat-Klasse;H-boat-klasa;;H-boat-Klasse;;;X
MODEL_CHL_28_3;Capitan O'Brien-class;Capitan O'Brien-class;Classe Capitan O'Brien;Clase Capitan O'Brien;Capitan O'Brien-Klasse;Capitan O'Brien-class;;Capitan O'Brien-Klasse;;;X
#;;;;;;;;;;;X
# Sweden;;;;;;;;;;;X
# Sweden naval units;;;;;;;;;;;X
MODEL_SWE_22_0;Clas Fleming-class;Clas Fleming-class;Classe Clas Fleming;Clase Clas Fleming;Clas Fleming-Klasse;Clas Fleming-class;;Clas Fleming-Klasse;;;X
MODEL_SWE_22_1;Fylgia-class;Fylgia-class;Classe Fylgia;Clase Fylgia;Fylgia-Klasse;Fylgia-class;;Fylgia-Klasse;;;X
MODEL_SWE_22_4;Gotland-class;Gotland-class;Classe Gotland;Clase Gotland;Gotland-Klasse;Gotland-class;;Gotland-Klasse;;;X
MODEL_SWE_22_6;Tre Kronor-class;Tre Kronor-class;Classe Tre Kronor;Clase Tre Kronor;Tre Kronor-Klasse;Tre Kronor-class;;Tre Kronor-Klasse;;;X
MODEL_SWE_23_0;Svea-class*;Svea-class*;Classe Svea*;Clase Svea*;Svea-Klasse*;Svea-class*;;Svea-Klasse*;;;X
MODEL_SWE_23_1;Äran-class;Äran-class;Classe Äran;Clase Äran;Äran-Klasse;Äran-class;;Äran-Klasse;;;X
MODEL_SWE_23_2;Sverige-class;Sverige-class;Classe Sverige;Clase Sverige;Sverige-Klasse;Sverige-class;;Sverige-Klasse;;;X
MODEL_SWE_25_0;Munin-Class;Munin-Class;Classe Munin;Clase Munin;Munin-Klasse;Munin-Class;;Munin-Klasse;;;X
MODEL_SWE_25_1;Mode-Class;Mode-Class;Classe Mode;Clase Mode;;Mode-Class;Mode-Class;Mode-Klasse;;;X
MODEL_SWE_25_2;Hugin-Class;Hugin-Class;Classe Hugin;Clase Hugin;Hugin-Klasse;Hugin-Class;;Hugin-Class;;;X
MODEL_SWE_25_3;Wrangel-class;Wrangel-class;Classe Wrangel;Clase Wrangel;Wrangel-Klasse;Wrangel-class;;Wrangel-Klasse;;;X
MODEL_SWE_25_4;Ehrensköld-class;Ehrensköld-class;Classe Ehrensköld;Clase Ehrensköld;Ehrensköld-Klasse;Ehrensköld-class;;Ehrensköld-Klasse;;;X
MODEL_SWE_25_5;Horn-class;Horn-class;Classe Horn;Clase Horn;Horn-Klasse;Horn-class;;Horn-Klasse;;;X
MODEL_SWE_25_6;Göteborg-class;Göteborg-class;Classe Göteborg;Clase Göteborg;Göteborg-Klasse;Göteborg-class;;Göteborg-Klasse;;;X
MODEL_SWE_25_7;Mode-Class;Mode-Class;Clase Mode;Mode-Class;;Mode-Klasse;Mode-Class;;;X
MODEL_SWE_25_8;Öland-class;Öland-class;Classe Öland;Clase Öland;Öland-Klasse;Öland-class;;Öland-Klasse;;;X
MODEL_SWE_25_9;Halland-Class;Halland-Class;Classe Halland;Clase Halland;Halland-klasse;Halland-Class;;Halland-Class;;;X
MODEL_SWE_27_0;Dristigheten-class;Dristigheten-class;Classe Dristigheten;Clase Dristigheten;Dristigheten-Klasse;Dristigheten-class;;Dristigheten-Klasse;;;X
MODEL_SWE_28_1;Hajen-class;Hajen-class;Classe Hajen;Clase Hajen;Hajen-Klasse;Hajen-class;;Hajen-Klasse;;;X
MODEL_SWE_28_2;Svärdfisken-Class;Svärdfisken-Class;Classe Svärdfisken;Clase Svärdfisken;Svärdfisken-Class;Svärdfisken-Class;;;;;X
MODEL_SWE_28_3;Valen-Class;Valen-Class;Classe Valen;Clase Valen;Valen-Class;Valen-Class;;;;;X
MODEL_SWE_28_4;Draken-class;Draken-class;Classe Draken;Clase Draken;Draken-Klasse;Draken-class;;Draken-Klasse;;;X
MODEL_SWE_28_5;Delfinen-Class;Delfinen-Class;Classe Delfinen;Clase Delfinen;Delfinen-Class;Delfinen-Class;;;;;X
MODEL_SWE_28_6;Sjölejonet-class;Sjölejonet-class;Classe Sjölejonet;Clase Sjölejonet;Sjölejonet-Klasse;Sjölejonet-class;;Sjölejonet-Klasse;;;X
MODEL_SWE_28_7;Neptun-class;Neptun-class;Classe Neptun;Clase Neptun;Neptun-Klasse;Neptun-class;;Neptun-Klasse;;;X
MODEL_SWE_28_8;Draken II-class;Draken II-class;Classe Draken II;Clase Draken II;Draken II-Klasse;Draken II-class;;Draken II-Klasse;;;X
MODEL_SWE_28_9;Sjöormen-class;Sjöormen-class;Classe Sjöormen;Clase Sjöormen;Sjöormen-Klasse;Sjöormen-class;;Sjöormen-Klasse;;;X
#XXXXXXXXXXXXXXXXXXXXX Minor land forces;;;;;;;;;;;;;;;;;;;;;;;;
# Argentina;;;;;;;;;;;;
MODEL_ARG_4_0;M1A2;M1A2;M1A2;M1A2;M1A2;M1A2;;;;;X
MODEL_ARG_4_1;L-60S;L-60S;L-60S;L-60S;L-60S;L-60S;;;;;X
MODEL_ARG_4_2;LT vz. 38;LT vz. 38;LT vz. 38;LT vz. 38;LT vz. 38;LT vz. 38;;;;;X
MODEL_ARG_5_0;T4E1;T4E1;T4E1;T4E1;T4E1;T4E1;;;;;X
MODEL_ARG_5_1;Nahuel D.L.43;Nahuel D.L.43;Nahuel D.L.43;Nahuel D.L.43;Nahuel D.L.43;Nahuel D.L.43;;;;;X
MODEL_ARG_5_2;M4A1 Sherman;M4A1 Sherman;M4A1 Sherman;M4A1 Sherman;M4A1 Sherman;M4A1 Sherman;;;;;X
MODEL_ARG_5_3;M4/E8 Sherman;M4/E8 Sherman;M4/E8 Sherman;M4/E8 Sherman;M4/E8 Sherman;M4/E8 Sherman;;;;;X
MODEL_ARG_5_4;M26 Pershing;M26 Pershing;M26 Pershing;M26 Pershing;M26 Pershing;M26 Pershing;;;;;X
# Australia;;;;;;;;;;;;
MODEL_AST_4_0;Carden-Loyd M1933;Carden-Loyd M1933;Carden-Loyd M1933;Carden-Loyd M1933;Carden-Loyd M1933;Carden-Loyd M1933;;;;;X
MODEL_AST_4_1;Vickers Mk.VIc;Vickers Mk.VIc;Vickers Mk.VIc;Vickers Mk.VIc;Vickers Mk.VIc;Vickers Mk.VIc;;;;;X
MODEL_AST_4_2;Stuart Mk.V;Stuart Mk.V;Stuart Mk.V;Stuart Mk.V;Stuart Mk.V;Stuart Mk.V;;;;;X
MODEL_AST_5_0;Whippet;Whippet;Whippet;Whippet;Whippet;Whippet;;;;;X
MODEL_AST_5_1;Cruiser Tank Mk.I A9;Cruiser Tank Mk.I A9;Cruiser Tank Mk.I A9;Cruiser Tank Mk.I A9;Cruiser Tank Mk.I A9;Cruiser Tank Mk.I A9;;;;;X
MODEL_AST_5_2;AC1 Sentinel;AC1 Sentinel;AC1 Sentinel;AC1 Sentinel;AC1 Sentinel;AC1 Sentinel;;;;;X
MODEL_AST_5_3;AC4 Sentinel;AC4 Sentinel;AC4 Sentinel;AC4 Sentinel;AC4 Sentinel;AC4 Sentinel;;;;;X
MODEL_AST_5_4;A34 Comet;A34 Comet;A34 Comet;A34 Comet;A34 Comet;A34 Comet;;;;;X
MODEL_AST_5_5;Centurion Mk.I;Centurion Mk.I;Centurion Mk.I;Centurion Mk.I;Centurion Mk.I;Centurion Mk.I;;;;;X
MODEL_AST_5_6;Centurion Mk.III;Centurion Mk.III;Centurion Mk.III;Centurion Mk.III;Centurion Mk.III;Centurion Mk.III;;;;;X
MODEL_AST_5_7;Centurion Mk.V;Centurion Mk.V;Centurion Mk.V;Centurion Mk.V;Centurion Mk.V;Centurion Mk.V;;;;;X
BRIG_MODEL_AST_1_4;4.5-in Mk.I & 5.5-in Mk.I;4.5-in Mk.I & 5.5-in Mk.I;4.5-in Mk.I & 5.5-in Mk.I;4.5-in M2 & 5.5-in Mk.I0;4.5-in Mk.I & 5.5-in Mk.I;4.5-in Mk.I & 5.5-in Mk.I;;;;;x
BRIG_MODEL_AST_1_5;4.5-in Mk.II & 5.5-in Mk.II;4.5-in Mk.II & 5.5-in Mk.II;4.5-in Mk.II & 5.5-in Mk.II;4.5-in M2 & 5.5-in Mk.II0;4.5-in Mk.II & 5.5-in Mk.II;4.5-in Mk.II & 5.5-in Mk.II;;;;;x
BRIG_MODEL_AST_1_6;4.5-in Mk.III & 5.5-in Mk.III;4.5-in Mk.III & 5.5-in Mk.III;4.5-in Mk.III & 5.5-in Mk.III;4.5-in M2 & 5.5-in Mk.III;4.5-in Mk.III & 5.5-in Mk.III;4.5-in Mk.III & 5.5-in Mk.III;;;;;x
BRIG_MODEL_AST_1_7;4.5-in Mk.IV & 5.5-in Mk.IV;4.5-in Mk.IV & 5.5-in Mk.IV;4.5-in Mk.IV & 5.5-in Mk.IV;4.5-in M2 & 5.5-in Mk.IV;4.5-in Mk.IV & 5.5-in Mk.IV;4.5-in Mk.IV & 5.5-in Mk.IV;;;;;x
BRIG_MODEL_AST_1_8;4.5-in Mk.V & 5.5-in Mk.V;4.5-in Mk.V & 5.5-in Mk.V;4.5-in Mk.V & 5.5-in Mk.V;4.5-in M2 & 5.5-in Mk.V;4.5-in Mk.V & 5.5-in Mk.V;4.5-in Mk.V & 5.5-in Mk.V;;;;;x
BRIG_MODEL_AST_2_1;Bishop;Bishop;Bishop;Bishop;Bishop;Bishop;;;;;x
BRIG_MODEL_AST_2_2;Yeramba;Yeramba;Yeramba;Yeramba;Yeramba;Yeramba;;;;;x
BRIG_MODEL_AST_6_1;Deacon;Deacon;Deacon;Deacon;Deacon;Deacon;;;;;x
BRIG_MODEL_AST_6_2;Archer Mk.Ic;Archer Mk.Ic;Archer Mk.Ic;Archer Mk.Ic;Archer Mk.Ic;Archer Mk.Ic;;;;;x
BRIG_MODEL_AST_6_3;Avenger;Avenger;Avenger;Avenger;Avenger;Avenger;;;;;x
BRIG_MODEL_AST_7_0;Mk.II;Mk.II;Mk.II;Mk.II;Mk.II;Mk.II;;;;;X
BRIG_MODEL_AST_7_3;Vickers Mk.VIb;Vickers Mk.VIb;Vickers Mk.VIb;Vickers Mk.VIb;Vickers Mk.VIb;Vickers Mk.VIb;;;;;X
BRIG_MODEL_AST_7_5;M3 Stuart;M3 Stuart;M3 Stuart;M3 Stuart;M3 Stuart;M3 Stuart;;;;;X
BRIG_MODEL_AST_7_8;M24 Chaffee;M24 Chaffee;M24 Chaffee;M24 Chaffee;M24 Chaffee;M24 Chaffee;;;;;X
BRIG_MODEL_AST_10_3;Mk.VI Light;Mk.VI Light;Mk.VI Light;Mk.VI Light;Mk.VI Light;Mk.VI Light;;;;;X
BRIG_MODEL_AST_10_4;Dingo Scout Car;Dingo Scout Car;Dingo Scout Car;Dingo Scout Car;Dingo Scout Car;Dingo Scout Car;;Dingo Scout Car;;;X
BRIG_MODEL_AST_10_5;Rhino;Rhino;Rhino;Rhino;Rhino;Rhino;;;;;x
BRIG_MODEL_AST_29_4;Cruiser Mk.VI;Cruiser Mk.VI;Cruiser Mk.VI;Cruiser Mk.VI;Cruiser Mk.VI;Cruiser Mk.VI;;;;;X
BRIG_MODEL_AST_29_5;AC1 Sentinel;AC1 Sentinel;AC1 Sentinel;AC1 Sentinel;AC1 Sentinel;AC1 Sentinel;;;;;X
BRIG_MODEL_AST_29_6;AC4 Sentinel;AC4 Sentinel;AC4 Sentinel;AC4 Sentinel;AC4 Sentinel;AC4 Sentinel;;;;;X
BRIG_MODEL_AST_29_7;Centurion Mk.II;Centurion Mk.II;Centurion Mk.II;Centurion Mk.II;Centurion Mk.II;Centurion Mk.II;;;;;X
BRIG_MODEL_AST_29_8;Centurion Mk.III;Centurion Mk.III;Centurion Mk.III;Centurion Mk.III;Centurion Mk.III;Centurion Mk.III;;;;;X
BRIG_MODEL_AST_29_9;Centurion Mk.V;Centurion Mk.V;Centurion Mk.V;Centurion Mk.V;Centurion Mk.V;Centurion Mk.V;;;;;X
# Belgium;;;;;;;;;;;;
MODEL_BEL_4_0;T15;T15;T15;T15;T15;T15;;;;;X
BRIG_MODEL_BEL_1_6;105mm Mle.1930 & 155mm Mle.1930;105mm Mle.1930 & 155mm Mle.1930;105mm Mle.1930 & 155mm Mle.1930;105mm Mle.1930 & 155mm Mle.1930;105mm Mle.1930 & 155mm Mle.1930;105mm Mle.1930 & 155mm Mle.1930;;;;;x
BRIG_MODEL_BEL_1_7;105mm Mle.1938 & 155mm Mle.1938;105mm Mle.1938 & 155mm Mle.1938;105mm Mle.1938 & 155mm Mle.1938;105mm Mle.1938 & 155mm Mle.1938;105mm Mle.1938 & 155mm Mle.1938;105mm Mle.1938 & 155mm Mle.1938;;;;;x
BRIG_MODEL_BEL_1_8;105mm Mle.1941 & 155mm Mle.1941;105mm Mle.1941 & 155mm Mle.1941;105mm Mle.1941 & 155mm Mle.1941;105mm Mle.1941 & 155mm Mle.1941;105mm Mle.1941 & 155mm Mle.1941;105mm Mle.1941 & 155mm Mle.1941;;;;;x
BRIG_MODEL_BEL_1_9;105mm Mle.1944 & 155mm Mle.1944;105mm Mle.1944 & 155mm Mle.1944;105mm Mle.1944 & 155mm Mle.1944;105mm Mle.1944 & 155mm Mle.1944;105mm Mle.1944 & 155mm Mle.1944;105mm Mle.1944 & 155mm Mle.1944;;;;;x
BRIG_MODEL_BEL_1_10;105mm Mle.1947 & 155mm Mle.1947;105mm Mle.1947 & 155mm Mle.1947;105mm Mle.1947 & 155mm Mle.1947;105mm Mle.1947 & 155mm Mle.1947;105mm Mle.1947 & 155mm Mle.1947;105mm Mle.1947 & 155mm Mle.1947;;;;;x
BRIG_MODEL_BEL_11_1;75mm FRC Mle.1927;75mm FRC Mle.1927;75mm FRC Mle.1927;75mm FRC Mle.1927;75mm FRC Mle.1927;75mm FRC Mle.1927;;;;;x
BRIG_MODEL_BEL_11_2;94mm FRC Mle.1938;94mm FRC Mle.1938;94mm FRC Mle.1938;94mm FRC Mle.1938;94mm FRC Mle.1938;94mm FRC Mle.1938;;;;;x
BRIG_MODEL_BEL_11_3;100mm DCA Mle.1943;100mm DCA Mle.1943;100mm DCA Mle.1943;100mm DCA Mle.1943;100mm DCA Mle.1943;100mm DCA Mle.1944;;;;;x
# Bolivia;;;;;;;;;;;X;
MODEL_BOL_4_0;CV-33;CV-33;CV-33;CV-33;CV-33;CV-33;;;;;X
MODEL_BOL_4_1;M2A4;M2A4;M2A4;M2A4;M2A4;M2A4;;;;;X
MODEL_BOL_4_2;M5 Stuart;M5 Stuart;M5 Stuart;M5 Stuart;M5 Stuart;M5 Stuart;;;;;X
MODEL_BOL_5_0;Vickers Mk.E;Vickers Mk.E;Vickers Mk.E;Vickers Mk.E;Vickers Mk.E;Vickers Mk.E;;;;;X
MODEL_BOL_5_1;M3 Lee;M3 Lee;M3 Lee;M3 Lee;M3 Lee;M3 Lee;;;;;X
MODEL_BOL_5_2;M4A1 Sherman;M4A1 Sherman;M4A1 Sherman;M4A1 Sherman;M4A1 Sherman;M4A1 Sherman;;;;;X
MODEL_BOL_5_3;M4/E8 Sherman;M4/E8 Sherman;M4/E8 Sherman;M4/E8 Sherman;M4/E8 Sherman;M4/E8 Sherman;;;;;X
MODEL_BOL_5_4;M26 Pershing;M26 Pershing;M26 Pershing;M26 Pershing;M26 Pershing;M26 Pershing;;;;;X
BRIG_MODEL_BOL_1_6;105mm Mod.30 & 155mm Mod.30;105mm Mod.30 & 155mm Mod.30;105mm Mod.30 & 155mm Mod.30;105mm Mod.30 & 155mm Mod.30;105mm Mod.30 & 155mm Mod.30;105mm Mod.30 & 155mm Mod.30;;;;;x
BRIG_MODEL_BOL_1_7;105mm Mod.38 & 155mm Mod.38;105mm Mod.38 & 155mm Mod.38;105mm Mod.38 & 155mm Mod.38;105mm Mod.38 & 155mm Mod.38;105mm Mod.38 & 155mm Mod.38;105mm Mod.38 & 155mm Mod.38;;;;;x
BRIG_MODEL_BOL_1_8;105mm Mod.41 & 155mm Mod.41;105mm Mod.41 & 155mm Mod.41;105mm Mod.41 & 155mm Mod.41;105mm Mod.41 & 155mm Mod.41;105mm Mod.41 & 155mm Mod.41;105mm Mod.41 & 155mm Mod.41;;;;;x
BRIG_MODEL_BOL_1_9;105mm Mod.44 & 155mm Mod.44;105mm Mod.44 & 155mm Mod.44;105mm Mod.44 & 155mm Mod.44;105mm Mod.44 & 155mm Mod.44;105mm Mod.44 & 155mm Mod.44;105mm Mod.44 & 155mm Mod.44;;;;;x
BRIG_MODEL_BOL_1_10;105mm Mod.47 & 155mm Mod.47;105mm Mod.47 & 155mm Mod.47;105mm Mod.47 & 155mm Mod.47;105mm Mod.47 & 155mm Mod.47;105mm Mod.47 & 155mm Mod.47;105mm Mod.47 & 155mm Mod.47;;;;;x
BRIG_MODEL_BOL_11_1;75mm Mod.30;75mm Mod.30;75mm Mod.30;75mm Mod.30;75mm Mod.30;75mm Mod.30;;;;;x;
BRIG_MODEL_BOL_11_2;90mm Mod.38;90mm Mod.38;90mm Mod.38;90mm Mod.38;90mm Mod.38;90mm Mod.38;;;;;x
BRIG_MODEL_BOL_11_3;120mm Mod.43;120mm Mod.43;120mm Mod.43;120mm Mod.43;120mm Mod.43;120mm Mod.43;;;;;x
# Brazil;;;;;;;;;;;X;
MODEL_BRA_4_0;CV-33;CV-33;CV-33;CV-33;CV-33;CV-33;;;;;X
MODEL_BRA_4_1;M2A4;M2A4;M2A4;M2A4;M2A4;M2A4;;;;;X
MODEL_BRA_4_2;M5 Stuart;M5 Stuart;M5 Stuart;M5 Stuart;M5 Stuart;M5 Stuart;;;;;X
MODEL_BRA_5_0;Vickers Mk.E;Vickers Mk.E;Vickers Mk.E;Vickers Mk.E;Vickers Mk.E;Vickers Mk.E;;;;;X
MODEL_BRA_5_1;M3 Lee;M3 Lee;M3 Lee;M3 Lee;M3 Lee;M3 Lee;;;;;X
MODEL_BRA_5_2;M4A1 Sherman;M4A1 Sherman;M4A1 Sherman;M4A1 Sherman;M4A1 Sherman;M4A1 Sherman;;;;;X
MODEL_BRA_5_3;M4/E8 Sherman;M4/E8 Sherman;M4/E8 Sherman;M4/E8 Sherman;M4/E8 Sherman;M4/E8 Sherman;;;;;X
MODEL_BRA_5_4;M26 Pershing;M26 Pershing;M26 Pershing;M26 Pershing;M26 Pershing;M26 Pershing;;;;;X
MODEL_BRA_5_5;M47 Patton;M47 Patton;M47 Patton;M47 PattonM47 Patton;M47 Patton;;;;;X
BRIG_MODEL_BRA_1_6;105mm Mod.30 & 155mm Mod.30;105mm Mod.30 & 155mm Mod.30;105mm Mod.30 & 155mm Mod.30;105mm Mod.30 & 155mm Mod.30;105mm Mod.30 & 155mm Mod.30;105mm Mod.30 & 155mm Mod.30;;;;;x
BRIG_MODEL_BRA_1_7;105mm Mod.38 & 155mm Mod.38;105mm Mod.38 & 155mm Mod.38;105mm Mod.38 & 155mm Mod.38;105mm Mod.38 & 155mm Mod.38;105mm Mod.38 & 155mm Mod.38;105mm Mod.38 & 155mm Mod.38;;;;;x
BRIG_MODEL_BRA_1_8;105mm Mod.41 & 155mm Mod.41;105mm Mod.41 & 155mm Mod.41;105mm Mod.41 & 155mm Mod.41;105mm Mod.41 & 155mm Mod.41;105mm Mod.41 & 155mm Mod.41;105mm Mod.41 & 155mm Mod.41;;;;;x
BRIG_MODEL_BRA_1_9;105mm Mod.44 & 155mm Mod.44;105mm Mod.44 & 155mm Mod.44;105mm Mod.44 & 155mm Mod.44;105mm Mod.44 & 155mm Mod.44;105mm Mod.44 & 155mm Mod.44;105mm Mod.44 & 155mm Mod.44;;;;;x
BRIG_MODEL_BRA_1_10;105mm Mod.47 & 155mm Mod.47;105mm Mod.47 & 155mm Mod.47;105mm Mod.47 & 155mm Mod.47;105mm Mod.47 & 155mm Mod.47;105mm Mod.47 & 155mm Mod.47;105mm Mod.47 & 155mm Mod.47;;;;;x
BRIG_MODEL_BRA_11_1;75mm Mod.30;75mm Mod.30;75mm Mod.30;75mm Mod.30;75mm Mod.30;75mm Mod.30;;;;;x
BRIG_MODEL_BRA_11_2;90mm Mod.38;90mm Mod.38;90mm Mod.38;90mm Mod.38;90mm Mod.38;90mm Mod.38;;;;;x
BRIG_MODEL_BRA_11_3;120mm Mod.443120mm Mod.43;120mm Mod.43;120mm Mod.43;120mm Mod.43;120mm Mod.43;;;;;x
# Bulgaria;;;;;;;;;;;X;
MODEL_BUL_4_0;CV-33;CV-33;CV-33;CV-33;CV-33;CV-33;;;;;X
MODEL_BUL_4_1;ÈKD T-11;ÈKD T-11;ÈKD T-11;ÈKD T-11;ÈKD T-11;ÈKD T-11;;;;;X
MODEL_BUL_4_2;Renault R-35;Renault R-35;Renault R-35;Renault R-35;Renault R-35;Renault R-35;;;;;X
MODEL_BUL_5_0;Vickers 6-ton;Vickers 6-ton;Vickers 6-ton;Vickers 6-ton;Vickers 6-ton;Vickers 6-ton;;;;;X
MODEL_BUL_5_1;PzKpfw. IV Ausf. F;PzKpfw. IV Ausf. F;PzKpfw. IV Ausf. F;PzKpfw. IV Ausf. F;PzKpfw. IV Ausf. F;PzKpfw. IV Ausf. F;;;;;X
MODEL_BUL_5_2;PzKpfw. IV Ausf. H;PzKpfw. IV Ausf. H;PzKpfw. IV Ausf. H;PzKpfw. IV Ausf. H;PzKpfw. IV Ausf. H;PzKpfw. IV Ausf. H;;;;;X
MODEL_BUL_5_3;PzKpfw. V Panther Ausf. D;PzKpfw. V Panther Ausf. D;PzKpfw. V Panther Ausf. D;PzKpfw. V Panther Ausf. D;PzKpfw. V Panther Ausf. D;PzKpfw. V Panther Ausf. D;;PzKpfw. V Panther Ausf. D;;;X
MODEL_BUL_5_4;PzKpfw. Panther II;PzKpfw. Panther II;PzKpfw. Panther II;PzKpfw. Panther II;PzKpfw. Panther II;PzKpfw. Panther II;;PzKpfw. Panther II;;;X
MODEL_BUL_5_5;E-75 Tiger III;E-75 Tiger III;E-75 Tiger III;E-75 Tiger III;E-75 Tiger III;E-75 Tiger III;;E-75 Tiger III;;;X
MODEL_BUL_5_6;E-90 Tiger III;E-90 Tiger III;E-90 Tiger III;E-90 Tiger III;E-90 Tiger III;E-90 Tiger III;;E-90 Tiger III;;;X
MODEL_BUL_5_7;PzKpfw. Leopard I;PzKpfw. Leopard I;PzKpfw. Leopard I;PzKpfw. Leopard I;PzKpfw. Leopard I;PzKpfw. Leopard I;;PzKpfw. Leopard I;;;X
BRIG_MODEL_BUL_1_6;10cm D/30 & 14.9cm D/30;10cm D/30 & 14.9cm D/30;10cm D/30 & 14.9cm D/30;10cm D/30 & 14.9cm D/30;10cm D/30 & 14.9cm D/30;10cm D/17 & 14.9cm D/30;;;;;x
BRIG_MODEL_BUL_1_7;10cm D/38 & 14.9cm D/38;10cm D/38 & 14.9cm D/38;10cm D/38 & 14.9cm D/38;10cm D/38 & 14.9cm D/38;10cm D/38 & 14.9cm D/38;10cm D/38 & 14.9cm D/38;;;;;x
BRIG_MODEL_BUL_1_8;10cm D/41 & 14.9cm D/41;10cm D/41 & 14.9cm D/41;10cm D/41 & 14.9cm D/41;10cm D/41 & 14.9cm D/41;10cm D/41 & 14.9cm D/41;10cm D/41 & 14.9cm D/41;;;;;x
BRIG_MODEL_BUL_1_9;10cm D/44 & 14.9cm D/44;10cm D/44 & 14.9cm D/44;10cm D/44 & 14.9cm D/44;10cm D/44 & 14.9cm D/44;10cm D/44 & 14.9cm D/44;10cm D/44 & 14.9cm D/44;;;;;x
BRIG_MODEL_BUL_1_10;10cm D/47 & 14.9cm D/47;10cm D/47 & 14.9cm D/47;10cm D/47 & 14.9cm D/47;10cm D/47 & 14.9cm D/47;10cm D/47 & 14.9cm D/47;10cm D/47 & 14.9cm D/47;;;;;x
BRIG_MODEL_BUL_11_1;7.5cm D/30;7.5cm D/30;7.5cm D/30;7.5cm D/30;7.5cm D/30;7.5cm D/30;;;;;x
BRIG_MODEL_BUL_11_2;9cm D/38;9cm D/38;9cm D/38;9cm D/38;9cm D/38;9cm D/38;;;;;x
BRIG_MODEL_BUL_11_3;12cm D/43;12cm D/43;12cm D/43;12cm D/43;12cm D/43;12cm D/43;;;;;x
# Communist China;;;;;;;;;;;X;
MODEL_CHC_4_0;T-27;T-27;T-27;T-27;T-27;T-27;;;;;X
MODEL_CHC_4_1;T-26 m.33;T-26 m.33;T-26 m.33;T-26 m.33;T-26 m.33;T-26 m.33;;;;;X
MODEL_CHC_4_2;BT-5;BT-5;BT-5;BT-5;BT-5;BT-5;;;;;X
MODEL_CHC_5_0;Vickers Mk.E (A);Vickers Mk.E (A);Vickers Mk.E (A);Vickers Mk.E (A);Vickers Mk.E (A);Vickers Mk.E (A);;;;;X
MODEL_CHC_5_1;T-34/76 m.41;T-34/76 m.41;T-34/76 m.41;T-34/76 m.41;T-34/76 m.41;T-34/76 m.41;;;;;X
MODEL_CHC_5_2;T-34/76 m.43;T-34/76 m.43;T-34/76 m.43;T-34/76 m.43;T-34/76 m.43;T-34/76 m.43;;;;;X
MODEL_CHC_5_3;T-34/85;T-34/85;T-34/85;T-34/85;T-34/85;T-34/85;;;;;X
MODEL_CHC_5_4;T-44;T-44;T-44;T-44;T-44;T-44;;;;;X
MODEL_CHC_5_5;T-54;T-54;T-54;T-54;T-54;T-54;;;;;X
MODEL_CHC_5_6;T-55;T-55;T-55;T-55;T-55;T-55;;;;;X
MODEL_CHC_5_7;T-62;T-62;T-62;T-62;T-62;T-62;;;;;X
# Chinese;;;;;;;;;;;X;
BRIG_MODEL_CHI_11_1;75mm M30;75mm M17;75mm M30;75mm M30;75mm M30;75mm M30;;;;;x
BRIG_MODEL_CHI_11_2;90mm M38;90mm M38;90mm M38;90mm M38;90mm M38;90mm M38;;;;;x
BRIG_MODEL_CHI_11_3;120mm M43;120mm M43;120mm M43;120mm M43;120mm M43;120mm M43;;;;;x
# Chile;;;;;;;;;;;X;
BRIG_MODEL_CHL_1_6;105mm Mod.30 & 155mm Mod.30;105mm Mod.30 & 155mm Mod.30;105mm Mod.30 & 155mm Mod.30;105mm Mod.30 & 155mm Mod.30;105mm Mod.30 & 155mm Mod.30;105mm Mod.30 & 155mm Mod.30;;;;;x
BRIG_MODEL_CHL_1_7;105mm Mod.38 & 155mm Mod.38;105mm Mod.38 & 155mm Mod.38;105mm Mod.38 & 155mm Mod.38;105mm Mod.38 & 155mm Mod.38;105mm Mod.38 & 155mm Mod.38;105mm Mod.38 & 155mm Mod.38;;;;;x
BRIG_MODEL_CHL_1_8;105mm Mod.41 & 155mm Mod.41;105mm Mod.41 & 155mm Mod.41;105mm Mod.41 & 155mm Mod.41;105mm Mod.41 & 155mm Mod.41;105mm Mod.41 & 155mm Mod.41;105mm Mod.41 & 155mm Mod.41;;;;;x
BRIG_MODEL_CHL_1_9;105mm Mod.44 & 155mm Mod.44;105mm Mod.44 & 155mm Mod.44;105mm Mod.44 & 155mm Mod.44;105mm Mod.44 & 155mm Mod.44;105mm Mod.44 & 155mm Mod.44;105mm Mod.44 & 155mm Mod.44;;;;;x
BRIG_MODEL_CHL_1_10;105mm Mod.47 & 155mm Mod.47;105mm Mod.47 & 155mm Mod.47;105mm Mod.47 & 155mm Mod.47;105mm Mod.47 & 155mm Mod.47;105mm Mod.47 & 155mm Mod.47;105mm Mod.47 & 155mm Mod.47;;;;;x
BRIG_MODEL_CHL_11_1;75mm Mod.30;75mm Mod.30;75mm Mod.30;75mm Mod.30;75mm Mod.30;75mm Mod.30;;;;;x
BRIG_MODEL_CHL_11_2;90mm Mod.38;90mm Mod.38;90mm Mod.38;90mm Mod.38;90mm Mod.38;90mm Mod.38;;;;;x
BRIG_MODEL_CHL_11_3;120mm Mod.43;120mm Mod.43;120mm Mod.43;120mm Mod.43;120mm Mod.43;120mm Mod.43;;;;;x
# Columbia;;;;;;;;;;;X;
BRIG_MODEL_COL_1_6;105mm Mod.30 & 155mm Mod.30;105mm Mod.30 & 155mm Mod.30;105mm Mod.30 & 155mm Mod.30;105mm Mod.30 & 155mm Mod.30;105mm Mod.30 & 155mm Mod.30;105mm Mod.30 & 155mm Mod.30;;;;;x
BRIG_MODEL_COL_1_7;105mm Mod.38 & 155mm Mod.38;105mm Mod.38 & 155mm Mod.38;105mm Mod.38 & 155mm Mod.38;105mm Mod.38 & 155mm Mod.38;105mm Mod.38 & 155mm Mod.38;105mm Mod.38 & 155mm Mod.38;;;;;x
BRIG_MODEL_COL_1_8;105mm Mod.41 & 155mm Mod.41;105mm Mod.41 & 155mm Mod.41;105mm Mod.41 & 155mm Mod.41;105mm Mod.41 & 155mm Mod.41;105mm Mod.41 & 155mm Mod.41;105mm Mod.41 & 155mm Mod.41;;;;;x
BRIG_MODEL_COL_1_9;105mm Mod.44 & 155mm Mod.44;105mm Mod.44 & 155mm Mod.44;105mm Mod.44 & 155mm Mod.44;105mm Mod.44 & 155mm Mod.44;105mm Mod.44 & 155mm Mod.44;105mm Mod.44 & 155mm Mod.44;;;;;x
BRIG_MODEL_COL_1_10;105mm Mod.47 & 155mm Mod.47;105mm Mod.47 & 155mm Mod.47;105mm Mod.47 & 155mm Mod.47;105mm Mod.47 & 155mm Mod.47;105mm Mod.47 & 155mm Mod.47;105mm Mod.47 & 155mm Mod.47;;;;;x
BRIG_MODEL_COL_11_1;75mm Mod.30;75mm Mod.30;75mm Mod.30;75mm Mod.30;75mm Mod.30;75mm Mod.30;;;;;x
BRIG_MODEL_COL_11_2;90mm Mod.38;90mm Mod.38;90mm Mod.38;90mm Mod.38;90mm Mod.38;90mm Mod.38;;;;;x
BRIG_MODEL_COL_11_3;120mm Mod.43;120mm Mod.43;120mm Mod.43;120mm Mod.43;120mm Mod.43;120mm Mod.43;;;;;x
# Cuba;;;;;;;;;;;X;
BRIG_MODEL_CUB_1_6;105mm Mod.30 & 155mm Mod.30;105mm Mod.30 & 155mm Mod.30;105mm Mod.30 & 155mm Mod.30;105mm Mod.30 & 155mm Mod.30;105mm Mod.30 & 155mm Mod.30;105mm Mod.30 & 155mm Mod.30;;;;;x
BRIG_MODEL_CUB_1_7;105mm Mod.38 & 155mm Mod.38;105mm Mod.38 & 155mm Mod.38;105mm Mod.38 & 155mm Mod.38;105mm Mod.38 & 155mm Mod.38;105mm Mod.38 & 155mm Mod.38;105mm Mod.38 & 155mm Mod.38;;;;;x
BRIG_MODEL_CUB_1_8;105mm Mod.41 & 155mm Mod.41;105mm Mod.41 & 155mm Mod.41;105mm Mod.41 & 155mm Mod.41;105mm Mod.41 & 155mm Mod.41;105mm Mod.41 & 155mm Mod.41;105mm Mod.41 & 155mm Mod.41;;;;;x
BRIG_MODEL_CUB_1_9;105mm Mod.44 & 155mm Mod.44;105mm Mod.44 & 155mm Mod.44;105mm Mod.44 & 155mm Mod.44;105mm Mod.44 & 155mm Mod.44;105mm Mod.44 & 155mm Mod.44;105mm Mod.44 & 155mm Mod.44;;;;;x
BRIG_MODEL_CUB_1_10;105mm Mod.47 & 155mm Mod.47;105mm Mod.47 & 155mm Mod.47;105mm Mod.47 & 155mm Mod.47;105mm Mod.47 & 155mm Mod.47;105mm Mod.47 & 155mm Mod.47;105mm Mod.47 & 155mm Mod.47;;;;;x
BRIG_MODEL_CUB_11_1;75mm Mod.30;75mm Mod.30;75mm Mod.30;75mm Mod.30;75mm Mod.30;75mm Mod.30;;;;;x
BRIG_MODEL_CUB_11_2;90mm Mod.38;90mm Mod.38;90mm Mod.38;90mm Mod.38;90mm Mod.38;90mm Mod.38;;;;;x
BRIG_MODEL_CUB_11_3;120mm Mod.43;120mm Mod.43;120mm Mod.43;120mm Mod.43;120mm Mod.43;120mm Mod.43;;;;;x
#Czechoslovakia;;;;;;;;;;;X;
MODEL_CZE_4_0;Praga T-33;Praga T-33;Praga T-33;Praga T-33;Praga T-33;Praga T-33;;;;;X
MODEL_CZE_4_1;LT vz.35;LT vz.35;LT vz.35;LT vz.35;LT vz.35;LT vz.35;;;;;X
MODEL_CZE_4_2;LT vz.38;LT vz.38;LT vz.38;LT vz.38;LT vz.38;LT vz.38;;;;;X
MODEL_CZE_5_0;Kolohousenka KH-50;Kolohousenka KH-50;Kolohousenka KH-50;Kolohousenka KH-50;Kolohousenka KH-50;Kolohousenka KH-50;;;;;X
MODEL_CZE_5_1;Skoda SP-II-b;Skoda SP-II-b;Skoda SP-II-b;Skoda SP-II-b;Skoda SP-II-b;Skoda SP-II-b;;;;;X
MODEL_CZE_5_2;Skoda SP-III;Skoda SP-III;Skoda SP-III;Skoda SP-III;Skoda SP-III;Skoda SP-III;;;;;X
MODEL_CZE_5_3;Tatra T-III;Tatra T-III;Tatra T-III;Tatra T-III;Tatra T-III;Tatra T-III;;;;;X
MODEL_CZE_5_4;E-38;E-38;E-38;E-38;E-38;E-38;;;;;X
MODEL_CZE_5_5;E-50;E-50;E-50;E-50;E-50;E-50;;;;;X
BRIG_MODEL_CZE_1_6;10cm vz.30 & 14.9cm vz.30;10cm vz.30 & 14.9cm vz.30;10cm vz.30 & 14.9cm vz.30;10cm vz.30 & 14.9cm vz.30;10cm vz.30 & 14.9cm vz.30;10cm vz.30 & 14.9cm vz.30;;;;;x
BRIG_MODEL_CZE_1_7;10cm vz.38 & 14.9cm vz.38;10cm vz.38 & 14.9cm vz.38;10cm vz.38 & 14.9cm vz.38;10cm vz.38 & 14.9cm vz.38;10cm vz.38 & 14.9cm vz.38;10cm vz.38 & 14.9cm vz.38;;;;;x
BRIG_MODEL_CZE_1_8;10cm vz.41 & 14.9cm vz.41;10cm vz.41 & 14.9cm vz.41;10cm vz.41 & 14.9cm vz.41;10cm vz.41 & 14.9cm vz.41;10cm vz.41 & 14.9cm vz.41;10cm vz.41 & 14.9cm vz.41;;;;;x
BRIG_MODEL_CZE_1_9;10cm vz.44 & 14.9cm vz.44;10cm vz.44 & 14.9cm vz.44;10cm vz.44 & 14.9cm vz.44;10cm vz.44 & 14.9cm vz.44;10cm vz.44 & 14.9cm vz.44;10cm vz.44 & 14.9cm vz.44;;;;;x
BRIG_MODEL_CZE_1_10;10cm vz.47 & 14.9cm vz.47;10cm vz.47 & 14.9cm vz.47;10cm vz.47 & 14.9cm vz.47;10cm vz.47 & 14.9cm vz.47;10cm vz.47 & 14.9cm vz.47;10cm vz.47 & 14.9cm vz.47;;;;;x
BRIG_MODEL_CZE_7_4;LT vz.34;LT vz.34;LT vz.34;LT vz.34;LT vz.34;LT vz.34;;;;;X
BRIG_MODEL_CZE_7_5;LT vz.35;LT vz.35;LT vz.35;LT vz.35;LT vz.35;LT vz.35;;;;;X
BRIG_MODEL_CZE_7_6;LT vz.38;LT vz.38;LT vz.38;LT vz.38;LT vz.38;LT vz.38;;;;;X
BRIG_MODEL_CZE_10_3;Tancik vz.33;Tancik vz.33;Tancik vz.33;Tancik vz.33;Tancik vz.33;Tancik vz.33;;;;;X
BRIG_MODEL_CZE_11_1;7.5cm vz.30;7.5cm vz.30;7.5cm vz.30;7.5cm vz.30;7.5cm vz.30;7.5cm vz.30;;;;;x
BRIG_MODEL_CZE_11_2;8cm vz.37;8cm vz.37;8cm vz.37;8cm vz.37;8cm vz.37;8cm vz.37;;;;;x
BRIG_MODEL_CZE_11_3;12cm vz.43;12cm vz.43;12cm vz.43;12cm vz.43;12cm vz.43;12cm vz.43;;;;;x
# Dominican Republic;;;;;;;;;;;X;
BRIG_MODEL_DOM_1_6;105mm Mod.30 & 155mm Mod.30;105mm Mod.30 & 155mm Mod.30;105mm Mod.30 & 155mm Mod.30;105mm Mod.30 & 155mm Mod.30;105mm Mod.30 & 155mm Mod.30;105mm Mod.30 & 155mm Mod.30;;;;;x
BRIG_MODEL_DOM_1_7;105mm Mod.38 & 155mm Mod.38;105mm Mod.38 & 155mm Mod.38;105mm Mod.38 & 155mm Mod.38;105mm Mod.38 & 155mm Mod.38;105mm Mod.38 & 155mm Mod.38;105mm Mod.38 & 155mm Mod.38;;;;;x
BRIG_MODEL_DOM_1_8;105mm Mod.41 & 155mm Mod.41;105mm Mod.41 & 155mm Mod.41;105mm Mod.41 & 155mm Mod.41;105mm Mod.41 & 155mm Mod.41;105mm Mod.41 & 155mm Mod.41;105mm Mod.41 & 155mm Mod.41;;;;;x
BRIG_MODEL_DOM_1_9;105mm Mod.44 & 155mm Mod.44;105mm Mod.44 & 155mm Mod.44;105mm Mod.44 & 155mm Mod.44;105mm Mod.44 & 155mm Mod.44;105mm Mod.44 & 155mm Mod.44;105mm Mod.44 & 155mm Mod.44;;;;;x
BRIG_MODEL_DOM_1_10;105mm Mod.47 & 155mm Mod.47;105mm Mod.47 & 155mm Mod.47;105mm Mod.47 & 155mm Mod.47;105mm Mod.47 & 155mm Mod.47;105mm Mod.47 & 155mm Mod.47;105mm Mod.47 & 155mm Mod.47;;;;;x
BRIG_MODEL_DOM_11_1;75mm Mod.30;75mm Mod.30;75mm Mod.30;75mm Mod.30;75mm Mod.30;75mm Mod.30;;;;;x
BRIG_MODEL_DOM_11_2;90mm Mod.38;90mm Mod.38;90mm Mod.38;90mm Mod.38;90mm Mod.38;90mm Mod.38;;;;;x
BRIG_MODEL_DOM_11_3;120mm Mod.43;120mm Mod.43;120mm Mod.43;120mm Mod.43;120mm Mod.43;120mm Mod.43;;;;;x
BRIG_MODEL_ECU_1_6;105mm Mod.30 & 155mm Mod.30;105mm Mod.30 & 155mm Mod.30;105mm Mod.30 & 155mm Mod.30;105mm Mod.30 & 155mm Mod.30;105mm Mod.30 & 155mm Mod.30;105mm Mod.30 & 155mm Mod.30;;;;;x
BRIG_MODEL_ECU_1_7;105mm Mod.38 & 155mm Mod.38;105mm Mod.38 & 155mm Mod.38;105mm Mod.38 & 155mm Mod.38;105mm Mod.38 & 155mm Mod.38;105mm Mod.38 & 155mm Mod.38;105mm Mod.38 & 155mm Mod.38;;;;;x
BRIG_MODEL_ECU_1_8;105mm Mod.41 & 155mm Mod.41;105mm Mod.41 & 155mm Mod.41;105mm Mod.41 & 155mm Mod.41;105mm Mod.41 & 155mm Mod.41;105mm Mod.41 & 155mm Mod.41;105mm Mod.41 & 155mm Mod.41;;;;;x
BRIG_MODEL_ECU_1_9;105mm Mod.44 & 155mm Mod.44;105mm Mod.44 & 155mm Mod.44;105mm Mod.44 & 155mm Mod.44;105mm Mod.44 & 155mm Mod.44;105mm Mod.44 & 155mm Mod.44;105mm Mod.44 & 155mm Mod.44;;;;;x
BRIG_MODEL_ECU_1_10;105mm Mod.47 & 155mm Mod.47;105mm Mod.47 & 155mm Mod.47;105mm Mod.47 & 155mm Mod.47;105mm Mod.47 & 155mm Mod.47;105mm Mod.47 & 155mm Mod.47;105mm Mod.47 & 155mm Mod.47;;;;;x
BRIG_MODEL_ECU_11_1;75mm Mod.30;75mm Mod.30;75mm Mod.30;75mm Mod.30;75mm Mod.30;75mm Mod.30;;;;;x
BRIG_MODEL_ECU_11_2;90mm Mod.38;90mm Mod.38;90mm Mod.38;90mm Mod.38;90mm Mod.38;90mm Mod.38;;;;;x
BRIG_MODEL_ECU_11_3;120mm Mod.43;120mm Mod.43;120mm Mod.43;120mm Mod.43;120mm Mod.43;120mm Mod.43;;;;;x
# Finland;;;;;;;;;;;X;
MODEL_FIN_4_0;T-37;T-37;T-37;T-37;T-37;T-37;;;;;X
MODEL_FIN_4_1;T-38;T-38;T-38;T-38;T-38;T-38;;;;;X
MODEL_FIN_4_2;T-26 m.37;T-26 m.37;T-26 m.37;T-26 m.37;T-26 m.37;T-26 m.37;;;;;X
MODEL_FIN_5_0;T-28B;T-28B;T-28B;T-28B;T-28B;T-28B;;;;;X
MODEL_FIN_5_1;T-34 m.41;T-34 m.41;T-34 m.41;T-34 m.41;T-34 m.41;T-34 m.41;;;;;X
MODEL_FIN_5_2;PzKpfw.IV Ausf.J;PzKpfw.IV Ausf.J;PzKpfw.IV Ausf.J;PzKpfw.IV Ausf.J;PzKpfw.IV Ausf.J;PzKpfw.IV Ausf.J;;;;;X
MODEL_FIN_5_3;T-34/85;T-34/85;T-34/85;T-34/85;T-34/85;T-34/85;;;;;X
MODEL_FIN_5_4;T-44;T-44;T-44;T-44;T-44;T-44;;T-44;;;X
MODEL_FIN_5_5;T-54;T-54;T-54;T-54;T-54;T-54;;;;;X
MODEL_FIN_5_6;T-55;T-55;T-55;T-55;T-55;T-55;;;;;X
MODEL_FIN_5_7;T-62;T-62;T-62;T-62;T-62;T-62;;;;;X
BRIG_MODEL_FIN_1_6;105 H/30 & 150 K/30;105 H/30 & 150 K/30;105 H/30 & 150 K/30;105 H/30 & 150 K/30;105 H/30 & 150 K/30;105 H/30 & 150 K/30;;;;;x
BRIG_MODEL_FIN_1_7;105 H/38 & 150 K/38;105 H/38 & 150 K/38;105 H/38 & 150 K/38;105 H/38 & 150 K/38;105 H/38 & 150 K/38;105 H/38 & 150 K/38;;;;;x
BRIG_MODEL_FIN_1_8;105 H/41 & 150 K/41;105 H/41 & 150 K/41;105 H/41 & 150 K/41;105 H/42 & 150 K/41;105 H/41 & 150 K/41;105 H/41 & 150 K/41;;;;;x
BRIG_MODEL_FIN_1_9;105 H/44 & 150 K/44;105 H/44 & 150 K/44;105 H/44 & 150 K/44;105 H/44 & 150 K/44;105 H/44 & 150 K/44;105 H/44 & 150 K/44;;;;;x
BRIG_MODEL_FIN_1_10;105 H/47 & 150 K/47;105 H/47 & 150 K/47;105 H/47 & 150 K/47;105 H/47 & 150 K/47;105 H/47 & 150 K/47;105 H/47 & 150 K/47;;;;;x
BRIG_MODEL_FIN_6_0;PzJg.I;PzJg.I;PzJg.I;PzJg.I;PzJg.I;PzJg.I;;;;;x
BRIG_MODEL_FIN_6_1;Marder II;Marder II;Marder II;Marder II;Marder II;Marder II;;;;;x
BRIG_MODEL_FIN_6_2;StuG.IIIG;StuG.IIIG;StuG.IIIG;StuG.IIIG;StuG.IIIG;StuG.IIIG;;;;;x
BRIG_MODEL_FIN_7_0;Renault FT-17;Renault FT-17;Renault FT-17;Renault FT-17;Renault FT-17;Renault FT-17;;;;;X
BRIG_MODEL_FIN_7_2;Vickers 6-ton;Vickers 6-ton;Vickers 6-ton;Vickers 6-ton;Vickers 6-ton;Vickers 6-ton;;;;;X
BRIG_MODEL_FIN_7_5;T-37;T-37;T-37;T-37;T-37;T-37;;;;;X
BRIG_MODEL_FIN_7_6;T-38;T-38;T-38;T-38;T-38;T-38;;;;;X
BRIG_MODEL_FIN_7_7;T-26 m.37;T-26 m.37;T-26 m.37;T-26 m.37;T-26 m.37;T-26 m.37;;;;;X
BRIG_MODEL_FIN_10_2;Landsverk 182;Landsverk 182;Landsverk 182;Landsverk 182;Landsverk 182;Landsverk 182;;;;;x
BRIG_MODEL_FIN_10_4;BA-10;BA-10;BA-10;BA-10;BA-10;BA-10;;;;;x
BRIG_MODEL_FIN_11_1;75 Ilmatorjunta A/30;75 Ilmatorjunta A/30;75 Ilmatorjunta A/30;75 Ilmatorjunta A/30;75 Ilmatorjunta A/30;75 Ilmatorjunta A/30;;;;;x
BRIG_MODEL_FIN_11_2;90 Ilmatorjunta A/38;90 Ilmatorjunta A/38;90 Ilmatorjunta A/38;90 Ilmatorjunta A/38;90 Ilmatorjunta A/38;90 Ilmatorjunta A/38;;;;;x
BRIG_MODEL_FIN_11_3;120 Ilmatorjunta A/43;120 Ilmatorjunta A/43;120 Ilmatorjunta A/43;120 Ilmatorjunta A/43;120 Ilmatorjunta A/43;120 Ilmatorjunta A/43;;;;;x
# Guatamala;;;;;;;;;;;X;
BRIG_MODEL_GUA_1_6;105mm Mod.30 & 155mm Mod.30;105mm Mod.30 & 155mm Mod.30;105mm Mod.30 & 155mm Mod.30;105mm Mod.30 & 155mm Mod.30;105mm Mod.30 & 155mm Mod.30;105mm Mod.30 & 155mm Mod.30;;;;;x
BRIG_MODEL_GUA_1_7;105mm Mod.38 & 155mm Mod.38;105mm Mod.38 & 155mm Mod.38;105mm Mod.38 & 155mm Mod.38;105mm Mod.38 & 155mm Mod.38;105mm Mod.38 & 155mm Mod.38;105mm Mod.38 & 155mm Mod.38;;;;;x
BRIG_MODEL_GUA_1_8;105mm Mod.41 & 155mm Mod.41;105mm Mod.41 & 155mm Mod.41;105mm Mod.41 & 155mm Mod.41;105mm Mod.41 & 155mm Mod.41;105mm Mod.41 & 155mm Mod.41;105mm Mod.41 & 155mm Mod.41;;;;;x
BRIG_MODEL_GUA_1_9;105mm Mod.44 & 155mm Mod.44;105mm Mod.44 & 155mm Mod.44;105mm Mod.44 & 155mm Mod.44;105mm Mod.44 & 155mm Mod.44;105mm Mod.44 & 155mm Mod.44;105mm Mod.44 & 155mm Mod.44;;;;;x
BRIG_MODEL_GUA_1_10;105mm Mod.47 & 155mm Mod.47;105mm Mod.47 & 155mm Mod.47;105mm Mod.47 & 155mm Mod.47;105mm Mod.47 & 155mm Mod.47;105mm Mod.47 & 155mm Mod.47;105mm Mod.47 & 155mm Mod.47;;;;;x
BRIG_MODEL_GUA_11_1;75mm Mod.30;75mm Mod.30;75mm Mod.30;75mm Mod.30;75mm Mod.30;75mm Mod.30;;;;;x
BRIG_MODEL_GUA_11_2;90mm Mod.38;90mm Mod.38;90mm Mod.38;90mm Mod.38;90mm Mod.38;90mm Mod.38;;;;;x
BRIG_MODEL_GUA_11_3;120mm Mod.43;120mm Mod.43;120mm Mod.43;120mm Mod.43;120mm Mod.43;120mm Mod.43;;;;;x
# Netherlands;;;;;;;;;;;X;
BRIG_MODEL_HOL_1_6;10-veld 30 & 15-lang 30;10-veld 30 & 15-lang 30;10-veld 30 & 15-lang 30;10-veld 30 & 15-lang 30;10-veld 30 & 15-lang 30;10-veld 30 & 15-lang 30;;;;;x
BRIG_MODEL_HOL_1_7;10-veld 38 & 15-lang 38;10-veld 38 & 15-lang 38;10-veld 38 & 15-lang 38;10-veld 38 & 15-lang 38;10-veld 38 & 15-lang 38;10-veld 38 & 15-lang 38;;;;;x
BRIG_MODEL_HOL_1_8;10-veld 41 & 15-lang 41;10-veld 41 & 15-lang 41;10-veld 41 & 15-lang 41;10-veld 41 & 15-lang 41;10-veld 41 & 15-lang 41;10-veld 41 & 15-lang 41;;;;;x
BRIG_MODEL_HOL_1_9;10-veld 44 & 15-lang 44;10-veld 44 & 15-lang 44;10-veld 44 & 15-lang 44;10-veld 44 & 15-lang 44;10-veld 44 & 15-lang 44;10-veld 44 & 15-lang 44;;;;;x
BRIG_MODEL_HOL_1_10;10-veld 47 & 15-lang 47;10-veld 47 & 15-lang 47;10-veld 47 & 15-lang 47;10-veld 47 & 15-lang 47;10-veld 47 & 15-lang 47;10-veld 47 & 15-lang 47;;;;;x
BRIG_MODEL_HOL_10_3;Pantserwagen M.39;Pantserwagen M.39;Pantserwagen M.39;Pantserwagen M.39;Pantserwagen M.39;Pantserwagen M.39;;;;;x
BRIG_MODEL_HOL_11_1;30M 75mm;30M 75mm;30M 75mm;30M 75mm;30M 75mm;30M 75mm;;;;;x
BRIG_MODEL_HOL_11_2;38M 88mm;38M 88mm;38M 88mm;38M 88mm;38M 88mm;38M 88mm;;;;;x
BRIG_MODEL_HOL_11_3;43M 100mm;43M 100mm;43M 100mm;43M 100mm;43M 100mm;43M 100mm;;;;;x
# Hungary;;;;;;;;;;;X;
BRIG_MODEL_HUN_1_6;30M 100mm & 30M 149mm;30M 100mm & 30M 149mm;30M 100mm & 30M 149mm;30M 100mm & 30M 149mm;30M 100mm & 30M 149mm;30M 100mm & 30M 149mm;;;;;x
BRIG_MODEL_HUN_1_7;38M 100mm & 38M 149mm;38M 100mm & 38M 149mm;38M 100mm & 38M 149mm;38M 100mm & 38M 149mm;38M 100mm & 38M 149mm;38M 100mm & 38M 149mm;;;;;x
BRIG_MODEL_HUN_1_8;41M 100mm & 41M 149mm;41M 100mm & 41M 149mm;41M 100mm & 41M 149mm;41M 100mm & 41M 149mm;41M 100mm & 41M 149mm;41M 100mm & 41M 149mm;;;;;x
BRIG_MODEL_HUN_1_9;44M 100mm & 44M 149mm;44M 100mm & 44M 149mm;44M 100mm & 44M 149mm;44M 100mm & 44M 149mm;44M 100mm & 44M 149mm;44M 100mm & 44M 149mm;;;;;x
BRIG_MODEL_HUN_1_10;47M 100mm & 47M 149mm;47M 100mm & 47M 149mm;47M 100mm & 47M 149mm;47M 100mm & 47M 149mm;47M 100mm & 47M 149mm;47M 100mm & 47M 149mm;;;;;x
BRIG_MODEL_HUN_6_0;40M Nimrod;40M Nimrod;40M Nimrod;40M Nimrod;40M Nimrod;40M Nimrod;;;;;x
BRIG_MODEL_HUN_6_2;44M Zrinyi I;44M Zrinyi I;44M Zrinyi I;44M Zrinyi I;44M Zrinyi I;44M Zrinyi I;;;;;x
BRIG_MODEL_HUN_7_5;CV 35;CV 35;CV 35;CV 35;CV 35;CV 35;;;;;X
BRIG_MODEL_HUN_7_6;38M Toldi;38M Toldi;38M Toldi;38M Toldi;38M Toldi;38M Toldi;;;;;X
BRIG_MODEL_HUN_7_7;38M Toldi II;38M Toldi II;38M Toldi II;38M Toldi II;38M Toldi II;38M Toldi II;;;;;X
BRIG_MODEL_HUN_7_8;43M Toldi III;43M Toldi III;43M Toldi III;43M Toldi III;43M Toldi III;43M Toldi III;;;;;X
BRIG_MODEL_HUN_10_3;CV 33;CV 33;CV 33;CV 33;CV 33;CV 33;;;;;X
BRIG_MODEL_HUN_10_4;39M Csaba;39M Csaba;39M Csaba;39M Csaba;39M Csaba;39M Csaba;;;;;x
BRIG_MODEL_HUN_11_1;30M 75mm;30M 75mm;30M 75mm;30M 75mm;30M 75mm;30M 75mm;;;;;x
BRIG_MODEL_HUN_11_2;38M 80mm;38M 80mm;38M 80mm;38M 80mm;38M 80mm;38M 80mm;;;;;x
BRIG_MODEL_HUN_11_3;43M 120mm;43M 120mm;43M 120mm;43M 120mm;43M 120mm;43M 120mm;;;;;x
BRIG_MODEL_HUN_29_3;40M Turan I;40M Turan I;40M Turan I;40M Turan I;40M Turan I;40M Turan I;;;;;X
BRIG_MODEL_HUN_29_4;41M Turan II;41M Turan II;41M Turan II;41M Turan II;41M Turan II;41M Turan II;;;;;X
BRIG_MODEL_HUN_29_5;43M Turan III;43M Turan III;43M Turan III;43M Turan III;43M Turan III;43M Turan III;;;;;X
# Mexico;;;;;;;;;;;X;
BRIG_MODEL_MEX_1_6;105mm Mod.30 & 155mm Mod.30;105mm Mod.30 & 155mm Mod.30;105mm Mod.30 & 155mm Mod.30;105mm Mod.30 & 155mm Mod.30;105mm Mod.30 & 155mm Mod.30;105mm Mod.30 & 155mm Mod.30;;;;;x
BRIG_MODEL_MEX_1_7;105mm Mod.38 & 155mm Mod.38;105mm Mod.38 & 155mm Mod.38;105mm Mod.38 & 155mm Mod.38;105mm Mod.38 & 155mm Mod.38;105mm Mod.38 & 155mm Mod.38;105mm Mod.38 & 155mm Mod.38;;;;;x
BRIG_MODEL_MEX_1_8;105mm Mod.41 & 155mm Mod.41;105mm Mod.41 & 155mm Mod.41;105mm Mod.41 & 155mm Mod.41;105mm Mod.41 & 155mm Mod.41;105mm Mod.41 & 155mm Mod.41;105mm Mod.41 & 155mm Mod.41;;;;;x
BRIG_MODEL_MEX_1_9;105mm Mod.44 & 155mm Mod.44;105mm Mod.44 & 155mm Mod.44;105mm Mod.44 & 155mm Mod.44;105mm Mod.44 & 155mm Mod.44;105mm Mod.44 & 155mm Mod.44;105mm Mod.44 & 155mm Mod.44;;;;;x
BRIG_MODEL_MEX_1_10;105mm Mod.47 & 155mm Mod.47;105mm Mod.47 & 155mm Mod.47;105mm Mod.47 & 155mm Mod.47;105mm Mod.47 & 155mm Mod.47;105mm Mod.47 & 155mm Mod.47;105mm Mod.47 & 155mm Mod.47;;;;;x
BRIG_MODEL_MEX_11_1;75mm Mod.30;75mm Mod.30;75mm Mod.30;75mm Mod.30;75mm Mod.30;75mm Mod.30;;;;;x
BRIG_MODEL_MEX_11_2;90mm Mod.38;90mm Mod.38;90mm Mod.38;90mm Mod.38;90mm Mod.38;90mm Mod.38;;;;;x
BRIG_MODEL_MEX_11_3;120mm Mod.43;120mm Mod.43;120mm Mod.43;120mm Mod.43;120mm Mod.43;120mm Mod.43;;;;;x
# Nicaragua;;;;;;;;;;;X;
BRIG_MODEL_NIC_1_6;105mm Mod.30 & 155mm Mod.30;105mm Mod.30 & 155mm Mod.30;105mm Mod.30 & 155mm Mod.30;105mm Mod.30 & 155mm Mod.30;105mm Mod.30 & 155mm Mod.30;105mm Mod.30 & 155mm Mod.30;;;;;x
BRIG_MODEL_NIC_1_7;105mm Mod.38 & 155mm Mod.38;105mm Mod.38 & 155mm Mod.38;105mm Mod.38 & 155mm Mod.38;105mm Mod.38 & 155mm Mod.38;105mm Mod.38 & 155mm Mod.38;105mm Mod.38 & 155mm Mod.38;;;;;x
BRIG_MODEL_NIC_1_8;105mm Mod.41 & 155mm Mod.41;105mm Mod.41 & 155mm Mod.41;105mm Mod.41 & 155mm Mod.41;105mm Mod.41 & 155mm Mod.41;105mm Mod.41 & 155mm Mod.41;105mm Mod.41 & 155mm Mod.41;;;;;x
BRIG_MODEL_NIC_1_9;105mm Mod.44 & 155mm Mod.44;105mm Mod.44 & 155mm Mod.44;105mm Mod.44 & 155mm Mod.44;105mm Mod.44 & 155mm Mod.44;105mm Mod.44 & 155mm Mod.44;105mm Mod.44 & 155mm Mod.44;;;;;x
BRIG_MODEL_NIC_1_10;105mm Mod.47 & 155mm Mod.47;105mm Mod.47 & 155mm Mod.47;105mm Mod.47 & 155mm Mod.47;105mm Mod.47 & 155mm Mod.47;105mm Mod.47 & 155mm Mod.47;105mm Mod.47 & 155mm Mod.47;;;;;x
BRIG_MODEL_NIC_11_1;75mm Mod.30;75mm Mod.30;75mm Mod.30;75mm Mod.30;75mm Mod.30;75mm Mod.30;;;;;x
BRIG_MODEL_NIC_11_2;90mm Mod.38;90mm Mod.38;90mm Mod.38;90mm Mod.38;90mm Mod.38;90mm Mod.38;;;;;x
BRIG_MODEL_NIC_11_3;120mm Mod.43;120mm Mod.43;120mm Mod.43;120mm Mod.43;120mm Mod.43;120mm Mod.43;;;;;x
# New Zealand;;;;;;;;;;;X;
BRIG_MODEL_NZL_1_6;4.5-in Mk.I & 5.5-in Mk.I;4.5-in Mk.I & 5.5-in Mk.I;4.5-in Mk.I & 5.5-in Mk.I;4.5-in Mk.I & 5.5-in Mk.I0;4.5-in Mk.I & 5.5-in Mk.I;4.5-in Mk.I & 5.5-in Mk.I;;;;;x
BRIG_MODEL_NZL_1_7;4.5-in Mk.II & 5.5-in Mk.II;4.5-in Mk.II & 5.5-in Mk.II;4.5-in Mk.II & 5.5-in Mk.II;4.5-in Mk.II & 5.5-in Mk.II0;4.5-in Mk.II & 5.5-in Mk.II;4.5-in Mk.II & 5.5-in Mk.II;;;;;x
BRIG_MODEL_NZL_1_8;4.5-in Mk.III & 5.5-in Mk.III;4.5-in Mk.III & 5.5-in Mk.III;4.5-in Mk.III & 5.5-in Mk.III;4.5-in Mk.III & 5.5-in Mk.III;4.5-in Mk.III & 5.5-in Mk.III;4.5-in Mk.III & 5.5-in Mk.III;;;;;x
BRIG_MODEL_NZL_1_9;4.5-in Mk.IV & 5.5-in Mk.IV;4.5-in Mk.IV & 5.5-in Mk.IV;4.5-in Mk.IV & 5.5-in Mk.IV;4.5-in Mk.IV & 5.5-in Mk.IV;4.5-in Mk.IV & 5.5-in Mk.IV;4.5-in Mk.IV & 5.5-in Mk.IV;;;;;x
BRIG_MODEL_NZL_1_10;4.5-in Mk.V & 5.5-in Mk.V;4.5-in Mk.V & 5.5-in Mk.V;4.5-in Mk.V & 5.5-in Mk.V;4.5-in Mk.V & 5.5-in Mk.V;4.5-in Mk.V & 5.5-in Mk.V;4.5-in Mk.V & 5.5-in Mk.V;;;;;x
BRIG_MODEL_NZL_2_1;Bishop;Bishop;Bishop;Bishop;Bishop;Bishop;;;;;x
BRIG_MODEL_NZL_2_2;Sexton;Sexton;Sexton;Sexton;Sexton;Sexton;;;;;x
BRIG_MODEL_NZL_6_1;Deacon;Deacon;Deacon;Deacon;Deacon;Deacon;;;;;x
BRIG_MODEL_NZL_6_2;Archer Mk.Ic;Archer Mk.Ic;Archer Mk.Ic;Archer Mk.Ic;Archer Mk.Ic;Archer Mk.Ic;;;;;x
BRIG_MODEL_NZL_6_3;Avenger;Avenger;Avenger;Avenger;Avenger;Avenger;;;;;x
BRIG_MODEL_NZL_7_0;Mk.II;Mk.II;Mk.II;Mk.II;Mk.II;Mk.II;;;;;X
BRIG_MODEL_NZL_7_3;Vickers Mk.VIb;Vickers Mk.VIb;Vickers Mk.VIb;Vickers Mk.VIb;Vickers Mk.VIb;Vickers Mk.VIb;;;;;X
BRIG_MODEL_NZL_7_8;A25;A25;A25;A25;A25;A25;;;;;X
BRIG_MODEL_NZL_10_3;Mk VI Light;Mk VI Light;Mk VI Light;Mk VI Light;Mk VI Light;Mk VI Light;;;;;X
BRIG_MODEL_NZL_10_4;Morris Mk.II;Morris Mk.II;Morris Mk.II;Morris Mk.II;Morris Mk.II;Morris Mk.II;;;;;x
BRIG_MODEL_NZL_10_5;Daimler Mk.I;Daimler Mk.I;Daimler Mk.I;Daimler Mk.I;Daimler Mk.I;Daimler Mk.I;;;;;x
BRIG_MODEL_NZL_10_6;Coventry;Coventry;Coventry;Coventry;Coventry;Coventry;;;;;x
BRIG_MODEL_NZL_11_1;Vickers 3-in QF;Vickers 3-in QF;Vickers 3-in QF;Vickers 3-in QF;Vickers 3-in QF;Vickers 3-in QF;;;;;x
BRIG_MODEL_NZL_11_2;Vickers 3.7-in QF;Vickers 3.7-in QF;Vickers 3.7-in QF;Vickers 3.7-in QF;Vickers 3.7-in QF;Vickers 3.7-in QF;;;;;x
BRIG_MODEL_NZL_11_3;Vickers 4.5-in QF;Vickers 4.5-in QF;Vickers 4.5-in QF;Vickers 4.5-in QF;Vickers 4.5-in QF;Vickers 4.5-in QF;;;;;x
# Persia;;;;;;;;;;;X;
BRIG_MODEL_PER_7_4;TNHP;TNHP;TNHP;TNHP;TNHP;TNHP;;;;;X
# Poland;;;;;;;;;;;X;
MODEL_POL_4_0;TK-S;TK-S;TK-S;TK-S;TK-S;TK-S;;;;;X
MODEL_POL_4_1;7TPjw;7TPjw;7TPjw;7TPjw;7TPjw;7TPjw;;;;;X
MODEL_POL_4_2;10TP;10TP;10TP;10TP;10TP;10TP;;;;;X
MODEL_POL_5_0;14TPjw;14TPjw;14TPjw;14TPjw;14TPjw;14TPjw;;14TPjw;;;X
MODEL_POL_5_1;25TP;25TP;25TP;25TP;25TP;25TP;;25TP;;;X
MODEL_POL_5_2;T-34 m.41;T-34 m.41;T-34 m.41;T-34 m.41;T-34 m.41;T-34 m.41;;;;;X
MODEL_POL_5_3;T-34 m.44;T-34 m.44;T-34 m.44;T-34 m.44;T-34 m.44;T-34 m.44;;;;;X
MODEL_POL_5_4;T-44;T-44;T-44;T-44;T-44;T-44;;;;;X
BRIG_MODEL_POL_1_6;120mm wz.30 & 155mm wz.30;120mm wz.30 & 155mm wz.30;120mm wz.30 & 155mm wz.30;120mm wz.30 & 155mm wz.30;120mm wz.30 & 155mm wz.30;120mm wz.30 & 155mm wz.30;;;;;x
BRIG_MODEL_POL_1_7;120mm wz.38 & 155mm wz.38;120mm wz.38 & 155mm wz.38;120mm wz.38 & 155mm wz.38;120mm wz.38 & 155mm wz.38;120mm wz.38 & 155mm wz.38;120mm wz.38 & 155mm wz.38;;;;;x
BRIG_MODEL_POL_1_8;120mm wz.41 & 155mm wz.41;120mm wz.41 & 155mm wz.41;120mm wz.41 & 155mm wz.41;120mm wz.41 & 155mm wz.41;120mm wz.41 & 155mm wz.41;120mm wz.41 & 155mm wz.41;;;;;x
BRIG_MODEL_POL_1_9;120mm wz.44 & 155mm wz.44;120mm wz.44 & 155mm wz.44;120mm wz.44 & 155mm wz.44;120mm wz.44 & 155mm wz.44;120mm wz.44 & 155mm wz.44;120mm wz.44 & 155mm wz.44;;;;;x
BRIG_MODEL_POL_1_10;120mm wz.47 & 155mm wz.47;120mm wz.47 & 155mm wz.47;120mm wz.47 & 155mm wz.47;120mm wz.47 & 155mm wz.47;120mm wz.47 & 155mm wz.47;120mm wz.47 & 155mm wz.47;;;;;x
BRIG_MODEL_POL_6_0;TKS-D;TKS-D;TKS-D;TKS-D;TKS-D;TKS-D;;;;;X
BRIG_MODEL_POL_7_1;Renault FT-17;Renault FT-17;Renault FT-17;Renault FT-17;Renault FT-17;Renault FT-17;;Renault FT-17;;;X
BRIG_MODEL_POL_7_2;Renault R35;Renault R35;Renault R35;Renault R35;Renault R35;Renault R35;;Renault R35;;;X
BRIG_MODEL_POL_7_3;TK-S;TK-S;TK-S;TK-S;TK-S;TK-S;;TK-S;;;X
BRIG_MODEL_POL_7_4;7TP;7TP;7TP;7TP;7TP;7TP;;7TP;;;X
BRIG_MODEL_POL_7_5;10TP;10TP;10TP;10TP;10TP;10TP;;10TP;;;X
BRIG_MODEL_POL_8_1;20TP;20TP;20TP;20TP;20TP;20TP;;;;;X
BRIG_MODEL_POL_10_3;TK-3;TK-3;TK-3;TK-3;TK-3;TK-3;;TK-3;;;X
BRIG_MODEL_POL_11_1;75mm wz.36;75mm wz.36;75mm wz.36;75mm wz.36;75mm wz.36;75mm wz.36;;;;;x
BRIG_MODEL_POL_11_2;94mm wz.38;94mm wz.38;94mm wz.38;94mm wz.38;94mm wz.38;94mm wz.38;;;;;x
BRIG_MODEL_POL_11_3;120mm wz.43;120mm wz.43;120mm wz.43;120mm wz.43;120mm wz.43;120mm wz.43;;;;;x
BRIG_MODEL_POL_29_1;Renault FT-17;Renault FT-17;Renault FT-17;Renault FT-17;Renault FT-17;Renault FT-17;;Renault FT-17;;;X
BRIG_MODEL_POL_29_2;Renault R35;Renault R35;Renault R35;Renault R35;Renault R35;Renault R35;;Renault R35;;;X
BRIG_MODEL_POL_29_3;14TPjw;14TPjw;14TPjw;14TPjw;14TPjw;14TPjw;;14TPjw;;;X
BRIG_MODEL_POL_29_4;20TP;20TP;20TP;20TP;20TP;20TP;;20TP;;;X
BRIG_MODEL_POL_29_5;T-34 m.44;T-34 m.44;T-34 m.44;T-34 m.44;T-34 m.44;T-34 m.44;;T-34 m.44;;;X
BRIG_MODEL_POL_29_6;T-44;T-44;T-44;T-44;T-44;T-44;;T-44;;;X
# Romania;;;;;;;;;;;X;
BRIG_MODEL_ROM_1_6;105mm Md.1930 & 152mm Md.1930;105mm Md.1930 & 152mm Md.1930;105mm Md.1930 & 152mm Md.1930;105mm Md.1930 & 152mm Md.1930;105mm Md.1930 & 152mm Md.1930;105mm Md.1930 & 152mm Md.1930;;;;;x
BRIG_MODEL_ROM_1_7;105mm Md.1938 & 152mm Md.1938;105mm Md.1938 & 152mm Md.1938;105mm Md.1938 & 152mm Md.1938;105mm Md.1938 & 152mm Md.1938;105mm Md.1938 & 152mm Md.1938;105mm Md.1938 & 152mm Md.1938;;;;;x
BRIG_MODEL_ROM_1_8;105mm Md.1941 & 152mm Md.1941;105mm Md.1941 & 152mm Md.1941;105mm Md.1941 & 152mm Md.1941;105mm Md.1941 & 152mm Md.1941;105mm Md.1941 & 152mm Md.1941;105mm Md.1941 & 152mm Md.1941;;;;;x
BRIG_MODEL_ROM_1_9;105mm Md.1944 & 152mm Md.1944;105mm Md.1944 & 152mm Md.1944;105mm Md.1944 & 152mm Md.1944;105mm Md.1944 & 152mm Md.1944;105mm Md.1944 & 152mm Md.1944;105mm Md.1944 & 152mm Md.1944;;;;;x
BRIG_MODEL_ROM_1_10;105mm Md.1947 & 152mm Md.1947;105mm Md.1947 & 152mm Md.1947;105mm Md.1947 & 152mm Md.1947;105mm Md.1947 & 152mm Md.1947;105mm Md.1947 & 152mm Md.1947;105mm Md.1947 & 152mm Md.1947;;;;;x
BRIG_MODEL_ROM_6_1;TACAM R-2;TACAM R-2;TACAM R-2;TACAM R-2;TACAM R-2;TACAM R-2;;;;;x
BRIG_MODEL_ROM_11_1;Vickers 75mm Md.1930;Vickers 75mm Md.1930;Vickers 75mm Md.1930;Vickers 75mm Md.1930;Vickers 75mm Md.1930;Vickers 75mm Md.1930;;;;;x
BRIG_MODEL_ROM_11_2;Krupp 88mm Md.1938;Krupp 88mm Md.1938;Krupp 88mm Md.1938;Krupp 88mm Md.1938;Krupp 88mm Md.1938;Krupp 88mm Md.1938;;;;;x
BRIG_MODEL_ROM_11_3;Krupp 120mm Md.1943;Krupp 120mm Md.1943;Krupp 120mm Md.1943;Krupp 120mm Md.1943;Krupp 120mm Md.1943;Krupp 120mm Md.1943;;;;;x
BRIG_MODEL_ROM_29_2;R-2;R-2;R-2;R-2;R-2;R-2;;;;;X
# Russia;;;;;;;;;;;X
BRIG_MODEL_RUS_1_0;Putilov 76.2mm M1900;Putilov 76.2mm M1900;Putilov 76.2mm M1900;Putilov 76.2mm M1900;Putilov 76.2mm M1900;Putilov 76.2mm M1900;;3-õ äþéì. ïîëåâàÿ ïóøêà îáð.1900 ã.;;;X
BRIG_MODEL_RUS_1_1;Putilov 76.2mm M1902;Putilov 76.2mm M1902;Putilov 76.2mm M1902;Putilov 76.2mm M1902;Putilov 76.2mm M1902;Putilov 76.2mm M1902;;3-õ äþéì. ïîëåâàÿ ïóøêà îáð.1902 ã.;;;X
BRIG_MODEL_RUS_1_2;Obukhov 15,2cm M1904;Obukhov 15,2cm M1904;Obukhov 15,2cm M1904;Obukhov 15,2cm M1904;Obukhov 15,2cm M1904;Obukhov 15,2cm M1904;;6-äþéì. îñàäíàÿ ïóøêà îáð. 1904 ã.;;;X
BRIG_MODEL_RUS_1_3;10,7cm Howitzer M1910;10,7cm Howitzer M1910;10,7cm Howitzer M1910;10,7cm Howitzer M1910;10,7cm Howitzer M1910;10,7cm Howitzer M1910;;42-ëèíåéíàÿ ïîëåâ. òÿæ. ïóøêà îáð. 1910 ã.;;;X
BRIG_MODEL_RUS_1_4;12,2cm Howitzer M1910;12,2cm Howitzer M1910;12,2cm Howitzer M1910;12,2cm Howitzer M1910;12,2cm Howitzer M1910;12,2cm Howitzer M1910;;122-ìì. ãàóáèöà îáð. 1910/30 ãã.;;;X
BRIG_MODEL_RUS_7_0;Vezdekhod;Vezdekhod;Vezdekhod;Vezdekhod;Vezdekhod;Vezdekhod;;'Âåçäåõîä';;;X
BRIG_MODEL_RUS_7_1;Mark A Tyeilor;Mark A Tyeilor;Mark A Tyeilor;Mark A Tyeilor;Mark A Tyeilor;Mark A Tyeilor;;Ìàðê A 'Òåéëîð';;;X
BRIG_MODEL_RUS_8_0;Mark V Rikardo;Mark V Rikardo;Mark V Rikardo;Mark V Rikardo;Mark V Rikardo;Mark V Rikardo;;Ìàðê V 'Ðèêàðäî';;;X
BRIG_MODEL_RUS_10_0;Nakashidze-Sharron;Nakashidze-Sharron;Nakashidze-Sharron;Nakashidze-Sharron;Nakashidze-Sharron;Nakashidze-Sharron;;'Íàêàøèäçå-Øàððîí';;;X
BRIG_MODEL_RUS_10_1;Austin-Putilow;Austin-Putilow;Austin-Putilow;Austin-Putilow;Austin-Putilow;Austin-Putilow;; 'Îñòèí-Ïóòèëîâåö';;;X
BRIG_MODEL_RUS_10_2;Izorski-FIAT;Izorski-FIAT;Izorski-FIAT;Izorski-FIAT;Izorski-FIAT;Izorski-FIAT;;'Èæîðñêèé-ÔÈÀÒ';;;X
MODEL_RUS_4_0;BT-5;BT-5;BT-5;BT-5;BT-5;BT-5;;BT-5;;;X
MODEL_RUS_4_1;BT-7;BT-7;BT-7;BT-7;BT-7;BT-7;;BT-7;;;X
MODEL_RUS_4_2;T-26 m28;T-26 m28;T-26 m28;T-26 m28;T-26 m28;T-26 m28;;T-26 m28;;;X
MODEL_RUS_5_0;T-28 m38;T-28 m38;T-28 m38;T-28 m38;T-28 m38;T-28 m38;;T-28 m38;;;X
MODEL_RUS_5_1;T-34/76 m41;T-34/76 m41;T-34/76 m41;T-34/76 m41;T-34/76 m41;T-34/76 m41;;T-34/76 m41;;;X
MODEL_RUS_5_2;T-34/76 m43;T-34/76 m43;T-34/76 m43;T-34/76 m43;T-34/76 m43;T-34/76 m43;;T-34/76 m43;;;X
MODEL_RUS_5_3;T-34/85;T-34/85;T-34/85;T-34/85;T-34/85;T-34/85;;T-34/85;;;X
MODEL_RUS_5_4;T-44;T-44;T-44;T-44;T-44;T-44;;T-44;;;X
MODEL_RUS_5_5;T-54;T-54;T-54;T-54;T-54;T-54;;T-54;;;X
MODEL_RUS_5_6;T-55;T-55;T-55;T-55;T-55;T-55;;T-55;;;X
MODEL_RUS_5_7;T-62;T-62;T-62;T-62;T-62;T-62;;T-62;;;X
# South African;;;;;;;;;;;X;
BRIG_MODEL_SAF_1_6;4.5-in Mk.I & 5.5-in Mk.I;4.5-in Mk.I & 5.5-in Mk.I;4.5-in Mk.I & 5.5-in Mk.I;4.5-in M2 & 5.5-in Mk.I0;4.5-in Mk.I & 5.5-in Mk.I;4.5-in Mk.I & 5.5-in Mk.I;;;;;x
BRIG_MODEL_SAF_1_7;4.5-in Mk.II & 5.5-in Mk.II;4.5-in Mk.II & 5.5-in Mk.II;4.5-in Mk.II & 5.5-in Mk.II;4.5-in M2 & 5.5-in Mk.II0;4.5-in Mk.II & 5.5-in Mk.II;4.5-in Mk.II & 5.5-in Mk.II;;;;;x
BRIG_MODEL_SAF_1_8;4.5-in Mk.III & 5.5-in Mk.III;4.5-in Mk.III & 5.5-in Mk.III;4.5-in Mk.III & 5.5-in Mk.III;4.5-in M2 & 5.5-in Mk.III;4.5-in Mk.III & 5.5-in Mk.III;4.5-in Mk.III & 5.5-in Mk.III;;;;;x
BRIG_MODEL_SAF_1_9;4.5-in Mk.IV & 5.5-in Mk.IV;4.5-in Mk.IV & 5.5-in Mk.IV;4.5-in Mk.IV & 5.5-in Mk.IV;4.5-in M2 & 5.5-in Mk.IV;4.5-in Mk.IV & 5.5-in Mk.IV;4.5-in Mk.IV & 5.5-in Mk.IV;;;;;x
BRIG_MODEL_SAF_1_10;4.5-in Mk.V & 5.5-in Mk.V;4.5-in Mk.V & 5.5-in Mk.V;4.5-in Mk.V & 5.5-in Mk.V;4.5-in M2 & 5.5-in Mk.V;4.5-in Mk.V & 5.5-in Mk.V;4.5-in Mk.V & 5.5-in Mk.V;;;;;x
BRIG_MODEL_SAF_2_1;Bishop;Bishop;Bishop;Bishop;Bishop;Bishop;;;;;x
BRIG_MODEL_SAF_2_2;Sexton;Sexton;Sexton;Sexton;Sexton;Sexton;;;;;x
BRIG_MODEL_SAF_6_1;Deacon;Deacon;Deacon;Deacon;Deacon;Deacon;;;;;x
BRIG_MODEL_SAF_6_2;Archer Mk.Ic;Archer Mk.Ic;Archer Mk.Ic;Archer Mk.Ic;Archer Mk.Ic;Archer Mk.Ic;;;;;x
BRIG_MODEL_SAF_6_3;Avenger;Avenger;Avenger;Avenger;Avenger;Avenger;;;;;x
BRIG_MODEL_SAF_7_0;Mk.II;Mk.II;Mk.II;Mk.II;Mk.II;Mk.II;;;;;X
BRIG_MODEL_SAF_7_3;Vickers Mk.VIb;Vickers Mk.VIb;Vickers Mk.VIb;Vickers Mk.VIb;Vickers Mk.VIb;Vickers Mk.VIb;;;;;X
BRIG_MODEL_SAF_7_8;A25;A25;A25;A25;A25;A25;;;;;X
BRIG_MODEL_SAF_10_3;Mk VI Light;Mk VI Light;Mk VI Light;Mk VI Light;Mk VI Light;Mk VI Light;;;;;X
BRIG_MODEL_SAF_10_4;Marmon-Herrington Mk.II;Marmon-Herrington Mk.II;Marmon-Herrington Mk.II;Marmon-Herrington Mk.II;Marmon-Herrington Mk.II;Marmon-Herrington Mk.II;;;;;x
BRIG_MODEL_SAF_10_5;Marmon-Herrington Mk.VI;Marmon-Herrington Mk.VI;Marmon-Herrington Mk.VI;Marmon-Herrington Mk.VI;Marmon-Herrington Mk.VI;Marmon-Herrington Mk.VI;;;;;x
BRIG_MODEL_SAF_10_6;Coventry;Coventry;Coventry;Coventry;Coventry;Coventry;;;;;x
BRIG_MODEL_SAF_11_1;Vickers 3-in QF;Vickers 3-in QF;Vickers 3-in QF;Vickers 3-in QF;Vickers 3-in QF;Vickers 3-in QF;;;;;x
BRIG_MODEL_SAF_11_2;Vickers 3.7-in QF;Vickers 3.7-in QF;Vickers 3.7-in QF;Vickers 3.7-in QF;Vickers 3.7-in QF;Vickers 3.7-in QF;;;;;x
BRIG_MODEL_SAF_11_3;Vickers 4.5-in QF;Vickers 4.5-in QF;Vickers 4.5-in QF;Vickers 4.5-in QF;Vickers 4.5-in QF;Vickers 4.5-in QF;;;;;x
# Switzerland;;;;;;;;;;;X;
BRIG_MODEL_SCH_1_6;10.5cm FH30 & 15.5cm K30;10.5cm FH30 & 15.5cm K30;10.5cm FH30 & 15.5cm K30;10.5cm FH30 & 15.5cm K30;10.5cm FH30 & 15.5cm K30;10.5cm FH30 & 15.5cm K30;;;;;x
BRIG_MODEL_SCH_1_7;10.5cm FH38 & 15.5cm K38;10.5cm FH38 & 15.5cm K38;10.5cm FH38 & 15.5cm K38;10.5cm FH38 & 15.5cm K38;10.5cm FH38 & 15.5cm K38;10.5cm FH38 & 15.5cm K38;;;;;x
BRIG_MODEL_SCH_1_8;10.5cm FH41 & 15.5cm K41;10.5cm FH41 & 15.5cm K41;10.5cm FH41 & 15.5cm K41;10.5cm FH41 & 15.5cm K41;10.5cm FH41 & 15.5cm K41;10.5cm FH41 & 15.5cm K41;;;;;x
BRIG_MODEL_SCH_1_9;10.5cm FH44 & 15.5cm K44;10.5cm FH44 & 15.5cm K44;10.5cm FH44 & 15.5cm K44;10.5cm FH44 & 15.5cm K44;10.5cm FH44 & 15.5cm K44;10.5cm FH44 & 15.5cm K44;;;;;x
BRIG_MODEL_SCH_1_10;10.5cm FH47 & 15.5cm K47;10.5cm FH47 & 15.5cm K47;10.5cm FH47 & 15.5cm K47;10.5cm FH47 & 15.5cm K47;10.5cm FH47 & 15.5cm K47;10.5cm FH47 & 15.5cm K47;;;;;x
BRIG_MODEL_SCH_7_4;LTH;LTH;LTH;LTH;LTH;LTH;;;;;X
BRIG_MODEL_SCH_11_1;7.5cm FlaK30;7.5cm FlaK30;7.5cm FlaK30;7.5cm FlaK30;7.5cm FlaK30;7.5cm FlaK30;;;;;x
BRIG_MODEL_SCH_11_2;8.8cm FlaK36;8.8cm FlaK36;8.8cm FlaK36;8.8cm FlaK36;8.8cm FlaK36;8.8cm FlaK36;;;;;x
BRIG_MODEL_SCH_11_3;12.8cm FlaK43;12.8cm FlaK43;12.8cm FlaK43;12.8cm FlaK43;12.8cm FlaK43;12.8cm FlaK43;;;;;x
# Slovakia;;;;;;;;;;;X;
MODEL_SLO_4_0;Praga T-33;Praga T-33;Praga T-33;Praga T-33;Praga T-33;Praga T-33;;;;;X
MODEL_SLO_4_1;LT vz.35;LT vz.35;LT vz.35;LT vz.35;LT vz.35;LT vz.35;;;;;X
MODEL_SLO_4_2;LT vz.38;LT vz.38;LT vz.38;LT vz.38;LT vz.38;LT vz.38;;;;;X
MODEL_SLO_5_0;Kolohousenka KH-50;Kolohousenka KH-50;Kolohousenka KH-50;Kolohousenka KH-50;Kolohousenka KH-50;Kolohousenka KH-50;;;;;X
MODEL_SLO_5_1;Skoda SP-II-b;Skoda SP-II-b;Skoda SP-II-b;Skoda SP-II-b;Skoda SP-II-b;Skoda SP-II-b;;;;;X
MODEL_SLO_5_2;Skoda SP-III;Skoda SP-III;Skoda SP-III;Skoda SP-III;Skoda SP-III;Skoda SP-III;;;;;X
MODEL_SLO_5_3;Tatra T-III;Tatra T-III;Tatra T-III;Tatra T-III;Tatra T-III;Tatra T-III;;;;;X
MODEL_SLO_5_4;E-38;E-38;E-38;E-38;E-38;E-38;;;;;X
MODEL_SLO_5_5;E-50;E-50;E-50;E-50;E-50;E-50;;;;;X
BRIG_MODEL_SLO_1_6;10cm vz.30 & 14.9cm vz.30;10cm vz.30 & 14.9cm vz.30;10cm vz.30 & 14.9cm vz.30;10cm vz.30 & 14.9cm vz.30;10cm vz.30 & 14.9cm vz.30;10cm vz.30 & 14.9cm vz.30;;;;;x
BRIG_MODEL_SLO_1_7;10cm vz.38 & 14.9cm vz.38;10cm vz.38 & 14.9cm vz.38;10cm vz.38 & 14.9cm vz.38;10cm vz.38 & 14.9cm vz.38;10cm vz.38 & 14.9cm vz.38;10cm vz.38 & 14.9cm vz.38;;;;;x
BRIG_MODEL_SLO_1_8;10cm vz.41 & 14.9cm vz.41;10cm vz.41 & 14.9cm vz.41;10cm vz.41 & 14.9cm vz.41;10cm vz.41 & 14.9cm vz.41;10cm vz.41 & 14.9cm vz.41;10cm vz.41 & 14.9cm vz.41;;;;;x
BRIG_MODEL_SLO_1_9;10cm vz.44 & 14.9cm vz.44;10cm vz.44 & 14.9cm vz.44;10cm vz.44 & 14.9cm vz.44;10cm vz.44 & 14.9cm vz.44;10cm vz.44 & 14.9cm vz.44;10cm vz.44 & 14.9cm vz.44;;;;;x
BRIG_MODEL_SLO_1_10;10cm vz.47 & 14.9cm vz.47;10cm vz.47 & 14.9cm vz.47;10cm vz.47 & 14.9cm vz.47;10cm vz.47 & 14.9cm vz.47;10cm vz.47 & 14.9cm vz.47;10cm vz.47 & 14.9cm vz.47;;;;;x
BRIG_MODEL_SLO_7_4;LT vz.34;LT vz.34;LT vz.34;LT vz.34;LT vz.34;LT vz.34;;;;;X
BRIG_MODEL_SLO_7_5;LT vz.35;LT vz.35;LT vz.35;LT vz.35;LT vz.35;LT vz.35;;;;;X
BRIG_MODEL_SLO_7_6;LT vz.38;LT vz.38;LT vz.38;LT vz.38;LT vz.38;LT vz.38;;;;;X
BRIG_MODEL_SLO_10_3;Tancik vz.33;Tancik vz.33;Tancik vz.33;Tancik vz.33;Tancik vz.33;Tancik vz.33;;;;;X
BRIG_MODEL_SLO_11_1;7.5cm vz.30;7.5cm vz.30;7.5cm vz.30;7.5cm vz.30;7.5cm vz.30;7.5cm vz.30;;;;;x
BRIG_MODEL_SLO_11_2;8cm vz.37;8cm vz.37;8cm vz.37;8cm vz.37;8cm vz.37;8cm vz.37;;;;;x
BRIG_MODEL_SLO_11_3;12cm vz.43;12cm vz.43;12cm vz.43;12cm vz.43;12cm vz.43;12cm vz.43;;;;;x
#Spain (Nationalist);;;;;;;;;;;X;
BRIG_MODEL_SPA_1_6;105mm Mod.30 & 155mm Mod.30;105mm Mod.30 & 155mm Mod.30;105mm Mod.30 & 155mm Mod.30;105mm Mod.30 & 155mm Mod.30;105mm Mod.30 & 155mm Mod.30;105mm Mod.30 & 155mm Mod.30;;;;;x;
BRIG_MODEL_SPA_1_7;105mm Mod.38 & 155mm Mod.38;105mm Mod.38 & 155mm Mod.38;105mm Mod.38 & 155mm Mod.38;105mm Mod.38 & 155mm Mod.38;105mm Mod.38 & 155mm Mod.38;105mm Mod.38 & 155mm Mod.38;;;;;x;
BRIG_MODEL_SPA_1_8;105mm Mod.41 & 155mm Mod.41;105mm Mod.41 & 155mm Mod.41;105mm Mod.41 & 155mm Mod.41;105mm Mod.41 & 155mm Mod.41;105mm Mod.41 & 155mm Mod.41;105mm Mod.41 & 155mm Mod.41;;;;;x;
BRIG_MODEL_SPA_1_9;105mm Mod.44 & 155mm Mod.44;105mm Mod.44 & 155mm Mod.44;105mm Mod.44 & 155mm Mod.44;105mm Mod.44 & 155mm Mod.44;105mm Mod.44 & 155mm Mod.44;105mm Mod.44 & 155mm Mod.44;;;;;x;
BRIG_MODEL_SPA_1_10;105mm Mod.47 & 155mm Mod.47;105mm Mod.47 & 155mm Mod.47;105mm Mod.47 & 155mm Mod.47;105mm Mod.47 & 155mm Mod.47;105mm Mod.47 & 155mm Mod.47;105mm Mod.47 & 155mm Mod.47;;;;;x;
BRIG_MODEL_SPA_11_1;75mm Mod.17;75mm Mod.17;75mm Mod.17;75mm Mod.17;75mm Mod.17;75mm Mod.17;;;;;x;
BRIG_MODEL_SPA_11_2;88mm Mod.36;88mm Mod.36;88mm Mod.36;88mm Mod.36;88mm Mod.36;88mm Mod.36;;;;;x;
BRIG_MODEL_SPA_11_3;128mm Mod.45;128mm Mod.45;128mm Mod.45;128mm Mod.45;128mm Mod.45;128mm Mod.45;;;;;x;
# Spain (Republican);;;;;;;;;;;X;
BRIG_MODEL_SPR_1_6;122mm obr.1930 & 152mm obr.1930;122mm obr.1930 & 152mm obr.1930;122mm obr.1930 & 152mm obr.1930;122mm obr.1930 & 152mm obr.1930;122mm obr.1930 & 152mm obr.1930;122mm obr.1930 & 152mm obr.1930;;;;;x
BRIG_MODEL_SPR_1_7;122mm obr.1938 & 152mm obr.1938;122mm obr.1938 & 152mm obr.1938;122mm obr.1938 & 152mm obr.1938;122mm obr.1938 & 152mm obr.1938;122mm obr.1938 & 152mm obr.1938;122mm obr.1938 & 152mm obr.1938;;;;;x
BRIG_MODEL_SPR_1_8;122mm obr.1941 & 152mm obr.1941;122mm obr.1941 & 152mm obr.1941;122mm obr.1941 & 152mm obr.1941;122mm obr.1941 & 152mm obr.1941;122mm obr.1941 & 152mm obr.1941;122mm obr.1941 & 152mm obr.1941;;;;;x
BRIG_MODEL_SPR_1_9;122mm obr.1944 & 152mm obr.1944;122mm obr.1944 & 152mm obr.1944;122mm obr.1944 & 152mm obr.1944;122mm obr.1944 & 152mm obr.1944;122mm obr.1944 & 152mm obr.1944;122mm obr.1944 & 152mm obr.1944;;;;;x
BRIG_MODEL_SPR_1_10;122mm obr.1947 & 152mm obr.1947;122mm obr.1947 & 152mm obr.1947;122mm obr.1947 & 152mm obr.1947;122mm obr.1947 & 152mm obr.1947;122mm obr.1947 & 152mm obr.1947;122mm obr.1947 & 152mm obr.1947;;;;;x
BRIG_MODEL_SPR_7_2;T-26 obr.1931;T-26 obr.1931;T-26 obr.1931;T-26 obr.1931;T-26 obr.1931;T-26 obr.1931;;;;;X
BRIG_MODEL_SPR_7_3;T-26 obr.1933;T-26 obr.1933;T-26 obr.1933;T-26 obr.1933;T-26 obr.1933;T-26 obr.1933;;;;;X
BRIG_MODEL_SPR_7_4;T-26 obr.1937;T-26 obr.1937;T-26 obr.1937;T-26 obr.1937;T-26 obr.1937;T-26 obr.1937;;;;;X
BRIG_MODEL_SPR_7_5;T-70;T-70;T-70;T-70;T-70;T-70;;;;;X
BRIG_MODEL_SPR_7_6;T-80;T-80;T-80;T-80;T-80;T-80;;;;;X
BRIG_MODEL_SPR_10_3;T-27;T-27;T-27;T-27;T-27;T-27;;;;;X
BRIG_MODEL_SPR_10_5;BA-64;BA-64;BA-64;BA-64;BA-64;BA-64;;;;;x
BRIG_MODEL_SPR_11_1;76.2mm obr.1931;76.2mm obr.1931;76.2mm obr.1931;76.2mm obr.1931;76.2mm obr.1931;76.2mm obr.1931;;;;;x
BRIG_MODEL_SPR_11_2;85mm obr.1939;85mm obr.1939;85mm obr.1939;85mm obr.1939;85mm obr.1939;85mm obr.1939;;;;;x
BRIG_MODEL_SPR_11_3;122mm obr.1943;122mm obr.1943;122mm obr.1943;122mm obr.1943;122mm obr.1943;122mm obr.1943;;;;;x
BRIG_MODEL_SPR_29_0;FT-17M;FT-17M;FT-17M;FT-17M;FT-17M;FT-17M;;;;;X
# Sweden;;;;;;;;;;;X;
MODEL_SWE_4_0;Strv m/21;Strv m/21;Strv m/21;Strv m/21;Strv m/21;Strv m/21;;;;;X
MODEL_SWE_4_1;Strv m/31;Strv m/31;Strv m/31;Strv m/31;Strv m/31;Strv m/31;;;;;X
MODEL_SWE_4_2;Strv m/37;Strv m/37;Strv m/37;Strv m/37;Strv m/37;Strv m/37;;;;;X
MODEL_SWE_5_0;Strv m/38;Strv m/38;Strv m/38;Strv m/38;Strv m/38;Strv m/38;;;;;X
MODEL_SWE_5_1;Strv m/39;Strv m/39;Strv m/39;Strv m/39;Strv m/39;Strv m/39;;;;;X
MODEL_SWE_5_2;Strv m/40;Strv m/40;Strv m/40;Strv m/40;Strv m/40;Strv m/40;;;;;X
MODEL_SWE_5_3;Strv m/42;Strv m/42;Strv m/42;Strv m/42;Strv m/42;Strv m/42;;;;;X
MODEL_SWE_5_4;Pvkv m/43;Pvkv m/43;Pvkv m/43;Pvkv m/43;Pvkv m/43;Pvkv m/43;;;;;X
MODEL_SWE_5_5;Strv 81;Strv 81;Strv 81;Strv 81;Strv 81;Strv 81;;;;;X
MODEL_SWE_5_6;Strv 74;Strv 74;Strv 74;Strv 74;Strv 74;Strv 74;;;;;X
MODEL_SWE_5_7;Strv 101;Strv 101;Strv 101;Strv 101;Strv 101;Strv 101;;;;;X
BRIG_MODEL_SWE_1_0;8,4 cm kanon m/81;8,4 cm kanon m/81;8,4 cm kanon m/81;8,4 cm kanon m/81;8,4 cm kanon m/81;8,4 cm kanon m/81;;;;;x
BRIG_MODEL_SWE_1_1;10,5 cm haub m/10;10,5 cm haub m/10;10,5 cm haub m/10;10,5 cm haub m/10;10,5 cm haub m/10;10,5 cm haub m/10;;;;;x
BRIG_MODEL_SWE_1_2;21 cm haub m/17;21 cm haub m/17;21 cm haub m/17;21 cm haub m/17;21 cm haub m/17;21 cm haub m/17;;;;;x
BRIG_MODEL_SWE_1_3;10,5 cm kan m/17;10,5 cm kan m/17;10,5 cm kan m/17;10,5 cm kan m/17;10,5 cm kan m/17;10,5 cm kan m/17;;;;;x
BRIG_MODEL_SWE_1_6;10,5 cm kanon m/34;10,5 cm kanon m/34;10,5 cm kanon m/34;10,5 cm kanon m/34;10,5 cm kanon m/34;10,5 cm kanon m/34;;;;;x
BRIG_MODEL_SWE_1_7;15 cm haubits m/39;15 cm haubits m/39;15 cm haubits m/39;15 cm haubits m/39;15 cm haubits m/39;15 cm haubits m/39;;;;;x
BRIG_MODEL_SWE_1_8;10,5 cm haubits m/40;10,5 cm haubits m/40;10,5 cm haubits m/40;10,5 cm haubits m/40;10,5 cm haubits m/40;10,5 cm haubits m/40;;;;;x
BRIG_MODEL_SWE_1_9;21 cm kanon m/42;21 cm kanon m/42;21 cm kanon m/42;21 cm kanon m/42;21 cm kanon m/42;21 cm kanon m/42;;;;;x
BRIG_MODEL_SWE_1_12;15,5 cm haubits F;15,5 cm haubits F;15,5 cm haubits F;15,5 cm haubits F;15,5 cm haubits F;15,5 cm haubits F;;;;;x
BRIG_MODEL_SWE_2_1;62:an;62:an;62:an;62:an;62:an;62:an;;;;;X
BRIG_MODEL_SWE_2_2;Sav m/43;Sav m/43;Sav m/43;Sav m/43;Sav m/43;Sav m/43;;;;;X
BRIG_MODEL_SWE_2_3;Sav m/44;Sav m/44;Sav m/44;Sav m/44;Sav m/44;Sav m/44;;;;;X
BRIG_MODEL_SWE_2_4;Ikv 72;Ikv 72;Ikv 72;Ikv 72;Ikv 72;Ikv 72;;;;;X
BRIG_MODEL_SWE_2_5;Ikv 102;Ikv 102;Ikv 102;Ikv 102;Ikv 102;Ikv 102;;;;;X
BRIG_MODEL_SWE_2_6;Bofors 12cm;Bofors 12cm;Bofors 12cm;Bofors 12cm;Bofors 12cm;Bofors 12cm;;;;;X
BRIG_MODEL_SWE_2_7;Bandkanon 1A;Bandkanon 1A;Bandkanon 1A;Bandkanon 1A;Bandkanon 1A;Bandkanon 1A;;;;;X
BRIG_MODEL_SWE_28_2;Lvkv m/43;Lvkv m/43;Lvkv m/43;Lvkv m/43;Lvkv m/43;Lvkv m/43;;;;;X
BRIG_MODEL_SWE_6_0;Stormpjäs fm/43;Stormpjäs fm/43;Stormpjäs fm/43;Stormpjäs fm/43;Stormpjäs fm/43;Stormpjäs fm/43;;;;;x
BRIG_MODEL_SWE_6_1;Pansarvärnskanonvagn m/43;Pansarvärnskanonvagn m/43;Pansarvärnskanonvagn m/43;Pansarvärnskanonvagn m/43;Pansarvärnskanonvagn m/43;Pansarvärnskanonvagn m/43;;;;;x
BRIG_MODEL_SWE_6_2;Pvkv III;Pvkv III;Pvkv III;Pvkv III;Pvkv III;Pvkv III;;;;;x
BRIG_MODEL_SWE_6_3;Pvkv IV Värjan;Pvkv IV Värjan;Pvkv IV Värjan;Pvkv IV Värjan;Pvkv IV Värjan;Pvkv IV Värjan;;;;;x
BRIG_MODEL_SWE_6_7;Ikv 91;Ikv 91;Ikv 91;Ikv 91;Ikv 91;Ikv 91;;;;;x
BRIG_MODEL_SWE_7_3;Landsverk L-5;Landsverk L-5;Landsverk L-5;Landsverk L-5;Landsverk L-5;Landsverk L-5;;;;;X
BRIG_MODEL_SWE_7_4;Stridsvagn m/31;Stridsvagn m/31;Stridsvagn m/31;Stridsvagn m/31;Stridsvagn m/31;Stridsvagn m/31;;;;;X
BRIG_MODEL_SWE_7_5;Stridsvagn m/39;Stridsvagn m/39;Stridsvagn m/39;Stridsvagn m/39;Stridsvagn m/39;Stridsvagn m/39;;;;;X
BRIG_MODEL_SWE_7_6;Stridsvagn m/41;Stridsvagn m/41;Stridsvagn m/41;Stridsvagn m/41;Stridsvagn m/41;Stridsvagn m/41;;;;;X
BRIG_MODEL_SWE_10_1;Pansarbil fm/25;Pansarbil fm/25;Pansarbil fm/25;Pansarbil fm/25;Pansarbil fm/25;Pansarbil fm/25;;;;;X
BRIG_MODEL_SWE_10_2;Pansarbil m/31;Pansarbil m/31;Pansarbil m/31;Pansarbil m/31;Pansarbil m/31;Pansarbil m/31;;;;;X
BRIG_MODEL_SWE_10_3;Stridsvagn m/37;Stridsvagn m/37;Stridsvagn m/37;Stridsvagn m/37;Stridsvagn m/37;Stridsvagn m/37;;;;;X
BRIG_MODEL_SWE_10_4;Lynx M/39-40;Lynx M/39-40;Lynx M/39-40;Lynx M/39-40;Lynx M/39-40;Lynx M/39-40;;;;;X
BRIG_MODEL_SWE_11_1;7.5cm Lvkan m/30;7.5cm Lvkan m/30;7.5cm Lvkan m/30;7.5cm Lvkan m/30;7.5cm Lvkan m/30;7.5cm Lvkan m/30;;;;;x
BRIG_MODEL_SWE_11_2;7.5cm Lvkan m/38;7.5cm Lvkan m/38;7.5cm Lvkan m/38;7.5cm Lvkan m/38;7.5cm Lvkan m/38;7.5cm Lvkan m/38;;;;;x
BRIG_MODEL_SWE_11_3;10.5cm Lvkan m/44;10.5cm Lvkan m/44;10.5cm Lvkan m/44;10.5cm Lvkan m/44;10.5cm Lvkan m/44;10.5cm Lvkan m/44;;;;;x
BRIG_MODEL_SWE_11_5;Bofors 40 mm m/48 L/70;Bofors 40 mm m/48 L/70;Bofors 40 mm m/48 L/70;Bofors 40 mm m/48 L/70;Bofors 40 mm m/48 L/70;Bofors 40 mm m/48 L/70;;;;;x
BRIG_MODEL_SWE_29_0;Stridsvagn m/21;Stridsvagn m/21;Stridsvagn m/21;Stridsvagn m/21;Stridsvagn m/21;Stridsvagn m/21;;;;;X
BRIG_MODEL_SWE_29_1;Stridsvagn m/21-29;Stridsvagn m/21-29;Stridsvagn m/21-29;Stridsvagn m/21-29;Stridsvagn m/21-29;Stridsvagn m/21-29;;;;;X
BRIG_MODEL_SWE_29_3;Stridsvagn m/38;Stridsvagn m/38;Stridsvagn m/38;Stridsvagn m/38;Stridsvagn m/38;Stridsvagn m/38;;;;;X
BRIG_MODEL_SWE_29_4;Stridsvagn m/40L;Stridsvagn m/40L;Stridsvagn m/40L;Stridsvagn m/40L;Stridsvagn m/40L;Stridsvagn m/40L;;;;;X
BRIG_MODEL_SWE_29_5;Stridsvagn m/42;Stridsvagn m/42;Stridsvagn m/42;Stridsvagn m/42;Stridsvagn m/42;Stridsvagn m/42;;;;;X
BRIG_MODEL_SWE_29_6;Pvkv m/43;Pvkv m/43;Pvkv m/43;Pvkv m/43;Pvkv m/43;Pvkv m/43;;;;;X
BRIG_MODEL_SWE_29_7;Strv 81;Strv 81;Strv 81;Strv 81;Strv 81;Strv 81;;;;;X
BRIG_MODEL_SWE_29_8;Strv 74;Strv 74;Strv 74;Strv 74;Strv 74;Strv 74;;;;;X
BRIG_MODEL_SWE_29_9;Strv 101;Strv 101;Strv 101;Strv 101;Strv 101;Strv 101;;;;;X
BRIG_MODEL_SWE_29_10;Strv 102;Strv 102;Strv 102;Strv 102;Strv 102;Strv 102;;;;;X
BRIG_MODEL_SWE_29_11;Strv 103;Strv 103;Strv 103;Strv 103;Strv 103;Strv 103;;;;;X
# British raj;;;;;;;;;;;X;
BRIG_MODEL_U02_1_0;Ordnance BL 15pdr;Ordnance BL 15pdr;Ordnance BL 15pdr;Artillería BL 15pdr;Ordnance BL 15pdr;Ordnance BL 15pdr;;Ordnance BL 15pdr;;;X
BRIG_MODEL_U02_1_1;Ordnance QF 4.5inch;Ordnance QF 4.5inch;Ordnance QF 4.5inch;Artillería QF 4.5inch;Ordnance QF 4.5inch;Ordnance QF 4.5inch;;Ordnance QF 4.5inch;;;X
BRIG_MODEL_U02_1_2;BL 6inch Mk. VII;BL 6inch Mk. VII;BL 6inch Mk. VII;BL 6inch Mk. VII;BL 6inch Mk. VII;BL 6inch Mk. VII;;BL 6inch Mk. VII;;;X
BRIG_MODEL_U02_1_3;BL 8inch Mk. VI;BL 8inch Mk. VI;BL 8inch Mk. VI;BL 8inch Mk. VI;BL 8inch Mk. VI;BL 8inch Mk. VI;;BL 8inch Mk. VI ;;;X
BRIG_MODEL_U02_1_4;BL 6inch Mk. XIX;BL 6inch Mk. XIX;BL 6inch Mk. XIX;BL 6inch Mk. XIX;BL 6inch Mk. XIX;BL 6inch Mk. XIX;;BL 6inch Mk. XIX;;;X
BRIG_MODEL_U02_1_5;Ordnance QF 18pdr Mk II;Ordnance QF 18pdr Mk II;Ordnance QF 18pdr Mk II;Artillería QF 18pdr Mk II;Ordnance QF 18pdr Mk II;Ordnance QF 18pdr Mk II;;Ordnance QF 18pdr Mk II;;;X
BRIG_MODEL_U02_1_6;;;;;;;;;;;X
BRIG_MODEL_U02_1_7;;;;;;;;;;;X
BRIG_MODEL_U02_1_8;Ordnance QF 18pdr Mk IV;Ordnance QF 18pdr Mk IV;Ordnance QF 18pdr Mk IV;Artillería QF 18pdr Mk IV;Ordnance QF 18pdr Mk IV;Ordnance QF 18pdr Mk IV;;Ordnance QF 18pdr Mk IV;;;X
BRIG_MODEL_U02_1_9;Ordnance QF 25pdr;Ordnance QF 25pdr;Ordnance QF 25pdr;Artillería QF 25pdr;Ordnance QF 25pdr;Ordnance QF 25pdr;;Ordnance QF 25pdr;;;X
BRIG_MODEL_U02_1_10;BL 4,5inch;BL 4,5inch;BL 4,5inch;BL 4,5inch;BL 4,5inch;BL 4,5inch;;BL 4,5inch;;;X
BRIG_MODEL_U02_1_11;155mm Howitzer;155mm Howitzer;155mm Howitzer;155mm Howitzer;155mm Howitzer;155mm Howitzer;;155mm Howitzer;;;X
BRIG_MODEL_U02_1_12;;;;;;;;;;;X
BRIG_MODEL_U02_1_13;;;;;;;;;;;X
BRIG_MODEL_U02_2_0;Birch;Birch;Birch;Birch;Birch;Birch;;Birch;;;X
BRIG_MODEL_U02_2_1;Bishop;Bishop;Bishop;Obispo;Bishop;Bishop;;Bishop;;;X
BRIG_MODEL_U02_2_2;M7 Priest;M7 Priest;M7 Priest;M7 Priest;M7 Priest;M7 Priest;;M7 Priest;;;X
BRIG_MODEL_U02_2_3;25pdr SP. Sexton;25pdr SP. Sexton;25pdr SP. Sexton;Sacristán;25pdr SP. Sexton;25pdr SP. Sexton;;25pdr SP. Sexton;;;X
BRIG_MODEL_U02_2_4;M40 GMC;M40 GMC;M40 GMC;M40 GMC;M40 GMC;M40 GMC;;M40 GMC;;;X
BRIG_MODEL_U02_2_5;;;;;;;;;;;X
BRIG_MODEL_U02_2_6;;;;;;;;;;;X
BRIG_MODEL_U02_2_7;M107 GMC;M107 GMC;M107 GMC;M107 GMC;M107 GMC;M107 GMC;;M107 GMC;;;X
BRIG_MODEL_U02_6_0;2Pdr.Portee;2Pdr.Portee;2Pdr.Portee;2Pdr.Portee;2Pdr.Portee;2Pdr.Portee;;2Pdr.Portee;;;X
BRIG_MODEL_U02_6_1;Archilles Mk. IC;Archilles Mk. IC;Archilles Mk. IC;Archilles Mk. IC;Archilles Mk. IC;Archilles Mk. IC;;Archilles Mk. IC;;;X
BRIG_MODEL_U02_6_2;Sherman Firefly;Sherman Firefly;Sherman Firefly;Sherman Firefly;Sherman Firefly;Sherman Firefly;;Sherman Firefly;;;X
BRIG_MODEL_U02_6_3;17pdr Archer;17pdr Archer;17pdr Archer;17pdr Archer;17pdr Archer;17pdr Archer;;17pdr Archer;;;X
BRIG_MODEL_U02_6_4;A39 Tortoise;A39 Tortoise;A39 Tortoise;A39 Tortoise;A39 Tortoise;A39 Tortoise;;A39 Tortoise;;;X
BRIG_MODEL_U02_6_5;FV4101 Charioteer;FV4101 Charioteer;FV4101 Charioteer;FV4101 Charioteer;FV4101 Charioteer;FV4101 Charioteer;;FV4101 Charioteer;;;X
BRIG_MODEL_U02_6_6;;;;;;;;;;;X
BRIG_MODEL_U02_6_7;FV4401 Contentious;FV4401 Contentious;FV4401 Contentious;FV4401 Contentious;FV4401 Contentious;FV4401 Contentious;;FV4401 Contentious;;;X
BRIG_MODEL_U02_7_0;Mark A Whippet;Mark A Whippet;Mark A Whippet;Mark A Whippet;Mark A Whippet;Mark A Whippet;;Mark A Whippet;;;X
BRIG_MODEL_U02_7_1;Mark C Hornet;Mark C Hornet;Mark C Hornet;Mark C Hornet;Mark C Hornet;Mark C Hornet;;Mark C Hornet;;;X
BRIG_MODEL_U02_7_2;Vickers L-A Mk I;Vickers L-A Mk I;Vickers L-A Mk I;Vickers L-A Mk I;Vickers L-A Mk I;Vickers L-A Mk I;;Vickers L-A Mk I;;;X
BRIG_MODEL_U02_7_3;Vickers L-A Mk II;Vickers Mk II;Vickers Mk II;Vickers Mk II;Vickers Mk II;Vickers Mk II;;Vickers Mk II;;;X
BRIG_MODEL_U02_7_4;Vickers L-A Mk III;Vickers Mk III;Vickers Mk III;Vickers Mk III;Vickers Mk III;Vickers Mk III;;Vickers Mk III;;;X
BRIG_MODEL_U02_7_5;Vickers L-A Mk VI;Vickers Mk VI;Vickers Mk VI;Vickers Mk VI;Vickers Mk VI;Vickers Mk VI;;Vickers Mk VI;;;X
BRIG_MODEL_U02_7_6;Mk. I A9 Cruiser;Mk. I A9 Cruiser;Mk. I A9 Cruiser;Mk. I A9 Cruiser;Mk. I A9 Cruiser;Mk. I A9 Cruiser;;Mk. I A9 Cruiser;;;X
BRIG_MODEL_U02_7_7;Mk. II A10 Cruiser;Mk. II A10 Cruiser;Mk. II A10 Cruiser;Mk. II A10 Cruiser;Mk. II A10 Cruiser;Mk. II A10 Cruiser;;Mk. II A10 Cruiser;;;X
BRIG_MODEL_U02_7_8;M5 Honey;M5 Honey;M5 Honey;M5 Honey;M5 Honey;M5 Honey;;M5 Honey;;;X
BRIG_MODEL_U02_8_0;Mark IV;Mark IV;Mark IV;Mark IV;Mark IV;Mark IV;;Mark IV;;;X
BRIG_MODEL_U02_8_1;Matilda Mk. II;Matilda Mk. II;Matilda Mk. II;Matilda Mk. II;Matilda Mk. II;Matilda Mk. II;;Matilda Mk. II;;;X
BRIG_MODEL_U02_8_2;Mk. III Valentine;Mk. III Valentine;Mk. III Valentine;Mk. III Valentine;Mk. III Valentine;Mk. III Valentine;Mk. III Valentine;Mk. III Valentine;;;X
BRIG_MODEL_U02_8_3;Churchill Mk. III;Churchill Mk. III;Churchill Mk. III;Churchill Mk. III;Churchill Mk. III;Churchill Mk. III;;Churchill Mk. III;;;X
BRIG_MODEL_U02_8_4;Churchill Mk. VII;Churchill Mk. VII;Churchill Mk. VII;Churchill Mk. VII;Churchill Mk. VII;Churchill Mk. VII;;Churchill Mk. VII;;;X
BRIG_MODEL_U02_8_5;FV214 Conqueror;FV214 Conqueror;FV214 Conqueror;FV214 Conqueror;FV214 Conqueror;FV214 Conqueror;;FV214 Conqueror;;;X
BRIG_MODEL_U02_9_0;Mark I;Mark I;Mark I;Mark I;Mark I;Mark I;;Mark I;;;X
BRIG_MODEL_U02_9_1;A43 Black Prince;A43 Black Prince;A43 Black Prince;A43 Black Prince;A43 Black Prince;A43 Black Prince;;A43 Black Prince;;;X
BRIG_MODEL_U02_10_0;Motor War Car;Motor War Car;Motor War Car;Motor War Car;Motor War Car;Motor War Car;;Motor War Car;;;X
BRIG_MODEL_U02_10_1;Rolls-Royce Armoured Car;Rolls-Royce Armoured Car;Rolls-Royce Armoured Car;Rolls-Royce Armoured Car;Rolls-Royce Armoured Car;Rolls-Royce Armoured Car;;Rolls-Royce Armoured Car;;;X
BRIG_MODEL_U02_10_2;Lanchester 6x4 Armoured Car;Lanchester 6x4 Armoured Car;Lanchester 6x4 Armoured Car;Lanchester 6x4 Armoured Car;Lanchester 6x4 Armoured Car;Lanchester 6x4 Armoured Car;;Lanchester 6x4 Armoured Car;;;X
BRIG_MODEL_U02_10_3;Carden-Loyd Mk.VI;Carden-Loyd Mk.VI;Carden-Loyd Mk.VI;Carden-Loyd Mk.VI;Carden-Loyd Mk.VI;Carden-Loyd Mk.VI;;Carden-Loyd Mk.VI;;;X
BRIG_MODEL_U02_10_5;Humber Scout Car;Humber Scout Car;Humber Scout Car;Humber Scout Car;Humber Scout Car;Humber Scout Car;;Humber Scout Car;;;X
BRIG_MODEL_U02_10_6;AEC Armoured Car Mk. III;AEC Armoured Car Mk. III;AEC Armoured Car Mk. III;AEC Armoured Car Mk. III;AEC Armoured Car Mk. III;AEC Armoured Car Mk. III;;AEC Armoured Car Mk. III;;;X
BRIG_MODEL_U02_10_7;Ferret armoured car;Ferret armoured car;Ferret armoured car;Ferret armoured car;Ferret armoured car;Wóz pancerny Ferret;;Ferret armoured car;;;X
BRIG_MODEL_U02_10_8;FV601 Saladin;FV601 Saladin;FV601 Saladin;FV601 Saladin;FV601 Saladin;FV601 Saladin;;FV601 Saladin;;;X
BRIG_MODEL_U02_29_0;Vickers Medium Mk. I;Vickers Mk. I;Vickers Mk. I;Vickers Mk. I;Vickers Mk. I;Vickers Mk. I;;Vickers Mk. I;;;X
BRIG_MODEL_U02_29_1;Vickers Medium Mk. II;Vickers Medium Mk. II;Vickers Medium Mk. II;Vickers Medium Mk. II;Vickers Medium Mk. II;Vickers Medium Mk. II;;Vickers Medium Mk. II;;;X
BRIG_MODEL_U02_29_2;Vickers Medium Mk. III;Vickers Medium Mk. III;Vickers Medium Mk. III;Vickers Medium Mk. III;Vickers Medium Mk. III;Vickers Medium Mk. III;;Vickers Medium Mk. III;;;X
BRIG_MODEL_U02_29_3;Mk. IV A13 Cruiser;Mk. IV A13 Cruiser;Mk. IV A13 Cruiser;Mk. IV A13 Cruiser;Mk. IV A13 Cruiser;Mk. IV A13 Cruiser;;Mk. IV A13 Cruiser;;;X
BRIG_MODEL_U02_29_4;Mk. VI A15 Crusader;Mk. VI A15 Crusader;Mk. VI A15 Crusader;Mk. VI A15 Crusader;Mk. VI A15 Crusader;Mk. VI A15 Crusader;;Mk. VI A15 Crusader;;;X
BRIG_MODEL_U02_29_5;Mk. VIII A23M Cromwell;Mk. VIII A23M Cromwell;Mk. VIII A23M Cromwell;Mk. VIII A23M Cromwell;Mk. VIII A23M Cromwell;Mk. VIII A23M Cromwell;;Mk. VIII A23M Cromwell;;;X
BRIG_MODEL_U02_29_6;A34 Comet;A34 Comet;A34 Comet;A34 Comet;A34 Comet;A34 Comet;;A34 Comet;;;X
BRIG_MODEL_U02_29_7;FV4007 Centurion Mk. III;FV4007 Centurion Mk. III;FV4007 Centurion Mk. III;FV4007 Centurion Mk. III;FV4007 Centurion Mk. III;FV4007 Centurion Mk. III;;FV4007 Centurion Mk. III;;;X
BRIG_MODEL_U02_29_8;FV4011 Centurion Mk. V;FV4011 Centurion Mk. V;FV4011 Centurion Mk. V;FV4011 Centurion Mk. V;FV4011 Centurion Mk. V;FV4011 Centurion Mk. V;;FV4011 Centurion Mk. V;;;X
BRIG_MODEL_U02_29_9;FV4015 Centurion Mk. X;FV4015 Centurion Mk. X;FV4015 Centurion Mk. X;FV4015 Centurion Mk. X;FV4015 Centurion Mk. X;FV4015 Centurion Mk. X;;FV4015 Centurion Mk. X;;;X
BRIG_MODEL_U02_29_10;FV4201 Chieftain;FV4201 Chieftain;FV4201 Chieftain;FV4201 Chieftain;FV4201 Chieftain;FV4201 Chieftain;;FV4201 Chieftain;;;X
BRIG_MODEL_U02_32_0;DD tank;DD tank;DD tank;DD tank;DD tank;DD tank;;DD tank;;;X
BRIG_MODEL_U02_33_0;Mk VII Tetrarch;Mk VII Tetrarch;Mk VII Tetrarch;Mk VII Tetrarch;Mk VII Tetrarch;Mk VII Tetrarch;;Mk VII Tetrarch;;;X
MODEL_U02_4_0;Vickers L-A Mk. VI;Vickers Mk. VI;Vickers Mk. VI;Vickers Mk. VI;Vickers Mk. VI;Vickers Mk. VI;;Vickers Mk. VI;;;X
MODEL_U02_4_1;Mk. I A9 Cruiser;Mk. I A9 Cruiser;Mk. I A9 Cruiser;Mk. I A9 Cruiser;Mk. I A9 Cruiser;Mk. I A9 Cruiser;;Mk. I A9 Cruiser;;;X
MODEL_U02_4_2;Mk. II A10 Cruiser;Mk. II A10 Cruiser;Mk. II A10 Cruiser;Mk. II A10 Cruiser;Mk. II A10 Cruiser;Mk. II A10 Cruiser;;Mk. II A10 Cruiser;;;X
MODEL_U02_5_0;Mk. IV A13 Cruiser;Mk. IV A13 Cruiser;Mk. IV A13 Cruiser;Mk. IV A13 Cruiser;Mk. IV A13 Cruiser;Mk. IV A13 Cruiser;;Mk. IV A13 Cruiser;;;X
MODEL_U02_5_1;Mk. VI A15 Crusader;Mk. VI A15 Crusader;Mk. VI A15 Crusader;Mk. VI A15 Crusader;Mk. VI A15 Crusader;Mk. VI A15 Crusader;;Mk. VI A15 Crusader;;;X
MODEL_U02_5_2;Mk. VIII A23M Cromwell;Mk. VIII A23M Cromwell;Mk. VIII A23M Cromwell;Mk. VIII A23M Cromwell;Mk. VIII A23M Cromwell;Mk. VIII A23M Cromwell;;Mk. VIII A23M Cromwell;;;X
MODEL_U02_5_3;A34 Comet;A34 Comet;A34 Comet;A34 Comet;A34 Comet;A34 Comet;;A34 Comet;;;X
MODEL_U02_5_4;FV4007 Centurion Mk. III;FV4007 Centurion Mk. III;FV4007 Centurion Mk. III;FV4007 Centurion Mk. III;FV4007 Centurion Mk. III;FV4007 Centurion Mk. III;;FV4007 Centurion Mk. III;;;X
MODEL_U02_5_5;FV4011 Centurion Mk. V;FV4011 Centurion Mk. V;FV4011 Centurion Mk. V;FV4011 Centurion Mk. V;FV4011 Centurion Mk. V;FV4011 Centurion Mk. V;;FV4011 Centurion Mk. V;;;X
MODEL_U02_5_6;FV4015 Centurion Mk. X;FV4015 Centurion Mk. X;FV4015 Centurion Mk. X;FV4015 Centurion Mk. X;FV4015 Centurion Mk. X;FV4015 Centurion Mk. X;;FV4015 Centurion Mk. X;;;X
MODEL_U02_5_7;FV4201 Chieftain;FV4201 Chieftain;FV4201 Chieftain;FV4201 Chieftain;FV4201 Chieftain;FV4201 Chieftain;;FV4201 Chieftain;;;X
####################################;;;;;;;;;;;X;
#;;;;;;;;;;;X;
#;AIR MODELS;;;;;;;;;;;X
#;;;;;;;;;;;X;
MODEL_AFG_13_5;Hind/Ba.25;;;;;;;;;;X
#;;;;;;;;;;;X;
MODEL_ARG_13_1;Avro 504;;;;;;;;;;X;
MODEL_ARG_13_6;FIAT C.R.32;;;;;;;;;;X
MODEL_ARG_13_8;Curtiss Hawk 75A;;;;;;;;;;X
MODEL_ARG_13_9;FMA I.Ae-22 DL;;;;;;;;;;X
MODEL_ARG_15_5;FMA Ae-MB2 Bombi;;;;;;;;;;X
MODEL_ARG_15_6;Glenn Martin 139 WAA;;;;;;;;;;X
MODEL_ARG_16_1;Consolidated P2Y-3A Ranger;;;;;;;;;;X
MODEL_ARG_17_0;Northrop N8-A2;;;;;;;;;;X
MODEL_ARG_18_1;Lockheed 10-E Electra;;;;;;;;;;X
MODEL_ARG_18_3;Douglas C-47 Skytrain;;;;;;;;;;X
#;;;;;;;;;;;X;
MODEL_AST_12_4;Curtiss Kittyhawk Mk.IA;;;;;;;;;;X
MODEL_AST_12_5;Supermarine Spitfire Mk.Vc;;;;;;;;;;X
MODEL_AST_12_6;Supermarine Spitfire Mk.VIII;;;;;;;;;;X
MODEL_AST_12_7;CAC-15 Kangaroo;;;;;;;;;;X
MODEL_AST_12_8;CAC-18 Mustang Mk.IV;;;;;;;;;;X
MODEL_AST_12_9;De Havilland Vampire F.1;;;;;;;;;;X
MODEL_AST_12_10;De Havilland Vampire F.30;;;;;;;;;;X
MODEL_AST_12_11;CAC-26 Sabre Mk.30;;;;;;;;;;X
MODEL_AST_12_12;CAC-27 Sabre Mk.32;;;;;;;;;;X
MODEL_AST_13_7;Bristol Bulldog;;;;;;;;;;X
MODEL_AST_13_8;Brewster Buffalo Mk.I;;;;;;;;;;X
MODEL_AST_13_9;Curtiss Kittyhawk Mk.IV;;;;;;;;;;X
MODEL_AST_13_10;Hawker Tempest Mk.V;;;;;;;;;;X
MODEL_AST_13_11;Gloster Meteor Mk.I;;;;;;;;;;X
MODEL_AST_13_15;A-3 GAF Mirage IIIO(F);;;;;;;;;;X
MODEL_AST_14_2;Handley Page Heyford Mk.IA;;;;;;;;;;X
MODEL_AST_14_3;Armstrong-Whitworth Whitley;;;;;;;;;;X
MODEL_AST_14_4;Handley Page Halifax Mk.I;;;;;;;;;;X
MODEL_AST_14_5;Consolidated B-24J Liberator;;;;;;;;;;X
MODEL_AST_14_6;GAF Lincoln Mk.30;;;;;;;;;;X
MODEL_AST_14_8;Vickers Valiant B.1;;;;;;;;;;X
MODEL_AST_14_9;Handley Page Victor;Handley Page Victor;Handley Page Victor;Handley Page Victor;Handley Page Victor;Handley Page Victor;Handley Page Victor;Handley Page Victor;;;X
MODEL_AST_15_4;Bristol Blenheim Mk.I;;;;;;;;;;X
MODEL_AST_15_5;Handley Page Hampden Mk.I;;;;;;;;;;X
MODEL_AST_15_7;N. American III B-25J Mitchell;;;;;;;;;;X
MODEL_AST_15_8;Martin Marauder Mk.II;;;;;;;;;;X
MODEL_AST_15_9;de Havilland Venom Mk.I;;;;;;;;;;X
MODEL_AST_15_11;GAF Canberra Mk.20;;;;;;;;;;X
MODEL_AST_16_2;Lockheed Hudson Mk.I;;;;;;;;;;X
MODEL_AST_16_3;Consolidated Catalina Mk.IVB;;;;;;;;;;X
MODEL_AST_16_5;Lockheed Neptune Mk.I;;;;;;;;;;X
MODEL_AST_17_1;Fairey Battle;;;;;;;;;;X
MODEL_AST_17_2;Bristol Blenheim B.Mk.IV;;;;;;;;;;X
MODEL_AST_17_3;DAP Beaufighter Mk.XXI;;;;;;;;;;X
MODEL_AST_17_4;de Havilland Mosquito FB Mk.VI;;;;;;;;;;X
MODEL_AST_17_5;de Havilland Vampire Mk.V;;;;;;;;;;X
MODEL_AST_18_0;Ford Trimotor;;;;;;;;;;X
MODEL_AST_18_1;Bristol Bombay;;;;;;;;;;X
MODEL_AST_18_2;Armstrong-Whitworth Albemarle Mk.I;;;;;;;;;;X
MODEL_AST_18_3;Douglas Dakota;;;;;;;;;;X
MODEL_AST_18_4;Bristol Freighter;;;;;;;;;;X
#;;;;;;;;;;;X;
MODEL_AUS_13_6;FIAT C.R.32;;;;;;;;;;X
MODEL_AUS_15_3;Caproni Ca.133;;;;;;;;;;X
MODEL_AUS_16_1;Caproni Ca.111;;;;;;;;;;X
MODEL_AUS_17_0;Breda Ba.28;;;;;;;;;;X
MODEL_AUS_18_1;Caproni Ca.133;;;;;;;;;;X
#;;;;;;;;;;;X;
MODEL_BEL_13_5;Nieuport-Delage NiD 72;;;;;;;;;;X
MODEL_BEL_13_6;ACA-Zeebrugge C.2;;;;;;;;;;X
MODEL_BEL_13_7;Avions Fairey Fox VIC;;;;;;;;;;X
MODEL_BEL_13_8;Hawker Hurricane Mk.I;;;;;;;;;;X
MODEL_BEL_13_9;Renard R 38;;;;;;;;;;X
MODEL_BEL_17_1;SABCA Battle;;;;;;;;;;X
MODEL_BEL_17_2;SABCA S 47;;;;;;;;;;X
#;;;;;;;;;;;X;
MODEL_BOL_13_7;Curtiss Hawk II;;;;;;;;;;X
MODEL_BOL_14_3;Junkers Ju 86D-1;;;;;;;;;;X
#;;;;;;;;;;;X;
MODEL_BRA_12_4;Curtiss Kittyhawk Mk.IA;;;;;;;;;;X
MODEL_BRA_12_7;Republic P-47D Thunderbolt;;;;;;;;;;X
MODEL_BRA_12_12;Dassault Mirage IIIE;Dassault Mirage IIIE;Dassault Mirage IIIE;Dassault Mirage IIIE;Dassault Mirage IIIE;Dassault Mirage IIIE;Dassault Mirage IIIE;Dassault Mirage IIIE;;;X
MODEL_BRA_13_5;Curtiss Fledgling;;;;;;;;;;X
MODEL_BRA_13_6;Boeing P-12;;;;;;;;;;X
MODEL_BRA_13_8;Curtiss P-36A;;;;;;;;;;X
MODEL_BRA_13_9;Curtiss P-40N;;;;;;;;;;X
MODEL_BRA_13_11;Lockheed F-80 Shooting Star;;;;;;;;;;X
MODEL_BRA_14_4;Boeing B-17 Flying Fortress;Boeing B-17 Flying Fortress;Boeing B-17 Flying Fortress;Boeing B-17 Flying Fortress;Boeing B-17 Flying Fortress;Boeing B-17 Flying Fortress;Boeing B-17 Flying Fortress;Boeing B-17 Flying Fortress;;;X
MODEL_BRA_14_5;Consolidated B-24J Liberator;;;;;;;;;;X
MODEL_BRA_15_5;Lockheed A-29 Hudson;;;;;;;;;;X
MODEL_BRA_15_6;SIAI-Marchetti S.M.79 Sparviero;;;;;;;;;;X
MODEL_BRA_15_7;N.American B-25J Mitchell;;;;;;;;;;X
MODEL_BRA_16_1;Focke-Wulf Fw 58;;;;;;;;;;X
MODEL_BRA_16_2;Lockheed A-28A Hudson;;;;;;;;;;X
MODEL_BRA_16_4;Lockheed Harpoon;;;;;;;;;;X
MODEL_BRA_17_1;Vultee V-11-GB;;;;;;;;;;X
MODEL_BRA_17_2;Douglas A-20G;;;;;;;;;;X
MODEL_BRA_17_3;N.American B-25H Mitchell;;;;;;;;;;X
MODEL_BRA_18_1;Savoia-Marchetti S-79T;;;;;;;;;;X
MODEL_BRA_18_3;Douglas C-47 Skytrain;;;;;;;;;;X
MODEL_BRA_18_5;Fairchild C-119 Flying Boxcar;Fairchild C-119 Flying Boxcar;Fairchild C-119 Flying Boxcar;Fairchild C-119 Flying Boxcar;Fairchild C-119 Flying Boxcar;Fairchild C-119 Flying Boxcar;Fairchild C-119 Flying Boxcar;Fairchild C-119 Flying Boxcar;;;X
#;;;;;;;;;;;X;
MODEL_BUL_12_7;Messerschmitt Bf 109G;;;;;;;;;;X;
MODEL_BUL_13_6;PZL P.24;;;;;;;;;;X;
MODEL_BUL_13_8;Messerschmitt Bf 109E;;;;;;;;;;X;
MODEL_BUL_13_10;Messerschmitt Bf 109K;;;;;;;;;;X;
MODEL_BUL_14_1;Aero MB.200 En-4 Buchal;;;;;;;;;;X;
MODEL_BUL_15_4;Dornier Do 11 Prilep;;;;;;;;;;X;
MODEL_BUL_15_5;Dornier Do 17 Uragan;;;;;;;;;;X;
MODEL_BUL_16_1;Arado Ar-196A Akula;;;;;;;;;;X;
MODEL_BUL_17_0;PZL 43;;;;;;;;;;X;
MODEL_BUL_18_1;Junkers Ju 52/3m g2e Sowa;;;;;;;;;;X;
#;;;;;;;;;;;X;
MODEL_CHI_12_6;Republic P-47D Thunderbolt;Republic P-47D Thunderbolt;Republic P-47D Thunderbolt;Republic P-47D Thunderbolt;Republic P-47D Thunderbolt;Republic P-47D Thunderbolt;;;;;X
MODEL_CHI_12_7;North American P-51B;;;;;;;;;;X;
MODEL_CHI_13_5;Curtiss Hawk III;;;;;;;;;;X;
MODEL_CHI_13_6;Polikarpov I-153;;;;;;;;;;X;
MODEL_CHI_13_7;Curtiss Hawk 75M;;;;;;;;;;X;
MODEL_CHI_13_8;Curtiss Hawk 81A;;;;;;;;;;X;
MODEL_CHI_13_9;Curtiss Hawk 87M;;;;;;;;;;X;
MODEL_CHI_13_12;N.American F-86 Sabre;N.American F-86 Sabre;N.American F-86 Sabre;N.American F-86 Sabre;N.American F-86 Sabre;N.American F-86 Sabre;;;;;X
MODEL_CHI_14_2;Tupolev TB-3;;;;;;;;;;X;
MODEL_CHI_14_5;Consolidated B-24J Liberator;;;;;;;;;;X;
MODEL_CHI_15_3;Tupolev SB-2;;;;;;;;;;X;
MODEL_CHI_15_6;Heinkel He 111 A-0;;;;;;;;;;X;
MODEL_CHI_15_7;N.American B-25C Mitchell;;;;;;;;;;X;
MODEL_CHI_16_1;Martin 139WC;;;;;;;;;;X;
MODEL_CHI_16_2;Lockheed A-29 Hudson;;;;;;;;;;X;
MODEL_CHI_17_0;Northrop Gamma 2E;;;;;;;;;;X;
MODEL_CHI_17_1;Vultee V-11;;;;;;;;;;X;
MODEL_CHI_17_7;Republic F-84G Thunderjet;;;;;;;;;;x;
MODEL_CHI_18_1;Douglas C-32;;;;;;;;;;X;
MODEL_CHI_18_2;Curtiss C-46 Commando;;;;;;;;;;X;
MODEL_CHI_18_3;Douglas C-47 Skytrain;;;;;;;;;;X;
#;;;;;;;;;;;X;
MODEL_CHL_13_6;Fairey IV Seal;;;;;;;;;;X;
MODEL_CHL_14_3;Junkers Ju 86D-1;;;;;;;;;;X;
MODEL_CHL_17_0;Breda Ba.65;;;;;;;;;;X;
#;;;;;;;;;;;X;
MODEL_CRO_12_5;Messerschmitt Bf 109E;;;;;;;;;;X;
MODEL_CRO_12_8;Focke-Wulf Fw 190D-9;;;;;;;;;;X;
MODEL_CRO_13_6;Fokker F.VII;;;;;;;;;;X;
MODEL_CRO_13_7;FIAT G.50 Freccia;;;;;;;;;;X;
MODEL_CRO_13_9;Messerschmitt Bf 109F;;;;;;;;;;X;
MODEL_CRO_13_10;Messerschmitt Bf 109G;;;;;;;;;;X;
MODEL_CRO_15_4;Caproni Ca.310;;;;;;;;;;X;
MODEL_CRO_15_5;Dornier Do 17Z;;;;;;;;;;X;
MODEL_CRO_16_0;Dornier Do 22;;;;;;;;;;X;
MODEL_CRO_17_0;Henschel Hs 123A-1;;;;;;;;;;X;
MODEL_CRO_17_1;Junkers Ju 87B Stuka;;;;;;;;;;X;
MODEL_CRO_18_1;Avia Fokker F.39;;;;;;;;;;X;
#;;;;;;;;;;;X;
MODEL_CUB_13_7;Curtiss Hawk III;;;;;;;;;;X;
#;;;;;;;;;;;X;
MODEL_CZE_12_7;Avia S-92;;;;;;;;;;X;
MODEL_CZE_13_6;Avia BH-33;;;;;;;;;;X;
MODEL_CZE_13_7;Avia B-534 IV;;;;;;;;;;X;
MODEL_CZE_13_8;Avia B-35.1;;;;;;;;;;X;
MODEL_CZE_13_9;Avia Av-135;;;;;;;;;;X;
MODEL_CZE_13_10;Avia S-99;;;;;;;;;;X;
MODEL_CZE_14_1;Aero MB.200;;;;;;;;;;X;
MODEL_CZE_15_3;Avia B-71;;;;;;;;;;X;
MODEL_CZE_15_4;Aero B-72;;;;;;;;;;X;
MODEL_CZE_17_0;Aero A-304;;;;;;;;;;X;
MODEL_CZE_18_1;Avia-Fokker F-IX;;;;;;;;;;X;
#;;;;;;;;;;;X;
MODEL_DEN_13_6;Hawker Dankok;;;;;;;;;;X;
MODEL_DEN_13_7;Gloster Gauntlet IIJ;;;;;;;;;;X;
MODEL_DEN_13_8;Fokker D.XXI;;;;;;;;;;X;
MODEL_DEN_16_0;Dornier DO J/III Wal;;;;;;;;;;X;
#;;;;;;;;;;;X;
MODEL_DOM_13_6;Vought O2U Corsair;;;;;;;;;;X;
#;;;;;;;;;;;X;
MODEL_ECU_13_6;Curtiss CW-22 Falcon;;;;;;;;;;X;
#;;;;;;;;;;;X;
MODEL_EGY_12_4;Gloster Gladiator;;;;;;;;;;X;
MODEL_EGY_12_5;Supermarine Spitfire Mk.I;;;;;;;;;;X;
MODEL_EGY_12_6;Supermarine Spitfire Mk.IX;;;;;;;;;;X;
MODEL_EGY_12_7;Supermarine Spitfire Mk.XIV;;;;;;;;;;X;
MODEL_EGY_12_8;Supermarine Spiteful Mk.14;;;;;;;;;;X;
MODEL_EGY_12_9;de Havilland Vampire F.8;;;;;;;;;;X;
MODEL_EGY_12_10;de Havilland Venom FB.4;;;;;;;;;;X;
MODEL_EGY_12_11;Gloster Javelin FAW.7;;;;;;;;;;X;
MODEL_EGY_12_12;Mikoyan-Gurevich MiG-19;Mikoyan-Gurevich MiG-19;Mikoyan-Gurevich MiG-19;Mikoyan-Gurevich MiG-19;Mikoyan-Gurevich MiG-19;Mikoyan-Gurevich MiG-19;Mikoyan-Gurevich MiG-19;Mikoyan-Gurevich MiG-19;;;X
MODEL_EGY_13_7;Bristol Bulldog;;;;;;;;;;X;
MODEL_EGY_13_8;Curtiss Hawk 75A Mohawk;;;;;;;;;;X;
MODEL_EGY_13_9;Hawker Hurricane Mk.IIA;;;;;;;;;;X;
MODEL_EGY_13_10;Hawker Typhoon Mk.IA;;;;;;;;;;X;
MODEL_EGY_13_11;Gloster Meteor Mk.I;;;;;;;;;;X;
MODEL_EGY_13_15;English Electric Lightning F.1;;;;;;;;;;X;
MODEL_EGY_14_2;Handley Page Heyford Mk.IA;;;;;;;;;;X;
MODEL_EGY_14_3;Armstrong-Whitworth Whitley;;;;;;;;;;X;
MODEL_EGY_14_4;Handley Page Halifax Mk.I;;;;;;;;;;X;
MODEL_EGY_14_5;Avro Lancaster Mk.I;;;;;;;;;;X;
MODEL_EGY_14_8;Vickers Valiant B.1;;;;;;;;;;X;
MODEL_EGY_14_9;Vickers Valiant B(K).1;;;;;;;;;;;
MODEL_EGY_14_10;Handley Page Victor B.1;;;;;;;;;;X;
MODEL_EGY_15_4;Bristol Blenheim Mk.I;;;;;;;;;;X;
MODEL_EGY_15_5;Handley Page Hampden Mk.I;;;;;;;;;;X;
MODEL_EGY_15_6;Vickers-Armstrong Wellington Mk.III;;;;;;;;;;X;
MODEL_EGY_15_8;de Havilland Mosquito B.XVI;;;;;;;;;;X;
MODEL_EGY_15_9;de Havilland Venom Mk.I;;;;;;;;;;X;
MODEL_EGY_15_11;English Electric Canberra B.(1)8;;;;;;;;;;X;
MODEL_EGY_16_0;Saunders-Roe London Mk.II;;;;;;;;;;X;
MODEL_EGY_16_1;Short Sunderland Mk.I;;;;;;;;;;X;
MODEL_EGY_16_2;Short Sunderland Mk.III;;;;;;;;;;X;
MODEL_EGY_16_3;Short Sunderland Mk.V;;;;;;;;;;X;
MODEL_EGY_16_5;de Havilland Sea Vampire Mk.V;;;;;;;;;;X;
MODEL_EGY_17_1;Fairey Battle;;;;;;;;;;X;
MODEL_EGY_17_2;Bristol Blenheim B.Mk IV;;;;;;;;;;X;
MODEL_EGY_17_3;Bristol Beaufighter TF.Mk X;;;;;;;;;;X;
MODEL_EGY_17_4;de Havilland Mosquito FB Mk.VI;;;;;;;;;;X;
MODEL_EGY_17_5;de Havilland Vampire Mk.V;;;;;;;;;;X;
MODEL_EGY_18_0;Bristol Bombay;;;;;;;;;;X;
MODEL_EGY_18_1;Armstrong-Whitworth Albemarle Mk.I;;;;;;;;;;X;
MODEL_EGY_18_3;Douglas Dakota;;;;;;;;;;X;
MODEL_EGY_18_4;Avro 685 York Mk.I;;;;;;;;;;X;
#;;;;;;;;;;;X;
MODEL_EST_13_1;Avro 504;;;;;;;;;;X;
MODEL_EST_13_7;Bristol Bulldog II;;;;;;;;;;X;
#;;;;;;;;;;;X;
MODEL_FIN_12_4;Gloster Gladiator;Gloster Gladiator;Gloster Gladiator;Gloster Gladiator;Gloster Gladiator;Gloster Gladiator;;;;;X
MODEL_FIN_12_5;VL Myrsky;VL Myrsky;VL Myrsky;VL Myrsky;VL Myrsky;VL Myrsky;;;;;X
MODEL_FIN_12_6;VL Pyörremyrsky;VL Pyörremyrsky;VL Pyörremyrsky;VL Pyörremyrsky;VL Pyörremyrsky;VL Pyörremyrsky;;;;;X
MODEL_FIN_12_7;Messerschmitt Bf 109G;;;;;;;;;;X;
MODEL_FIN_13_7;Bristol Bulldog Mk.IVa;;;;;;;;;;X;
MODEL_FIN_13_8;Fokker D.XXI;;;;;;;;;;X;
MODEL_FIN_13_9;VL Myrsky II;;;;;;;;;;X;
MODEL_FIN_13_10;Messerschmitt Bf 109K;;;;;;;;;;X;
MODEL_FIN_13_12;de Havilland Vampire;de Havilland Vampire;de Havilland Vampire;de Havilland Vampire;de Havilland Vampire;de Havilland Vampire;;;;;X
MODEL_FIN_13_13;Folland Gnat Mk.I;Folland Gnat Mk.I;Folland Gnat Mk.I;Folland Gnat Mk.I;Folland Gnat Mk.I;Folland Gnat Mk.I;;;;;X
MODEL_FIN_13_15;SAAB J 35A Draken;SAAB J 35A Draken;SAAB J 35A Draken;SAAB J 35A Draken;SAAB J 35A Draken;SAAB J 35A Draken;;;;;X
MODEL_FIN_15_4;Bristol Blenheim Mk.I;;;;;;;;;;X;
MODEL_FIN_15_7;Junkers Ju 88A-4;;;;;;;;;;X;
MODEL_FIN_18_1;Fokker F.VIIa;;;;;;;;;;X;
#;;;;;;;;;;;X;
MODEL_GRE_13_1;Avro 504;;;;;;;;;;X;
MODEL_GRE_13_7;PZL P.24;;;;;;;;;;X;
MODEL_GRE_13_8;Grumman F4F;;;;;;;;;;X;
MODEL_GRE_13_9;Hawker Hurricane Mk.IIB;;;;;;;;;;X;
MODEL_GRE_15_4;Bristol Blenheim Mk.I;;;;;;;;;;X;
MODEL_GRE_15_5;Fokker T.V;;;;;;;;;;X;
MODEL_GRE_15_6;Fokker T.IX;;;;;;;;;;X;
MODEL_GRE_16_1;Avro Anson;;;;;;;;;;X;
MODEL_GRE_17_1;Fairey Battle;;;;;;;;;;X;
#;;;;;;;;;;;X;
MODEL_GUA_12_8;N.American P-51D Mustang;;;;;;;;;;X;
MODEL_GUA_13_7;Boeing P-26A;;;;;;;;;;X;
#;;;;;;;;;;;X;
MODEL_HOL_12_6;Supermarine Spitfire Mk.IX;;;;;;;;;;X;
MODEL_HOL_12_7;Supermarine Spitfire Mk.XIV;;;;;;;;;;X;
MODEL_HOL_12_10;Republic F-84F Thunderstreak;;;;;;;;;;X;
MODEL_HOL_12_11;Hawker Hunter F.Mk.4;;;;;;;;;;X;
MODEL_HOL_13_6;Fokker D.XVI;;;;;;;;;;X;
MODEL_HOL_13_7;Fokker D.XVII;;;;;;;;;;X;
MODEL_HOL_13_8;Fokker D.XXI;;;;;;;;;;X;
MODEL_HOL_13_9;Fokker D.XXIII;;;;;;;;;;X;
MODEL_HOL_13_11;Gloster Meteor Mk.4;;;;;;;;;;X;
MODEL_HOL_15_4;Fokker T.V;;;;;;;;;;X;
MODEL_HOL_15_5;Fokker T.IX;;;;;;;;;;X;
MODEL_HOL_15_6;Douglas Boston III;;;;;;;;;;X;
MODEL_HOL_15_7;N.American B-25J Mitchell;;;;;;;;;;X;
MODEL_HOL_16_0;Fokker T.IVA;;;;;;;;;;X;
MODEL_HOL_16_1;Fokker T.VIII-W;;;;;;;;;;X;
MODEL_HOL_16_2;Consolidated PBY-5 Catalina;;;;;;;;;;X;
MODEL_HOL_17_0;Fokker C.X;;;;;;;;;;X;
MODEL_HOL_17_1;Douglas 8A-3N;;;;;;;;;;X;
MODEL_HOL_17_2;Douglas A-20G;;;;;;;;;;X;
MODEL_HOL_17_4;N.American B-25J Mitchell;;;;;;;;;;X;
MODEL_HOL_18_0;Fokker F.XXII;;;;;;;;;;X;
MODEL_HOL_18_1;Fokker F.24;;;;;;;;;;X;
MODEL_HOL_18_3;Douglas C-47 Dakota;;;;;;;;;;X;
#;;;;;;;;;;;X;
MODEL_HUN_13_5;Fokker C.VD;;;;;;;;;;X;
MODEL_HUN_13_6;FIAT C.R.32;;;;;;;;;;X;
MODEL_HUN_13_8;Reggiane Re.2000 Hejja;;;;;;;;;;X;
MODEL_HUN_14_2;Junkers Ju 86K-2;;;;;;;;;;X;
MODEL_HUN_15_3;Caproni Ca.133;;;;;;;;;;X;
MODEL_HUN_15_6;Heinkel He-111;Heinkel He-111;Heinkel He-111;Heinkel He-111;Heinkel He-111;Heinkel He-111;;;;;X
MODEL_HUN_15_7;Junkers Ju 88A-4;;;;;;;;;;X;
MODEL_HUN_17_0;Weiss W.M.16 Budapest;;;;;;;;;;X;
MODEL_HUN_17_1;Junkers Ju 87D Stuka;;;;;;;;;;X;
MODEL_HUN_18_1;Junkers Ju 52/3m g2e;;;;;;;;;;X;
#;;;;;;;;;;;X;
MODEL_IRE_12_4;Gloster Gladiator;;;;;;;;;;X;
MODEL_IRE_12_5;Supermarine Spitfire Mk.I;;;;;;;;;;X;
MODEL_IRE_12_6;Supermarine Spitfire Mk.IX;;;;;;;;;;X;
MODEL_IRE_12_7;Supermarine Spitfire Mk.XIV;;;;;;;;;;X;
MODEL_IRE_12_8;Supermarine Spiteful Mk.14;;;;;;;;;;X;
MODEL_IRE_12_9;de Havilland Vampire F.8;;;;;;;;;;X;
MODEL_IRE_12_10;de Havilland Venom FB.4;;;;;;;;;;X;
MODEL_IRE_12_12;Gloster Javelin FAW.7;;;;;;;;;;X;
MODEL_IRE_13_7;Bristol Bulldog;;;;;;;;;;X;
MODEL_IRE_13_8;Hawker Hurricane Mk.I;;;;;;;;;;X;
MODEL_IRE_13_9;Hawker Hurricane Mk.IIA;;;;;;;;;;X;
MODEL_IRE_13_10;Hawker Typhoon Mk.IA;;;;;;;;;;X;
MODEL_IRE_13_11;Gloster Meteor Mk.I;;;;;;;;;;X;
MODEL_IRE_13_15;English Electric Lightning F.1;;;;;;;;;;X;
MODEL_IRE_14_2;Handley Page Heyford Mk.IA;;;;;;;;;;X;
MODEL_IRE_14_3;Armstrong-Whitworth Whitley;;;;;;;;;;X;
MODEL_IRE_14_4;Handley Page Halifax Mk.I;;;;;;;;;;X;
MODEL_IRE_14_5;Avro Lancaster Mk.I;;;;;;;;;;X;
MODEL_IRE_14_8;Vickers Valiant B.1;;;;;;;;;;X;
MODEL_IRE_14_9;Vickers Valiant B(K).1;;;;;;;;;;;
MODEL_IRE_14_10;Handley Page Victor B.1;;;;;;;;;;X;
MODEL_IRE_15_4;Bristol Blenheim Mk.I;;;;;;;;;;X;
MODEL_IRE_15_5;Handley Page Hampden Mk.I;;;;;;;;;;X;
MODEL_IRE_15_6;Vickers-Armstrong Wellington Mk.III;;;;;;;;;;X;
MODEL_IRE_15_8;de Havilland Mosquito B.XVI;;;;;;;;;;X;
MODEL_IRE_15_9;de Havilland Venom Mk.I;;;;;;;;;;X;
MODEL_IRE_15_10;English Electric Canberra B.(1)8;;;;;;;;;;X;
MODEL_IRE_16_1;Saunders-Roe London Mk.II;;;;;;;;;;X;
MODEL_IRE_16_2;Short Sunderland Mk.I;;;;;;;;;;X;
MODEL_IRE_16_3;Short Sunderland Mk.III;;;;;;;;;;X;
MODEL_IRE_16_4;Short Sunderland Mk.V;;;;;;;;;;X;
MODEL_IRE_16_5;de Havilland Sea Vampire Mk.V;;;;;;;;;;X;
MODEL_IRE_17_1;Fairey Battle;;;;;;;;;;X;
MODEL_IRE_17_2;Vultee A-35;;;;;;;;;;X;
MODEL_IRE_17_3;Bristol Beaufighter TF.Mk X;;;;;;;;;;X;
MODEL_IRE_17_4;de Havilland Mosquito FB Mk.VI;;;;;;;;;;X;
MODEL_IRE_17_5;de Havilland Vampire Mk.V;;;;;;;;;;X;
MODEL_IRE_18_0;Bristol Bombay;;;;;;;;;;X;
MODEL_IRE_18_1;Armstrong-Whitworth Albemarle Mk.I;;;;;;;;;;X;
MODEL_IRE_18_3;Douglas Dakota;;;;;;;;;;X;
MODEL_IRE_18_4;Avro 685 York Mk.I;;;;;;;;;;X;
#;;;;;;;;;;;X;
MODEL_IRQ_12_4;Gloster Gladiator;;;;;;;;;;X;
MODEL_IRQ_12_5;Supermarine Spitfire Mk.I;;;;;;;;;;X;
MODEL_IRQ_12_6;Supermarine Spitfire Mk.IX;;;;;;;;;;X;
MODEL_IRQ_12_7;Supermarine Spitfire Mk.XIV;;;;;;;;;;X;
MODEL_IRQ_12_8;Supermarine Spiteful Mk.14;;;;;;;;;;X;
MODEL_IRQ_12_9;de Havilland Vampire F.8;;;;;;;;;;X;
MODEL_IRQ_12_10;de Havilland Venom FB.4;;;;;;;;;;X;
MODEL_IRQ_12_12;Gloster Javelin FAW.7;;;;;;;;;;X;
MODEL_IRQ_13_7;Bristol Bulldog;;;;;;;;;;X;
MODEL_IRQ_13_8;Brewster F2A Buffalo;;;;;;;;;;X;
MODEL_IRQ_13_9;Hawker Hurricane Mk.IIA;;;;;;;;;;X;
MODEL_IRQ_13_10;Hawker Typhoon Mk.IA;;;;;;;;;;X;
MODEL_IRQ_13_11;Gloster Meteor Mk.I;;;;;;;;;;X;
MODEL_IRQ_13_15;English Electric Lightning F.1;;;;;;;;;;X;
MODEL_IRQ_14_2;Handley Page Heyford Mk.IA;;;;;;;;;;X;
MODEL_IRQ_14_3;Armstrong-Whitworth Whitley;;;;;;;;;;X;
MODEL_IRQ_14_4;Handley Page Halifax Mk.I;;;;;;;;;;X;
MODEL_IRQ_14_5;Avro Lancaster Mk.I;;;;;;;;;;X;
MODEL_IRQ_14_8;Vickers Valiant B.1;;;;;;;;;;X;
MODEL_IRQ_14_9;Vickers Valiant B(K).1;;;;;;;;;;;
MODEL_IRQ_14_10;Handley Page Victor B.1;;;;;;;;;;X;
MODEL_IRQ_15_5;Handley Page Hampden Mk.I;;;;;;;;;;X;
MODEL_IRQ_15_6;SIAI-Marchetti S.M.79 Sparviero;;;;;;;;;;X;
MODEL_IRQ_15_8;de Havilland Mosquito B.XVI;;;;;;;;;;X;
MODEL_IRQ_15_9;de Havilland Venom Mk.I;;;;;;;;;;X;
MODEL_IRQ_15_10;English Electric Canberra B.(1)8;;;;;;;;;;X;
MODEL_IRQ_16_1;Saunders-Roe London Mk.II;;;;;;;;;;X;
MODEL_IRQ_16_2;Short Sunderland Mk.I;;;;;;;;;;X;
MODEL_IRQ_16_3;Short Sunderland Mk.III;;;;;;;;;;X;
MODEL_IRQ_16_4;Short Sunderland Mk.V;;;;;;;;;;X;
MODEL_IRQ_16_5;de Havilland Sea Vampire Mk.V;;;;;;;;;;X;
MODEL_IRQ_17_1;Fairey Battle;;;;;;;;;;X;
MODEL_IRQ_17_2;Vultee A-35;;;;;;;;;;X;
MODEL_IRQ_17_3;Bristol Beaufighter TF.Mk X;;;;;;;;;;X;
MODEL_IRQ_17_4;de Havilland Mosquito FB Mk.VI;;;;;;;;;;X;
MODEL_IRQ_17_5;de Havilland Vampire Mk.V;;;;;;;;;;X;
MODEL_IRQ_18_0;Bristol Bombay;;;;;;;;;;X;
MODEL_IRQ_18_1;Armstrong-Whitworth Albemarle Mk.I;;;;;;;;;;X;
MODEL_IRQ_18_3;Douglas Dakota;;;;;;;;;;X;
MODEL_IRQ_18_4;Avro 685 York Mk.I;;;;;;;;;;X;
#;;;;;;;;;;;X;
MODEL_LAT_12_4;Gloster Gladiator;;;;;;;;;;X;
MODEL_LAT_13_6;Aircraft Disposal Company A.D.C.1;;;;;;;;;;X;
#;;;;;;;;;;;X;
MODEL_LIT_12_4;Gloster Gladiator;;;;;;;;;;X;
MODEL_LIT_15_4;Bristol Blenheim Mk.I;;;;;;;;;;X;
MODEL_LIT_17_1;Bristol Blenheim Mk.I;;;;;;;;;;X;
#;;;;;;;;;;;X;
MODEL_MAN_13_8;Nakajima Ki-27;;;;;;;;;;X;
MODEL_MAN_14_2;Junkers Ju-86Z-2;;;;;;;;;;X;
#;;;;;;;;;;;;
MODEL_MEX_13_6;Vought O2U-2M Corsair;;;;;;;;;;X;
MODEL_MEX_15_7;N.American B-25J Mitchell;;;;;;;;;;X;
MODEL_MEX_18_1;Beech C-45 Expeditor;;;;;;;;;;X;
#;;;;;;;;;;;X;
MODEL_NIC_13_6;Grumman Goblin;;;;;;;;;;X;
#;;;;;;;;;;;X;
MODEL_NOR_13_6;Fokker C.V.E;;;;;;;;;;X;
MODEL_NOR_13_8;Curtiss Hawk 75;;;;;;;;;;X;
MODEL_NOR_13_9;Hakwer Hurricane IIA;;;;;;;;;;X;
MODEL_NOR_15_4;Bristol Blenheim;;;;;;;;;;X;
MODEL_NOR_15_5;Caproni Ca.310;;;;;;;;;;X;
MODEL_NOR_17_0;Breda Ba.28;;;;;;;;;;X;
MODEL_NOR_17_1;Douglas A-33;;;;;;;;;;X;
#;;;;;;;;;;;X;
MODEL_NZL_12_4;Gloster Gladiator;;;;;;;;;;X;
MODEL_NZL_12_5;Supermarine Spitfire Mk.I;;;;;;;;;;X;
MODEL_NZL_12_6;Supermarine Spitfire Mk.IX;;;;;;;;;;X;
MODEL_NZL_12_7;N. American P-51D Mustang;;;;;;;;;;X;
MODEL_NZL_12_8;N. American P-51H Mustang;;;;;;;;;;X;
MODEL_NZL_12_9;de Havilland Vampire F.8;;;;;;;;;;X;
MODEL_NZL_12_10;de Havilland Venom FB.4;;;;;;;;;;X;
MODEL_NZL_12_12;Gloster Javelin FAW.7;;;;;;;;;;X;
MODEL_NZL_13_6;de Havilland Tiger Moth;;;;;;;;;;X;
MODEL_NZL_13_8;Brewster F2A Buffalo;;;;;;;;;;X;
MODEL_NZL_13_9;Curtiss Tomahawk IIA;;;;;;;;;;X;
MODEL_NZL_13_10;Vought F4U-4;;;;;;;;;;X;
MODEL_NZL_13_11;Gloster Meteor Mk.I;;;;;;;;;;X;
MODEL_NZL_13_15;English Electric Lightning F.1;;;;;;;;;;X;
MODEL_NZL_14_2;Handley Page Heyford Mk.IA;;;;;;;;;;X;
MODEL_NZL_14_3;Armstrong-Whitworth Whitley;;;;;;;;;;X;
MODEL_NZL_14_4;Handley Page Halifax Mk.I;;;;;;;;;;X;
MODEL_NZL_14_5;Avro Lancaster Mk.I;;;;;;;;;;X;
MODEL_NZL_14_8;Vickers Valiant B.1;;;;;;;;;;X;
MODEL_NZL_14_9;Vickers Valiant B(K).1;;;;;;;;;;;
MODEL_NZL_14_10;Handley Page Victor B.1;;;;;;;;;;X;
MODEL_NZL_15_4;Vickers Vincent Mk.III;;;;;;;;;;X;
MODEL_NZL_15_5;Handley Page Hampden Mk.I;;;;;;;;;;X;
MODEL_NZL_15_6;Vickers-Armstrong Wellington Mk.III;;;;;;;;;;X;
MODEL_NZL_15_8;de Havilland Mosquito B.XVI;;;;;;;;;;X;
MODEL_NZL_15_9;de Havilland Venom Mk.I;;;;;;;;;;X;
MODEL_NZL_15_11;English Electric Canberra B.(1)8;;;;;;;;;;X;
MODEL_NZL_16_1;Lockheed Hudson Mk.I;;;;;;;;;;X;
MODEL_NZL_16_2;Consolidated Catalina Mk.IVA;;;;;;;;;;X;
MODEL_NZL_16_4;Short Sunderland Mk.V;;;;;;;;;;X;
MODEL_NZL_16_5;de Havilland Sea Vampire Mk.V;;;;;;;;;;X;
MODEL_NZL_17_1;Fairey Battle;;;;;;;;;;X;
MODEL_NZL_17_2;Bristol Blenheim B.Mk IV;;;;;;;;;;X;
MODEL_NZL_17_3;Douglas SBD-3 Dauntless;;;;;;;;;;X;
MODEL_NZL_17_4;Grumman TBF-1 Avenger;;;;;;;;;;X;
MODEL_NZL_17_5;de Havilland Vampire Mk.V;;;;;;;;;;X;
MODEL_NZL_18_0;Handley Page H.P.45;Handley Page H.P.45;Handley Page H.P.45;Handley Page H.P.45;Handley Page H.P.45;Handley Page H.P.45;;Handley Page H.P.45;;;X
MODEL_NZL_18_1;Bristol Bombay;;;;;;;;;;X;
MODEL_NZL_18_2;Armstrong-Whitworth Albemarle Mk.I;;;;;;;;;;X;
MODEL_NZL_18_3;Douglas Dakota;;;;;;;;;;X;
MODEL_NZL_18_4;Avro 685 York Mk.I;;;;;;;;;;X;
#;;;;;;;;;;;X;
MODEL_OTT_13_1;Avro 504;;;;;;;;;;X;
MODEL_OTT_16_0;Supermarine Southampton II;;;;;;;;;;X ;
MODEL_OTT_18_0;Tupolev ANT-9;;;;;;;;;;X ;
#;;;;;;;;;;;X;
MODEL_PAR_13_6;FIAT C.R.32;;;;;;;;;;X;
#;;;;;;;;;;;X;
MODEL_PER_13_6;Hawker Fury II;;;;;;;;;;X;
MODEL_PER_13_8;Curtiss Hawk 75A;;;;;;;;;;X;
MODEL_PER_13_9;Hawker Hurricane Mk.IIB;;;;;;;;;;X;
MODEL_PER_16_1;Avro Anson;;;;;;;;;;X;
#;;;;;;;;;;;X;
MODEL_PHI_12_6;Curtiss P-40C;;;;;;;;;;X;
MODEL_PHI_13_7;Grumman F3F Flying Barrel;;;;;;;;;;X;
MODEL_PHI_14_4;Boeing B-17B Flying Fortress;;;;;;;;;;X;
MODEL_PHI_15_3;Douglas B-18 Bolo;;;;;;;;;;X;
MODEL_PHI_15_4;Douglas B-23 Dragon;;;;;;;;;;X;
MODEL_PHI_15_6;Douglas Boston III;;;;;;;;;;X;
MODEL_PHI_16_2;Consolidated PBY-2 Catalina;;;;;;;;;;X;
MODEL_PHI_17_1;Northrop A-17A;;;;;;;;;;X;
MODEL_PHI_18_1;Douglas C-32;;;;;;;;;;X;
#;;;;;;;;;;;X;
MODEL_POL_12_1;Ansaldo A.1 Balilla;Ansaldo A.1 Balilla;Ansaldo A.1 Balilla;Ansaldo A.1 Balilla;Ansaldo A.1 Balilla;Ansaldo A.1 Balilla;;Ansaldo A.1 Balilla;;;X
MODEL_POL_12_2;ALbatros J.I;ALbatros J.I;ALbatros J.I;ALbatros J.I;ALbatros J.I;ALbatros J.I;;ALbatros J.I;;;X
MODEL_POL_12_3;Potez 25;Potez 25;Potez 25;Potez 25;Potez 25;Potez 25;;Potez 25;;;X
MODEL_POL_12_4;PZL P.45 Sokól;PZL P.45 Sokól;PZL P.45 Sokól;PZL P.45 Sokól;PZL P.45 Sokól;PZL P.45 Sokól;;PZL P.45 Sokól;;;X
MODEL_POL_12_5;PZL P.62;PZL P.62;PZL P.62;PZL P.62;PZL P.62;PZL P.62;;PZL P.62;;;X
MODEL_POL_12_6;Hawker Typhoon;Hawker Typhoon;Hawker Typhoon;Hawker Typhoon;Hawker Typhoon;Hawker Typhoon;Hawker Typhoon;Hawker Typhoon;;;X
MODEL_POL_12_7;Hawker Tempest;Hawker Tempest;Hawker Tempest;Hawker Tempest;Hawker Tempest;Hawker Tempest;Hawker Tempest;Hawker Tempest;;;X
MODEL_POL_13_3;PWS-10;PWS-10;PWS-10;PWS-10;PWS-10;PWS-10;;PWS-10;;;X
MODEL_POL_13_4;PZL P.11c;PZL P.11c;PZL P.11c;PZL P.11c;PZL P.11c;PZL P.11c;;PZL P.11c;;;X
MODEL_POL_13_5;PZL P.24;PZL P.24;PZL P.24;PZL P.24;PZL P.24;PZL P.24;;PZL P.24;;;X
MODEL_POL_13_6;PZL P.50 Jastrzab;PZL P.50 Jastrzab;PZL P.50 Jastrzab;PZL P.50 Jastrzab;PZL P.50 Jastrzab;PZL P.50 Jastrzab;;PZL P.50 Jastrzab;;;X
MODEL_POL_13_7;PZL P.63;PZL P.63;PZL P.63;PZL P.63;PZL P.63;PZL P.63;;PZL P.63;;;X
MODEL_POL_13_8;PZL P.56 Kania;PZL P.56 Kania;PZL P.56 Kania;PZL P.56 Kania;PZL P.56 Kania;PZL P.56 Kania;;PZL P.56 Kania;;;X
MODEL_POL_14_4;Bloch MB.162;Bloch MB.162;Bloch MB.162;Bloch MB.162;Bloch MB.162;Bloch MB.162;;Bloch MB.162;;;X
MODEL_POL_14_5;Avro Lancaster;Avro Lancaster;Avro Lancaster;Avro Lancaster;Avro Lancaster;Avro Lancaster;Avro Lancaster;Avro Lancaster;;;X
MODEL_POL_15_4;Potez 15;Potez 15;Potez 15;Potez 15;Potez 15;Potez 15;;Potez 15;;;X
MODEL_POL_15_5;LWS-4 Zubr;LWS-4 Zubr;LWS-4 Zubr;LWS-4 Zubr;LWS-4 Zubr;LWS-4 Zubr;;LWS-4 Zubr;;;X
MODEL_POL_15_6;PZL P.37 Los;PZL P.37 Los;PZL P.37 Los;PZL P.37 Los;PZL P.37 Los;PZL P.37 Los;;PZL P.37 Los;;;X
MODEL_POL_15_7;PZL P.49 Mis;PZL P.49 Mis;PZL P.49 Mis;PZL P.49 Mis;PZL P.49 Mis;PZL P.49 Mis;;PZL P.49 Mis;;;X
MODEL_POL_15_8;De Havilland Mosquito;De Havilland Mosquito;De Havilland Mosquito;De Havilland Mosquito;De Havilland Mosquito;De Havilland Mosquito;De Havilland Mosquito;De Havilland Mosquito;;;X
MODEL_POL_16_0;Lublin R-XIII;Lublin R-XIII;Lublin R-XIII;Lublin R-XIII;Lublin R-XIII;Lublin R-XIII;;Lublin R-XIII;;;X
MODEL_POL_16_1;Cant Z.506B Airone;Cant Z.506B Airone;Cant Z.506B Airone;Cant Z.506B Airone;Cant Z.506B Airone;Cant Z.506B Airone;;Cant Z.506B Airone;;;X
MODEL_POL_16_2;RWD 22;RWD 22;RWD 22;RWD 22;RWD 22;RWD 22;;RWD 22;;;X
MODEL_POL_17_0;PZL P.46 Sum;PZL P.46 Sum;PZL P.46 Sum;PZL P.46 Sum;PZL P.46 Sum;PZL P.46 Sum;;PZL P.46 Sum;;;X
MODEL_POL_17_1;PZL Losos;PZL Losos;PZL Losos;PZL Losos;PZL Losos;PZL Losos;;PZL Losos;;;X
MODEL_POL_18_1;PZL 27;PZL 27;PZL 27;PZL 27;PZL 27;PZL 27;;PZL 27;;;X
MODEL_POL_18_2;Lockheed L-14H;L-14H;Lockheed L-14H;Lockheed L-14H;Lockheed L-14H;Lockheed L-14H;;Lockheed L-14H;;;X
#;;;;;;;;;;;X;
MODEL_POR_12_4;Gloster Gladiator;;;;;;;;;;X;
MODEL_POR_12_5;Supermarine Spitfire Mk.I;;;;;;;;;;X;
MODEL_POR_12_6;Supermarine Spitfire Mk.Vb;;;;;;;;;;X;
MODEL_POR_13_1;Avro 504;;;;;;;;;;X;
MODEL_POR_13_5;Martinsyde F.4 Buzzard;;;;;;;;;;X;
MODEL_POR_13_8;Hurricane Mk.I;;;;;;;;;;X;
MODEL_POR_13_9;Bell P-39L;;;;;;;;;;X;
MODEL_POR_14_2;Junkers Ju 86K-6;;;;;;;;;;X;
MODEL_POR_14_5;Consolidated B-24J Liberator;;;;;;;;;;X;
MODEL_POR_15_4;Bristol Blenheim Mk.I;;;;;;;;;;X;
MODEL_POR_15_5;Bristol Blenheim Mk.IV;;;;;;;;;;X;
MODEL_POR_16_0;Junkers K.43W;;;;;;;;;;X;
MODEL_POR_16_1;Grumman G-21B;;;;;;;;;;X;
MODEL_POR_16_2;Grumman G-44;;;;;;;;;;X;
MODEL_POR_17_0;Breda Ba.65;;;;;;;;;;X;
MODEL_POR_17_1;Junkers Ju 87D Stuka;;;;;;;;;;X;
MODEL_POR_17_2;Bristol Beaufighter;;;;;;;;;;X;
MODEL_POR_18_1;Junkers Ju 52/3m g2e Tante Ju;;;;;;;;;;X;
MODEL_POR_18_2;Fairchild C-82 Packet;;;;;;;;;;X;
#;;;;;;;;;;;X;
MODEL_PRU_13_6;Vought O2U Corsair;;;;;;;;;;X;
MODEL_PRU_13_7;Caproni Ca.114;;;;;;;;;;X;
MODEL_PRU_15_5;Caproni Ca.310 Libeccio;;;;;;;;;;X;
MODEL_PRU_15_6;Caproni Ca.135;;;;;;;;;;X;
#;;;;;;;;;;;X;
MODEL_ROM_12_6;Focke-Wulf Fw-190A;Focke-Wulf Fw-190A;Focke-Wulf Fw-190A;Focke-Wulf Fw-190A;Focke-Wulf Fw-190A;Focke-Wulf Fw-190A;;;;;X
MODEL_ROM_13_7;PZL P.24E;;;;;;;;;;X;
MODEL_ROM_13_8;Heinkel He 112B-1;;;;;;;;;;X;
MODEL_ROM_13_9;IAR 80C;;;;;;;;;;X;
MODEL_ROM_13_10;Messerschmitt Bf 109K-4;;;;;;;;;;X;
MODEL_ROM_32_0;Messerschmitt Me 163 Komet;Messerschmitt Me 163 Komet;Messerschmitt Me 163 Komet;Messerschmitt Me 163 Komet;Messerschmitt Me 163 Komet;Messerschmitt Me 163 Komet;Messerschmitt Me 163 Komet;Messerschmitt Me 163 Komet;;;X
MODEL_ROM_14_2;Bloch MB 210;;;;;;;;;;X;
MODEL_ROM_15_6;Heinkel He 111H-6;;;;;;;;;;X;
MODEL_ROM_15_7;Junkers Ju 88A-4;;;;;;;;;;X;
MODEL_ROM_15_9;Arado Ar 234 Blitz;Arado Ar 234 Blitz;Arado Ar 234 Blitz;Arado Ar 234 Blitz;Arado Ar 234 Blitz;Arado Ar 234 Blitz;Arado Ar 234 Blitz;Arado Ar 234 Blitz;;;X
MODEL_ROM_16_1;CANT Z.501 Gabbiano;;;;;;;;;;X;
MODEL_ROM_16_2;SIAI-Marchetti S.M.79 Sparviero;;;;;;;;;;X;
MODEL_ROM_17_0;PZL 23B Karas;;;;;;;;;;X;
MODEL_ROM_17_1;Junkers Ju 87D Stuka;;;;;;;;;;X;
MODEL_ROM_17_3;Henschel Hs 129B;;;;;;;;;;X;
MODEL_ROM_18_1;Junkers Ju 52/3m g2e Tante Ju;;;;;;;;;;X;
#;;;;;;;;;;;X;
MODEL_RUS_12_0;Nieuport 10;Nieuport 10;Nieuport 10;Nieuport 10;Nieuport 10;Nieuport 10;Nieuport 10;Nieuport 10;;;X
MODEL_RUS_12_1;Sikorsky S-XVI;Sikorsky S-XVI;Sikorsky S-XVI;Sikorsky S-XVI;Sikorsky S-XVI;Sikorsky S-XVI;Sikorsky S-XVI;Sikorsky S-XVI;;;X
MODEL_RUS_12_2;Farman HF.30;Farman HF.30;Farman HF.30;Farman HF.30;Farman HF.30;Farman HF.30;Farman HF.30;Farman HF.30;;;X
MODEL_RUS_12_3;Polikarpov I-1;Polikarpov I-1;Polikarpov I-1;Polikarpov I-1;Polikarpov I-1;Polikarpov I-1;Polikarpov I-1;Polikarpov I-1;;;X
MODEL_RUS_12_4;Polikarpov I-5;Polikarpov I-5;Polikarpov I-5;Polikarpov I-5;Polikarpov I-5;Polikarpov I-5;Polikarpov I-5;Polikarpov I-5;;;X
MODEL_RUS_12_5;Mikoyan-Gurevich MiG-3;Mikoyan-Gurevich MiG-3;Mikoyan-Gurevich MiG-3;Mikoyan-Gurevich MiG-3;Mikoyan-Gurevich MiG-3;Mikoyan-Gurevich MiG-3;Mikoyan-Gurevich MiG-3;Mikoyan-Gurevich MiG-3;;;X
MODEL_RUS_12_6;Lavochkin La-5;Lavochkin La-5;Lavochkin La-5;Lavochkin La-5;Lavochkin La-5;Lavochkin La-5;Lavochkin La-5;Lavochkin La-5;;;X
MODEL_RUS_12_7;Lavochkin La-7;Lavochkin La-7;Lavochkin La-7;Lavochkin La-7;Lavochkin La-7;Lavochkin La-7;Lavochkin La-7;Lavochkin La-7;;;X
MODEL_RUS_12_9;Mikoyan-Gurevich MiG-9;Mikoyan-Gurevich MiG-9;Mikoyan-Gurevich MiG-9;Mikoyan-Gurevich MiG-9;Mikoyan-Gurevich MiG-9;Mikoyan-Gurevich MiG-9;Mikoyan-Gurevich MiG-9;Mikoyan-Gurevich MiG-9;;;X
MODEL_RUS_12_10;Mikoyan-Gurevich MiG-15;Mikoyan-Gurevich MiG-15;Mikoyan-Gurevich MiG-15;Mikoyan-Gurevich MiG-15;Mikoyan-Gurevich MiG-15;Mikoyan-Gurevich MiG-15;Mikoyan-Gurevich MiG-15;Mikoyan-Gurevich MiG-15;;;X
MODEL_RUS_12_11;Mikoyan-Gurevich MiG-17;Mikoyan-Gurevich MiG-17;Mikoyan-Gurevich MiG-17;Mikoyan-Gurevich MiG-17;Mikoyan-Gurevich MiG-17;Mikoyan-Gurevich MiG-17;Mikoyan-Gurevich MiG-17;Mikoyan-Gurevich MiG-17;;;X
MODEL_RUS_12_12;Mikoyan-Gurevich MiG-19;Mikoyan-Gurevich MiG-19;Mikoyan-Gurevich MiG-19;Mikoyan-Gurevich MiG-19;Mikoyan-Gurevich MiG-19;Mikoyan-Gurevich MiG-19;Mikoyan-Gurevich MiG-19;Mikoyan-Gurevich MiG-19;;;X
MODEL_RUS_12_13;Mikoyan-Gurevich MiG-21;Mikoyan-Gurevich MiG-21;Mikoyan-Gurevich MiG-21;Mikoyan-Gurevich MiG-21;Mikoyan-Gurevich MiG-21;Mikoyan-Gurevich MiG-21;Mikoyan-Gurevich MiG-21;Mikoyan-Gurevich MiG-21;;;X
MODEL_RUS_13_0;Morane-Saulnier G;Morane-Saulnier G;Morane-Saulnier G;Morane-Saulnier G;Morane-Saulnier G;Morane-Saulnier G;Morane-Saulnier G;Morane-Saulnier G;;;X
MODEL_RUS_13_1;Morane-Saulnier L;Morane-Saulnier L;Morane-Saulnier L;Morane-Saulnier L;Morane-Saulnier L;Morane-Saulnier L;Morane-Saulnier L;Morane-Saulnier L;;;X
MODEL_RUS_13_2;Mosca-Bistritsky MB-bis;Mosca-Bistritsky MB-bis;Mosca-Bistritsky MB-bis;Mosca-Bistritsky MB-bis;Mosca-Bistritsky MB-bis;Mosca-Bistritsky MB-bis;Mosca-Bistritsky MB-bis;Mosca-Bistritsky MB-bis;;;X
MODEL_RUS_13_3;Anatra Anamon;Anatra Anamon;Anatra Anamon;Anatra Anamon;Anatra Anamon;Anatra Anamon;Anatra Anamon;Anatra Anamon;;;X
MODEL_RUS_13_4;Anatra Anadis;Anatra Anadis;Anatra Anadis;Anatra Anadis;Anatra Anadis;Anatra Anadis;Anatra Anadis;Anatra Anadis;;;X
MODEL_RUS_13_5;Sopwith Snipe;Sopwith Snipe;Sopwith Snipe;Sopwith Snipe;Sopwith Snipe;Sopwith Snipe;Sopwith Snipe;Sopwith Snipe;;;X
MODEL_RUS_13_6;Polikarpov I-15 Chaika;Polikarpov I-15 Chaika;Polikarpov I-15 Chaika;Polikarpov I-15 Chaika;Polikarpov I-15 Chaika;Polikarpov I-15 Chaika;Polikarpov I-15 Chaika;Polikarpov I-15 Chaika;;;X
MODEL_RUS_13_7;Polikarpov I-16 Ishak;Polikarpov I-16 Ishak;Polikarpov I-16 Ishak;Polikarpov I-16 Ishak;Polikarpov I-16 Ishak;Polikarpov I-16 Ishak;Polikarpov I-16 Ishak;Polikarpov I-16 Ishak;;;X
MODEL_RUS_13_8;Yakovlev Yak-1;Yakovlev Yak-1;Yakovlev Yak-1;Yakovlev Yak-1;Yakovlev Yak-1;Yakovlev Yak-1;Yakovlev Yak-1;Yakovlev Yak-1;;;X
MODEL_RUS_13_9;Yakovlev Yak-3;Yakovlev Yak-3;Yakovlev Yak-3;Yakovlev Yak-3;Yakovlev Yak-3;Yakovlev Yak-3;Yakovlev Yak-3;Yakovlev Yak-3;;;X
MODEL_RUS_13_10;Yakovlev Yak-9;Yakovlev Yak-9;Yakovlev Yak-9;Yakovlev Yak-9;Yakovlev Yak-9;Yakovlev Yak-9;Yakovlev Yak-9;Yakovlev Yak-9;;;X
MODEL_RUS_13_11;Yakovlev Yak-15;Yakovlev Yak-15;Yakovlev Yak-15;Yakovlev Yak-15;Yakovlev Yak-15;Yakovlev Yak-15;Yakovlev Yak-15;Yakovlev Yak-15;;;X
MODEL_RUS_13_12;Yakovlev Yak-17;Yakovlev Yak-17;Yakovlev Yak-17;Yakovlev Yak-17;Yakovlev Yak-17;Yakovlev Yak-17;Yakovlev Yak-17;Yakovlev Yak-17;;;X
MODEL_RUS_13_13;Lavochkin La-15;Lavochkin La-15;Lavochkin La-15;Lavochkin La-15;Lavochkin La-15;Lavochkin La-15;Lavochkin La-15;Lavochkin La-15;;;X
MODEL_RUS_13_14;Yakovlev Yak-23;Yakovlev Yak-23;Yakovlev Yak-23;Yakovlev Yak-23;Yakovlev Yak-23;Yakovlev Yak-23;Yakovlev Yak-23;Yakovlev Yak-23;;;X
MODEL_RUS_13_15;Sukhoi Su-9;Sukhoi Su-9;Sukhoi Su-9;Sukhoi Su-9;Sukhoi Su-9;Sukhoi Su-9;Sukhoi Su-9;Sukhoi Su-9;;;X
MODEL_RUS_13_16;Sukhoi Su-11;Sukhoi Su-11;Sukhoi Su-11;Sukhoi Su-11;Sukhoi Su-11;Sukhoi Su-11;Sukhoi Su-11;Sukhoi Su-11;;;X
MODEL_RUS_32_0;Bereznyak-Isayev BI-1;Bereznyak-Isayev BI-1;Bereznyak-Isayev BI-1;Bereznyak-Isayev BI-1;Bereznyak-Isayev BI-1;Bereznyak-Isayev BI-1;Bereznyak-Isayev BI-1;Bereznyak-Isayev BI-1;;;X
MODEL_RUS_32_1;Bereznyak-Isayev BI-6;Bereznyak-Isayev BI-6;Bereznyak-Isayev BI-6;Bereznyak-Isayev BI-6;Bereznyak-Isayev BI-6;Bereznyak-Isayev BI-6;Bereznyak-Isayev BI-6;Bereznyak-Isayev BI-6;;;X
MODEL_RUS_14_0;Sikorsky Ilya Muromets;Sikorsky Ilya Muromets;Sikorsky Ilya Muromets;Sikorsky Ilya Muromets;Sikorsky Ilya Muromets;Sikorsky Ilya Muromets;Sikorsky Ilya Muromets;Sikorsky Ilya Muromets;;;X
MODEL_RUS_14_1;Anatra DE;Anatra DE;Anatra DE;Anatra DE;Anatra DE;Anatra DE;Anatra DE;Anatra DE;;;X
MODEL_RUS_14_2;Tupolev TB-3;Tupolev TB-3;Tupolev TB-3;Tupolev TB-3;Tupolev TB-3;Tupolev TB-3;Tupolev TB-3;Tupolev TB-3;;;X
MODEL_RUS_14_3;Tupolev TB-6;Tupolev TB-6;Tupolev TB-6;Tupolev TB-6;Tupolev TB-6;Tupolev TB-6;Tupolev TB-6;Tupolev TB-6;;;X
MODEL_RUS_14_4;Petlyakov Pe-8;Petlyakov Pe-8;Petlyakov Pe-8;Petlyakov Pe-8;Petlyakov Pe-8;Petlyakov Pe-8;Petlyakov Pe-8;Petlyakov Pe-8;;;X
MODEL_RUS_14_5;Tupolev Tu-4;Tupolev Tu-4;Tupolev Tu-4;Tupolev Tu-4;Tupolev Tu-4;Tupolev Tu-4;Tupolev Tu-4;Tupolev Tu-4;;;X
MODEL_RUS_14_6;Myasishchev M-4;Myasishchev M-4;Myasishchev M-4;Myasishchev M-4;Myasishchev M-4;Myasishchev M-4;Myasishchev M-4;Myasishchev M-4;;;X
MODEL_RUS_14_7;Tupolev Tu-16;Tupolev Tu-16;Tupolev Tu-16;Tupolev Tu-16;Tupolev Tu-16;Tupolev Tu-16;Tupolev Tu-16;Tupolev Tu-16;;;X
MODEL_RUS_14_8;Tupolev Tu-95;Tupolev Tu-95;Tupolev Tu-95;Tupolev Tu-95;Tupolev Tu-95;Tupolev Tu-95;Tupolev Tu-95;Tupolev Tu-95;;;X
MODEL_RUS_14_9;Myasishchev M-50;Myasishchev M-50;Myasishchev M-50;Myasishchev M-50;Myasishchev M-50;Myasishchev M-50;Myasishchev M-50;Myasishchev M-50;;;X
MODEL_RUS_15_3;Tupolev TB-1;Tupolev TB-1;Tupolev TB-1;Tupolev TB-1;Tupolev TB-1;Tupolev TB-1;Tupolev TB-1;Tupolev TB-1;;;X
MODEL_RUS_15_4;Ilyushin DB-3;Ilyushin DB-3;Ilyushin DB-3;Ilyushin DB-3;Ilyushin DB-3;Ilyushin DB-3;Ilyushin DB-3;Ilyushin DB-3;;;X
MODEL_RUS_15_5;Tupolev SB Katyusha;Tupolev SB Katyusha;Tupolev SB Katyusha;Tupolev SB Katyusha;Tupolev SB Katyusha;Tupolev SB Katyusha;Tupolev SB Katyusha;Tupolev SB Katyusha;;;X
MODEL_RUS_15_6;Petlyakov Pe-2 Peshka;Petlyakov Pe-2 Peshka;Petlyakov Pe-2 Peshka;Petlyakov Pe-2 Peshka;Petlyakov Pe-2 Peshka;Petlyakov Pe-2 Peshka;Petlyakov Pe-2 Peshka;Petlyakov Pe-2 Peshka;;;X
MODEL_RUS_15_7;Ilyushin Il-4;Ilyushin Il-4;Ilyushin Il-4;Ilyushin Il-4;Ilyushin Il-4;Ilyushin Il-4;Ilyushin Il-4;Ilyushin Il-4;;;X
MODEL_RUS_15_8;Tupolev Tu-2;Tupolev Tu-2;Tupolev Tu-2;Tupolev Tu-2;Tupolev Tu-2;Tupolev Tu-2;Tupolev Tu-2;Tupolev Tu-2;;;X
MODEL_RUS_15_9;Tupolev Tu-12;Tupolev Tu-12;Tupolev Tu-12;Tupolev Tu-12;Tupolev Tu-12;Tupolev Tu-12;Tupolev Tu-12;Tupolev Tu-12;;;X
MODEL_RUS_15_10;Tupolev Tu-82;Tupolev Tu-82;Tupolev Tu-82;Tupolev Tu-82;Tupolev Tu-82;Tupolev Tu-82;Tupolev Tu-82;Tupolev Tu-82;;;X
MODEL_RUS_15_11;Ilyushin Il-28;Ilyushin Il-28;Ilyushin Il-28;Ilyushin Il-28;Ilyushin Il-28;Ilyushin Il-28;Ilyushin Il-28;Ilyushin Il-28;;;X
MODEL_RUS_15_12;Ilyushin Il-54;Ilyushin Il-54;Ilyushin Il-54;Ilyushin Il-54;Ilyushin Il-54;Ilyushin Il-54;Ilyushin Il-54;Ilyushin Il-54;;;X
MODEL_RUS_16_2;Arkhangelsky Ar-2;Arkhangelsky Ar-2;Arkhangelsky Ar-2;Arkhangelsky Ar-2;Arkhangelsky Ar-2;Arkhangelsky Ar-2;Arkhangelsky Ar-2;Arkhangelsky Ar-2;;;X
MODEL_RUS_16_3;Ilyushin Il-4T;Ilyushin Il-4T;Ilyushin Il-4T;Ilyushin Il-4T;Ilyushin Il-4T;Ilyushin Il-4T;Ilyushin Il-4T;Ilyushin Il-4T;;;X
MODEL_RUS_16_4;Tupolev Tu-2T;Tupolev Tu-2T;Tupolev Tu-2T;Tupolev Tu-2T;Tupolev Tu-2T;Tupolev Tu-2T;Tupolev Tu-2T;Tupolev Tu-2T;;;X
MODEL_RUS_16_5;Beriev Be-6;Beriev Be-6;Beriev Be-6;Beriev Be-6;Beriev Be-6;Beriev Be-6;;Beriev Be-6;;;X
MODEL_RUS_16_6;Beriev Be-12;Beriev Be-12;Beriev Be-12;Beriev Be-12;Beriev Be-12;Beriev Be-12;;Beriev Be-12;;;X
MODEL_RUS_17_0;Sukhoi Su-2;Sukhoi Su-2;Sukhoi Su-2;Sukhoi Su-2;Sukhoi Su-2;Sukhoi Su-2;Sukhoi Su-2;Sukhoi Su-2;;;X
MODEL_RUS_17_1;Sukhoi Su-4;Sukhoi Su-4;Sukhoi Su-4;Sukhoi Su-4;Sukhoi Su-4;Sukhoi Su-4;Sukhoi Su-4;Sukhoi Su-4;;;X
MODEL_RUS_17_2;Ilyushin Il-2 Shturmovik;Ilyushin Il-2 Shturmovik;Ilyushin Il-2 Shturmovik;Ilyushin Il-2 Shturmovik;Ilyushin Il-2 Shturmovik;Ilyushin Il-2 Shturmovik;Ilyushin Il-2 Shturmovik;Ilyushin Il-2 Shturmovik;;;X
MODEL_RUS_17_3;Ilyushin Il-2M Shturmovik;Ilyushin Il-2M Shturmovik;Ilyushin Il-2M Shturmovik;Ilyushin Il-2M Shturmovik;Ilyushin Il-2M Shturmovik;Ilyushin Il-2M Shturmovik;Ilyushin Il-2M Shturmovik;Ilyushin Il-2M Shturmovik;;;X
MODEL_RUS_17_4;Ilyushin Il-10;Ilyushin Il-10;Ilyushin Il-10;Ilyushin Il-10;Ilyushin Il-10;Ilyushin Il-10;Ilyushin Il-10;Ilyushin Il-10;;;X
MODEL_RUS_17_5;Ilyushin Il-16;Ilyushin Il-16;Ilyushin Il-16;Ilyushin Il-16;Ilyushin Il-16;Ilyushin Il-16;Ilyushin Il-16;Ilyushin Il-16;;;X
MODEL_RUS_17_6;Su-7;Su-7;Su-7;Su-7;Su-7;Su-7;Su-7;Su-7;;;X
MODEL_RUS_18_1;Lisunov Li-2;Lisunov Li-2;Lisunov Li-2;Lisunov Li-2;Lisunov Li-2;Lisunov Li-2;Lisunov Li-2;Lisunov Li-2;;;X
MODEL_RUS_18_2;Lisunov Li-2V;Lisunov Li-2V;Lisunov Li-2V;Lisunov Li-2V;Lisunov Li-2V;Lisunov Li-2V;Lisunov Li-2V;Lisunov Li-2V;;;X
MODEL_RUS_18_3;Ilyushin Il-12;Ilyushin Il-12;Ilyushin Il-12;Ilyushin Il-12;Ilyushin Il-12;Ilyushin Il-12;Ilyushin Il-12;Ilyushin Il-12;;;X
MODEL_RUS_18_4;Antonov An-2;Antonov An-2;Antonov An-2;Antonov An-2;Antonov An-2;Antonov An-2;;Antonov An-2;;;X
MODEL_RUS_18_5;Antonov An-8;Antonov An-8;Antonov An-8;Antonov An-8;Antonov An-8;Antonov An-8;;Antonov An-8;;;X
MODEL_RUS_20_0;SUB-1 Scunner;SUB-1 Scunner;SUB-1 Scunner;SUB-1 Scunner;SUB-1 Scunner;SS-1 Scunner;;SUB-1 Scunner;;;X
MODEL_RUS_20_1;SUB-3 Shyster;SUB-3 Shyster;SUB-3 Shyster;SUB-3 Shyster;SUB-3 Shyster;SS-3 Shyster;;SUB-3 Shyster;;;X
MODEL_RUS_20_2;SUB-6 Sapwood;SUB-6 Sapwood;SUB-6 Sapwood;SUB-6 Sapwood;SUB-6 Sapwood;SS-6 Sapwood;;SUB-6 Sapwood;;;X
#;;;;;;;;;;;X;
MODEL_SAF_12_4;Gloster Gladiator;;;;;;;;;;X;
MODEL_SAF_12_5;Supermarine Spitfire Mk.I;;;;;;;;;;X;
MODEL_SAF_12_6;Supermarine Spitfire Mk.IX;;;;;;;;;;X;
MODEL_SAF_12_7;N. American Mustang Mk.IV;;;;;;;;;;X;
MODEL_SAF_12_8;N. American P-51H Mustang;;;;;;;;;;X;
MODEL_SAF_12_9;de Havilland Vampire F.8;;;;;;;;;;X;
MODEL_SAF_12_10;de Havilland Venom FB.4;;;;;;;;;;X;
MODEL_SAF_12_12;Gloster Javelin FAW.7;;;;;;;;;;X;
MODEL_SAF_13_6;Hawker Hartbees Mk.I;;;;;;;;;;X;
MODEL_SAF_13_8;Curtiss H-75A-4 Mohawk IV;;;;;;;;;;X;
MODEL_SAF_13_9;Curtiss Tomahawk IIB;;;;;;;;;;X;
MODEL_SAF_13_10;Curtiss Kittyhawk Mk.IV;;;;;;;;;;X;
MODEL_SAF_13_11;Gloster Meteor Mk.I;;;;;;;;;;X;
MODEL_SAF_13_15;English Electric Lightning F.1;;;;;;;;;;X;
MODEL_SAF_14_2;Junkers Ju 86Z-7;;;;;;;;;;X;
MODEL_SAF_14_3;Armstrong-Whitworth Whitley;;;;;;;;;;X;
MODEL_SAF_14_4;Handley Page Halifax Mk.I;;;;;;;;;;X;
MODEL_SAF_14_5;Consolidated B-24 Liberator;;;;;;;;;;X;
MODEL_SAF_14_8;Vickers Valiant B.1;;;;;;;;;;X;
MODEL_SAF_14_9;Vickers Valiant B(K).1;;;;;;;;;;;
MODEL_SAF_14_10;Handley Page Victor B.1;;;;;;;;;;X;
MODEL_SAF_15_4;Bristol Blenheim Mk.I;;;;;;;;;;X;
MODEL_SAF_15_5;Handley Page Hampden Mk.I;;;;;;;;;;X;
MODEL_SAF_15_6;Vickers-Armstrong Wellington Mk.III;;;;;;;;;;X;
MODEL_SAF_15_8;de Havilland Mosquito B.XVI;;;;;;;;;;X;
MODEL_SAF_15_9;de Havilland Venom Mk.I;;;;;;;;;;X;
MODEL_SAF_15_11;English Electric Canberra B.(1)8;;;;;;;;;;X;
MODEL_SAF_16_1;Saunders-Roe London Mk.II;;;;;;;;;;X;
MODEL_SAF_16_2;Short Sunderland Mk.I;;;;;;;;;;X;
MODEL_SAF_16_3;Short Sunderland Mk.III;;;;;;;;;;X;
MODEL_SAF_16_4;Short Sunderland Mk.V;;;;;;;;;;X;
MODEL_SAF_16_5;de Havilland Sea Vampire Mk.V;;;;;;;;;;X;
MODEL_SAF_17_1;Fairey Battle;;;;;;;;;;X;
MODEL_SAF_17_2;Vultee A-35;;;;;;;;;;X;
MODEL_SAF_17_3;Bristol Beaufighter TF.Mk X;;;;;;;;;;X;
MODEL_SAF_17_4;de Havilland Mosquito FB Mk.VI;;;;;;;;;;X;
MODEL_SAF_17_5;de Havilland Vampire Mk.V;;;;;;;;;;X;
MODEL_SAF_18_1;Junkers Ju 52/3m;;;;;;;;;;X;
MODEL_SAF_18_3;Douglas Dakota;;;;;;;;;;X;
MODEL_SAF_18_4;Avro 685 York Mk.I;;;;;;;;;;X;
#;;;;;;;;;;;X;
MODEL_SCH_12_6;Messerschmitt Bf 109F-1;;;;;;;;;;X;
MODEL_SCH_12_7;N.American P-51D Mustang;;;;;;;;;;X;
MODEL_SCH_13_6;EKW C-35;;;;;;;;;;X;
MODEL_SCH_13_7;Messerschmitt Bf 109C;;;;;;;;;;X;
MODEL_SCH_13_8;Messerschmitt Bf 109E;;;;;;;;;;X;
MODEL_SCH_17_0;EFW C-35;;;;;;;;;;X;
#;;;;;;;;;;;X;
MODEL_SIA_13_7;Bin Khap Lai 12 'Ota';;;;;;;;;;X;
MODEL_SIA_13_8;Bin Khap Lai 9;;;;;;;;;;X;
MODEL_SIA_13_9;Nakajima Ki-43-IIB;;;;;;;;;;X;
MODEL_SIA_15_4;Bin Thing Rabut 3;;;;;;;;;;X;
MODEL_SIA_15_5;Bin Thing Rabut 4 'Nakajima';;;;;;;;;;X;
MODEL_SIA_16_1;Bin Thing Rabut 3;;;;;;;;;;X;
MODEL_SIA_17_0;Bin Jaw Thing 2 'Nagoya';;;;;;;;;;X;
#;;;;;;;;;;;X;
MODEL_SLO_12_7;Messerschmitt Bf 109G;;;;;;;;;;X;
MODEL_SLO_13_6;Avia BH-33;;;;;;;;;;X;
MODEL_SLO_13_7;Avia B.534;;;;;;;;;;X;
MODEL_SLO_13_8;Avia B.35.1;;;;;;;;;;X;
MODEL_SLO_15_4;Bloch MB.200;;;;;;;;;;X;
MODEL_SLO_15_5;Aero A.300;;;;;;;;;;X;
MODEL_SLO_17_0;Aero A-304;;;;;;;;;;X;
MODEL_SLO_17_1;Junkers Ju 87D Stuka;;;;;;;;;;X;
#;;;;;;;;;;;X;
MODEL_SPA_12_2;Bristol F.2 Fighter;Bristol F.2 Fighter;Bristol F.2 Fighter;Bristol F.2 Fighter;Bristol F.2 Fighter;Bristol F.2 Fighter;Bristol F.2 Fighter;Bristol F.2 Fighter;;;X
MODEL_SPA_12_3;Aero A-101;;;;;;;;;;X;
MODEL_SPA_12_4;Arado Ar 66;;;;;;;;;;X;
MODEL_SPA_12_5;Heinkel He 112;;;;;;;;;;X;
MODEL_SPA_12_6;Messerschmitt Bf 109F;;;;;;;;;;X;
MODEL_SPA_12_8;Focke-Wulf Fw 190D-9;;;;;;;;;;X;
MODEL_SPA_12_9;Heinkel He 162A-2;;;;;;;;;;X;
MODEL_SPA_13_1;Avro 504;;;;;;;;;;X;
MODEL_SPA_13_5;Nieuport-Delage 52;;;;;;;;;;X;
MODEL_SPA_13_6;Heinkel He 51;;;;;;;;;;X;
MODEL_SPA_13_7;FIAT G.50;;;;;;;;;;X;
MODEL_SPA_13_8;Messerschmitt Bf 109E;;;;;;;;;;X;
MODEL_SPA_13_9;Hispano HA-1112 Buchón;;;;;;;;;;;
MODEL_SPA_13_11;Messerschmitt Me 262A-1a Schwalbe;;;;;;;;;;X;
MODEL_SPA_13_12;Focke-Wulf Ta-183;;;;;;;;;;X;
MODEL_SPA_14_1;Junkers Ju 86D-1;;;;;;;;;;X;
MODEL_SPA_14_2;SIAI-Marchetti S.M.81;;;;;;;;;;X;
MODEL_SPA_14_3;Dornier Do 217E;;;;;;;;;;X;
MODEL_SPA_14_4;Heinkel He 177A-1 Greif;;;;;;;;;;X;
MODEL_SPA_14_5;Heinkel He 274;;;;;;;;;;X;
MODEL_SPA_15_4;FIAT B.R.20 Cicogna;;;;;;;;;;X;
MODEL_SPA_15_5;Caproni Ca.310;;;;;;;;;;X;
MODEL_SPA_15_6;Heinkel He 111B-1;;;;;;;;;;X;
MODEL_SPA_15_7;Junkers Ju 88;;;;;;;;;;X;
MODEL_SPA_15_8;CASA 2.111 'Pedro';;;;;;;;;;X;
MODEL_SPA_15_9;Arado Ar-234B Blitz;;;;;;;;;;X;
MODEL_SPA_16_0;Heinkel He 59;;;;;;;;;;X;
MODEL_SPA_16_1;CANT Z.501 Gabbiano;;;;;;;;;;X;
MODEL_SPA_16_2;CANT Z.506 Airone;;;;;;;;;;X;
MODEL_SPA_17_0;Breda Ba.65;;;;;;;;;;X;
MODEL_SPA_17_1;Junkers Ju 87D-1 Stuka;;;;;;;;;;X;
MODEL_SPA_17_2;Junkers Ju 87D-1 Stuka;;;;;;;;;;X;
MODEL_SPA_17_3;Henschel Hs 129B;;;;;;;;;;X;
MODEL_SPA_18_1;Junkers Ju 52/3m;;;;;;;;;;X;
MODEL_SPA_18_2;CASA 352-L;;;;;;;;;;X;
MODEL_SPA_18_3;Messerschmitt Me 323D Gigant;;;;;;;;;;X;
MODEL_SPA_18_4;CASA 207 'Azor';;;;;;;;;;X;
#;;;;;;;;;;;X;
MODEL_SPR_12_2;Bristol F.2 Fighter;Bristol F.2 Fighter;Bristol F.2 Fighter;Bristol F.2 Fighter;Bristol F.2 Fighter;Bristol F.2 Fighter;Bristol F.2 Fighter;Bristol F.2 Fighter;;;X
MODEL_SPR_12_3;Gourdou-Leseurre GL-32;;;;;;;;;;X;
MODEL_SPR_12_4;Hawker Fury;;;;;;;;;;X;
MODEL_SPR_12_6;Fokker G.I;;;;;;;;;;X;
MODEL_SPR_12_7;Lavochkin La-5;;;;;;;;;;X;
MODEL_SPR_13_1;Avro 504;;;;;;;;;;X;
MODEL_SPR_13_4;Potez 25;;;;;;;;;;X;
MODEL_SPR_13_5;Nieuport-Delage 52;;;;;;;;;;X;
MODEL_SPR_13_6;Polikarpov I-15 'Chato';;;;;;;;;;X;
MODEL_SPR_13_7;Polikarpov I-16 'Mosca';;;;;;;;;;X;
MODEL_SPR_13_8;Lavochkin, Gorbunov & Goudkov LaGG-3;;;;;;;;;;X;
MODEL_SPR_13_9;Yakovlev Yak-9U;;;;;;;;;;X;
MODEL_SPR_14_1;Potez 540/542;;;;;;;;;;X;
MODEL_SPR_14_2;Bloch MB 210;;;;;;;;;;X;
MODEL_SPR_14_4;Petlyakov Pe-8;;;;;;;;;;X;
MODEL_SPR_15_3;Fokker F.VII;;;;;;;;;;X;
MODEL_SPR_15_4;Ilyushin DB-3;;;;;;;;;;X;
MODEL_SPR_15_5;Tupolev SB-2 'Katiuska';;;;;;;;;;X;
MODEL_SPR_15_6;Petlyakov Pe-2;;;;;;;;;;X;
MODEL_SPR_15_7;Ilyushin Il-4;;;;;;;;;;X;
MODEL_SPR_15_8;Tupolev Tu-2;;;;;;;;;;X;
MODEL_SPR_16_0;Chetverikov ARK-3;;;;;;;;;;X;
MODEL_SPR_16_1;Chetverikov MDR-6;;;;;;;;;;X;
MODEL_SPR_16_3;Ilyushin Il-4;;;;;;;;;;X;
MODEL_SPR_17_0;Fokker C.X;;;;;;;;;;X;
MODEL_SPR_17_1;Polikarpov R-Z;;;;;;;;;;X;
MODEL_SPR_17_2;Ilyushin Il-2M;;;;;;;;;;X;
MODEL_SPR_17_4;Ilyushin Il-10;;;;;;;;;;X;
MODEL_SPR_18_0;Fokker F.XX;;;;;;;;;;X;
MODEL_SPR_18_1;Tupolev G-2 (TB-3);;;;;;;;;;X;
MODEL_SPR_18_2;Lisunov Li-2;;;;;;;;;;X;
MODEL_SPR_18_3;Tupolev ANT-20bis;;;;;;;;;;X;
MODEL_SPR_18_4;Antonov An-2 Colt;;;;;;;;;;X;
#;;;;;;;;;;;X;
MODEL_SWE_12_2;J-1 Phönix 122;;;;;;;;;;X;
MODEL_SWE_12_3;J-3 Fokker C.V;;;;;;;;;;X;
MODEL_SWE_12_4;J-8 Gloster Gladiator;;;;;;;;;;X;
MODEL_SWE_12_5;J-9 Seversky P-35;J-9 Seversky P-35;J-9 Seversky P-35;J-9 Seversky P-35;J-9 Seversky P-35;J-9 Seversky P-35;;;;;X
MODEL_SWE_12_6;J-20B Re.2001 Falco II;J-20B Re.2001 Falco II;J-20B Re.2001 Falco II;J-20B Re.2001 Falco II;J-20B Re.2001 Falco II;J-20B Re.2001 Falco II;;;;;X
MODEL_SWE_12_8;J-30 De Havilland Mosquito;;;;;;;;;;X;
MODEL_SWE_12_9;J-33 De Havilland Venom;;;;;;;;;;X;
MODEL_SWE_13_5;Svenska Aero J 6 Jaktfalk;;;;;;;;;;X;
MODEL_SWE_13_6;FIAT J 11;;;;;;;;;;X;
MODEL_SWE_13_7;Reggiane J 20/Republic J 9;;;;;;;;;;X;
MODEL_SWE_13_8;FFVS J 22;;;;;;;;;;X;
MODEL_SWE_13_9;Saab J 21;;;;;;;;;;X;
MODEL_SWE_13_10;North American J 26;;;;;;;;;;X;
MODEL_SWE_13_11;De Havilland J 28;;;;;;;;;;X;
MODEL_SWE_13_12;Saab J 29 Tunnan;;;;;;;;;;X;
MODEL_SWE_13_13;Saab J 32 Lansen;;;;;;;;;;X;
MODEL_SWE_13_14;J 34 Hawker Hunter;;;;;;;;;;X;
MODEL_SWE_13_15;Saab J 35A Draken;;;;;;;;;;X;
MODEL_SWE_13_16;Saab JA 37 Viggen;;;;;;;;;;X;
MODEL_SWE_14_2;Junkers B 3;;;;;;;;;;X;
MODEL_SWE_14_8;Saab A-36 Vargen;;;;;;;;;;X;
MODEL_SWE_15_4;Hawker Hart B 4;;;;;;;;;;X;
MODEL_SWE_15_5;Caproni B 16;;;;;;;;;;X;
MODEL_SWE_15_6;Saab B 18B;;;;;;;;;;X;
MODEL_SWE_16_0;T1 Heinkel HD 16;;;;;;;;;;X;
MODEL_SWE_16_1;Heinkel He 115;;;;;;;;;;X;
MODEL_SWE_16_2;Saab T 18;;;;;;;;;;X;
MODEL_SWE_16_7;Saab A 32A Lansen;;;;;;;;;;X;
MODEL_SWE_16_8;Saab AJ 37 Viggen;;;;;;;;;;X;
MODEL_SWE_17_0;Saab B 5B;;;;;;;;;;X;
MODEL_SWE_17_1;Saab B 17C;;;;;;;;;;X;
MODEL_SWE_17_2;Saab B 18;;;;;;;;;;X;
MODEL_SWE_17_5;Saab A 21;;;;;;;;;;X;
#;;;;;;;;;;;X;
MODEL_TUR_12_4;Supermarine Spitfire Mk.I;;;;;;;;;;X ;
MODEL_TUR_12_5;Supermarine Spitfire Mk.V;;;;;;;;;;X ;
MODEL_TUR_12_6;Focke-Wulf Fw 190A-3;;;;;;;;;;X ;
MODEL_TUR_12_7;Supermarine Spitfire Mk.XIV;;;;;;;;;;X ;
MODEL_TUR_12_9;Republic F-84G Thunderjet;;;;;;;;;;X ;
MODEL_TUR_13_1;Avro 504;;;;;;;;;;X;
MODEL_TUR_13_5;Curtiss Hawk III;;;;;;;;;;X ;
MODEL_TUR_13_6;Curtiss Falcon;;;;;;;;;;X ;
MODEL_TUR_13_7;PZL P.24;;;;;;;;;;X ;
MODEL_TUR_13_9;Hawker Hurricane IIB;;;;;;;;;;X ;
MODEL_TUR_13_11;Lockheed F-80 Shooting Star;;;;;;;;;;X ;
MODEL_TUR_13_13;North American F-86D Sabre;;;;;;;;;;X ;
MODEL_TUR_14_5;Consolidated B-24J Liberator;;;;;;;;;;X ;
MODEL_TUR_15_4;Bristol Blenheim Mk.I;;;;;;;;;;X ;
MODEL_TUR_15_5;Martin 187 Baltimore;;;;;;;;;;X ;
MODEL_TUR_16_0;Supermarine Southampton II;;;;;;;;;;X ;
MODEL_TUR_16_1;Supermarine Walrus Mk.II;;;;;;;;;;X ;
MODEL_TUR_16_2;Bristol Beaufort;;;;;;;;;;X ;
MODEL_TUR_17_1;Fairey Battle;;;;;;;;;;X ;
MODEL_TUR_17_2;Bristol Blenheim IV;;;;;;;;;;X ;
MODEL_TUR_17_3;Bristol Beaufighter X;;;;;;;;;;X ;
MODEL_TUR_18_0;Tupolev ANT-9;;;;;;;;;;X ;
MODEL_TUR_18_1;Airspeed Oxford I;;;;;;;;;;X ;
MODEL_TUR_18_3;Douglas C-47 Dakota;;;;;;;;;;X ;
MODEL_TUR_18_4;Douglas C-54 Skymaster;;;;;;;;;;X ;
#;;;;;;;;;;;X;
MODEL_URU_13_6;Curtiss Falcon;;;;;;;;;;X;
#;;;;;;;;;;;X;
MODEL_U02_12_4;Gloster Gladiator;;;;;;;;;;X;
MODEL_U02_12_5;Supermarine Spitfire Mk.I;;;;;;;;;;X;
MODEL_U02_12_6;Supermarine Spitfire Mk.IX;;;;;;;;;;X;
MODEL_U02_12_7;Supermarine Spitfire Mk.XIV;;;;;;;;;;X;
MODEL_U02_12_8;Supermarine Spiteful Mk.14;;;;;;;;;;X;
MODEL_U02_12_9;de Havilland Vampire F.8;;;;;;;;;;X;
MODEL_U02_12_10;de Havilland Venom FB.4;;;;;;;;;;X;
MODEL_U02_12_12;Gloster Javelin FAW.7;;;;;;;;;;X;
MODEL_U02_13_7;Bristol Bulldog;;;;;;;;;;X;
MODEL_U02_13_8;Hurricane Mk.I;;;;;;;;;;X;
MODEL_U02_13_9;Hawker Hurricane Mk.IIA;;;;;;;;;;X;
MODEL_U02_13_10;Hawker Typhoon Mk.IA;;;;;;;;;;X;
MODEL_U02_13_11;Gloster Meteor Mk.I;;;;;;;;;;X;
MODEL_U02_13_15;English Electric Lightning F.1;;;;;;;;;;X;
MODEL_U02_14_2;Handley Page Heyford Mk.IA;;;;;;;;;;X;
MODEL_U02_14_3;Armstrong-Whitworth Whitley;;;;;;;;;;X;
MODEL_U02_14_4;Handley Page Halifax Mk.I;;;;;;;;;;X;
MODEL_U02_14_5;Consolidated B-24 Liberator;;;;;;;;;;X;
MODEL_U02_14_8;Vickers Valiant B.1;;;;;;;;;;X;
MODEL_U02_14_9;Vickers Valiant B(K).1;;;;;;;;;;;
MODEL_U02_14_10;Handley Page Victor B.1;;;;;;;;;;X;
MODEL_U02_15_4;Bristol Blenheim Mk.I;;;;;;;;;;X;
MODEL_U02_15_5;Handley Page Hampden Mk.I;;;;;;;;;;X;
MODEL_U02_15_6;Vickers-Armstrong Wellington Mk.III;;;;;;;;;;X;
MODEL_U02_15_8;de Havilland Mosquito B.XVI;;;;;;;;;;X;
MODEL_U02_15_9;de Havilland Venom Mk.I;;;;;;;;;;X;
MODEL_U02_15_11;English Electric Canberra B.(1)8;;;;;;;;;;X;
MODEL_U02_16_0;Supermarine Walrus;;;;;;;;;;X;
MODEL_U02_16_1;Short Sunderland Mk.I;;;;;;;;;;X;
MODEL_U02_16_2;Short Sunderland Mk.III;;;;;;;;;;X;
MODEL_U02_16_3;Short Sunderland Mk.V;;;;;;;;;;X;
MODEL_U02_16_5;de Havilland Sea Vampire Mk.V;;;;;;;;;;X;
MODEL_U02_17_1;Fairey Battle;;;;;;;;;;X;
MODEL_U02_17_2;Vultee A-35;;;;;;;;;;X;
MODEL_U02_17_3;Bristol Beaufighter TF.Mk X;;;;;;;;;;X;
MODEL_U02_17_4;de Havilland Mosquito FB Mk.VI;;;;;;;;;;X;
MODEL_U02_17_5;de Havilland Vampire Mk.V;;;;;;;;;;X;
MODEL_U02_18_0;Bristol Bombay;;;;;;;;;;X;
MODEL_U02_18_1;Armstrong-Whitworth Albemarle Mk.I;;;;;;;;;;X;
MODEL_U02_18_3;Douglas Dakota;;;;;;;;;;X;
MODEL_U02_18_4;Avro 685 York Mk.I;;;;;;;;;;X;
#;;;;;;;;;;;X;
MODEL_U05_12_6;Supermarine Spitfire Mk.IX;;;;;;;;;;X;
MODEL_U05_12_7;Supermarine Spitfire Mk.XIV;;;;;;;;;;X;
MODEL_U05_12_10;Republic F-84F Thunderstreak;;;;;;;;;;X;
MODEL_U05_12_11;Hawker Hunter F.Mk.4;;;;;;;;;;X;
MODEL_U05_13_6;Fokker D.XVI;;;;;;;;;;X;
MODEL_U05_13_7;Fokker D.XVII;;;;;;;;;;X;
MODEL_U05_13_8;Fokker D.XXI;;;;;;;;;;X;
MODEL_U05_13_9;Fokker D.XXIII;;;;;;;;;;X;
MODEL_U05_13_11;Gloster Meteor Mk.4;;;;;;;;;;X;
MODEL_U05_15_4;Fokker T.V;;;;;;;;;;X;
MODEL_U05_15_5;Fokker T.IX;;;;;;;;;;X;
MODEL_U05_15_6;Douglas Boston III;;;;;;;;;;X;
MODEL_U05_15_7;N.American B-25J Mitchell;;;;;;;;;;X;
MODEL_U05_16_0;Fokker T.IVA;;;;;;;;;;X;
MODEL_U05_16_1;Fokker T.VIII-W;;;;;;;;;;X;
MODEL_U05_16_2;Consolidated PBY-5 Catalina;;;;;;;;;;X;
MODEL_U05_17_0;Fokker C.X;;;;;;;;;;X;
MODEL_U05_17_1;Douglas 8A-3N;;;;;;;;;;X;
MODEL_U05_17_2;Douglas A-20G;;;;;;;;;;X;
MODEL_U05_17_4;N.American B-25J Mitchell;;;;;;;;;;X;
MODEL_U05_18_0;Fokker F.XXII;;;;;;;;;;X;
MODEL_U05_18_1;Fokker F.24;;;;;;;;;;X;
MODEL_U05_18_3;Douglas C-47 Dakota;;;;;;;;;;X;
#;;;;;;;;;;;X;
MODEL_U13_12_4;Polikarpov I-16 Ishak;Polikarpov I-16 Ishak;Polikarpov I-16 Ishak;Polikarpov I-16 Ishak;Polikarpov I-16 Ishak;Polikarpov I-16 Ishak;Polikarpov I-16 Ishak;Polikarpov I-16 Ishak;;;X
MODEL_U13_12_5;Mikoyan-Gurevich MiG-3;Mikoyan-Gurevich MiG-3;Mikoyan-Gurevich MiG-3;Mikoyan-Gurevich MiG-3;Mikoyan-Gurevich MiG-3;Mikoyan-Gurevich MiG-3;Mikoyan-Gurevich MiG-3;Mikoyan-Gurevich MiG-3;;;X
MODEL_U13_12_6;Lavochkin La-5;Lavochkin La-5;Lavochkin La-5;Lavochkin La-5;Lavochkin La-5;Lavochkin La-5;Lavochkin La-5;Lavochkin La-5;;;X
MODEL_U13_12_7;Lavochkin La-7;Lavochkin La-7;Lavochkin La-7;Lavochkin La-7;Lavochkin La-7;Lavochkin La-7;Lavochkin La-7;Lavochkin La-7;;;X
MODEL_U13_12_9;Mikoyan-Gurevich MiG-9;Mikoyan-Gurevich MiG-9;Mikoyan-Gurevich MiG-9;Mikoyan-Gurevich MiG-9;Mikoyan-Gurevich MiG-9;Mikoyan-Gurevich MiG-9;Mikoyan-Gurevich MiG-9;Mikoyan-Gurevich MiG-9;;;X
MODEL_U13_12_10;Mikoyan-Guerevich MiG-15;Mikoyan-Guerevich MiG-15;Mikoyan-Guerevich MiG-15;Mikoyan-Guerevich MiG-15;Mikoyan-Guerevich MiG-15;Mikoyan-Guerevich MiG-15;Mikoyan-Guerevich MiG-15;Mikoyan-Guerevich MiG-15;;;X
MODEL_U13_12_11;Mikoyan-Guerevich MiG-17;Mikoyan-Guerevich MiG-17;Mikoyan-Guerevich MiG-17;Mikoyan-Guerevich MiG-17;Mikoyan-Guerevich MiG-17;Mikoyan-Guerevich MiG-17;Mikoyan-Guerevich MiG-17;Mikoyan-Guerevich MiG-17;;;X
MODEL_U13_12_12;Mikoyan-Guerevich MiG-19;Mikoyan-Guerevich MiG-19;Mikoyan-Guerevich MiG-19;Mikoyan-Guerevich MiG-19;Mikoyan-Guerevich MiG-19;Mikoyan-Guerevich MiG-19;Mikoyan-Guerevich MiG-19;Mikoyan-Guerevich MiG-19;;;X
MODEL_U13_12_13;Mikoyan-Gurevich MiG-21;Mikoyan-Gurevich MiG-21;Mikoyan-Gurevich MiG-21;Mikoyan-Gurevich MiG-21;Mikoyan-Gurevich MiG-21;Mikoyan-Gurevich MiG-21;Mikoyan-Gurevich MiG-21;Mikoyan-Gurevich MiG-21;;;X
MODEL_U13_13_7;Polikarpov I-15 Chaika;Polikarpov I-15 Chaika;Polikarpov I-15 Chaika;Polikarpov I-15 Chaika;Polikarpov I-15 Chaika;Polikarpov I-15 Chaika;Polikarpov I-15 Chaika;Polikarpov I-15 Chaika;;;X
MODEL_U13_13_8;Yakovlev Yak-1;Yakovlev Yak-1;Yakovlev Yak-1;Yakovlev Yak-1;Yakovlev Yak-1;Yakovlev Yak-1;Yakovlev Yak-1;Yakovlev Yak-1;;;X
MODEL_U13_13_9;Yakovlev Yak-3;Yakovlev Yak-3;Yakovlev Yak-3;Yakovlev Yak-3;Yakovlev Yak-3;Yakovlev Yak-3;Yakovlev Yak-3;Yakovlev Yak-3;;;X
MODEL_U13_13_10;Yakovlev Yak-9;Yakovlev Yak-9;Yakovlev Yak-9;Yakovlev Yak-9;Yakovlev Yak-9;Yakovlev Yak-9;Yakovlev Yak-9;Yakovlev Yak-9;;;X
MODEL_U13_13_11;Yakovlev Yak-15;Yakovlev Yak-15;Yakovlev Yak-15;Yakovlev Yak-15;Yakovlev Yak-15;Yakovlev Yak-15;Yakovlev Yak-15;Yakovlev Yak-15;;;X
MODEL_U13_13_12;Yakovlev Yak-17;Yakovlev Yak-17;Yakovlev Yak-17;Yakovlev Yak-17;Yakovlev Yak-17;Yakovlev Yak-17;Yakovlev Yak-17;Yakovlev Yak-17;;;X
MODEL_U13_13_13;Lavochkin La-15;Lavochkin La-15;Lavochkin La-15;Lavochkin La-15;Lavochkin La-15;Lavochkin La-15;Lavochkin La-15;Lavochkin La-15;;;X
MODEL_U13_13_14;Yakovlev Yak-23;Yakovlev Yak-23;Yakovlev Yak-23;Yakovlev Yak-23;Yakovlev Yak-23;Yakovlev Yak-23;Yakovlev Yak-23;Yakovlev Yak-23;;;X
MODEL_U13_13_15;Sukhoi Su-9;Sukhoi Su-9;Sukhoi Su-9;Sukhoi Su-9;Sukhoi Su-9;Sukhoi Su-9;Sukhoi Su-9;Sukhoi Su-9;;;X
MODEL_U13_13_16;Sukhoi Su-11;Sukhoi Su-11;Sukhoi Su-11;Sukhoi Su-11;Sukhoi Su-11;Sukhoi Su-11;Sukhoi Su-11;Sukhoi Su-11;;;X
MODEL_U13_32_0;Bereznyak-Isayev BI-1;Bereznyak-Isayev BI-1;Bereznyak-Isayev BI-1;Bereznyak-Isayev BI-1;Bereznyak-Isayev BI-1;Bereznyak-Isayev BI-1;Bereznyak-Isayev BI-1;Bereznyak-Isayev BI-1;;;X
MODEL_U13_32_1;Bereznyak-Isayev BI-6;Bereznyak-Isayev BI-6;Bereznyak-Isayev BI-6;Bereznyak-Isayev BI-6;Bereznyak-Isayev BI-6;Bereznyak-Isayev BI-6;Bereznyak-Isayev BI-6;Bereznyak-Isayev BI-6;;;X
MODEL_U13_15_6;Petlyakov Pe-2 Peshka;Petlyakov Pe-2 Peshka;Petlyakov Pe-2 Peshka;Petlyakov Pe-2 Peshka;Petlyakov Pe-2 Peshka;Petlyakov Pe-2 Peshka;Petlyakov Pe-2 Peshka;Petlyakov Pe-2 Peshka;;;X
MODEL_U13_15_7;Ilyushin Il-4;Ilyushin Il-4;Ilyushin Il-4;Ilyushin Il-4;Ilyushin Il-4;Ilyushin Il-4;Ilyushin Il-4;Ilyushin Il-4;;;X
MODEL_U13_15_8;Tupolev Tu-2;Tupolev Tu-2;Tupolev Tu-2;Tupolev Tu-2;Tupolev Tu-2;Tupolev Tu-2;Tupolev Tu-2;Tupolev Tu-2;;;X
MODEL_U13_15_9;Tupolev Tu-12;Tupolev Tu-12;Tupolev Tu-12;Tupolev Tu-12;Tupolev Tu-12;Tupolev Tu-12;Tupolev Tu-12;Tupolev Tu-12;;;X
MODEL_U13_15_10;Tupolev Tu-82;Tupolev Tu-82;Tupolev Tu-82;Tupolev Tu-82;Tupolev Tu-82;Tupolev Tu-82;Tupolev Tu-82;Tupolev Tu-82;;;X
MODEL_U13_15_11;Ilyushin Il-28;Ilyushin Il-28;Ilyushin Il-28;Ilyushin Il-28;Ilyushin Il-28;Ilyushin Il-28;Ilyushin Il-28;Ilyushin Il-28;;;X
MODEL_U13_15_12;Ilyushin Il-54;Ilyushin Il-54;Ilyushin Il-54;Ilyushin Il-54;Ilyushin Il-54;Ilyushin Il-54;Ilyushin Il-54;Ilyushin Il-54;;;X
MODEL_U13_17_2;Ilyushin Il-2 Shturmovik;Ilyushin Il-2 Shturmovik;Ilyushin Il-2 Shturmovik;Ilyushin Il-2 Shturmovik;Ilyushin Il-2 Shturmovik;Ilyushin Il-2 Shturmovik;Ilyushin Il-2 Shturmovik;Ilyushin Il-2 Shturmovik;;;X
MODEL_U13_17_3;Ilyushin Il-2M Shturmovik;Ilyushin Il-2M Shturmovik;Ilyushin Il-2M Shturmovik;Ilyushin Il-2M Shturmovik;Ilyushin Il-2M Shturmovik;Ilyushin Il-2M Shturmovik;Ilyushin Il-2M Shturmovik;Ilyushin Il-2M Shturmovik;;;X
MODEL_U13_17_4;Ilyushin Il-10;Ilyushin Il-10;Ilyushin Il-10;Ilyushin Il-10;Ilyushin Il-10;Ilyushin Il-10;Ilyushin Il-10;Ilyushin Il-10;;;X
MODEL_U13_17_5;Ilyushin Il-16;Ilyushin Il-16;Ilyushin Il-16;Ilyushin Il-16;Ilyushin Il-16;Ilyushin Il-16;Ilyushin Il-16;Ilyushin Il-16;;;X
MODEL_U13_17_6;Su-7;Su-7;Su-7;Su-7;Su-7;Su-7;Su-7;Su-7;;;X
#;;;;;;;;;;;X;
MODEL_U27_12_4;Polikarpov I-16 Ishak;Polikarpov I-16 Ishak;Polikarpov I-16 Ishak;Polikarpov I-16 Ishak;Polikarpov I-16 Ishak;Polikarpov I-16 Ishak;Polikarpov I-16 Ishak;Polikarpov I-16 Ishak;;;X
MODEL_U27_12_5;Mikoyan-Gurevich MiG-3;Mikoyan-Gurevich MiG-3;Mikoyan-Gurevich MiG-3;Mikoyan-Gurevich MiG-3;Mikoyan-Gurevich MiG-3;Mikoyan-Gurevich MiG-3;Mikoyan-Gurevich MiG-3;Mikoyan-Gurevich MiG-3;;;X
MODEL_U27_12_6;Lavochkin La-5;Lavochkin La-5;Lavochkin La-5;Lavochkin La-5;Lavochkin La-5;Lavochkin La-5;Lavochkin La-5;Lavochkin La-5;;;X
MODEL_U27_12_7;Republic P-47 Thunderbolt;Republic P-47 Thunderbolt;Republic P-47 Thunderbolt;Republic P-47 Thunderbolt;Republic P-47 Thunderbolt;Republic P-47 Thunderbolt;Republic P-47 Thunderbolt;Republic P-47 Thunderbolt;;;X
MODEL_U27_12_8;Ikarus S-49;Ikarus S-49;Ikarus S-49;Ikarus S-49;Ikarus S-49;Ikarus S-49;;Ikarus S-49;;;X;
MODEL_U27_12_9;Republic F-84 Thunderjet;Republic F-84 Thunderjet;Republic F-84 Thunderjet;Republic F-84 Thunderjet;Republic F-84 Thunderjet;Republic F-84 Thunderjet;Republic F-84 Thunderjet;Republic F-84 Thunderjet;;;X
MODEL_U27_12_10;Mikoyan-Guerevich MiG-15;Mikoyan-Guerevich MiG-15;Mikoyan-Guerevich MiG-15;Mikoyan-Guerevich MiG-15;Mikoyan-Guerevich MiG-15;Mikoyan-Guerevich MiG-15;Mikoyan-Guerevich MiG-15;Mikoyan-Guerevich MiG-15;;;X
MODEL_U27_12_11;Mikoyan-Guerevich MiG-17;Mikoyan-Guerevich MiG-17;Mikoyan-Guerevich MiG-17;Mikoyan-Guerevich MiG-17;Mikoyan-Guerevich MiG-17;Mikoyan-Guerevich MiG-17;Mikoyan-Guerevich MiG-17;Mikoyan-Guerevich MiG-17;;;X
MODEL_U27_12_12;Mikoyan-Guerevich MiG-19;Mikoyan-Guerevich MiG-19;Mikoyan-Guerevich MiG-19;Mikoyan-Guerevich MiG-19;Mikoyan-Guerevich MiG-19;Mikoyan-Guerevich MiG-19;Mikoyan-Guerevich MiG-19;Mikoyan-Guerevich MiG-19;;;X
MODEL_U27_12_13;Mikoyan-Gurevich MiG-21;Mikoyan-Gurevich MiG-21;Mikoyan-Gurevich MiG-21;Mikoyan-Gurevich MiG-21;Mikoyan-Gurevich MiG-21;Mikoyan-Gurevich MiG-21;Mikoyan-Gurevich MiG-21;Mikoyan-Gurevich MiG-21;;;X
MODEL_U27_13_7;Polikarpov I-15 Chaika;Polikarpov I-15 Chaika;Polikarpov I-15 Chaika;Polikarpov I-15 Chaika;Polikarpov I-15 Chaika;Polikarpov I-15 Chaika;Polikarpov I-15 Chaika;Polikarpov I-15 Chaika;;;X
MODEL_U27_13_8;Yakovlev Yak-1;Yakovlev Yak-1;Yakovlev Yak-1;Yakovlev Yak-1;Yakovlev Yak-1;Yakovlev Yak-1;Yakovlev Yak-1;Yakovlev Yak-1;;;X
MODEL_U27_13_9;Yakovlev Yak-3;Yakovlev Yak-3;Yakovlev Yak-3;Yakovlev Yak-3;Yakovlev Yak-3;Yakovlev Yak-3;Yakovlev Yak-3;Yakovlev Yak-3;;;X
MODEL_U27_13_10;Yakovlev Yak-9;Yakovlev Yak-9;Yakovlev Yak-9;Yakovlev Yak-9;Yakovlev Yak-9;Yakovlev Yak-9;Yakovlev Yak-9;Yakovlev Yak-9;;;X
MODEL_U27_13_11;Yakovlev Yak-15;Yakovlev Yak-15;Yakovlev Yak-15;Yakovlev Yak-15;Yakovlev Yak-15;Yakovlev Yak-15;Yakovlev Yak-15;Yakovlev Yak-15;;;X
MODEL_U27_13_12;Canadair CL-13 Sabre;Canadair CL-13 Sabre;Canadair CL-13 Sabre;Canadair CL-13 Sabre;Canadair CL-13 Sabre;Canadair CL-13 Sabre;;Canadair CL-13 Sabre;;;X
MODEL_U27_13_13;Lavochkin La-15;Lavochkin La-15;Lavochkin La-15;Lavochkin La-15;Lavochkin La-15;Lavochkin La-15;Lavochkin La-15;Lavochkin La-15;;;X
MODEL_U27_13_14;Yakovlev Yak-23;Yakovlev Yak-23;Yakovlev Yak-23;Yakovlev Yak-23;Yakovlev Yak-23;Yakovlev Yak-23;Yakovlev Yak-23;Yakovlev Yak-23;;;X
MODEL_U27_13_15;Sukhoi Su-9;Sukhoi Su-9;Sukhoi Su-9;Sukhoi Su-9;Sukhoi Su-9;Sukhoi Su-9;Sukhoi Su-9;Sukhoi Su-9;;;X
MODEL_U27_13_16;Sukhoi Su-11;Sukhoi Su-11;Sukhoi Su-11;Sukhoi Su-11;Sukhoi Su-11;Sukhoi Su-11;Sukhoi Su-11;Sukhoi Su-11;;;X
MODEL_U27_32_0;Bereznyak-Isayev BI-1;Bereznyak-Isayev BI-1;Bereznyak-Isayev BI-1;Bereznyak-Isayev BI-1;Bereznyak-Isayev BI-1;Bereznyak-Isayev BI-1;Bereznyak-Isayev BI-1;Bereznyak-Isayev BI-1;;;X
MODEL_U27_32_1;Bereznyak-Isayev BI-6;Bereznyak-Isayev BI-6;Bereznyak-Isayev BI-6;Bereznyak-Isayev BI-6;Bereznyak-Isayev BI-6;Bereznyak-Isayev BI-6;Bereznyak-Isayev BI-6;Bereznyak-Isayev BI-6;;;X
MODEL_U27_15_6;Petlyakov Pe-2 Peshka;Petlyakov Pe-2 Peshka;Petlyakov Pe-2 Peshka;Petlyakov Pe-2 Peshka;Petlyakov Pe-2 Peshka;Petlyakov Pe-2 Peshka;Petlyakov Pe-2 Peshka;Petlyakov Pe-2 Peshka;;;X
MODEL_U27_15_7;Ilyushin Il-4;Ilyushin Il-4;Ilyushin Il-4;Ilyushin Il-4;Ilyushin Il-4;Ilyushin Il-4;Ilyushin Il-4;Ilyushin Il-4;;;X
MODEL_U27_15_8;De Havilland Mosquito;De Havilland Mosquito;De Havilland Mosquito;De Havilland Mosquito;De Havilland Mosquito;De Havilland Mosquito;De Havilland Mosquito;De Havilland Mosquito;;;X
MODEL_U27_15_9;Tupolev Tu-12;Tupolev Tu-12;Tupolev Tu-12;Tupolev Tu-12;Tupolev Tu-12;Tupolev Tu-12;Tupolev Tu-12;Tupolev Tu-12;;;X
MODEL_U27_15_10;Tupolev Tu-82;Tupolev Tu-82;Tupolev Tu-82;Tupolev Tu-82;Tupolev Tu-82;Tupolev Tu-82;Tupolev Tu-82;Tupolev Tu-82;;;X
MODEL_U27_15_11;Ilyushin Il-28;Ilyushin Il-28;Ilyushin Il-28;Ilyushin Il-28;Ilyushin Il-28;Ilyushin Il-28;Ilyushin Il-28;Ilyushin Il-28;;;X
MODEL_U27_15_12;Ilyushin Il-54;Ilyushin Il-54;Ilyushin Il-54;Ilyushin Il-54;Ilyushin Il-54;Ilyushin Il-54;Ilyushin Il-54;Ilyushin Il-54;;;X
MODEL_U27_17_2;Ilyushin Il-2 Shturmovik;Ilyushin Il-2 Shturmovik;Ilyushin Il-2 Shturmovik;Ilyushin Il-2 Shturmovik;Ilyushin Il-2 Shturmovik;Ilyushin Il-2 Shturmovik;Ilyushin Il-2 Shturmovik;Ilyushin Il-2 Shturmovik;;;X
MODEL_U27_17_3;Ilyushin Il-2M Shturmovik;Ilyushin Il-2M Shturmovik;Ilyushin Il-2M Shturmovik;Ilyushin Il-2M Shturmovik;Ilyushin Il-2M Shturmovik;Ilyushin Il-2M Shturmovik;Ilyushin Il-2M Shturmovik;Ilyushin Il-2M Shturmovik;;;X
MODEL_U27_17_4;Ilyushin Il-10;Ilyushin Il-10;Ilyushin Il-10;Ilyushin Il-10;Ilyushin Il-10;Ilyushin Il-10;Ilyushin Il-10;Ilyushin Il-10;;;X
MODEL_U27_17_5;Ilyushin Il-16;Ilyushin Il-16;Ilyushin Il-16;Ilyushin Il-16;Ilyushin Il-16;Ilyushin Il-16;Ilyushin Il-16;Ilyushin Il-16;;;X
MODEL_U27_17_6;Soko J-21 Jastreb;Soko J-21 Jastreb;Soko J-21 Jastreb;Soko J-21 Jastreb;Soko J-21 Jastreb;Soko J-21 Jastreb;;Soko J-21 Jastreb;;;X
#;;;;;;;;;;;X;
MODEL_U29_12_4;Polikarpov I-16 Ishak;Polikarpov I-16 Ishak;Polikarpov I-16 Ishak;Polikarpov I-16 Ishak;Polikarpov I-16 Ishak;Polikarpov I-16 Ishak;Polikarpov I-16 Ishak;Polikarpov I-16 Ishak;;;X
MODEL_U29_12_5;Mikoyan-Gurevich MiG-3;Mikoyan-Gurevich MiG-3;Mikoyan-Gurevich MiG-3;Mikoyan-Gurevich MiG-3;Mikoyan-Gurevich MiG-3;Mikoyan-Gurevich MiG-3;Mikoyan-Gurevich MiG-3;Mikoyan-Gurevich MiG-3;;;X
MODEL_U29_12_6;Lavochkin La-5;Lavochkin La-5;Lavochkin La-5;Lavochkin La-5;Lavochkin La-5;Lavochkin La-5;Lavochkin La-5;Lavochkin La-5;;;X
MODEL_U29_12_7;Lavochkin La-7;Lavochkin La-7;Lavochkin La-7;Lavochkin La-7;Lavochkin La-7;Lavochkin La-7;Lavochkin La-7;Lavochkin La-7;;;X
MODEL_U29_12_9;Mikoyan-Gurevich MiG-9;Mikoyan-Gurevich MiG-9;Mikoyan-Gurevich MiG-9;Mikoyan-Gurevich MiG-9;Mikoyan-Gurevich MiG-9;Mikoyan-Gurevich MiG-9;Mikoyan-Gurevich MiG-9;Mikoyan-Gurevich MiG-9;;;X
MODEL_U29_12_10;Mikoyan-Guerevich MiG-15;Mikoyan-Guerevich MiG-15;Mikoyan-Guerevich MiG-15;Mikoyan-Guerevich MiG-15;Mikoyan-Guerevich MiG-15;Mikoyan-Guerevich MiG-15;Mikoyan-Guerevich MiG-15;Mikoyan-Guerevich MiG-15;;;X
MODEL_U29_12_11;Mikoyan-Guerevich MiG-17;Mikoyan-Guerevich MiG-17;Mikoyan-Guerevich MiG-17;Mikoyan-Guerevich MiG-17;Mikoyan-Guerevich MiG-17;Mikoyan-Guerevich MiG-17;Mikoyan-Guerevich MiG-17;Mikoyan-Guerevich MiG-17;;;X
MODEL_U29_12_12;Mikoyan-Guerevich MiG-19;Mikoyan-Guerevich MiG-19;Mikoyan-Guerevich MiG-19;Mikoyan-Guerevich MiG-19;Mikoyan-Guerevich MiG-19;Mikoyan-Guerevich MiG-19;Mikoyan-Guerevich MiG-19;Mikoyan-Guerevich MiG-19;;;X
MODEL_U29_12_13;Mikoyan-Gurevich MiG-21;Mikoyan-Gurevich MiG-21;Mikoyan-Gurevich MiG-21;Mikoyan-Gurevich MiG-21;Mikoyan-Gurevich MiG-21;Mikoyan-Gurevich MiG-21;Mikoyan-Gurevich MiG-21;Mikoyan-Gurevich MiG-21;;;X
MODEL_U29_13_7;Polikarpov I-15 Chaika;Polikarpov I-15 Chaika;Polikarpov I-15 Chaika;Polikarpov I-15 Chaika;Polikarpov I-15 Chaika;Polikarpov I-15 Chaika;Polikarpov I-15 Chaika;Polikarpov I-15 Chaika;;;X
MODEL_U29_13_8;Yakovlev Yak-1;Yakovlev Yak-1;Yakovlev Yak-1;Yakovlev Yak-1;Yakovlev Yak-1;Yakovlev Yak-1;Yakovlev Yak-1;Yakovlev Yak-1;;;X
MODEL_U29_13_9;Yakovlev Yak-3;Yakovlev Yak-3;Yakovlev Yak-3;Yakovlev Yak-3;Yakovlev Yak-3;Yakovlev Yak-3;Yakovlev Yak-3;Yakovlev Yak-3;;;X
MODEL_U29_13_10;Yakovlev Yak-9;Yakovlev Yak-9;Yakovlev Yak-9;Yakovlev Yak-9;Yakovlev Yak-9;Yakovlev Yak-9;Yakovlev Yak-9;Yakovlev Yak-9;;;X
MODEL_U29_13_11;Yakovlev Yak-15;Yakovlev Yak-15;Yakovlev Yak-15;Yakovlev Yak-15;Yakovlev Yak-15;Yakovlev Yak-15;Yakovlev Yak-15;Yakovlev Yak-15;;;X
MODEL_U29_13_12;Yakovlev Yak-17;Yakovlev Yak-17;Yakovlev Yak-17;Yakovlev Yak-17;Yakovlev Yak-17;Yakovlev Yak-17;Yakovlev Yak-17;Yakovlev Yak-17;;;X
MODEL_U29_13_13;Lavochkin La-15;Lavochkin La-15;Lavochkin La-15;Lavochkin La-15;Lavochkin La-15;Lavochkin La-15;Lavochkin La-15;Lavochkin La-15;;;X
MODEL_U29_13_14;Yakovlev Yak-23;Yakovlev Yak-23;Yakovlev Yak-23;Yakovlev Yak-23;Yakovlev Yak-23;Yakovlev Yak-23;Yakovlev Yak-23;Yakovlev Yak-23;;;X
MODEL_U29_13_15;Sukhoi Su-9;Sukhoi Su-9;Sukhoi Su-9;Sukhoi Su-9;Sukhoi Su-9;Sukhoi Su-9;Sukhoi Su-9;Sukhoi Su-9;;;X
MODEL_U29_13_16;Sukhoi Su-11;Sukhoi Su-11;Sukhoi Su-11;Sukhoi Su-11;Sukhoi Su-11;Sukhoi Su-11;Sukhoi Su-11;Sukhoi Su-11;;;X
MODEL_U29_32_0;Bereznyak-Isayev BI-1;Bereznyak-Isayev BI-1;Bereznyak-Isayev BI-1;Bereznyak-Isayev BI-1;Bereznyak-Isayev BI-1;Bereznyak-Isayev BI-1;Bereznyak-Isayev BI-1;Bereznyak-Isayev BI-1;;;X
MODEL_U29_32_1;Bereznyak-Isayev BI-6;Bereznyak-Isayev BI-6;Bereznyak-Isayev BI-6;Bereznyak-Isayev BI-6;Bereznyak-Isayev BI-6;Bereznyak-Isayev BI-6;Bereznyak-Isayev BI-6;Bereznyak-Isayev BI-6;;;X
MODEL_U29_15_6;Petlyakov Pe-2 Peshka;Petlyakov Pe-2 Peshka;Petlyakov Pe-2 Peshka;Petlyakov Pe-2 Peshka;Petlyakov Pe-2 Peshka;Petlyakov Pe-2 Peshka;Petlyakov Pe-2 Peshka;Petlyakov Pe-2 Peshka;;;X
MODEL_U29_15_7;Ilyushin Il-4;Ilyushin Il-4;Ilyushin Il-4;Ilyushin Il-4;Ilyushin Il-4;Ilyushin Il-4;Ilyushin Il-4;Ilyushin Il-4;;;X
MODEL_U29_15_8;Tupolev Tu-2;Tupolev Tu-2;Tupolev Tu-2;Tupolev Tu-2;Tupolev Tu-2;Tupolev Tu-2;Tupolev Tu-2;Tupolev Tu-2;;;X
MODEL_U29_15_9;Tupolev Tu-12;Tupolev Tu-12;Tupolev Tu-12;Tupolev Tu-12;Tupolev Tu-12;Tupolev Tu-12;Tupolev Tu-12;Tupolev Tu-12;;;X
MODEL_U29_15_10;Tupolev Tu-82;Tupolev Tu-82;Tupolev Tu-82;Tupolev Tu-82;Tupolev Tu-82;Tupolev Tu-82;Tupolev Tu-82;Tupolev Tu-82;;;X
MODEL_U29_15_11;Ilyushin Il-28;Ilyushin Il-28;Ilyushin Il-28;Ilyushin Il-28;Ilyushin Il-28;Ilyushin Il-28;Ilyushin Il-28;Ilyushin Il-28;;;X
MODEL_U29_15_12;Ilyushin Il-54;Ilyushin Il-54;Ilyushin Il-54;Ilyushin Il-54;Ilyushin Il-54;Ilyushin Il-54;Ilyushin Il-54;Ilyushin Il-54;;;X
MODEL_U29_17_2;Ilyushin Il-2 Shturmovik;Ilyushin Il-2 Shturmovik;Ilyushin Il-2 Shturmovik;Ilyushin Il-2 Shturmovik;Ilyushin Il-2 Shturmovik;Ilyushin Il-2 Shturmovik;Ilyushin Il-2 Shturmovik;Ilyushin Il-2 Shturmovik;;;X
MODEL_U29_17_3;Ilyushin Il-2M Shturmovik;Ilyushin Il-2M Shturmovik;Ilyushin Il-2M Shturmovik;Ilyushin Il-2M Shturmovik;Ilyushin Il-2M Shturmovik;Ilyushin Il-2M Shturmovik;Ilyushin Il-2M Shturmovik;Ilyushin Il-2M Shturmovik;;;X
MODEL_U29_17_4;Ilyushin Il-10;Ilyushin Il-10;Ilyushin Il-10;Ilyushin Il-10;Ilyushin Il-10;Ilyushin Il-10;Ilyushin Il-10;Ilyushin Il-10;;;X
MODEL_U29_17_5;Ilyushin Il-16;Ilyushin Il-16;Ilyushin Il-16;Ilyushin Il-16;Ilyushin Il-16;Ilyushin Il-16;Ilyushin Il-16;Ilyushin Il-16;;;X
MODEL_U29_17_6;Su-7;Su-7;Su-7;Su-7;Su-7;Su-7;Su-7;Su-7;;;X
#;;;;;;;;;;;X;
MODEL_U30_12_4;Polikarpov I-16 Ishak;Polikarpov I-16 Ishak;Polikarpov I-16 Ishak;Polikarpov I-16 Ishak;Polikarpov I-16 Ishak;Polikarpov I-16 Ishak;Polikarpov I-16 Ishak;Polikarpov I-16 Ishak;;;X
MODEL_U30_12_5;Mikoyan-Gurevich MiG-3;Mikoyan-Gurevich MiG-3;Mikoyan-Gurevich MiG-3;Mikoyan-Gurevich MiG-3;Mikoyan-Gurevich MiG-3;Mikoyan-Gurevich MiG-3;Mikoyan-Gurevich MiG-3;Mikoyan-Gurevich MiG-3;;;X
MODEL_U30_12_6;Lavochkin La-5;Lavochkin La-5;Lavochkin La-5;Lavochkin La-5;Lavochkin La-5;Lavochkin La-5;Lavochkin La-5;Lavochkin La-5;;;X
MODEL_U30_12_7;Lavochkin La-7;Lavochkin La-7;Lavochkin La-7;Lavochkin La-7;Lavochkin La-7;Lavochkin La-7;Lavochkin La-7;Lavochkin La-7;;;X
MODEL_U30_12_9;Mikoyan-Gurevich MiG-9;Mikoyan-Gurevich MiG-9;Mikoyan-Gurevich MiG-9;Mikoyan-Gurevich MiG-9;Mikoyan-Gurevich MiG-9;Mikoyan-Gurevich MiG-9;Mikoyan-Gurevich MiG-9;Mikoyan-Gurevich MiG-9;;;X
MODEL_U30_12_10;Mikoyan-Guerevich MiG-15;Mikoyan-Guerevich MiG-15;Mikoyan-Guerevich MiG-15;Mikoyan-Guerevich MiG-15;Mikoyan-Guerevich MiG-15;Mikoyan-Guerevich MiG-15;Mikoyan-Guerevich MiG-15;Mikoyan-Guerevich MiG-15;;;X
MODEL_U30_12_11;Mikoyan-Guerevich MiG-17;Mikoyan-Guerevich MiG-17;Mikoyan-Guerevich MiG-17;Mikoyan-Guerevich MiG-17;Mikoyan-Guerevich MiG-17;Mikoyan-Guerevich MiG-17;Mikoyan-Guerevich MiG-17;Mikoyan-Guerevich MiG-17;;;X
MODEL_U30_12_12;Mikoyan-Guerevich MiG-19;Mikoyan-Guerevich MiG-19;Mikoyan-Guerevich MiG-19;Mikoyan-Guerevich MiG-19;Mikoyan-Guerevich MiG-19;Mikoyan-Guerevich MiG-19;Mikoyan-Guerevich MiG-19;Mikoyan-Guerevich MiG-19;;;X
MODEL_U30_12_13;Mikoyan-Gurevich MiG-21;Mikoyan-Gurevich MiG-21;Mikoyan-Gurevich MiG-21;Mikoyan-Gurevich MiG-21;Mikoyan-Gurevich MiG-21;Mikoyan-Gurevich MiG-21;Mikoyan-Gurevich MiG-21;Mikoyan-Gurevich MiG-21;;;X
MODEL_U30_13_7;Polikarpov I-15 Chaika;Polikarpov I-15 Chaika;Polikarpov I-15 Chaika;Polikarpov I-15 Chaika;Polikarpov I-15 Chaika;Polikarpov I-15 Chaika;Polikarpov I-15 Chaika;Polikarpov I-15 Chaika;;;X
MODEL_U30_13_8;Yakovlev Yak-1;Yakovlev Yak-1;Yakovlev Yak-1;Yakovlev Yak-1;Yakovlev Yak-1;Yakovlev Yak-1;Yakovlev Yak-1;Yakovlev Yak-1;;;X
MODEL_U30_13_9;Yakovlev Yak-3;Yakovlev Yak-3;Yakovlev Yak-3;Yakovlev Yak-3;Yakovlev Yak-3;Yakovlev Yak-3;Yakovlev Yak-3;Yakovlev Yak-3;;;X
MODEL_U30_13_10;Yakovlev Yak-9;Yakovlev Yak-9;Yakovlev Yak-9;Yakovlev Yak-9;Yakovlev Yak-9;Yakovlev Yak-9;Yakovlev Yak-9;Yakovlev Yak-9;;;X
MODEL_U30_13_11;Yakovlev Yak-15;Yakovlev Yak-15;Yakovlev Yak-15;Yakovlev Yak-15;Yakovlev Yak-15;Yakovlev Yak-15;Yakovlev Yak-15;Yakovlev Yak-15;;;X
MODEL_U30_13_12;Yakovlev Yak-17;Yakovlev Yak-17;Yakovlev Yak-17;Yakovlev Yak-17;Yakovlev Yak-17;Yakovlev Yak-17;Yakovlev Yak-17;Yakovlev Yak-17;;;X
MODEL_U30_13_13;Lavochkin La-15;Lavochkin La-15;Lavochkin La-15;Lavochkin La-15;Lavochkin La-15;Lavochkin La-15;Lavochkin La-15;Lavochkin La-15;;;X
MODEL_U30_13_14;Yakovlev Yak-23;Yakovlev Yak-23;Yakovlev Yak-23;Yakovlev Yak-23;Yakovlev Yak-23;Yakovlev Yak-23;Yakovlev Yak-23;Yakovlev Yak-23;;;X
MODEL_U30_13_15;Sukhoi Su-9;Sukhoi Su-9;Sukhoi Su-9;Sukhoi Su-9;Sukhoi Su-9;Sukhoi Su-9;Sukhoi Su-9;Sukhoi Su-9;;;X
MODEL_U30_13_16;Sukhoi Su-11;Sukhoi Su-11;Sukhoi Su-11;Sukhoi Su-11;Sukhoi Su-11;Sukhoi Su-11;Sukhoi Su-11;Sukhoi Su-11;;;X
MODEL_U30_32_0;Bereznyak-Isayev BI-1;Bereznyak-Isayev BI-1;Bereznyak-Isayev BI-1;Bereznyak-Isayev BI-1;Bereznyak-Isayev BI-1;Bereznyak-Isayev BI-1;Bereznyak-Isayev BI-1;Bereznyak-Isayev BI-1;;;X
MODEL_U30_32_1;Bereznyak-Isayev BI-6;Bereznyak-Isayev BI-6;Bereznyak-Isayev BI-6;Bereznyak-Isayev BI-6;Bereznyak-Isayev BI-6;Bereznyak-Isayev BI-6;Bereznyak-Isayev BI-6;Bereznyak-Isayev BI-6;;;X
MODEL_U30_15_6;Petlyakov Pe-2 Peshka;Petlyakov Pe-2 Peshka;Petlyakov Pe-2 Peshka;Petlyakov Pe-2 Peshka;Petlyakov Pe-2 Peshka;Petlyakov Pe-2 Peshka;Petlyakov Pe-2 Peshka;Petlyakov Pe-2 Peshka;;;X
MODEL_U30_15_7;Ilyushin Il-4;Ilyushin Il-4;Ilyushin Il-4;Ilyushin Il-4;Ilyushin Il-4;Ilyushin Il-4;Ilyushin Il-4;Ilyushin Il-4;;;X
MODEL_U30_15_8;Tupolev Tu-2;Tupolev Tu-2;Tupolev Tu-2;Tupolev Tu-2;Tupolev Tu-2;Tupolev Tu-2;Tupolev Tu-2;Tupolev Tu-2;;;X
MODEL_U30_15_9;Tupolev Tu-12;Tupolev Tu-12;Tupolev Tu-12;Tupolev Tu-12;Tupolev Tu-12;Tupolev Tu-12;Tupolev Tu-12;Tupolev Tu-12;;;X
MODEL_U30_15_10;Tupolev Tu-82;Tupolev Tu-82;Tupolev Tu-82;Tupolev Tu-82;Tupolev Tu-82;Tupolev Tu-82;Tupolev Tu-82;Tupolev Tu-82;;;X
MODEL_U30_15_11;Ilyushin Il-28;Ilyushin Il-28;Ilyushin Il-28;Ilyushin Il-28;Ilyushin Il-28;Ilyushin Il-28;Ilyushin Il-28;Ilyushin Il-28;;;X
MODEL_U30_15_12;Ilyushin Il-54;Ilyushin Il-54;Ilyushin Il-54;Ilyushin Il-54;Ilyushin Il-54;Ilyushin Il-54;Ilyushin Il-54;Ilyushin Il-54;;;X
MODEL_U30_17_2;Ilyushin Il-2 Shturmovik;Ilyushin Il-2 Shturmovik;Ilyushin Il-2 Shturmovik;Ilyushin Il-2 Shturmovik;Ilyushin Il-2 Shturmovik;Ilyushin Il-2 Shturmovik;Ilyushin Il-2 Shturmovik;Ilyushin Il-2 Shturmovik;;;X
MODEL_U30_17_3;Ilyushin Il-2M Shturmovik;Ilyushin Il-2M Shturmovik;Ilyushin Il-2M Shturmovik;Ilyushin Il-2M Shturmovik;Ilyushin Il-2M Shturmovik;Ilyushin Il-2M Shturmovik;Ilyushin Il-2M Shturmovik;Ilyushin Il-2M Shturmovik;;;X
MODEL_U30_17_4;Ilyushin Il-10;Ilyushin Il-10;Ilyushin Il-10;Ilyushin Il-10;Ilyushin Il-10;Ilyushin Il-10;Ilyushin Il-10;Ilyushin Il-10;;;X
MODEL_U30_17_5;Ilyushin Il-16;Ilyushin Il-16;Ilyushin Il-16;Ilyushin Il-16;Ilyushin Il-16;Ilyushin Il-16;Ilyushin Il-16;Ilyushin Il-16;;;X
MODEL_U30_17_6;Su-7;Su-7;Su-7;Su-7;Su-7;Su-7;Su-7;Su-7;;;X
#;;;;;;;;;;;X;
MODEL_U31_13_11;Yakovlev Yak-15;Yakovlev Yak-15;Yakovlev Yak-15;Yakovlev Yak-15;Yakovlev Yak-15;Yakovlev Yak-15;Yakovlev Yak-15;Yakovlev Yak-15;;;X
MODEL_U31_13_14;Yakovlev Yak-23;Yakovlev Yak-23;Yakovlev Yak-23;Yakovlev Yak-23;Yakovlev Yak-23;Yakovlev Yak-23;Yakovlev Yak-23;Yakovlev Yak-23;;;X
#;;;;;;;;;;;X;
MODEL_U32_12_9;Mikoyan-Gurevich MiG-9;Mikoyan-Gurevich MiG-9;Mikoyan-Gurevich MiG-9;Mikoyan-Gurevich MiG-9;Mikoyan-Gurevich MiG-9;Mikoyan-Gurevich MiG-9;Mikoyan-Gurevich MiG-9;Mikoyan-Gurevich MiG-9;;;X
MODEL_U32_12_10;Mikoyan-Gurevich MiG-15;Mikoyan-Gurevich MiG-15;Mikoyan-Gurevich MiG-15;Mikoyan-Gurevich MiG-15;Mikoyan-Gurevich MiG-15;Mikoyan-Gurevich MiG-15;Mikoyan-Gurevich MiG-15;Mikoyan-Gurevich MiG-15;;;X
MODEL_U32_12_11;WSK LIM-6P;WSK LIM-6P;WSK LIM-6P;WSK LIM-6P;WSK LIM-6P;WSK LIM-6P;;WSK LIM-6P;;;X
MODEL_U32_12_12;Mikoyan-Gurevich MiG-19;Mikoyan-Gurevich MiG-19;Mikoyan-Gurevich MiG-19;Mikoyan-Gurevich MiG-19;Mikoyan-Gurevich MiG-19;Mikoyan-Gurevich MiG-19;Mikoyan-Gurevich MiG-19;Mikoyan-Gurevich MiG-19;;;X
MODEL_U32_12_13;Mikoyan-Gurevich MiG-21;Mikoyan-Gurevich MiG-21;Mikoyan-Gurevich MiG-21;Mikoyan-Gurevich MiG-21;Mikoyan-Gurevich MiG-21;Mikoyan-Gurevich MiG-21;Mikoyan-Gurevich MiG-21;Mikoyan-Gurevich MiG-21;;;X
MODEL_U32_13_9;WSK Mielec LIM-1;WSK Mielec LIM-1;WSK Mielec LIM-1;WSK Mielec LIM-1;WSK Mielec LIM-1;WSK Mielec LIM-1;;WSK Mielec LIM-1;;;X
MODEL_U32_13_10;WSK LIM-2;WSK LIM-2;WSK LIM-2;WSK LIM-2;WSK LIM-2;WSK LIM-2;;WSK LIM-2;;;X
MODEL_U32_13_11;Yakovlev Yak-15;Yakovlev Yak-15;Yakovlev Yak-15;Yakovlev Yak-15;Yakovlev Yak-15;Yakovlev Yak-15;Yakovlev Yak-15;Yakovlev Yak-15;;;X
MODEL_U32_13_12;Yakovlev Yak-17;Yakovlev Yak-17;Yakovlev Yak-17;Yakovlev Yak-17;Yakovlev Yak-17;Yakovlev Yak-17;Yakovlev Yak-17;Yakovlev Yak-17;;;X
MODEL_U32_13_13;Lavochkin La-15;Lavochkin La-15;Lavochkin La-15;Lavochkin La-15;Lavochkin La-15;Lavochkin La-15;Lavochkin La-15;Lavochkin La-15;;;X
MODEL_U32_13_14;Yakovlev Yak-23;Yakovlev Yak-23;Yakovlev Yak-23;Yakovlev Yak-23;Yakovlev Yak-23;Yakovlev Yak-23;Yakovlev Yak-23;Yakovlev Yak-23;;;X
MODEL_U32_13_15;Sukhoi Su-9;Sukhoi Su-9;Sukhoi Su-9;Sukhoi Su-9;Sukhoi Su-9;Sukhoi Su-9;Sukhoi Su-9;Sukhoi Su-9;;;X
MODEL_U32_13_16;Sukhoi Su-11;Sukhoi Su-11;Sukhoi Su-11;Sukhoi Su-11;Sukhoi Su-11;Sukhoi Su-11;Sukhoi Su-11;Sukhoi Su-11;;;X
MODEL_U32_14_6;Myasishchev M-4;Myasishchev M-4;Myasishchev M-4;Myasishchev M-4;Myasishchev M-4;Myasishchev M-4;Myasishchev M-4;Myasishchev M-4;;;X
MODEL_U32_14_7;Tupolev Tu-16;Tupolev Tu-16;Tupolev Tu-16;Tupolev Tu-16;Tupolev Tu-16;Tupolev Tu-16;Tupolev Tu-16;Tupolev Tu-16;;;X
MODEL_U32_14_8;Tupolev Tu-95;Tupolev Tu-95;Tupolev Tu-95;Tupolev Tu-95;Tupolev Tu-95;Tupolev Tu-95;Tupolev Tu-95;Tupolev Tu-95;;;X
MODEL_U32_14_9;Myasishchev M-50;Myasishchev M-50;Myasishchev M-50;Myasishchev M-50;Myasishchev M-50;Myasishchev M-50;Myasishchev M-50;Myasishchev M-50;;;X
MODEL_U32_15_9;Tupolev Tu-12;Tupolev Tu-12;Tupolev Tu-12;Tupolev Tu-12;Tupolev Tu-12;Tupolev Tu-12;Tupolev Tu-12;Tupolev Tu-12;;;X
MODEL_U32_15_10;Tupolev Tu-82;Tupolev Tu-82;Tupolev Tu-82;Tupolev Tu-82;Tupolev Tu-82;Tupolev Tu-82;Tupolev Tu-82;Tupolev Tu-82;;;X
MODEL_U32_15_11;Ilyushin Il-28;Ilyushin Il-28;Ilyushin Il-28;Ilyushin Il-28;Ilyushin Il-28;Ilyushin Il-28;Ilyushin Il-28;Ilyushin Il-28;;;X
MODEL_U32_16_3;Ilyushin Il-4T;Ilyushin Il-4T;Ilyushin Il-4T;Ilyushin Il-4T;Ilyushin Il-4T;Ilyushin Il-4T;Ilyushin Il-4T;Ilyushin Il-4T;;;X
MODEL_U32_16_4;Tupolev Tu-2T;Tupolev Tu-2T;Tupolev Tu-2T;Tupolev Tu-2T;Tupolev Tu-2T;Tupolev Tu-2T;Tupolev Tu-2T;Tupolev Tu-2T;;;X
MODEL_U32_16_6;Beriev Be-6;Beriev Be-6;Beriev Be-6;Beriev Be-6;Beriev Be-6;Beriev Be-6;;Beriev Be-6;;;X
MODEL_U32_16_8;Beriev Be-12;Beriev Be-12;Beriev Be-12;Beriev Be-12;Beriev Be-12;Beriev Be-12;;Beriev Be-12;;;X
MODEL_U32_17_2;Ilyushin Il-2;Ilyushin Il-2;Ilyushin Il-2;Ilyushin Il-2;Ilyushin Il-2;Ilyushin Il-2;;Ilyushin Il-2;;;X
MODEL_U32_17_3;Ilyushin Il-2M;Ilyushin Il-2M;Ilyushin Il-2M;Ilyushin Il-2M;Ilyushin Il-2M;Ilyushin Il-2M;Ilyushin Il-2M;Ilyushin Il-2M;;;X
MODEL_U32_17_4;Ilyushin Il-10;Ilyushin Il-10;Ilyushin Il-10;Ilyushin Il-10;Ilyushin Il-10;Ilyushin Il-10;Ilyushin Il-10;Ilyushin Il-10;;;X
MODEL_U32_17_6;Su-7;Su-7;Su-7;Su-7;Su-7;Su-7;Su-7;Su-7;;;X
MODEL_U32_18_3;Ilyushin Il-12;Ilyushin Il-12;Ilyushin Il-12;Ilyushin Il-12;Ilyushin Il-12;Ilyushin Il-12;Ilyushin Il-12;Ilyushin Il-12;;;X
MODEL_U32_18_4;Antonov An-2;Antonov An-2;Antonov An-2;Antonov An-2;Antonov An-2;Antonov An-2;;Antonov An-2;;;X
MODEL_U32_18_5;Antonov An-8;Antonov An-8;Antonov An-8;Antonov An-8;Antonov An-8;Antonov An-8;;Antonov An-8;;;X
#;;;;;;;;;;;X;
MODEL_U43_12_0;Nieuport 10;Nieuport 10;Nieuport 10;Nieuport 10;Nieuport 10;Nieuport 10;Nieuport 10;Nieuport 10;;;X
MODEL_U43_12_1;Sikorsky S-XVI;Sikorsky S-XVI;Sikorsky S-XVI;Sikorsky S-XVI;Sikorsky S-XVI;Sikorsky S-XVI;Sikorsky S-XVI;Sikorsky S-XVI;;;X
MODEL_U43_12_2;Farman HF.30;Farman HF.30;Farman HF.30;Farman HF.30;Farman HF.30;Farman HF.30;Farman HF.30;Farman HF.30;;;X
MODEL_U43_12_3;Polikarpov I-1;Polikarpov I-1;Polikarpov I-1;Polikarpov I-1;Polikarpov I-1;Polikarpov I-1;Polikarpov I-1;Polikarpov I-1;;;X
MODEL_U43_12_4;Polikarpov I-5;Polikarpov I-5;Polikarpov I-5;Polikarpov I-5;Polikarpov I-5;Polikarpov I-5;Polikarpov I-5;Polikarpov I-5;;;X
MODEL_U43_12_5;Mikoyan-Gurevich MiG-3;Mikoyan-Gurevich MiG-3;Mikoyan-Gurevich MiG-3;Mikoyan-Gurevich MiG-3;Mikoyan-Gurevich MiG-3;Mikoyan-Gurevich MiG-3;Mikoyan-Gurevich MiG-3;Mikoyan-Gurevich MiG-3;;;X
MODEL_U43_12_6;Lavochkin La-5;Lavochkin La-5;Lavochkin La-5;Lavochkin La-5;Lavochkin La-5;Lavochkin La-5;Lavochkin La-5;Lavochkin La-5;;;X
MODEL_U43_12_7;Lavochkin La-7;Lavochkin La-7;Lavochkin La-7;Lavochkin La-7;Lavochkin La-7;Lavochkin La-7;Lavochkin La-7;Lavochkin La-7;;;X
MODEL_U43_12_9;Mikoyan-Gurevich MiG-9;Mikoyan-Gurevich MiG-9;Mikoyan-Gurevich MiG-9;Mikoyan-Gurevich MiG-9;Mikoyan-Gurevich MiG-9;Mikoyan-Gurevich MiG-9;Mikoyan-Gurevich MiG-9;Mikoyan-Gurevich MiG-9;;;X
MODEL_U43_12_10;Mikoyan-Gurevich MiG-15;Mikoyan-Gurevich MiG-15;Mikoyan-Gurevich MiG-15;Mikoyan-Gurevich MiG-15;Mikoyan-Gurevich MiG-15;Mikoyan-Gurevich MiG-15;Mikoyan-Gurevich MiG-15;Mikoyan-Gurevich MiG-15;;;X
MODEL_U43_12_11;Mikoyan-Gurevich MiG-17;Mikoyan-Gurevich MiG-17;Mikoyan-Gurevich MiG-17;Mikoyan-Gurevich MiG-17;Mikoyan-Gurevich MiG-17;Mikoyan-Gurevich MiG-17;Mikoyan-Gurevich MiG-17;Mikoyan-Gurevich MiG-17;;;X
MODEL_U43_12_12;Mikoyan-Gurevich MiG-19;Mikoyan-Gurevich MiG-19;Mikoyan-Gurevich MiG-19;Mikoyan-Gurevich MiG-19;Mikoyan-Gurevich MiG-19;Mikoyan-Gurevich MiG-19;Mikoyan-Gurevich MiG-19;Mikoyan-Gurevich MiG-19;;;X
MODEL_U43_12_13;Mikoyan-Gurevich MiG-21;Mikoyan-Gurevich MiG-21;Mikoyan-Gurevich MiG-21;Mikoyan-Gurevich MiG-21;Mikoyan-Gurevich MiG-21;Mikoyan-Gurevich MiG-21;Mikoyan-Gurevich MiG-21;Mikoyan-Gurevich MiG-21;;;X
MODEL_U43_13_0;Morane-Saulnier G;Morane-Saulnier G;Morane-Saulnier G;Morane-Saulnier G;Morane-Saulnier G;Morane-Saulnier G;Morane-Saulnier G;Morane-Saulnier G;;;X
MODEL_U43_13_1;Morane-Saulnier L;Morane-Saulnier L;Morane-Saulnier L;Morane-Saulnier L;Morane-Saulnier L;Morane-Saulnier L;Morane-Saulnier L;Morane-Saulnier L;;;X
MODEL_U43_13_2;Mosca-Bistritsky MB-bis;Mosca-Bistritsky MB-bis;Mosca-Bistritsky MB-bis;Mosca-Bistritsky MB-bis;Mosca-Bistritsky MB-bis;Mosca-Bistritsky MB-bis;Mosca-Bistritsky MB-bis;Mosca-Bistritsky MB-bis;;;X
MODEL_U43_13_3;Anatra Anamon;Anatra Anamon;Anatra Anamon;Anatra Anamon;Anatra Anamon;Anatra Anamon;Anatra Anamon;Anatra Anamon;;;X
MODEL_U43_13_4;Anatra Anadis;Anatra Anadis;Anatra Anadis;Anatra Anadis;Anatra Anadis;Anatra Anadis;Anatra Anadis;Anatra Anadis;;;X
MODEL_U43_13_5;Sopwith Snipe;Sopwith Snipe;Sopwith Snipe;Sopwith Snipe;Sopwith Snipe;Sopwith Snipe;Sopwith Snipe;Sopwith Snipe;;;X
MODEL_U43_13_6;Polikarpov I-15 Chaika;Polikarpov I-15 Chaika;Polikarpov I-15 Chaika;Polikarpov I-15 Chaika;Polikarpov I-15 Chaika;Polikarpov I-15 Chaika;Polikarpov I-15 Chaika;Polikarpov I-15 Chaika;;;X
MODEL_U43_13_7;Polikarpov I-16 Ishak;Polikarpov I-16 Ishak;Polikarpov I-16 Ishak;Polikarpov I-16 Ishak;Polikarpov I-16 Ishak;Polikarpov I-16 Ishak;Polikarpov I-16 Ishak;Polikarpov I-16 Ishak;;;X
MODEL_U43_13_8;Yakovlev Yak-1;Yakovlev Yak-1;Yakovlev Yak-1;Yakovlev Yak-1;Yakovlev Yak-1;Yakovlev Yak-1;Yakovlev Yak-1;Yakovlev Yak-1;;;X
MODEL_U43_13_9;Yakovlev Yak-3;Yakovlev Yak-3;Yakovlev Yak-3;Yakovlev Yak-3;Yakovlev Yak-3;Yakovlev Yak-3;Yakovlev Yak-3;Yakovlev Yak-3;;;X
MODEL_U43_13_10;Yakovlev Yak-9;Yakovlev Yak-9;Yakovlev Yak-9;Yakovlev Yak-9;Yakovlev Yak-9;Yakovlev Yak-9;Yakovlev Yak-9;Yakovlev Yak-9;;;X
MODEL_U43_13_11;Yakovlev Yak-15;Yakovlev Yak-15;Yakovlev Yak-15;Yakovlev Yak-15;Yakovlev Yak-15;Yakovlev Yak-15;Yakovlev Yak-15;Yakovlev Yak-15;;;X
MODEL_U43_13_12;Yakovlev Yak-17;Yakovlev Yak-17;Yakovlev Yak-17;Yakovlev Yak-17;Yakovlev Yak-17;Yakovlev Yak-17;Yakovlev Yak-17;Yakovlev Yak-17;;;X
MODEL_U43_13_13;Lavochkin La-15;Lavochkin La-15;Lavochkin La-15;Lavochkin La-15;Lavochkin La-15;Lavochkin La-15;Lavochkin La-15;Lavochkin La-15;;;X
MODEL_U43_13_14;Yakovlev Yak-23;Yakovlev Yak-23;Yakovlev Yak-23;Yakovlev Yak-23;Yakovlev Yak-23;Yakovlev Yak-23;Yakovlev Yak-23;Yakovlev Yak-23;;;X
MODEL_U43_13_15;Sukhoi Su-9;Sukhoi Su-9;Sukhoi Su-9;Sukhoi Su-9;Sukhoi Su-9;Sukhoi Su-9;Sukhoi Su-9;Sukhoi Su-9;;;X
MODEL_U43_13_16;Sukhoi Su-11;Sukhoi Su-11;Sukhoi Su-11;Sukhoi Su-11;Sukhoi Su-11;Sukhoi Su-11;Sukhoi Su-11;Sukhoi Su-11;;;X
MODEL_U43_32_0;Bereznyak-Isayev BI-1;Bereznyak-Isayev BI-1;Bereznyak-Isayev BI-1;Bereznyak-Isayev BI-1;Bereznyak-Isayev BI-1;Bereznyak-Isayev BI-1;Bereznyak-Isayev BI-1;Bereznyak-Isayev BI-1;;;X
MODEL_U43_32_1;Bereznyak-Isayev BI-6;Bereznyak-Isayev BI-6;Bereznyak-Isayev BI-6;Bereznyak-Isayev BI-6;Bereznyak-Isayev BI-6;Bereznyak-Isayev BI-6;Bereznyak-Isayev BI-6;Bereznyak-Isayev BI-6;;;X
MODEL_U43_14_0;Sikorsky Ilya Muromets;Sikorsky Ilya Muromets;Sikorsky Ilya Muromets;Sikorsky Ilya Muromets;Sikorsky Ilya Muromets;Sikorsky Ilya Muromets;Sikorsky Ilya Muromets;Sikorsky Ilya Muromets;;;X
MODEL_U43_14_1;Anatra DE;Anatra DE;Anatra DE;Anatra DE;Anatra DE;Anatra DE;Anatra DE;Anatra DE;;;X
MODEL_U43_14_2;Tupolev TB-3;Tupolev TB-3;Tupolev TB-3;Tupolev TB-3;Tupolev TB-3;Tupolev TB-3;Tupolev TB-3;Tupolev TB-3;;;X
MODEL_U43_14_3;Tupolev TB-6;Tupolev TB-6;Tupolev TB-6;Tupolev TB-6;Tupolev TB-6;Tupolev TB-6;Tupolev TB-6;Tupolev TB-6;;;X
MODEL_U43_14_4;Petlyakov Pe-8;Petlyakov Pe-8;Petlyakov Pe-8;Petlyakov Pe-8;Petlyakov Pe-8;Petlyakov Pe-8;Petlyakov Pe-8;Petlyakov Pe-8;;;X
MODEL_U43_14_5;Tupolev Tu-4;Tupolev Tu-4;Tupolev Tu-4;Tupolev Tu-4;Tupolev Tu-4;Tupolev Tu-4;Tupolev Tu-4;Tupolev Tu-4;;;X
MODEL_U43_14_6;Myasishchev M-4;Myasishchev M-4;Myasishchev M-4;Myasishchev M-4;Myasishchev M-4;Myasishchev M-4;Myasishchev M-4;Myasishchev M-4;;;X
MODEL_U43_14_7;Tupolev Tu-16;Tupolev Tu-16;Tupolev Tu-16;Tupolev Tu-16;Tupolev Tu-16;Tupolev Tu-16;Tupolev Tu-16;Tupolev Tu-16;;;X
MODEL_U43_14_8;Tupolev Tu-95;Tupolev Tu-95;Tupolev Tu-95;Tupolev Tu-95;Tupolev Tu-95;Tupolev Tu-95;Tupolev Tu-95;Tupolev Tu-95;;;X
MODEL_U43_14_9;Myasishchev M-50;Myasishchev M-50;Myasishchev M-50;Myasishchev M-50;Myasishchev M-50;Myasishchev M-50;Myasishchev M-50;Myasishchev M-50;;;X
MODEL_U43_15_3;Tupolev TB-1;Tupolev TB-1;Tupolev TB-1;Tupolev TB-1;Tupolev TB-1;Tupolev TB-1;Tupolev TB-1;Tupolev TB-1;;;X
MODEL_U43_15_4;Ilyushin DB-3;Ilyushin DB-3;Ilyushin DB-3;Ilyushin DB-3;Ilyushin DB-3;Ilyushin DB-3;Ilyushin DB-3;Ilyushin DB-3;;;X
MODEL_U43_15_5;Tupolev SB Katyusha;Tupolev SB Katyusha;Tupolev SB Katyusha;Tupolev SB Katyusha;Tupolev SB Katyusha;Tupolev SB Katyusha;Tupolev SB Katyusha;Tupolev SB Katyusha;;;X
MODEL_U43_15_6;Petlyakov Pe-2 Peshka;Petlyakov Pe-2 Peshka;Petlyakov Pe-2 Peshka;Petlyakov Pe-2 Peshka;Petlyakov Pe-2 Peshka;Petlyakov Pe-2 Peshka;Petlyakov Pe-2 Peshka;Petlyakov Pe-2 Peshka;;;X
MODEL_U43_15_7;Ilyushin Il-4;Ilyushin Il-4;Ilyushin Il-4;Ilyushin Il-4;Ilyushin Il-4;Ilyushin Il-4;Ilyushin Il-4;Ilyushin Il-4;;;X
MODEL_U43_15_8;Tupolev Tu-2;Tupolev Tu-2;Tupolev Tu-2;Tupolev Tu-2;Tupolev Tu-2;Tupolev Tu-2;Tupolev Tu-2;Tupolev Tu-2;;;X
MODEL_U43_15_9;Tupolev Tu-12;Tupolev Tu-12;Tupolev Tu-12;Tupolev Tu-12;Tupolev Tu-12;Tupolev Tu-12;Tupolev Tu-12;Tupolev Tu-12;;;X
MODEL_U43_15_10;Tupolev Tu-82;Tupolev Tu-82;Tupolev Tu-82;Tupolev Tu-82;Tupolev Tu-82;Tupolev Tu-82;Tupolev Tu-82;Tupolev Tu-82;;;X
MODEL_U43_15_11;Ilyushin Il-28;Ilyushin Il-28;Ilyushin Il-28;Ilyushin Il-28;Ilyushin Il-28;Ilyushin Il-28;Ilyushin Il-28;Ilyushin Il-28;;;X
MODEL_U43_15_12;Ilyushin Il-54;Ilyushin Il-54;Ilyushin Il-54;Ilyushin Il-54;Ilyushin Il-54;Ilyushin Il-54;Ilyushin Il-54;Ilyushin Il-54;;;X
MODEL_U43_16_2;Arkhangelsky Ar-2;Arkhangelsky Ar-2;Arkhangelsky Ar-2;Arkhangelsky Ar-2;Arkhangelsky Ar-2;Arkhangelsky Ar-2;Arkhangelsky Ar-2;Arkhangelsky Ar-2;;;X
MODEL_U43_16_3;Ilyushin Il-4T;Ilyushin Il-4T;Ilyushin Il-4T;Ilyushin Il-4T;Ilyushin Il-4T;Ilyushin Il-4T;Ilyushin Il-4T;Ilyushin Il-4T;;;X
MODEL_U43_16_4;Tupolev Tu-2T;Tupolev Tu-2T;Tupolev Tu-2T;Tupolev Tu-2T;Tupolev Tu-2T;Tupolev Tu-2T;Tupolev Tu-2T;Tupolev Tu-2T;;;X
MODEL_U43_16_5;Beriev Be-6;Beriev Be-6;Beriev Be-6;Beriev Be-6;Beriev Be-6;Beriev Be-6;;Beriev Be-6;;;X
MODEL_U43_16_6;Beriev Be-12;Beriev Be-12;Beriev Be-12;Beriev Be-12;Beriev Be-12;Beriev Be-12;;Beriev Be-12;;;X
MODEL_U43_17_0;Sukhoi Su-2;Sukhoi Su-2;Sukhoi Su-2;Sukhoi Su-2;Sukhoi Su-2;Sukhoi Su-2;Sukhoi Su-2;Sukhoi Su-2;;;X
MODEL_U43_17_1;Sukhoi Su-4;Sukhoi Su-4;Sukhoi Su-4;Sukhoi Su-4;Sukhoi Su-4;Sukhoi Su-4;Sukhoi Su-4;Sukhoi Su-4;;;X
MODEL_U43_17_2;Ilyushin Il-2 Shturmovik;Ilyushin Il-2 Shturmovik;Ilyushin Il-2 Shturmovik;Ilyushin Il-2 Shturmovik;Ilyushin Il-2 Shturmovik;Ilyushin Il-2 Shturmovik;Ilyushin Il-2 Shturmovik;Ilyushin Il-2 Shturmovik;;;X
MODEL_U43_17_3;Ilyushin Il-2M Shturmovik;Ilyushin Il-2M Shturmovik;Ilyushin Il-2M Shturmovik;Ilyushin Il-2M Shturmovik;Ilyushin Il-2M Shturmovik;Ilyushin Il-2M Shturmovik;Ilyushin Il-2M Shturmovik;Ilyushin Il-2M Shturmovik;;;X
MODEL_U43_17_4;Ilyushin Il-10;Ilyushin Il-10;Ilyushin Il-10;Ilyushin Il-10;Ilyushin Il-10;Ilyushin Il-10;Ilyushin Il-10;Ilyushin Il-10;;;X
MODEL_U43_17_5;Ilyushin Il-16;Ilyushin Il-16;Ilyushin Il-16;Ilyushin Il-16;Ilyushin Il-16;Ilyushin Il-16;Ilyushin Il-16;Ilyushin Il-16;;;X
MODEL_U43_17_6;Su-7;Su-7;Su-7;Su-7;Su-7;Su-7;Su-7;Su-7;;;X
MODEL_U43_18_1;Lisunov Li-2;Lisunov Li-2;Lisunov Li-2;Lisunov Li-2;Lisunov Li-2;Lisunov Li-2;Lisunov Li-2;Lisunov Li-2;;;X
MODEL_U43_18_2;Lisunov Li-2V;Lisunov Li-2V;Lisunov Li-2V;Lisunov Li-2V;Lisunov Li-2V;Lisunov Li-2V;Lisunov Li-2V;Lisunov Li-2V;;;X
MODEL_U43_18_3;Ilyushin Il-12;Ilyushin Il-12;Ilyushin Il-12;Ilyushin Il-12;Ilyushin Il-12;Ilyushin Il-12;Ilyushin Il-12;Ilyushin Il-12;;;X
MODEL_U43_18_4;Antonov An-2;Antonov An-2;Antonov An-2;Antonov An-2;Antonov An-2;Antonov An-2;;Antonov An-2;;;X
MODEL_U43_18_5;Antonov An-8;Antonov An-8;Antonov An-8;Antonov An-8;Antonov An-8;Antonov An-8;;Antonov An-8;;;X
MODEL_U43_20_0;SUB-1 Scunner;SUB-1 Scunner;SUB-1 Scunner;SUB-1 Scunner;SUB-1 Scunner;SS-1 Scunner;;SUB-1 Scunner;;;X
MODEL_U43_20_1;SUB-3 Shyster;SUB-3 Shyster;SUB-3 Shyster;SUB-3 Shyster;SUB-3 Shyster;SS-3 Shyster;;SUB-3 Shyster;;;X
MODEL_U43_20_2;SUB-6 Sapwood;SUB-6 Sapwood;SUB-6 Sapwood;SUB-6 Sapwood;SUB-6 Sapwood;SS-6 Sapwood;;SUB-6 Sapwood;;;X
#;;;;;;;;;;;X;
MODEL_VEN_13_6;FIAT C.R.32;;;;;;;;;;X;
MODEL_VEN_15_5;FIAT B.R.20 Cicogna;;;;;;;;;;X;
#;;;;;;;;;;;X;
MODEL_YUG_12_5;Supermarine Spitfire Mk.Vc;;;;;;;;;;X;
MODEL_YUG_12_7;Republic P-47 Thunderbolt;Republic P-47 Thunderbolt;Republic P-47 Thunderbolt;Republic P-47 Thunderbolt;Republic P-47 Thunderbolt;Republic P-47 Thunderbolt;Republic P-47 Thunderbolt;Republic P-47 Thunderbolt;;;X
MODEL_YUG_12_8;Ikarus S-49;Ikarus S-49;Ikarus S-49;Ikarus S-49;Ikarus S-49;Ikarus S-49;;Ikarus S-49;;;X;
MODEL_YUG_12_9;Republic F-84 Thunderjet;Republic F-84 Thunderjet;Republic F-84 Thunderjet;Republic F-84 Thunderjet;Republic F-84 Thunderjet;Republic F-84 Thunderjet;Republic F-84 Thunderjet;Republic F-84 Thunderjet;;;X
MODEL_YUG_13_6;Dewoitine/Zmaj D.1C.1;;;;;;;;;;X;
MODEL_YUG_13_7;Ikarus IK-2;;;;;;;;;;X;
MODEL_YUG_13_8;Rogozarski IK-3;;;;;;;;;;x;
MODEL_YUG_13_9;Hawker Hurricane IIA;;;;;;;;;;x;
MODEL_YUG_13_12;Canadair CL-13 Sabre;Canadair CL-13 Sabre;Canadair CL-13 Sabre;Canadair CL-13 Sabre;Canadair CL-13 Sabre;Canadair CL-13 Sabre;;Canadair CL-13 Sabre;;;X
MODEL_YUG_15_4;Bristol Blenheim Mk.I;;;;;;;;;;x;
MODEL_YUG_15_8;De Havilland Mosquito;De Havilland Mosquito;De Havilland Mosquito;De Havilland Mosquito;De Havilland Mosquito;De Havilland Mosquito;De Havilland Mosquito;De Havilland Mosquito;;;X
MODEL_YUG_16_0;Dornier Do 22Kj;;;;;;;;;;x;
MODEL_YUG_16_1;Rogozarski SIM-XIV-H;;;;;;;;;;x;
MODEL_YUG_17_0;Breguet Bre.19.8;;;;;;;;;;x;
MODEL_YUG_17_1;Rogozarski R-313;;;;;;;;;;x;
MODEL_YUG_17_2;Ikarus Orkan;;;;;;;;;;x;
MODEL_YUG_17_6;Soko J-21 Jastreb;Soko J-21 Jastreb;Soko J-21 Jastreb;Soko J-21 Jastreb;Soko J-21 Jastreb;Soko J-21 Jastreb;;Soko J-21 Jastreb;;;X
MODEL_YUG_18_1;Avia Fokker F.39;;;;;;;;;;x;
#;;;;;;;;;;;X;
BRIG_MODEL_AST_14_1;Firefly / Ripon;;;;;;;;;;x;
BRIG_MODEL_AST_14_2;Nimrod / Swordfish;;;;;;;;;;x;
BRIG_MODEL_AST_14_3;Sea Gladiator / Skua / Swordfish;;;;;;;;;;x;
BRIG_MODEL_AST_14_4;Fulmar / Skua / Albacore;;;;;;;;;;x;
BRIG_MODEL_AST_14_5;Seafire / Barracuda;;;;;;;;;;x;
BRIG_MODEL_AST_14_7;Sea Fury / Firefly;;;;;;;;;;x;
BRIG_MODEL_AST_14_8;Sea Venom / Gannet;;;;;;;;;;x;
#;;;;;;;;;;;X;
BRIG_MODEL_NZL_14_1;Firefly / Ripon;;;;;;;;;;x;
BRIG_MODEL_NZL_14_2;Nimrod / Swordfish;;;;;;;;;;x;
BRIG_MODEL_NZL_14_3;Sea Gladiator / Skua / Swordfish;;;;;;;;;;x;
BRIG_MODEL_NZL_14_4;Fulmar / Skua / Albacore;;;;;;;;;;x;
BRIG_MODEL_NZL_14_5;Firefly / Barracuda;;;;;;;;;;x;
BRIG_MODEL_NZL_14_6;Seafire / Firebrand;;;;;;;;;;x;
BRIG_MODEL_NZL_14_8;Sea Venom / Attacker;;;;;;;;;;x;
#;;;;;;;;;;;X;
BRIG_MODEL_ARG_15_0;FMA I.Ae-24 Calquin;;;;;;;;;;X;
BRIG_MODEL_ARG_15_1;FMA I.Ae.30 Namcu;;;;;;;;;;X;
#;;;;;;;;;;;X;
BRIG_MODEL_AST_15_0;Bell Airacobra I;;;;;;;;;;X;
BRIG_MODEL_AST_15_1;Lockheed F-4-1-LO Lightning;;;;;;;;;;X;
BRIG_MODEL_AST_15_2;CAC-18 Mustang Mk.IV;;;;;;;;;;X;
BRIG_MODEL_AST_15_3;de Havilland Hornet F Mk.3;;;;;;;;;;X;
#;;;;;;;;;;;X;
BRIG_MODEL_BRA_15_0;Republic P-47B;;;;;;;;;;X;
BRIG_MODEL_BRA_15_1;Republic P-47D;;;;;;;;;;X;
BRIG_MODEL_BRA_15_2;Republic P-47N;;;;;;;;;;X;
#;;;;;;;;;;;X;
BRIG_MODEL_CHI_15_0;Lockheed P-38D Lightning;;;;;;;;;;X;
BRIG_MODEL_CHI_15_1;Lockheed P-38J Lightning;;;;;;;;;;X;
#;;;;;;;;;;;X;
BRIG_MODEL_DEN_15_0;Fokker G.1A;;;;;;;;;;X;
#;;;;;;;;;;;X;
BRIG_MODEL_HOL_15_0;Fokker G.IA Jachtkruiser;;;;;;;;;;X;
#;;;;;;;;;;;X;
BRIG_MODEL_HUN_15_0;Potez 63-11;;;;;;;;;;X;
BRIG_MODEL_HUN_15_1;Messerschmitt Me 210;;;;;;;;;;X;
#;;;;;;;;;;;X;
BRIG_MODEL_IND_15_1;de Havilland Mosquito Mk.IV;;;;;;;;;;X;
BRIG_MODEL_IND_15_2;de Havilland Mosquito Mk.XVI;;;;;;;;;;X;
BRIG_MODEL_IND_15_3;de Havilland Hornet F Mk.3;;;;;;;;;;X;
#;;;;;;;;;;;X;
BRIG_MODEL_NZL_15_1;de Havilland Mosquito Mk.IV;;;;;;;;;;X;
BRIG_MODEL_NZL_15_2;de Havilland Mosquito Mk.XVI;;;;;;;;;;X;
BRIG_MODEL_NZL_15_3;de Havilland Hornet F Mk.3;;;;;;;;;;X;
#;;;;;;;;;;;X;
BRIG_MODEL_POL_15_0;PZL 38 Wilk;;;;;;;;;;X;
BRIG_MODEL_POL_15_1;PZL 48 Lampart;;;;;;;;;;X;
#;;;;;;;;;;;X;
BRIG_MODEL_ROM_15_0;Messerschmitt Bf 110C-1;;;;;;;;;;X;
#;;;;;;;;;;;X;
BRIG_MODEL_SAF_15_1;de Havilland Mosquito Mk.IV;;;;;;;;;;X;
BRIG_MODEL_SAF_15_2;de Havilland Mosquito Mk.XVI;;;;;;;;;;X;
BRIG_MODEL_SAF_15_3;de Havilland Hornet F Mk.3;;;;;;;;;;X;
#;;;;;;;;;;;X;
BRIG_MODEL_SPA_15_0;Messerschmitt Me 110C-1;;;;;;;;;;X;
BRIG_MODEL_SPA_15_1;Messerschmitt Me 210;;;;;;;;;;X;
BRIG_MODEL_SPA_15_2;Messerschmitt Me 410A-1;;;;;;;;;;X;
BRIG_MODEL_SPA_15_3;Dornier Do335A-1;;;;;;;;;;X;
#;;;;;;;;;;;X;
BRIG_MODEL_SPR_15_0;Yakovlev Yak-9D;;;;;;;;;;X;
#;;;;;;;;;;;X;
BRIG_MODEL_SWE_15_0;Fokker J-3;;;;;;;;;;X;
BRIG_MODEL_SWE_15_2;Saab J-21A-1;;;;;;;;;;X;
BRIG_MODEL_SWE_30_1;Nieuport IVm;;;;;;;;;;X;
BRIG_MODEL_SWE_30_2;Farman HF 23;;;;;;;;;;X;
BRIG_MODEL_SWE_30_3;Thulin G;;;;;;;;;;X;
BRIG_MODEL_SWE_30_4;Hansa typ 42;;;;;;;;;;X;
#;;;;;;;;;;;X;
BRIG_MODEL_TUR_15_0;de Havilland D.H.98 Mk.IV;;;;;;;;;;X ;
BRIG_MODEL_TUR_15_1;Republic P-47D;;;;;;;;;;X ;
#;;;;;;;;;;;X;
BRIG_MODEL_VIC_15_0;Potez 63-11;;;;;;;;;;X;
BRIG_MODEL_VIC_15_1;Potez 671;;;;;;;;;;X;
####################################;;;;;;;;;;;X;
#NAVAL MODELS
#;;;;;;;;;;;X;
MODEL_BEL_22_1;Zinnia-class;;;;;;;;;;x;
MODEL_BEL_22_4;Artevelde-class;;;;;;;;;;x;
MODEL_BEL_30_3;Kamina-class;;;;;;;;;;x;
#;;;;;;;;;;;X;
MODEL_BUL_25_0;Derzki-class;;;;;;;;;;x;
#;;;;;;;;;;;X;
MODEL_CHI_21_0;Ting Yuen class;Ting Yuen class;Ting Yuen class;Ting Yuen class;Ting Yuen class;Ting Yuen class;Ting Yuen class;Ting Yuen class;;;X
MODEL_CHI_22_0;Chao Yung class;;;;;;;;;;x;
MODEL_CHI_22_1;Ying Swei-class;;;;;;;;;;x;
MODEL_CHI_22_2;Chao Ho class;;;;;;;;;;x;
MODEL_CHI_22_3;Ning Hai-class;;;;;;;;;;x;
MODEL_CHI_23_1;King Yuan class;;;;;;;;;;x;
MODEL_CHI_25_0;Kuang Yi class;;;;;;;;;;x;
MODEL_CHI_25_1;Fu Po class;;;;;;;;;;x;
MODEL_CHI_25_2;Chang Feng class;;;;;;;;;;x;
MODEL_CHI_30_0;Ting An class;;;;;;;;;;x;
#;;;;;;;;;;;X;
MODEL_COL_25_2;Junin-class;;;;;;;;;;x;
MODEL_COL_25_4;Antioquia-class;;;;;;;;;;x;
MODEL_COL_25_5;Vouga-class;;;;;;;;;;x;
MODEL_COL_30_1;Boyaca-class;;;;;;;;;;x;
MODEL_COL_30_3;Cucuta-class;;;;;;;;;;x;
#;;;;;;;;;;;X;
MODEL_CUB_22_3;Cuba-class;;;;;;;;;;x;
MODEL_CUB_25_0;Capitan Quevedo-class;;;;;;;;;;x;
MODEL_CUB_25_1;Baire-class;;;;;;;;;;x;
MODEL_CUB_25_2;Patria-class Sloop;;;;;;;;;;x;
#;;;;;;;;;;;X;
MODEL_DEN_22_0;Hekla-class;;;;;;;;;;x;
MODEL_DEN_22_1;Valkyrien-class;;;;;;;;;;x;
MODEL_DEN_22_2;Niels Juel-class;;;;;;;;;;x;
MODEL_DEN_23_1;Herluf Trolle-class;;;;;;;;;;x;
MODEL_DEN_25_1;Hvalrossen-class;;;;;;;;;;x;
MODEL_DEN_25_2;'R'-class;;;;;;;;;;x;
MODEL_DEN_25_3;Dragen-class;;;;;;;;;;x;
MODEL_DEN_25_4;Glenten-class;;;;;;;;;;x;
MODEL_DEN_25_5;Najaden-class;;;;;;;;;;x;
MODEL_DEN_28_0;B-class;;;;;;;;;;x;
MODEL_DEN_28_1;C-class;;;;;;;;;;x;
MODEL_DEN_28_2;D-Class;;;;;;;;;;x;
MODEL_DEN_28_3;E-class;;;;;;;;;;x;
#;;;;;;;;;;;X;
MODEL_EST_25_0;Sulev-class;;;;;;;;;;x;
MODEL_EST_25_1;Laine-class;;;;;;;;;;x;
MODEL_EST_28_2;Lembit-class;;;;;;;;;;x;
#;;;;;;;;;;;X;
MODEL_FIN_23_1;Ilmarinen-class;;;;;;;;;;x;
MODEL_FIN_25_1;Klas Horn-class;;;;;;;;;;x;
MODEL_FIN_25_2;Hämeenmaa-class;;;;;;;;;;x;
MODEL_FIN_28_2;Saukko-class;;;;;;;;;;x;
MODEL_FIN_28_3;Vetehinen-class;;;;;;;;;;x;
#;;;;;;;;;;;X;
MODEL_GRE_21_1;Kilkis-class;;;;;;;;;;x;
MODEL_GRE_22_1;Helle-class;;;;;;;;;;x;
MODEL_GRE_23_1;Spetsai-class;;;;;;;;;;x;
MODEL_GRE_23_2;Georgios Averof-class;;;;;;;;;;x;
MODEL_GRE_25_1;Thyella-class;;;;;;;;;;x;
MODEL_GRE_25_2;Aetos-class;;;;;;;;;;x;
MODEL_GRE_25_5;Ydra-class;;;;;;;;;;x;
MODEL_GRE_28_3;Katsonis-class;;;;;;;;;;x;
#;;;;;;;;;;;X;
MODEL_HOL_22_1;Holland-class;;;;;;;;;;x;
MODEL_HOL_22_2;Java-class;;;;;;;;;;x;
MODEL_HOL_22_3;Flores-class;;;;;;;;;;x;
MODEL_HOL_22_4;De Ruyter-class;;;;;;;;;;x;
MODEL_HOL_22_5;Tromp-class;;;;;;;;;;x;
MODEL_HOL_22_6;Eendracht-class;;;;;;;;;;x;
MODEL_HOL_23_1;De Zeven Provincien-class;;;;;;;;;;x;
MODEL_HOL_25_0;Z-class;;;;;;;;;;x;
MODEL_HOL_25_3;Roofdier-class;;;;;;;;;;x;
MODEL_HOL_25_6;Admiralen-class;;;;;;;;;;x;
MODEL_HOL_25_7;Holland-class;;;;;;;;;;x;
MODEL_HOL_28_0;O1-class;;;;;;;;;;x;
MODEL_HOL_28_1;KVIII-class;;;;;;;;;;x;
MODEL_HOL_28_2;KXIV-class;;;;;;;;;;x;
MODEL_HOL_28_3;KXI-class;;;;;;;;;;x;
MODEL_HOL_28_4;O19-class;;;;;;;;;;x;
#;;;;;;;;;;;X;
MODEL_LAT_25_1;Virsaitis-class;;;;;;;;;;x;
MODEL_LAT_28_3;Ronis-class;;;;;;;;;;x;
#;;;;;;;;;;;X;
MODEL_LIT_25_1;Prezidentas Smetona-class;;;;;;;;;;x;
#;;;;;;;;;;;X;
MODEL_MEX_23_1;Anahuac-class;;;;;;;;;;x;
MODEL_MEX_25_2;Guanajuanto-class;;;;;;;;;;x;
#;;;;;;;;;;;X;
MODEL_NOR_22_3;Olav Tryggvason-class;;;;;;;;;;x;
MODEL_NOR_23_1;Eidsvold-class;;;;;;;;;;x;
MODEL_NOR_25_0;Trygg-class;;;;;;;;;;x;
MODEL_NOR_25_1;Draug-class;;;;;;;;;;x;
MODEL_NOR_25_2;Fridtjof-class;;;;;;;;;;x;
MODEL_NOR_25_3;Sleipner-class;;;;;;;;;;x;
MODEL_NOR_25_5;C-class;;;;;;;;;;x;
MODEL_NOR_28_1;A-class;;;;;;;;;;x;
MODEL_NOR_28_2;B-class;;;;;;;;;;x;
MODEL_NOR_28_5;U-class;;;;;;;;;;x;
#;;;;;;;;;;;X;
MODEL_NZL_22_0;Pearl-class;Classe Pearl;Classe Pearl;Clase Pearl;Pearl-Klasse;Pearl-klasa;;Pearl-Klasse;;;X
MODEL_NZL_22_1;Sentinel-class;Classe Sentinel;Classe Sentinel;Clase Sentinel;Sentinel-Klasse;Sentinel-klasa;;Sentinel-Klasse;;;X
MODEL_NZL_22_2;Town-class;;;;;;;;;;x;
MODEL_NZL_22_3;Emerald-class;;;;;;;;;;x;
MODEL_NZL_22_4;Leander-class;;;;;;;;;;x;
MODEL_NZL_22_5;Southampton-class;;;;;;;;;;x;
MODEL_NZL_22_6;Dido-class;;;;;;;;;;x;
MODEL_NZL_22_7;Minotaur-class;;;;;;;;;;x;
MODEL_NZL_25_4;W-class;;;;;;;;;;x;
MODEL_NZL_25_6;A-class;;;;;;;;;;x;
MODEL_NZL_25_7;L-class;;;;;;;;;;x;
MODEL_NZL_25_8;Battle-class;;;;;;;;;;x;
MODEL_NZL_25_9;Whitby-class frigate;;;;;;;;;;x;
MODEL_NZL_30_3;Monowai-class;;;;;;;;;;x;
MODEL_NZL_30_5;Empire Charmain-class LSC;;;;;;;;;;x;
#;;;;;;;;;;;X;
MODEL_OTT_21_0;Turgut Reis-class;;;;;;;;;;x;
MODEL_OTT_22_0;Hamidiye-class;;;;;;;;;;x;
MODEL_OTT_22_2;Midilli-class;;;;;;;;;;x;
MODEL_OTT_24_0;Yavuz Sultan Selim-class;;;;;;;;;;x;
MODEL_OTT_25_0;Samsun-class;;;;;;;;;;x;
MODEL_OTT_25_1;Berk-i-Satvet-class;;;;;;;;;;x;
MODEL_OTT_25_5;Tinaztepe-class;;;;;;;;;;x;
MODEL_OTT_28_2;Dumlupynar-class;;;;;;;;;;x;
MODEL_OTT_28_3;Birindci Inönü-class;;;;;;;;;;x;
MODEL_OTT_28_4;Oruç Reis-class;;;;;;;;;;x;
MODEL_OTT_28_6;Ay-class;;;;;;;;;;x;
#;;;;;;;;;;;X;
MODEL_PAR_22_2;Humaitá-class;;;;;;;;;;x;
#;;;;;;;;;;;X;
MODEL_PER_25_0;Charokh-class;;;;;;;;;;x;
MODEL_PER_25_1;Babr-class;;;;;;;;;;x;
#;;;;;;;;;;;X;
MODEL_POL_22_3;Gryf-class;;;;;;;;;;x;
MODEL_POL_22_5;Conrad-class;Conrad-class;Conrad-class;Conrad-class;Conrad-class;Conrad-class;;Conrad-class;;;X
MODEL_POL_25_0;Kaszub-class;;;;;;;;;;x;
MODEL_POL_25_1;General Haller-class;;;;;;;;;;x;
MODEL_POL_25_5;Wicher-class;Wicher-class;Wicher-class;Wicher-class;Wicher-class;Wicher-class;;Wicher-class;;;X
MODEL_POL_25_6;Grom-class;Grom-class;Grom-class;Grom-class;Grom-class;Grom-class;;Grom-class;;;X
MODEL_POL_28_4;Wilk-class;Wilk-class;Wilk-class;Wilk-class;Wilk-class;Wilk-class;;Wilk-class;;;X
MODEL_POL_28_5;Orzel-class;Orzel-class;Orzel-class;Orzel-class;Orzel-class;Orzel-class;;Orzel-class;;;X
#;;;;;;;;;;;X;
MODEL_POR_22_2;Alfonso de Albuquerque-class;;;;;;;;;;x;
MODEL_POR_22_3;Pedro Nunes-class;;;;;;;;;;x;
MODEL_POR_25_0;Tejo-class;;;;;;;;;;x;
MODEL_POR_25_2;Goncalo Velho-class;;;;;;;;;;x;
MODEL_POR_25_4;Douro-class;;;;;;;;;;x;
MODEL_POR_28_2;Delfim-class;;;;;;;;;;x;
MODEL_POR_30_3;Gil Eanes-class;;;;;;;;;;x;
#;;;;;;;;;;;X;
MODEL_PRU_22_0;Lima-class;;;;;;;;;;x;
MODEL_PRU_22_1;Almirante Grau-class;;;;;;;;;;x;
MODEL_PRU_25_1;Rodriguez-class;;;;;;;;;;x;
MODEL_PRU_25_2;Almirante Guise-class;;;;;;;;;;x;
MODEL_PRU_28_0;Ferre-class;;;;;;;;;;x;
MODEL_PRU_28_1;R-class;;;;;;;;;;x;
#;;;;;;;;;;;X;
MODEL_ROM_25_0;Naluca-class;;;;;;;;;;x;
MODEL_ROM_25_1;Eugen-class;;;;;;;;;;x;
MODEL_ROM_25_3;Marasti-class;;;;;;;;;;x;
MODEL_ROM_25_4;Regele Ferdinand-class;;;;;;;;;;x;
MODEL_ROM_28_3;Delfinul-class;;;;;;;;;;x;
#;;;;;;;;;;;X;
MODEL_RUS_21_0;Petr Veliky-class;Classe Petr Veliky;Classe Petr Veliky;Clase Petr Veliky;Petr Veliky-Klasse;Petr Veliky-Klasse;;êëàññà 'Ïåòð Âåëèêèé';;;X
MODEL_RUS_21_1;Petropavlovsk-class;Classe Petropavlovsk;Classe Petropavlovsk;Clase Petropavlovsk;Petropavlovsk-Klasse;Petropavlovsk-Klasse;;Petropavlovsk-Klasse;;;X
MODEL_RUS_21_2;Potemkin-class;Classe Potemkin;Classe Potemkin;Clase Potemkin;Potemkin-Klasse;Potemkin-Klasse;;êëàññà 'Ïîòåìêèí-Òàâðè÷åñêèé';;;X
MODEL_RUS_21_3;Sevastopol-class;Classe Sevastopol;Classe Sevastopol;Clase Sevastopol;Sevastopol-Klasse;Sevastopol-Klasse;;êëàññà 'Ñåâàñòîïîëü';;;X
MODEL_RUS_21_4;Imp. Maria-class;Classe Imp. Maria;Classe Imp. Maria;Clase Imp. Maria;Imp. Maria-Klasse;Imp. Maria-Klasse;;êëàññà 'Èìï. Ìàðèÿ';;;X
MODEL_RUS_22_0;Vityaz-class;Classe Vityaz;Classe Vityaz;Clase Vityaz;Vityaz-Klasse;Vityaz-Klasse;;êëàññà 'Âèòÿçü';;;X
MODEL_RUS_22_1;Varyag-class;Classe Varyag;Classe Varyag;Clase Varyag;Varyag-Klasse;Varyag-Klasse;;êëàññà 'Âàðÿã';;;X
MODEL_RUS_22_2;Svetlana-class;Classe Svetlana;Classe Svetlana;Clase Svetlana;Svetlana-Klasse;Svetlana-Klasse;;Svetlana-Klasse;;;X
MODEL_RUS_22_5;Project 65-class;Classe Project 65;Classe Project 65;Clase Project 65;Project 65-Klasse;Project 65-Klasse;;Project 65-Klasse;;;X
MODEL_RUS_22_8;Kynda-class;Classe Kynda;Classe Kynda;Clase Kynda;Kynda-Klasse;Kynda-Klasse;;Kynda-Klasse;;;X
MODEL_RUS_23_0;Kniaz Pozharskii-class;Classe Kniaz Pozharskii;Classe Kniaz Pozharskii;Clase Kniaz Pozharskii;Kniaz Pozharskii-Klasse;Kniaz Pozharskii-Klasse;;Kniaz Pozharskii-Klasse;;;X
MODEL_RUS_23_1;Bayan-class;Classe Bayan;Classe Bayan;Clase Bayan;Bayan-Klasse;Bayan-klasa;;Bayan-Klasse;;;X
MODEL_RUS_23_2;Rurik-class;Classe Rurik;Classe Rurik;Clase Rurik;Rurik-Klasse;Rurik-klasa;;êëàññà 'Ðþðèê';;;X
MODEL_RUS_23_5;Kirov-class;Classe Kirov;Classe Kirov;Clase Kirov;Kirov-Klasse;Kirov-Klasse;;Kirov-Klasse;;;X
MODEL_RUS_23_6;Chapayev-class;Classe Chapayev;Classe Chapayev;Clase Chapayev;Chapayev-Klasse;Chapayev-Klasse;;Chapayev-Klasse;;;X
MODEL_RUS_23_7;Sverdlov-class;Classe Sverdlov;Classe Sverdlov;Clase Sverdlov;Sverdlov-Klasse;Sverdlov-Klasse;;Sverdlov-Klasse;;;X
MODEL_RUS_23_8;Slava-class;Classe Slava;Classe Slava;Clase Slava;Slava-Klasse;Slava-Klasse;;Slava-Klasse;;;X
MODEL_RUS_24_1;Izmail-class;Classe Izmail;Classe Izmail;Clase Izmail;Izmail-Klasse;Izmail-klasa;;êëàññà 'Èçìàèë';;;X
MODEL_RUS_24_3;Kronshtadt-class;Classe Kronshtadt;Classe Kronshtadt;Clase Kronshtadt;Kronshtadt-Klasse;Kronshtadt-klasa;;Kronshtadt-Klasse;;;X
MODEL_RUS_24_5;Stalingrad-class;Classe Stalingrad;Classe Stalingrad;Clase Stalingrad;Stalingrad-Klasse;Stalingrad-klasa;;Stalingrad-Klasse;;;X
MODEL_RUS_25_0;Koreets-class;Classe Koreets;Classe Koreets;Clase Koreets;Koreets-Klasse;Koreets-klasa;;êëàññà 'Êîðååö';;;X
MODEL_RUS_25_1;Sokol-class;Classe Sokol;Classe Sokol;Clase Sokol;Sokol-Klasse;Sokol-klasa;;êëàññà 'Ñîêîë';;;X
MODEL_RUS_25_2;Novik-class;Classe Novik;Classe Novik;Clase Novik;Novik-Klasse;Novik-klasa;;êëàññà 'Íîâèê';;;X
MODEL_RUS_25_3;Fidonisi-class;Classe Fidonisi;Classe Fidonisi;Clase Fidonisi;Fidonisi-Klasse;Fidonisi-klasa;;êëàññà 'Ôèäîíèñè';;;X
MODEL_RUS_25_4;Gnevny-class;Classe Gnevny;Classe Gnevny;Clase Gnevny;Gnevny-Klasse;Gnevny-klasa;;Gnevny-Klasse;;;X
MODEL_RUS_25_6;Ognevoy-class;Classe Ognevoy;Classe Ognevoy;Clase Ognevoy;Ognevoy-Klasse;Ognevoy-klasa;;Ognevoy-Klasse;;;X
MODEL_RUS_25_7;Opytny-class;Classe Opytny;Classe Opytny;Clase Opytny;Opytny-Klasse;Opytny-klasa;;Opytny-Klasse;;;X
MODEL_RUS_25_8;Skoriy-class;Classe Skoriy;Classe Skoriy;Clase Skoriy;Skoriy-Klasse;Skoriy-klasa;;Skoriy-Klasse;;;X
MODEL_RUS_25_9;Kotlin-class;Classe Kotlin;Classe Kotlin;Clase Kotlin;Kotlin-Klasse;Kotlin-klasa;;Kotlin-Klasse;;;X
MODEL_RUS_26_5;Project 72-class;Classe Project 72;Classe Project 72;Clase Project 72;Project 72-Klasse;Project 72-klasa;;Project 72-Klasse;;;X
MODEL_RUS_26_6;Kostromitinova-class;Classe Kostromitinova;Classe Kostromitinova;Clase Kostromitinova;Kostromitinova-Klasse;Kostromitinova-klasa;;Kostromitinova-Klasse;;;X
MODEL_RUS_26_7;Project 85-class;Classe Project 85;Classe Project 85;Clase Project 85;Project 85-Klasse;Project 85-klasa;;Project 85-Klasse;;;X
MODEL_RUS_27_0;Almaz-class;Classe Almaz;Classe Almaz;Clase Almaz;Almaz-Klasse;Almaz-klasa;;êëàññà 'Àëìàç';;;X
MODEL_RUS_27_1;Orlitsa-class;Classe Orlitsa;Classe Orlitsa;Clase Orlitsa;Orlitsa-Klasse;Orlitsa-klasa;;êëàññà 'Îðëèöà';;;X
MODEL_RUS_28_0;Delfin-class;Classe Delfin;Classe Delfin;Clase Delfin;Delfin-Klasse;Delfin-klasa;;êëàññà 'Äåëüôèí';;;X
MODEL_RUS_28_1;Narval-class;Narval-class;Classe Narval;Clase Narval;Narval-Klasse;Narval-class;;Narval-Klasse;;;X
MODEL_RUS_28_2;Bars-class;Classe Bars;Classe Bars;Clase Bars;Bars-Klasse;Bars-klasa;;êëàññà 'Áàðñ';;;X
MODEL_RUS_28_3;Series I;Series I;Classe Series I;Clase Series I;Series I;Series I;;Series I;;;X
MODEL_RUS_28_4;Series II;Series II;Classe Series II;Clase Series II;Series II;Series II;;Series II;;;X
MODEL_RUS_28_5;Series XII;Series XII;Classe Series XII;Clase Series XII;Series XII;Series XII;;Series XII;;;X
MODEL_RUS_28_6;Series IX;Series IX;Classe Series IX;Clase Series IX;Series IX;Series IX;;Series IX;;;X
MODEL_RUS_28_7;Series XIV;Series XIV;Classe Series XIV;Clase Series XIV;Series XIV;Series XIV;;Series XIV;;;X
MODEL_RUS_28_8;Whiskey-class;Whiskey-class;Classe Whiskey;Clase Whiskey;Whiskey-Klasse;Whiskey-class;;Whiskey-Klasse;;;X
MODEL_RUS_28_9;Romeo-class;Romeo-class;Classe Romeo;Clase Romeo;Romeo-Klasse;Romeo-class;;Romeo-Klasse;;;X
MODEL_RUS_28_10;November-class;November-class;Classe November;Clase November;November-Klasse;November-class;;November-Klasse;;;X
MODEL_RUS_28_11;Echo-class;Echo-class;Classe Echo;Clase Echo;Echo-Klasse;Echo-class;;Echo-Klasse;;;X
MODEL_RUS_28_12;Victor-class;Victor-class;Classe Victor;Clase Victor;Victor-Klasse;Victor-class;;Victor-Klasse;;;X
MODEL_RUS_29_1;K-class;Classe K;Classe K;Clase K;K-Klasse;K-klasa;;K-êëàññ;;;X
MODEL_RUS_30_0;Kamchatka-class;Classe Kamchatka;Classe Kamchatka;Clase Kamchatka;Kamchatka-Klasse;Kamchatka-klasa;;Kamchatka-Klasse;;;X
MODEL_RUS_30_1;Moskva-class;Classe Moskva;Classe Moskva;Clase Moskva;Moskva-Klasse;Moskva-klasa;;Moskva-Klasse;;;X
MODEL_RUS_31_1;Projekt 71-class;Classe Projekt 71;Classe Projekt 71;Clase Projekt 71;Projekt 71-Klasse;Projekt 71-klasa;;Projekt 71-Klasse;;;X
#;;;;;;;;;;;X;
MODEL_SAF_25_2;Bridgewater-class Sloop;;;;;;;;;;x;
MODEL_SAF_25_4;W-class;;;;;;;;;;x;
MODEL_SAF_25_5;L-class;;;;;;;;;;x;
MODEL_SAF_25_8;Battle-class;;;;;;;;;;x;
#;;;;;;;;;;;X;
MODEL_SIA_22_2;Thonburi-class;;;;;;;;;;x;
MODEL_SIA_22_6;Taksin-class;;;;;;;;;;x;
MODEL_SIA_25_0;Puket-class;;;;;;;;;;x;
MODEL_SIA_25_1;Tachin-class;;;;;;;;;;x;
MODEL_SIA_25_2;Phra Ruang-class;;;;;;;;;;x;
MODEL_SIA_28_1;Sinsamudar-class;;;;;;;;;;x;
#;;;;;;;;;;;X;
MODEL_SPA_21_1;Pelayo-class;;;;;;;;;;x;
MODEL_SPA_21_2;España-class;;;;;;;;;;x;
MODEL_SPA_21_3;Reina Victoria Eugenia-class;;;;;;;;;;x;
MODEL_SPA_22_1;Extremadura-class;;;;;;;;;;x;
MODEL_SPA_22_2;Jupiter-class;;;;;;;;;;x;
MODEL_SPA_22_3;Almirante Cervera-class;;;;;;;;;;x;
MODEL_SPA_23_0;Infanta Maria Teresa-class;;;;;;;;;;x;
MODEL_SPA_23_1;Cristobal Colon-class;;;;;;;;;;x;
MODEL_SPA_23_3;Canarias-class;;;;;;;;;;x;
MODEL_SPA_24_0;Emperador Carlos V-class;;;;;;;;;;x;
MODEL_SPA_25_0;No. 1 Type;;;;;;;;;;x;
MODEL_SPA_25_1;Bustamante-class;;;;;;;;;;x;
MODEL_SPA_25_2;Castillo-class;;;;;;;;;;x;
MODEL_SPA_25_3;Alsedo-class;;;;;;;;;;x;
MODEL_SPA_25_6;Churruca-class;;;;;;;;;;x;
MODEL_SPA_27_0;Dedalo-class;;;;;;;;;;x;
MODEL_SPA_28_0;Peral-class;;;;;;;;;;x;
MODEL_SPA_28_2;A-class;;;;;;;;;;x;
MODEL_SPA_28_3;B-class;;;;;;;;;;x;
MODEL_SPA_28_5;G-class;;;;;;;;;;x;
MODEL_SPA_28_6;D-class;;;;;;;;;;x;
MODEL_SPA_28_7;Balao-class;Classe Balao;Classe Balao;Clase Balao;Balao-Klasse;Balao-klasa;;Balao-Klasse;;;X
#;;;;;;;;;;;X;
MODEL_SPR_21_1;Pelayo-class;;;;;;;;;;x;
MODEL_SPR_21_2;España-class;;;;;;;;;;x;
MODEL_SPR_21_3;Reina Victoria Eugenia-class;;;;;;;;;;x;
MODEL_SPR_22_1;Extremadura-class;;;;;;;;;;x;
MODEL_SPR_22_2;Jupiter-class;;;;;;;;;;x;
MODEL_SPR_22_3;Almirante Cervera-class;;;;;;;;;;x;
MODEL_SPR_23_0;Infanta Maria Teresa-class;;;;;;;;;;x;
MODEL_SPR_23_1;Cristobal Colon-class;;;;;;;;;;x;
MODEL_SPR_23_3;Canarias-class;;;;;;;;;;x;
MODEL_SPR_24_0;Emperador Carlos V-class;;;;;;;;;;x;
MODEL_SPR_25_0;No. 1 Type;;;;;;;;;;x;
MODEL_SPR_25_1;Bustamante-class;;;;;;;;;;x;
MODEL_SPR_25_2;Castillo-class;;;;;;;;;;x;
MODEL_SPR_25_3;Alsedo-class;;;;;;;;;;x;
MODEL_SPR_25_6;Churruca-class;;;;;;;;;;x;
MODEL_SPR_27_0;Dedalo-class;;;;;;;;;;x;
MODEL_SPR_28_0;Peral-class;;;;;;;;;;x;
MODEL_SPR_28_2;A-class;;;;;;;;;;x;
MODEL_SPR_28_3;B-class;;;;;;;;;;x;
MODEL_SPR_28_6;D-class;;;;;;;;;;x;
MODEL_SPR_28_7;Balao-class;Classe Balao;Classe Balao;Clase Balao;Balao-Klasse;Balao-klasa;;Balao-Klasse;;;X
#;;;;;;;;;;;X;
MODEL_TUR_21_0;Turgut Reis-class;;;;;;;;;;x;
MODEL_TUR_22_0;Hamidiye-class;;;;;;;;;;x;
MODEL_TUR_22_2;Midilli-class;;;;;;;;;;x;
MODEL_TUR_24_0;Yavuz Sultan Selim-class;;;;;;;;;;x;
MODEL_TUR_25_0;Samsun-class;;;;;;;;;;x;
MODEL_TUR_25_1;Berk-i-Satvet-class;;;;;;;;;;x;
MODEL_TUR_25_5;Tinaztepe-class;;;;;;;;;;x;
MODEL_TUR_28_2;Dumlupynar-class;;;;;;;;;;x;
MODEL_TUR_28_3;Birindci Inönü-class;;;;;;;;;;x;
MODEL_TUR_28_4;Oruç Reis-class;;;;;;;;;;x;
MODEL_TUR_28_6;Ay-class;;;;;;;;;;x;
#;;;;;;;;;;;X;
MODEL_U43_21_0;Petr Veliky-class;Classe Petr Veliky;Classe Petr Veliky;Clase Petr Veliky;Petr Veliky-Klasse;Petr Veliky-Klasse;;êëàññà 'Ïåòð Âåëèêèé';;;X
MODEL_U43_21_1;Petropavlovsk-class;Classe Petropavlovsk;Classe Petropavlovsk;Clase Petropavlovsk;Petropavlovsk-Klasse;Petropavlovsk-Klasse;;Petropavlovsk-Klasse;;;X
MODEL_U43_21_2;Potemkin-class;Classe Potemkin;Classe Potemkin;Clase Potemkin;Potemkin-Klasse;Potemkin-Klasse;;êëàññà 'Ïîòåìêèí-Òàâðè÷åñêèé';;;X
MODEL_U43_21_3;Sevastopol-class;Classe Sevastopol;Classe Sevastopol;Clase Sevastopol;Sevastopol-Klasse;Sevastopol-Klasse;;êëàññà 'Ñåâàñòîïîëü';;;X
MODEL_U43_21_4;Imp. Maria-class;Classe Imp. Maria;Classe Imp. Maria;Clase Imp. Maria;Imp. Maria-Klasse;Imp. Maria-Klasse;;êëàññà 'Èìï. Ìàðèÿ';;;X
MODEL_U43_22_0;Vityaz-class;Classe Vityaz;Classe Vityaz;Clase Vityaz;Vityaz-Klasse;Vityaz-Klasse;;êëàññà 'Âèòÿçü';;;X
MODEL_U43_22_1;Varyag-class;Classe Varyag;Classe Varyag;Clase Varyag;Varyag-Klasse;Varyag-Klasse;;êëàññà 'Âàðÿã';;;X
MODEL_U43_22_2;Svetlana-class;Classe Svetlana;Classe Svetlana;Clase Svetlana;Svetlana-Klasse;Svetlana-Klasse;;Svetlana-Klasse;;;X
MODEL_U43_22_5;Project 65-class;Classe Project 65;Classe Project 65;Clase Project 65;Project 65-Klasse;Project 65-Klasse;;Project 65-Klasse;;;X
MODEL_U43_22_8;Kynda-class;Classe Kynda;Classe Kynda;Clase Kynda;Kynda-Klasse;Kynda-Klasse;;Kynda-Klasse;;;X
MODEL_U43_23_0;Kniaz Pozharskii-class;Classe Kniaz Pozharskii;Classe Kniaz Pozharskii;Clase Kniaz Pozharskii;Kniaz Pozharskii-Klasse;Kniaz Pozharskii-Klasse;;Kniaz Pozharskii-Klasse;;;X
MODEL_U43_23_1;Bayan-class;Classe Bayan;Classe Bayan;Clase Bayan;Bayan-Klasse;Bayan-klasa;;Bayan-Klasse;;;X
MODEL_U43_23_2;Rurik-class;Classe Rurik;Classe Rurik;Clase Rurik;Rurik-Klasse;Rurik-klasa;;êëàññà 'Ðþðèê';;;X
MODEL_U43_23_5;Kirov-class;Classe Kirov;Classe Kirov;Clase Kirov;Kirov-Klasse;Kirov-Klasse;;Kirov-Klasse;;;X
MODEL_U43_23_6;Chapayev-class;Classe Chapayev;Classe Chapayev;Clase Chapayev;Chapayev-Klasse;Chapayev-Klasse;;Chapayev-Klasse;;;X
MODEL_U43_23_7;Sverdlov-class;Classe Sverdlov;Classe Sverdlov;Clase Sverdlov;Sverdlov-Klasse;Sverdlov-Klasse;;Sverdlov-Klasse;;;X
MODEL_U43_23_8;Slava-class;Classe Slava;Classe Slava;Clase Slava;Slava-Klasse;Slava-Klasse;;Slava-Klasse;;;X
MODEL_U43_24_1;Izmail-class;Classe Izmail;Classe Izmail;Clase Izmail;Izmail-Klasse;Izmail-klasa;;êëàññà 'Èçìàèë';;;X
MODEL_U43_24_3;Kronshtadt-class;Classe Kronshtadt;Classe Kronshtadt;Clase Kronshtadt;Kronshtadt-Klasse;Kronshtadt-klasa;;Kronshtadt-Klasse;;;X
MODEL_U43_24_5;Stalingrad-class;Classe Stalingrad;Classe Stalingrad;Clase Stalingrad;Stalingrad-Klasse;Stalingrad-klasa;;Stalingrad-Klasse;;;X
MODEL_U43_25_0;Koreets-class;Classe Koreets;Classe Koreets;Clase Koreets;Koreets-Klasse;Koreets-klasa;;êëàññà 'Êîðååö';;;X
MODEL_U43_25_1;Sokol-class;Classe Sokol;Classe Sokol;Clase Sokol;Sokol-Klasse;Sokol-klasa;;êëàññà 'Ñîêîë';;;X
MODEL_U43_25_2;Novik-class;Classe Novik;Classe Novik;Clase Novik;Novik-Klasse;Novik-klasa;;êëàññà 'Íîâèê';;;X
MODEL_U43_25_3;Fidonisi-class;Classe Fidonisi;Classe Fidonisi;Clase Fidonisi;Fidonisi-Klasse;Fidonisi-klasa;;êëàññà 'Ôèäîíèñè';;;X
MODEL_U43_25_4;Gnevny-class;Classe Gnevny;Classe Gnevny;Clase Gnevny;Gnevny-Klasse;Gnevny-klasa;;Gnevny-Klasse;;;X
MODEL_U43_25_6;Ognevoy-class;Classe Ognevoy;Classe Ognevoy;Clase Ognevoy;Ognevoy-Klasse;Ognevoy-klasa;;Ognevoy-Klasse;;;X
MODEL_U43_25_7;Opytny-class;Classe Opytny;Classe Opytny;Clase Opytny;Opytny-Klasse;Opytny-klasa;;Opytny-Klasse;;;X
MODEL_U43_25_8;Skoriy-class;Classe Skoriy;Classe Skoriy;Clase Skoriy;Skoriy-Klasse;Skoriy-klasa;;Skoriy-Klasse;;;X
MODEL_U43_25_9;Kotlin-class;Classe Kotlin;Classe Kotlin;Clase Kotlin;Kotlin-Klasse;Kotlin-klasa;;Kotlin-Klasse;;;X
MODEL_U43_26_5;Project 72-class;Classe Project 72;Classe Project 72;Clase Project 72;Project 72-Klasse;Project 72-klasa;;Project 72-Klasse;;;X
MODEL_U43_26_6;Kostromitinova-class;Classe Kostromitinova;Classe Kostromitinova;Clase Kostromitinova;Kostromitinova-Klasse;Kostromitinova-klasa;;Kostromitinova-Klasse;;;X
MODEL_U43_26_7;Project 85-class;Classe Project 85;Classe Project 85;Clase Project 85;Project 85-Klasse;Project 85-klasa;;Project 85-Klasse;;;X
MODEL_U43_27_0;Almaz-class;Classe Almaz;Classe Almaz;Clase Almaz;Almaz-Klasse;Almaz-klasa;;êëàññà 'Àëìàç';;;X
MODEL_U43_27_1;Orlitsa-class;Classe Orlitsa;Classe Orlitsa;Clase Orlitsa;Orlitsa-Klasse;Orlitsa-klasa;;êëàññà 'Îðëèöà';;;X
MODEL_U43_28_0;Delfin-class;Classe Delfin;Classe Delfin;Clase Delfin;Delfin-Klasse;Delfin-klasa;;êëàññà 'Äåëüôèí';;;X
MODEL_U43_28_1;Narval-class;Narval-class;Classe Narval;Clase Narval;Narval-Klasse;Narval-class;;Narval-Klasse;;;X
MODEL_U43_28_2;Bars-class;Classe Bars;Classe Bars;Clase Bars;Bars-Klasse;Bars-klasa;;êëàññà 'Áàðñ';;;X
MODEL_U43_28_3;Series I;Series I;Classe Series I;Clase Series I;Series I;Series I;;Series I;;;X
MODEL_U43_28_4;Series II;Series II;Classe Series II;Clase Series II;Series II;Series II;;Series II;;;X
MODEL_U43_28_5;Series XII;Series XII;Classe Series XII;Clase Series XII;Series XII;Series XII;;Series XII;;;X
MODEL_U43_28_6;Series IX;Series IX;Classe Series IX;Clase Series IX;Series IX;Series IX;;Series IX;;;X
MODEL_U43_28_7;Series XIV;Series XIV;Classe Series XIV;Clase Series XIV;Series XIV;Series XIV;;Series XIV;;;X
MODEL_U43_28_8;Whiskey-class;Whiskey-class;Classe Whiskey;Clase Whiskey;Whiskey-Klasse;Whiskey-class;;Whiskey-Klasse;;;X
MODEL_U43_28_9;Romeo-class;Romeo-class;Classe Romeo;Clase Romeo;Romeo-Klasse;Romeo-class;;Romeo-Klasse;;;X
MODEL_U43_28_10;November-class;November-class;Classe November;Clase November;November-Klasse;November-class;;November-Klasse;;;X
MODEL_U43_28_11;Echo-class;Echo-class;Classe Echo;Clase Echo;Echo-Klasse;Echo-class;;Echo-Klasse;;;X
MODEL_U43_28_12;Victor-class;Victor-class;Classe Victor;Clase Victor;Victor-Klasse;Victor-class;;Victor-Klasse;;;X
MODEL_U43_29_1;K-class;Classe K;Classe K;Clase K;K-Klasse;K-klasa;;K-êëàññ;;;X
MODEL_U43_30_0;Kamchatka-class;Classe Kamchatka;Classe Kamchatka;Clase Kamchatka;Kamchatka-Klasse;Kamchatka-klasa;;Kamchatka-Klasse;;;X
MODEL_U43_30_1;Moskva-class;Classe Moskva;Classe Moskva;Clase Moskva;Moskva-Klasse;Moskva-klasa;;Moskva-Klasse;;;X
MODEL_U43_31_1;Projekt 71-class;Classe Projekt 71;Classe Projekt 71;Clase Projekt 71;Projekt 71-Klasse;Projekt 71-klasa;;Projekt 71-Klasse;;;X
#;;;;;;;;;;;X;
MODEL_VEN_22_1;Mariscal Sucre-class;;;;;;;;;;x;
#;;;;;;;;;;;X;
MODEL_VIC_21_1;Danton-class;;;;;;;;;;x;
MODEL_VIC_21_2;Courbet-class;;;;;;;;;;x;
MODEL_VIC_21_3;Bretagne-class;;;;;;;;;;x;
MODEL_VIC_21_4;Lyon-class;;;;;;;;;;x;
MODEL_VIC_21_5;Normandie-class;;;;;;;;;;x;
MODEL_VIC_21_7;Richelieu-class;;;;;;;;;;x;
MODEL_VIC_21_8;Gascoigne-class;;;;;;;;;;x;
MODEL_VIC_22_3;Duguay Trouin-class;;;;;;;;;;x;
MODEL_VIC_22_4;La Galissonnière-class;;;;;;;;;;x;
MODEL_VIC_23_3;Duquesne-class;;;;;;;;;;x;
MODEL_VIC_23_4;Algérie-class;;;;;;;;;;x;
MODEL_VIC_23_5;St. Louis-class;;;;;;;;;;x;
MODEL_VIC_24_3;Dunkerque-class;;;;;;;;;;x;
MODEL_VIC_25_3;Arabe-class;;;;;;;;;;x;
MODEL_VIC_25_4;Bourrasque-class;;;;;;;;;;x;
MODEL_VIC_25_5;Mogador-class;;;;;;;;;;x;
MODEL_VIC_25_6;Le Hardi 2nd Series-class;;;;;;;;;;x;
MODEL_VIC_26_1;Joffre-class;;;;;;;;;;x;
MODEL_VIC_27_1;Béarn-class;;;;;;;;;;x;
#;;;;;;;;;;;X;
MODEL_YUG_22_0;Dalmacija-class;;;;;;;;;;x;
MODEL_YUG_22_1;Prvic-class;;;;;;;;;;x;
MODEL_YUG_25_0;T1-class;;;;;;;;;;x;
MODEL_YUG_25_3;Beograd-class;;;;;;;;;;x;
MODEL_YUG_25_4;Dubrovnik-class;;;;;;;;;;x;
MODEL_YUG_27_0;Zmaj-class;;;;;;;;;;x;
MODEL_YUG_28_2;Osvetnik-class;;;;;;;;;;x;
#;;;;;;;;;;;X;
MODEL_U02_25_1;Lawrence-class;;;;;;;;;;x;
MODEL_U02_25_2;Indus-class;;;;;;;;;;x;
#;;;;;;;;;;;X;
MODEL_U05_22_1;Holland-class;;;;;;;;;;x;
MODEL_U05_22_2;Java-class;;;;;;;;;;x;
MODEL_U05_22_3;Flores-class;;;;;;;;;;x;
MODEL_U05_22_4;De Ruyter-class;;;;;;;;;;x;
MODEL_U05_22_5;Tromp-class;;;;;;;;;;x;
MODEL_U05_22_6;Eendracht-class;;;;;;;;;;x;
MODEL_U05_23_1;De Zeven Provincien-class;;;;;;;;;;x;
MODEL_U05_25_0;Z-class;;;;;;;;;;x;
MODEL_U05_25_3;Roofdier-class;;;;;;;;;;x;
MODEL_U05_25_6;Admiralen-class;;;;;;;;;;x;
MODEL_U05_25_7;Holland-class;;;;;;;;;;x;
MODEL_U05_28_1;KVIII-class;;;;;;;;;;x;
MODEL_U05_28_2;KXIV-class;;;;;;;;;;x;
MODEL_U05_28_3;KXI-class;;;;;;;;;;x;
MODEL_U05_28_4;O19-class;;;;;;;;;;x;
#;;;;;;;;;;;X;
MODEL_U09_21_0;Kronprinz-klasse;Kronprinz-klasse;Kronprinz-klasse;Kronprinz-klasse;Kronprinz-klasse;Kronprinz-klasse;;;;x;
MODEL_U09_21_1;Erzherzog Karl-klasse;Erzherzog Karl-klasse;Erzherzog Karl-klasse;Erzherzog Karl-klasse;Erzherzog Karl-klasse;Erzherzog Karl-klasse;;;;x;¨
MODEL_U09_21_2;Habsburg-klasse;Habsburg-klasse;Habsburg-klasse;Habsburg-klasse;Habsburg-klasse;Habsburg-klasse;;;;x;
MODEL_U09_21_3;Radetzky-klasse;Radetzky-klasse;Radetzky-klasse;Radetzky-klasse;Radetzky-klasse;Radetzky-klasse;;;;x;
MODEL_U09_21_4;Tegetthoff-klasse;Tegetthoff-klasse;Tegetthoff-klasse;Tegetthoff-klasse;Tegetthoff-klasse;Tegetthoff-klasse;;;;x;
MODEL_U09_21_5;Monarch-klasse;Monarch-klasse;Monarch-klasse;Monarch-klasse;Monarch-klasse;Monarch-klasse;;;;x;
MODEL_U09_21_6;Kaiser Franz Jozef-klasse;Kaiser Franz Jozef-klasse;Kaiser Franz Jozef-klasse;Kaiser Franz Jozef-klasse;Kaiser Franz Jozef-klasse;Kaiser Franz Jozef-klasse;;;;x;
MODEL_U09_21_7;Erzherzog Franz Ferdinand-klasse;Erzherzog Franz Ferdinand-klasse;Erzherzog Franz Ferdinand-klasse;Erzherzog Franz Ferdinand-klasse;Erzherzog Franz Ferdinand-klasse;Erzherzog Franz Ferdinand-klasse;Erzherzog Franz Ferdinand-klasse;;;x;
MODEL_U09_21_8;Zrinyi-klasse;Zrinyi-klasse;Zrinyi-klasse;Zrinyi-klasse;Zrinyi-klasse;Zrinyi-klasse;;;;x;
MODEL_U09_21_9;Kaiser Karl Joseph-klass;Kaiser Karl Joseph-klass;Kaiser Karl Joseph-klass;Kaiser Karl Joseph-klass;Kaiser Karl Joseph-klass;Kaiser Karl Joseph-klass;Kaiser Karl Joseph-klass;;;x;
MODEL_U09_21_10;Hunyadi-klasse;Hunyadi-klasse;Hunyadi-klasse;Hunyadi-klasse;Hunyadi-klasse;Hunyadi-klasse;;;;x;
MODEL_U09_21_12;Erzherzog Friedrich-klasse;Erzherzog Friedrich-klasse;Erzherzog Friedrich-klasse;Erzherzog Friedrich-klasse;Erzherzog Friedrich-klasse;Erzherzog Friedrich-klasse;;;;x;
MODEL_U09_21_13;Erzherzog Ferdinand Max-klasse;Erzherzog Ferdinand Max-klasse;Erzherzog Ferdinand Max-klasse;Erzherzog Ferdinand Max-klasse;Erzherzog Ferdinand Max-klasse;Erzherzog Ferdinand Max-klasse;Erzherzog Ferdinand Max-klasse;;;x;
MODEL_U09_21_14;Prinz Eugen-klasse;Prinz Eugen-klasse;Prinz Eugen-klasse;Prinz Eugen-klasse;Prinz Eugen-klasse;Prinz Eugen-klasse;Prinz Eugen-klasse;;;x;
MODEL_U09_22_0;Panther-klasse;Panther-klasse;Panther-klasse;Panther-klasse;Panther-klasse;Panther-klasse;Panther-klasse;;;x;
MODEL_U09_22_1;Zenta-klasse;Zenta-klasse;Zenta-klasse;Zenta-klasse;Zenta-klasse;Zenta-klasse;;;;x;
MODEL_U09_22_2;Novara-klasse;Novara-klasse;Novara-klasse;Novara-klasse;Novara-klasse;Novara-klasse;Novara-klasse;Novara-klasse;;;X
MODEL_U09_23_1;Maria Theresia-klasse;Maria Theresia-klasse;Maria Theresia-klasse;Maria Theresia-klasse;Maria Theresia-klasse;Maria Theresia-klasse;Maria Theresia-klasse;Maria Theresia-klasse;;;X
MODEL_U09_23_2;Karl VI-klasse;Karl VI-klasse;Karl VI-klasse;Karl VI-klasse;Karl VI-klasse;Karl VI-klasse;Karl VI-klasse;Karl VI-klasse;;;X
MODEL_U09_24_1;Series I-klasse;Series I-klasse;Series I-klasse;Series I-klasse;Series I-klasse;Series I-klasse;Series I-klasse;Series I-klasse;;;X
MODEL_U09_24_2;Series IV-klasse;Series IV-klasse;Series IV-klasse;Series IV-klasse;Series IV-klasse;Series IV-klasse;Series IV-klasse;Series IV-klasse;;;X
MODEL_U09_24_3;Series VI-klasse;Series VI-klasse;Series VI-klasse;Series VI-klasse;Series VI-klasse;Series VI-klasse;Series VI-klasse;Series VI-klasse;;;X
MODEL_U09_25_0;I-klasse;I-klasse;I-klasse;I-klasse;I-klasse;I-klasse;I-klasse;I-klasse;;;X
MODEL_U09_25_1;Huszár-klasse;Huszár-klasse;Huszár-klasse;Huszár-klasse;Huszár-klasse;Huszár-klasse;Huszár-klasse;Huszár-klasse;;;X
MODEL_U09_25_2;Tátra-klasse;Tátra-klasse;Tátra-klasse;Tátra-klasse;Tátra-klasse;Tátra-klasse;Tátra-klasse;Tátra-klasse;;;X;
MODEL_U09_25_3;Ersatz Tátra-klasse;Ersatz Tátra-klasse;Ersatz Tátra-klasse;Ersatz Tátra-klasse;Ersatz Tátra-klasse;Ersatz Tátra-klasse;Ersatz Tátra-klasse;Ersatz Tátra-klasse;;;X;
MODEL_U09_28_0;U1-klasse;U1-klasse;U1-klasse;U1-klasse;U1-klasse;U1-klasse;U1-klasse;U1-klasse;;;X;
MODEL_U09_28_1;U5-klasse;U5-klasse;U5-klasse;U5-klasse;U5-klasse;U5-klasse;U5-klasse;U5-klasse;;;X;
MODEL_U09_28_2;U43-klasse;U43-klasse;U43-klasse;U43-klasse;U43-klasse;U43-klasse;U43-klasse;U43-klasse;;;X;
#EOF;;;;;;;;;;;X
#EOF;;;;;;;;;;;X
