kind,target,donor,bitmap,palette
sprite,gfx/map/units/T-BATTLECRUISER A-FIRE C-IND L-1 D-NE.spr,gfx/map/units/T-BATTLECRUISER A-FIRE C-AST L-1 D-NE.spr,T-BATTLECRUISER A-FIRE C-MIN L-1 D-NE.bmp,V3-IND-NAVY-T-BATTLECRUISER_C-MIN_L-1.bmp
sprite,gfx/map/units/T-BATTLECRUISER A-FIRE C-IND L-1 D-SW.spr,gfx/map/units/T-BATTLECRUISER A-FIRE C-AST L-1 D-SW.spr,T-BATTLECRUISER A-FIRE C-MIN L-1 D-SW.bmp,V3-IND-NAVY-T-BATTLECRUISER_C-MIN_L-1.bmp
sprite,gfx/map/units/T-BATTLECRUISER A-STAND C-IND L-1.spr,gfx/map/units/T-BATTLECRUISER A-STAND C-AST L-1.spr,T-BATTLECRUISER A-STAND C-MIN L-1.bmp,V3-IND-NAVY-T-BATTLECRUISER_C-MIN_L-1.bmp
sprite,gfx/map/units/T-BATTLECRUISER A-WALK C-IND L-1 D-E.spr,gfx/map/units/T-BATTLECRUISER A-WALK C-AST L-1 D-E.spr,T-BATTLECRUISER A-WALK C-MIN L-1 D-E.bmp,V3-IND-NAVY-T-BATTLECRUISER_C-MIN_L-1.bmp
sprite,gfx/map/units/T-BATTLECRUISER A-WALK C-IND L-1 D-N.spr,gfx/map/units/T-BATTLECRUISER A-WALK C-AST L-1 D-N.spr,T-BATTLECRUISER A-WALK C-MIN L-1 D-N.bmp,V3-IND-NAVY-T-BATTLECRUISER_C-MIN_L-1.bmp
sprite,gfx/map/units/T-BATTLECRUISER A-WALK C-IND L-1 D-NE.spr,gfx/map/units/T-BATTLECRUISER A-WALK C-AST L-1 D-NE.spr,T-BATTLECRUISER A-WALK C-MIN L-1 D-NE.bmp,V3-IND-NAVY-T-BATTLECRUISER_C-MIN_L-1.bmp
sprite,gfx/map/units/T-BATTLECRUISER A-WALK C-IND L-1 D-NW.spr,gfx/map/units/T-BATTLECRUISER A-WALK C-AST L-1 D-NW.spr,T-BATTLECRUISER A-WALK C-MIN L-1 D-NW.bmp,V3-IND-NAVY-T-BATTLECRUISER_C-MIN_L-1.bmp
sprite,gfx/map/units/T-BATTLECRUISER A-WALK C-IND L-1 D-S.spr,gfx/map/units/T-BATTLECRUISER A-WALK C-AST L-1 D-S.spr,T-BATTLECRUISER A-WALK C-MIN L-1 D-S.bmp,V3-IND-NAVY-T-BATTLECRUISER_C-MIN_L-1.bmp
sprite,gfx/map/units/T-BATTLECRUISER A-WALK C-IND L-1 D-SE.spr,gfx/map/units/T-BATTLECRUISER A-WALK C-AST L-1 D-SE.spr,T-BATTLECRUISER A-WALK C-MIN L-1 D-SE.bmp,V3-IND-NAVY-T-BATTLECRUISER_C-MIN_L-1.bmp
sprite,gfx/map/units/T-BATTLECRUISER A-WALK C-IND L-1 D-SW.spr,gfx/map/units/T-BATTLECRUISER A-WALK C-AST L-1 D-SW.spr,T-BATTLECRUISER A-WALK C-MIN L-1 D-SW.bmp,V3-IND-NAVY-T-BATTLECRUISER_C-MIN_L-1.bmp
sprite,gfx/map/units/T-BATTLECRUISER A-WALK C-IND L-1 D-W.spr,gfx/map/units/T-BATTLECRUISER A-WALK C-AST L-1 D-W.spr,T-BATTLECRUISER A-WALK C-MIN L-1 D-W.bmp,V3-IND-NAVY-T-BATTLECRUISER_C-MIN_L-1.bmp
sprite,gfx/map/units/T-BATTLESHIP A-FIRE C-IND L-1 D-NE.spr,gfx/map/units/T-BATTLESHIP A-FIRE C-AST L-1 D-NE.spr,T-BATTLESHIP A-FIRE C-ENG L-4 D-NE.bmp,V3-IND-NAVY-T-BATTLESHIP_C-MIN_L-4.bmp
sprite,gfx/map/units/T-BATTLESHIP A-FIRE C-IND L-1 D-SW.spr,gfx/map/units/T-BATTLESHIP A-FIRE C-AST L-1 D-SW.spr,T-BATTLESHIP A-FIRE C-ENG L-4 D-SW.bmp,V3-IND-NAVY-T-BATTLESHIP_C-MIN_L-4.bmp
sprite,gfx/map/units/T-BATTLESHIP A-STAND C-IND L-1.spr,gfx/map/units/T-BATTLESHIP A-STAND C-AST L-1.spr,T-BATTLESHIP A-STAND C-ENG L-4.bmp,V3-IND-NAVY-T-BATTLESHIP_C-MIN_L-4.bmp
sprite,gfx/map/units/T-BATTLESHIP A-WALK C-IND L-1 D-E.spr,gfx/map/units/T-BATTLESHIP A-WALK C-AST L-1 D-E.spr,T-BATTLESHIP A-WALK C-ENG L-4 D-E.bmp,V3-IND-NAVY-T-BATTLESHIP_C-MIN_L-4.bmp
sprite,gfx/map/units/T-BATTLESHIP A-WALK C-IND L-1 D-N.spr,gfx/map/units/T-BATTLESHIP A-WALK C-AST L-1 D-N.spr,T-BATTLESHIP A-WALK C-ENG L-4 D-N.bmp,V3-IND-NAVY-T-BATTLESHIP_C-MIN_L-4.bmp
sprite,gfx/map/units/T-BATTLESHIP A-WALK C-IND L-1 D-NE.spr,gfx/map/units/T-BATTLESHIP A-WALK C-AST L-1 D-NE.spr,T-BATTLESHIP A-WALK C-ENG L-4 D-NE.bmp,V3-IND-NAVY-T-BATTLESHIP_C-MIN_L-4.bmp
sprite,gfx/map/units/T-BATTLESHIP A-WALK C-IND L-1 D-NW.spr,gfx/map/units/T-BATTLESHIP A-WALK C-AST L-1 D-NW.spr,T-BATTLESHIP A-WALK C-ENG L-4 D-NW.bmp,V3-IND-NAVY-T-BATTLESHIP_C-MIN_L-4.bmp
sprite,gfx/map/units/T-BATTLESHIP A-WALK C-IND L-1 D-S.spr,gfx/map/units/T-BATTLESHIP A-WALK C-AST L-1 D-S.spr,T-BATTLESHIP A-WALK C-ENG L-4 D-S.bmp,V3-IND-NAVY-T-BATTLESHIP_C-MIN_L-4.bmp
sprite,gfx/map/units/T-BATTLESHIP A-WALK C-IND L-1 D-SE.spr,gfx/map/units/T-BATTLESHIP A-WALK C-AST L-1 D-SE.spr,T-BATTLESHIP A-WALK C-ENG L-4 D-SE.bmp,V3-IND-NAVY-T-BATTLESHIP_C-MIN_L-4.bmp
sprite,gfx/map/units/T-BATTLESHIP A-WALK C-IND L-1 D-SW.spr,gfx/map/units/T-BATTLESHIP A-WALK C-AST L-1 D-SW.spr,T-BATTLESHIP A-WALK C-ENG L-4 D-SW.bmp,V3-IND-NAVY-T-BATTLESHIP_C-MIN_L-4.bmp
sprite,gfx/map/units/T-BATTLESHIP A-WALK C-IND L-1 D-W.spr,gfx/map/units/T-BATTLESHIP A-WALK C-AST L-1 D-W.spr,T-BATTLESHIP A-WALK C-ENG L-4 D-W.bmp,V3-IND-NAVY-T-BATTLESHIP_C-MIN_L-4.bmp
sprite,gfx/map/units/T-BERGSJAEGER A-FIRE C-IND L-1 D-E.spr,gfx/map/units/T-BERGSJAEGER A-FIRE C-AST L-1 D-E.spr,T-INFANTRY C-AST A-FIRE D-E L-5.bmp,V3-IND-KHAKI-CS-AST-INF-WWI-LTE.bmp
sprite,gfx/map/units/T-BERGSJAEGER A-FIRE C-IND L-1 D-N.spr,gfx/map/units/T-BERGSJAEGER A-FIRE C-AST L-1 D-N.spr,T-INFANTRY C-AST A-FIRE D-N L-5.bmp,V3-IND-KHAKI-CS-AST-INF-WWI-LTE.bmp
sprite,gfx/map/units/T-BERGSJAEGER A-FIRE C-IND L-1 D-NE.spr,gfx/map/units/T-BERGSJAEGER A-FIRE C-AST L-1 D-NE.spr,T-INFANTRY C-AST A-FIRE D-NE L-5.bmp,V3-IND-KHAKI-CS-AST-INF-WWI-LTE.bmp
sprite,gfx/map/units/T-BERGSJAEGER A-FIRE C-IND L-1 D-NW.spr,gfx/map/units/T-BERGSJAEGER A-FIRE C-AST L-1 D-NW.spr,T-INFANTRY C-AST A-FIRE D-NW L-5.bmp,V3-IND-KHAKI-CS-AST-INF-WWI-LTE.bmp
sprite,gfx/map/units/T-BERGSJAEGER A-FIRE C-IND L-1 D-S.spr,gfx/map/units/T-BERGSJAEGER A-FIRE C-AST L-1 D-S.spr,T-INFANTRY C-AST A-FIRE D-S L-5.bmp,V3-IND-KHAKI-CS-AST-INF-WWI-LTE.bmp
sprite,gfx/map/units/T-BERGSJAEGER A-FIRE C-IND L-1 D-SE.spr,gfx/map/units/T-BERGSJAEGER A-FIRE C-AST L-1 D-SE.spr,T-INFANTRY C-AST A-FIRE D-SE L-5.bmp,V3-IND-KHAKI-CS-AST-INF-WWI-LTE.bmp
sprite,gfx/map/units/T-BERGSJAEGER A-FIRE C-IND L-1 D-SW.spr,gfx/map/units/T-BERGSJAEGER A-FIRE C-AST L-1 D-SW.spr,T-INFANTRY C-AST A-FIRE D-SW L-5.bmp,V3-IND-KHAKI-CS-AST-INF-WWI-LTE.bmp
sprite,gfx/map/units/T-BERGSJAEGER A-FIRE C-IND L-1 D-W.spr,gfx/map/units/T-BERGSJAEGER A-FIRE C-AST L-1 D-W.spr,T-INFANTRY C-AST A-FIRE D-W L-5.bmp,V3-IND-KHAKI-CS-AST-INF-WWI-LTE.bmp
sprite,gfx/map/units/T-BERGSJAEGER A-FIRE C-IND L-1.spr,gfx/map/units/T-BERGSJAEGER A-FIRE C-AST L-1.spr,T-INFANTRY C-AST A-FIRE D-SE L-5.bmp,V3-IND-KHAKI-CS-AST-INF-WWI-LTE.bmp
sprite,gfx/map/units/T-BERGSJAEGER A-FIRE C-IND L-10 D-E.spr,gfx/map/units/T-BERGSJAEGER A-FIRE C-AST L-10 D-E.spr,T-PARATROOPER C-AST A-FIRE D-E.bmp,V3-IND-KHAKI-WWII-IMP-CS-AST-PAR.bmp
sprite,gfx/map/units/T-BERGSJAEGER A-FIRE C-IND L-10 D-N.spr,gfx/map/units/T-BERGSJAEGER A-FIRE C-AST L-10 D-N.spr,T-PARATROOPER C-AST A-FIRE D-N.bmp,V3-IND-KHAKI-WWII-IMP-CS-AST-PAR.bmp
sprite,gfx/map/units/T-BERGSJAEGER A-FIRE C-IND L-10 D-NE.spr,gfx/map/units/T-BERGSJAEGER A-FIRE C-AST L-10 D-NE.spr,T-PARATROOPER C-AST A-FIRE D-NE.bmp,V3-IND-KHAKI-WWII-IMP-CS-AST-PAR.bmp
sprite,gfx/map/units/T-BERGSJAEGER A-FIRE C-IND L-10 D-NW.spr,gfx/map/units/T-BERGSJAEGER A-FIRE C-AST L-10 D-NW.spr,T-PARATROOPER C-AST A-FIRE D-NW.bmp,V3-IND-KHAKI-WWII-IMP-CS-AST-PAR.bmp
sprite,gfx/map/units/T-BERGSJAEGER A-FIRE C-IND L-10 D-S.spr,gfx/map/units/T-BERGSJAEGER A-FIRE C-AST L-10 D-S.spr,T-PARATROOPER C-AST A-FIRE D-S.bmp,V3-IND-KHAKI-WWII-IMP-CS-AST-PAR.bmp
sprite,gfx/map/units/T-BERGSJAEGER A-FIRE C-IND L-10 D-SE.spr,gfx/map/units/T-BERGSJAEGER A-FIRE C-AST L-10 D-SE.spr,T-PARATROOPER C-AST A-FIRE D-SE.bmp,V3-IND-KHAKI-WWII-IMP-CS-AST-PAR.bmp
sprite,gfx/map/units/T-BERGSJAEGER A-FIRE C-IND L-10 D-SW.spr,gfx/map/units/T-BERGSJAEGER A-FIRE C-AST L-10 D-SW.spr,T-PARATROOPER C-AST A-FIRE D-SW.bmp,V3-IND-KHAKI-WWII-IMP-CS-AST-PAR.bmp
sprite,gfx/map/units/T-BERGSJAEGER A-FIRE C-IND L-10 D-W.spr,gfx/map/units/T-BERGSJAEGER A-FIRE C-AST L-10 D-W.spr,T-PARATROOPER C-AST A-FIRE D-W.bmp,V3-IND-KHAKI-WWII-IMP-CS-AST-PAR.bmp
sprite,gfx/map/units/T-BERGSJAEGER A-FIRE C-IND L-10.spr,gfx/map/units/T-BERGSJAEGER A-FIRE C-AST L-10.spr,T-PARATROOPER C-AST A-FIRE D-SE.bmp,V3-IND-KHAKI-WWII-IMP-CS-AST-PAR.bmp
sprite,gfx/map/units/T-BERGSJAEGER A-FIRE C-IND L-11 D-E.spr,gfx/map/units/T-BERGSJAEGER A-FIRE C-AST L-11 D-E.spr,T-PARATROOPER C-AST A-FIRE D-E.bmp,V3-IND-KHAKI-WWII-IMP-CS-AST-PAR.bmp
sprite,gfx/map/units/T-BERGSJAEGER A-FIRE C-IND L-11 D-N.spr,gfx/map/units/T-BERGSJAEGER A-FIRE C-AST L-11 D-N.spr,T-PARATROOPER C-AST A-FIRE D-N.bmp,V3-IND-KHAKI-WWII-IMP-CS-AST-PAR.bmp
sprite,gfx/map/units/T-BERGSJAEGER A-FIRE C-IND L-11 D-NE.spr,gfx/map/units/T-BERGSJAEGER A-FIRE C-AST L-11 D-NE.spr,T-PARATROOPER C-AST A-FIRE D-NE.bmp,V3-IND-KHAKI-WWII-IMP-CS-AST-PAR.bmp
sprite,gfx/map/units/T-BERGSJAEGER A-FIRE C-IND L-11 D-NW.spr,gfx/map/units/T-BERGSJAEGER A-FIRE C-AST L-11 D-NW.spr,T-PARATROOPER C-AST A-FIRE D-NW.bmp,V3-IND-KHAKI-WWII-IMP-CS-AST-PAR.bmp
sprite,gfx/map/units/T-BERGSJAEGER A-FIRE C-IND L-11 D-S.spr,gfx/map/units/T-BERGSJAEGER A-FIRE C-AST L-11 D-S.spr,T-PARATROOPER C-AST A-FIRE D-S.bmp,V3-IND-KHAKI-WWII-IMP-CS-AST-PAR.bmp
sprite,gfx/map/units/T-BERGSJAEGER A-FIRE C-IND L-11 D-SE.spr,gfx/map/units/T-BERGSJAEGER A-FIRE C-AST L-11 D-SE.spr,T-PARATROOPER C-AST A-FIRE D-SE.bmp,V3-IND-KHAKI-WWII-IMP-CS-AST-PAR.bmp
sprite,gfx/map/units/T-BERGSJAEGER A-FIRE C-IND L-11 D-SW.spr,gfx/map/units/T-BERGSJAEGER A-FIRE C-AST L-11 D-SW.spr,T-PARATROOPER C-AST A-FIRE D-SW.bmp,V3-IND-KHAKI-WWII-IMP-CS-AST-PAR.bmp
sprite,gfx/map/units/T-BERGSJAEGER A-FIRE C-IND L-11 D-W.spr,gfx/map/units/T-BERGSJAEGER A-FIRE C-AST L-11 D-W.spr,T-PARATROOPER C-AST A-FIRE D-W.bmp,V3-IND-KHAKI-WWII-IMP-CS-AST-PAR.bmp
sprite,gfx/map/units/T-BERGSJAEGER A-FIRE C-IND L-11.spr,gfx/map/units/T-BERGSJAEGER A-FIRE C-AST L-11.spr,T-PARATROOPER C-AST A-FIRE D-SE.bmp,V3-IND-KHAKI-WWII-IMP-CS-AST-PAR.bmp
sprite,gfx/map/units/T-BERGSJAEGER A-FIRE C-IND L-12 D-E.spr,gfx/map/units/T-BERGSJAEGER A-FIRE C-AST L-12 D-E.spr,T-PARATROOPER C-AST A-FIRE D-E.bmp,V3-IND-KHAKI-WWII-IMP-CS-AST-PAR.bmp
sprite,gfx/map/units/T-BERGSJAEGER A-FIRE C-IND L-12 D-N.spr,gfx/map/units/T-BERGSJAEGER A-FIRE C-AST L-12 D-N.spr,T-PARATROOPER C-AST A-FIRE D-N.bmp,V3-IND-KHAKI-WWII-IMP-CS-AST-PAR.bmp
sprite,gfx/map/units/T-BERGSJAEGER A-FIRE C-IND L-12 D-NE.spr,gfx/map/units/T-BERGSJAEGER A-FIRE C-AST L-12 D-NE.spr,T-PARATROOPER C-AST A-FIRE D-NE.bmp,V3-IND-KHAKI-WWII-IMP-CS-AST-PAR.bmp
sprite,gfx/map/units/T-BERGSJAEGER A-FIRE C-IND L-12 D-NW.spr,gfx/map/units/T-BERGSJAEGER A-FIRE C-AST L-12 D-NW.spr,T-PARATROOPER C-AST A-FIRE D-NW.bmp,V3-IND-KHAKI-WWII-IMP-CS-AST-PAR.bmp
sprite,gfx/map/units/T-BERGSJAEGER A-FIRE C-IND L-12 D-S.spr,gfx/map/units/T-BERGSJAEGER A-FIRE C-AST L-12 D-S.spr,T-PARATROOPER C-AST A-FIRE D-S.bmp,V3-IND-KHAKI-WWII-IMP-CS-AST-PAR.bmp
sprite,gfx/map/units/T-BERGSJAEGER A-FIRE C-IND L-12 D-SE.spr,gfx/map/units/T-BERGSJAEGER A-FIRE C-AST L-12 D-SE.spr,T-PARATROOPER C-AST A-FIRE D-SE.bmp,V3-IND-KHAKI-WWII-IMP-CS-AST-PAR.bmp
sprite,gfx/map/units/T-BERGSJAEGER A-FIRE C-IND L-12 D-SW.spr,gfx/map/units/T-BERGSJAEGER A-FIRE C-AST L-12 D-SW.spr,T-PARATROOPER C-AST A-FIRE D-SW.bmp,V3-IND-KHAKI-WWII-IMP-CS-AST-PAR.bmp
sprite,gfx/map/units/T-BERGSJAEGER A-FIRE C-IND L-12 D-W.spr,gfx/map/units/T-BERGSJAEGER A-FIRE C-AST L-12 D-W.spr,T-PARATROOPER C-AST A-FIRE D-W.bmp,V3-IND-KHAKI-WWII-IMP-CS-AST-PAR.bmp
sprite,gfx/map/units/T-BERGSJAEGER A-FIRE C-IND L-12.spr,gfx/map/units/T-BERGSJAEGER A-FIRE C-AST L-12.spr,T-PARATROOPER C-AST A-FIRE D-SE.bmp,V3-IND-KHAKI-WWII-IMP-CS-AST-PAR.bmp
sprite,gfx/map/units/T-BERGSJAEGER A-FIRE C-IND L-13 D-E.spr,gfx/map/units/T-BERGSJAEGER A-FIRE C-AST L-13 D-E.spr,T-PARATROOPER C-AST A-FIRE D-E.bmp,V3-IND-KHAKI-WWII-IMP-CS-AST-PAR.bmp
sprite,gfx/map/units/T-BERGSJAEGER A-FIRE C-IND L-13 D-N.spr,gfx/map/units/T-BERGSJAEGER A-FIRE C-AST L-13 D-N.spr,T-PARATROOPER C-AST A-FIRE D-N.bmp,V3-IND-KHAKI-WWII-IMP-CS-AST-PAR.bmp
sprite,gfx/map/units/T-BERGSJAEGER A-FIRE C-IND L-13 D-NE.spr,gfx/map/units/T-BERGSJAEGER A-FIRE C-AST L-13 D-NE.spr,T-PARATROOPER C-AST A-FIRE D-NE.bmp,V3-IND-KHAKI-WWII-IMP-CS-AST-PAR.bmp
sprite,gfx/map/units/T-BERGSJAEGER A-FIRE C-IND L-13 D-NW.spr,gfx/map/units/T-BERGSJAEGER A-FIRE C-AST L-13 D-NW.spr,T-PARATROOPER C-AST A-FIRE D-NW.bmp,V3-IND-KHAKI-WWII-IMP-CS-AST-PAR.bmp
sprite,gfx/map/units/T-BERGSJAEGER A-FIRE C-IND L-13 D-S.spr,gfx/map/units/T-BERGSJAEGER A-FIRE C-AST L-13 D-S.spr,T-PARATROOPER C-AST A-FIRE D-S.bmp,V3-IND-KHAKI-WWII-IMP-CS-AST-PAR.bmp
sprite,gfx/map/units/T-BERGSJAEGER A-FIRE C-IND L-13 D-SE.spr,gfx/map/units/T-BERGSJAEGER A-FIRE C-AST L-13 D-SE.spr,T-PARATROOPER C-AST A-FIRE D-SE.bmp,V3-IND-KHAKI-WWII-IMP-CS-AST-PAR.bmp
sprite,gfx/map/units/T-BERGSJAEGER A-FIRE C-IND L-13 D-SW.spr,gfx/map/units/T-BERGSJAEGER A-FIRE C-AST L-13 D-SW.spr,T-PARATROOPER C-AST A-FIRE D-SW.bmp,V3-IND-KHAKI-WWII-IMP-CS-AST-PAR.bmp
sprite,gfx/map/units/T-BERGSJAEGER A-FIRE C-IND L-13 D-W.spr,gfx/map/units/T-BERGSJAEGER A-FIRE C-AST L-13 D-W.spr,T-PARATROOPER C-AST A-FIRE D-W.bmp,V3-IND-KHAKI-WWII-IMP-CS-AST-PAR.bmp
sprite,gfx/map/units/T-BERGSJAEGER A-FIRE C-IND L-13.spr,gfx/map/units/T-BERGSJAEGER A-FIRE C-AST L-13.spr,T-PARATROOPER C-AST A-FIRE D-SE.bmp,V3-IND-KHAKI-WWII-IMP-CS-AST-PAR.bmp
sprite,gfx/map/units/T-BERGSJAEGER A-FIRE C-IND L-14 D-E.spr,gfx/map/units/T-BERGSJAEGER A-FIRE C-AST L-14 D-E.spr,T-PARATROOPER C-AST A-FIRE D-E.bmp,V3-IND-KHAKI-WWII-IMP-CS-AST-PAR.bmp
sprite,gfx/map/units/T-BERGSJAEGER A-FIRE C-IND L-14 D-N.spr,gfx/map/units/T-BERGSJAEGER A-FIRE C-AST L-14 D-N.spr,T-PARATROOPER C-AST A-FIRE D-N.bmp,V3-IND-KHAKI-WWII-IMP-CS-AST-PAR.bmp
sprite,gfx/map/units/T-BERGSJAEGER A-FIRE C-IND L-14 D-NE.spr,gfx/map/units/T-BERGSJAEGER A-FIRE C-AST L-14 D-NE.spr,T-PARATROOPER C-AST A-FIRE D-NE.bmp,V3-IND-KHAKI-WWII-IMP-CS-AST-PAR.bmp
sprite,gfx/map/units/T-BERGSJAEGER A-FIRE C-IND L-14 D-NW.spr,gfx/map/units/T-BERGSJAEGER A-FIRE C-AST L-14 D-NW.spr,T-PARATROOPER C-AST A-FIRE D-NW.bmp,V3-IND-KHAKI-WWII-IMP-CS-AST-PAR.bmp
sprite,gfx/map/units/T-BERGSJAEGER A-FIRE C-IND L-14 D-S.spr,gfx/map/units/T-BERGSJAEGER A-FIRE C-AST L-14 D-S.spr,T-PARATROOPER C-AST A-FIRE D-S.bmp,V3-IND-KHAKI-WWII-IMP-CS-AST-PAR.bmp
sprite,gfx/map/units/T-BERGSJAEGER A-FIRE C-IND L-14 D-SE.spr,gfx/map/units/T-BERGSJAEGER A-FIRE C-AST L-14 D-SE.spr,T-PARATROOPER C-AST A-FIRE D-SE.bmp,V3-IND-KHAKI-WWII-IMP-CS-AST-PAR.bmp
sprite,gfx/map/units/T-BERGSJAEGER A-FIRE C-IND L-14 D-SW.spr,gfx/map/units/T-BERGSJAEGER A-FIRE C-AST L-14 D-SW.spr,T-PARATROOPER C-AST A-FIRE D-SW.bmp,V3-IND-KHAKI-WWII-IMP-CS-AST-PAR.bmp
sprite,gfx/map/units/T-BERGSJAEGER A-FIRE C-IND L-14 D-W.spr,gfx/map/units/T-BERGSJAEGER A-FIRE C-AST L-14 D-W.spr,T-PARATROOPER C-AST A-FIRE D-W.bmp,V3-IND-KHAKI-WWII-IMP-CS-AST-PAR.bmp
sprite,gfx/map/units/T-BERGSJAEGER A-FIRE C-IND L-14.spr,gfx/map/units/T-BERGSJAEGER A-FIRE C-AST L-14.spr,T-PARATROOPER C-AST A-FIRE D-SE.bmp,V3-IND-KHAKI-WWII-IMP-CS-AST-PAR.bmp
sprite,gfx/map/units/T-BERGSJAEGER A-FIRE C-IND L-15 D-E.spr,gfx/map/units/T-BERGSJAEGER A-FIRE C-AST L-15 D-E.spr,T-PARATROOPER C-AST A-FIRE D-E.bmp,V3-IND-KHAKI-WWII-IMP-CS-AST-PAR.bmp
sprite,gfx/map/units/T-BERGSJAEGER A-FIRE C-IND L-15 D-N.spr,gfx/map/units/T-BERGSJAEGER A-FIRE C-AST L-15 D-N.spr,T-PARATROOPER C-AST A-FIRE D-N.bmp,V3-IND-KHAKI-WWII-IMP-CS-AST-PAR.bmp
sprite,gfx/map/units/T-BERGSJAEGER A-FIRE C-IND L-15 D-NE.spr,gfx/map/units/T-BERGSJAEGER A-FIRE C-AST L-15 D-NE.spr,T-PARATROOPER C-AST A-FIRE D-NE.bmp,V3-IND-KHAKI-WWII-IMP-CS-AST-PAR.bmp
sprite,gfx/map/units/T-BERGSJAEGER A-FIRE C-IND L-15 D-NW.spr,gfx/map/units/T-BERGSJAEGER A-FIRE C-AST L-15 D-NW.spr,T-PARATROOPER C-AST A-FIRE D-NW.bmp,V3-IND-KHAKI-WWII-IMP-CS-AST-PAR.bmp
sprite,gfx/map/units/T-BERGSJAEGER A-FIRE C-IND L-15 D-S.spr,gfx/map/units/T-BERGSJAEGER A-FIRE C-AST L-15 D-S.spr,T-PARATROOPER C-AST A-FIRE D-S.bmp,V3-IND-KHAKI-WWII-IMP-CS-AST-PAR.bmp
sprite,gfx/map/units/T-BERGSJAEGER A-FIRE C-IND L-15 D-SE.spr,gfx/map/units/T-BERGSJAEGER A-FIRE C-AST L-15 D-SE.spr,T-PARATROOPER C-AST A-FIRE D-SE.bmp,V3-IND-KHAKI-WWII-IMP-CS-AST-PAR.bmp
sprite,gfx/map/units/T-BERGSJAEGER A-FIRE C-IND L-15 D-SW.spr,gfx/map/units/T-BERGSJAEGER A-FIRE C-AST L-15 D-SW.spr,T-PARATROOPER C-AST A-FIRE D-SW.bmp,V3-IND-KHAKI-WWII-IMP-CS-AST-PAR.bmp
sprite,gfx/map/units/T-BERGSJAEGER A-FIRE C-IND L-15 D-W.spr,gfx/map/units/T-BERGSJAEGER A-FIRE C-AST L-15 D-W.spr,T-PARATROOPER C-AST A-FIRE D-W.bmp,V3-IND-KHAKI-WWII-IMP-CS-AST-PAR.bmp
sprite,gfx/map/units/T-BERGSJAEGER A-FIRE C-IND L-15.spr,gfx/map/units/T-BERGSJAEGER A-FIRE C-AST L-15.spr,T-PARATROOPER C-AST A-FIRE D-SE.bmp,V3-IND-KHAKI-WWII-IMP-CS-AST-PAR.bmp
sprite,gfx/map/units/T-BERGSJAEGER A-FIRE C-IND L-16 D-E.spr,gfx/map/units/T-BERGSJAEGER A-FIRE C-AST L-16 D-E.spr,T-PARATROOPER C-AST A-FIRE D-E.bmp,V3-IND-KHAKI-WWII-IMP-CS-AST-PAR.bmp
sprite,gfx/map/units/T-BERGSJAEGER A-FIRE C-IND L-16 D-N.spr,gfx/map/units/T-BERGSJAEGER A-FIRE C-AST L-16 D-N.spr,T-PARATROOPER C-AST A-FIRE D-N.bmp,V3-IND-KHAKI-WWII-IMP-CS-AST-PAR.bmp
sprite,gfx/map/units/T-BERGSJAEGER A-FIRE C-IND L-16 D-NE.spr,gfx/map/units/T-BERGSJAEGER A-FIRE C-AST L-16 D-NE.spr,T-PARATROOPER C-AST A-FIRE D-NE.bmp,V3-IND-KHAKI-WWII-IMP-CS-AST-PAR.bmp
sprite,gfx/map/units/T-BERGSJAEGER A-FIRE C-IND L-16 D-NW.spr,gfx/map/units/T-BERGSJAEGER A-FIRE C-AST L-16 D-NW.spr,T-PARATROOPER C-AST A-FIRE D-NW.bmp,V3-IND-KHAKI-WWII-IMP-CS-AST-PAR.bmp
sprite,gfx/map/units/T-BERGSJAEGER A-FIRE C-IND L-16 D-S.spr,gfx/map/units/T-BERGSJAEGER A-FIRE C-AST L-16 D-S.spr,T-PARATROOPER C-AST A-FIRE D-S.bmp,V3-IND-KHAKI-WWII-IMP-CS-AST-PAR.bmp
sprite,gfx/map/units/T-BERGSJAEGER A-FIRE C-IND L-16 D-SE.spr,gfx/map/units/T-BERGSJAEGER A-FIRE C-AST L-16 D-SE.spr,T-PARATROOPER C-AST A-FIRE D-SE.bmp,V3-IND-KHAKI-WWII-IMP-CS-AST-PAR.bmp
sprite,gfx/map/units/T-BERGSJAEGER A-FIRE C-IND L-16 D-SW.spr,gfx/map/units/T-BERGSJAEGER A-FIRE C-AST L-16 D-SW.spr,T-PARATROOPER C-AST A-FIRE D-SW.bmp,V3-IND-KHAKI-WWII-IMP-CS-AST-PAR.bmp
sprite,gfx/map/units/T-BERGSJAEGER A-FIRE C-IND L-16 D-W.spr,gfx/map/units/T-BERGSJAEGER A-FIRE C-AST L-16 D-W.spr,T-PARATROOPER C-AST A-FIRE D-W.bmp,V3-IND-KHAKI-WWII-IMP-CS-AST-PAR.bmp
sprite,gfx/map/units/T-BERGSJAEGER A-FIRE C-IND L-16.spr,gfx/map/units/T-BERGSJAEGER A-FIRE C-AST L-16.spr,T-PARATROOPER C-AST A-FIRE D-SE.bmp,V3-IND-KHAKI-WWII-IMP-CS-AST-PAR.bmp
sprite,gfx/map/units/T-BERGSJAEGER A-FIRE C-IND L-17 D-E.spr,gfx/map/units/T-BERGSJAEGER A-FIRE C-AST L-17 D-E.spr,T-PARATROOPER C-AST A-FIRE D-E.bmp,V3-IND-KHAKI-WWII-IMP-CS-AST-PAR.bmp
sprite,gfx/map/units/T-BERGSJAEGER A-FIRE C-IND L-17 D-N.spr,gfx/map/units/T-BERGSJAEGER A-FIRE C-AST L-17 D-N.spr,T-PARATROOPER C-AST A-FIRE D-N.bmp,V3-IND-KHAKI-WWII-IMP-CS-AST-PAR.bmp
sprite,gfx/map/units/T-BERGSJAEGER A-FIRE C-IND L-17 D-NE.spr,gfx/map/units/T-BERGSJAEGER A-FIRE C-AST L-17 D-NE.spr,T-PARATROOPER C-AST A-FIRE D-NE.bmp,V3-IND-KHAKI-WWII-IMP-CS-AST-PAR.bmp
sprite,gfx/map/units/T-BERGSJAEGER A-FIRE C-IND L-17 D-NW.spr,gfx/map/units/T-BERGSJAEGER A-FIRE C-AST L-17 D-NW.spr,T-PARATROOPER C-AST A-FIRE D-NW.bmp,V3-IND-KHAKI-WWII-IMP-CS-AST-PAR.bmp
sprite,gfx/map/units/T-BERGSJAEGER A-FIRE C-IND L-17 D-S.spr,gfx/map/units/T-BERGSJAEGER A-FIRE C-AST L-17 D-S.spr,T-PARATROOPER C-AST A-FIRE D-S.bmp,V3-IND-KHAKI-WWII-IMP-CS-AST-PAR.bmp
sprite,gfx/map/units/T-BERGSJAEGER A-FIRE C-IND L-17 D-SE.spr,gfx/map/units/T-BERGSJAEGER A-FIRE C-AST L-17 D-SE.spr,T-PARATROOPER C-AST A-FIRE D-SE.bmp,V3-IND-KHAKI-WWII-IMP-CS-AST-PAR.bmp
sprite,gfx/map/units/T-BERGSJAEGER A-FIRE C-IND L-17 D-SW.spr,gfx/map/units/T-BERGSJAEGER A-FIRE C-AST L-17 D-SW.spr,T-PARATROOPER C-AST A-FIRE D-SW.bmp,V3-IND-KHAKI-WWII-IMP-CS-AST-PAR.bmp
sprite,gfx/map/units/T-BERGSJAEGER A-FIRE C-IND L-17 D-W.spr,gfx/map/units/T-BERGSJAEGER A-FIRE C-AST L-17 D-W.spr,T-PARATROOPER C-AST A-FIRE D-W.bmp,V3-IND-KHAKI-WWII-IMP-CS-AST-PAR.bmp
sprite,gfx/map/units/T-BERGSJAEGER A-FIRE C-IND L-17.spr,gfx/map/units/T-BERGSJAEGER A-FIRE C-AST L-17.spr,T-PARATROOPER C-AST A-FIRE D-SE.bmp,V3-IND-KHAKI-WWII-IMP-CS-AST-PAR.bmp
sprite,gfx/map/units/T-BERGSJAEGER A-FIRE C-IND L-18 D-E.spr,gfx/map/units/T-BERGSJAEGER A-FIRE C-AST L-18 D-E.spr,T-PARATROOPER C-AST A-FIRE D-E.bmp,V3-IND-KHAKI-WWII-IMP-CS-AST-PAR.bmp
sprite,gfx/map/units/T-BERGSJAEGER A-FIRE C-IND L-18 D-N.spr,gfx/map/units/T-BERGSJAEGER A-FIRE C-AST L-18 D-N.spr,T-PARATROOPER C-AST A-FIRE D-N.bmp,V3-IND-KHAKI-WWII-IMP-CS-AST-PAR.bmp
sprite,gfx/map/units/T-BERGSJAEGER A-FIRE C-IND L-18 D-NE.spr,gfx/map/units/T-BERGSJAEGER A-FIRE C-AST L-18 D-NE.spr,T-PARATROOPER C-AST A-FIRE D-NE.bmp,V3-IND-KHAKI-WWII-IMP-CS-AST-PAR.bmp
sprite,gfx/map/units/T-BERGSJAEGER A-FIRE C-IND L-18 D-NW.spr,gfx/map/units/T-BERGSJAEGER A-FIRE C-AST L-18 D-NW.spr,T-PARATROOPER C-AST A-FIRE D-NW.bmp,V3-IND-KHAKI-WWII-IMP-CS-AST-PAR.bmp
sprite,gfx/map/units/T-BERGSJAEGER A-FIRE C-IND L-18 D-S.spr,gfx/map/units/T-BERGSJAEGER A-FIRE C-AST L-18 D-S.spr,T-PARATROOPER C-AST A-FIRE D-S.bmp,V3-IND-KHAKI-WWII-IMP-CS-AST-PAR.bmp
sprite,gfx/map/units/T-BERGSJAEGER A-FIRE C-IND L-18 D-SE.spr,gfx/map/units/T-BERGSJAEGER A-FIRE C-AST L-18 D-SE.spr,T-PARATROOPER C-AST A-FIRE D-SE.bmp,V3-IND-KHAKI-WWII-IMP-CS-AST-PAR.bmp
sprite,gfx/map/units/T-BERGSJAEGER A-FIRE C-IND L-18 D-SW.spr,gfx/map/units/T-BERGSJAEGER A-FIRE C-AST L-18 D-SW.spr,T-PARATROOPER C-AST A-FIRE D-SW.bmp,V3-IND-KHAKI-WWII-IMP-CS-AST-PAR.bmp
sprite,gfx/map/units/T-BERGSJAEGER A-FIRE C-IND L-18 D-W.spr,gfx/map/units/T-BERGSJAEGER A-FIRE C-AST L-18 D-W.spr,T-PARATROOPER C-AST A-FIRE D-W.bmp,V3-IND-KHAKI-WWII-IMP-CS-AST-PAR.bmp
sprite,gfx/map/units/T-BERGSJAEGER A-FIRE C-IND L-18.spr,gfx/map/units/T-BERGSJAEGER A-FIRE C-AST L-18.spr,T-PARATROOPER C-AST A-FIRE D-SE.bmp,V3-IND-KHAKI-WWII-IMP-CS-AST-PAR.bmp
sprite,gfx/map/units/T-BERGSJAEGER A-FIRE C-IND L-8 D-E.spr,gfx/map/units/T-BERGSJAEGER A-FIRE C-AST L-8 D-E.spr,T-PARATROOPER C-AST A-FIRE D-E.bmp,V3-IND-KHAKI-WWII-IMP-CS-AST-PAR.bmp
sprite,gfx/map/units/T-BERGSJAEGER A-FIRE C-IND L-8 D-N.spr,gfx/map/units/T-BERGSJAEGER A-FIRE C-AST L-8 D-N.spr,T-PARATROOPER C-AST A-FIRE D-N.bmp,V3-IND-KHAKI-WWII-IMP-CS-AST-PAR.bmp
sprite,gfx/map/units/T-BERGSJAEGER A-FIRE C-IND L-8 D-NE.spr,gfx/map/units/T-BERGSJAEGER A-FIRE C-AST L-8 D-NE.spr,T-PARATROOPER C-AST A-FIRE D-NE.bmp,V3-IND-KHAKI-WWII-IMP-CS-AST-PAR.bmp
sprite,gfx/map/units/T-BERGSJAEGER A-FIRE C-IND L-8 D-NW.spr,gfx/map/units/T-BERGSJAEGER A-FIRE C-AST L-8 D-NW.spr,T-PARATROOPER C-AST A-FIRE D-NW.bmp,V3-IND-KHAKI-WWII-IMP-CS-AST-PAR.bmp
sprite,gfx/map/units/T-BERGSJAEGER A-FIRE C-IND L-8 D-S.spr,gfx/map/units/T-BERGSJAEGER A-FIRE C-AST L-8 D-S.spr,T-PARATROOPER C-AST A-FIRE D-S.bmp,V3-IND-KHAKI-WWII-IMP-CS-AST-PAR.bmp
sprite,gfx/map/units/T-BERGSJAEGER A-FIRE C-IND L-8 D-SE.spr,gfx/map/units/T-BERGSJAEGER A-FIRE C-AST L-8 D-SE.spr,T-PARATROOPER C-AST A-FIRE D-SE.bmp,V3-IND-KHAKI-WWII-IMP-CS-AST-PAR.bmp
sprite,gfx/map/units/T-BERGSJAEGER A-FIRE C-IND L-8 D-SW.spr,gfx/map/units/T-BERGSJAEGER A-FIRE C-AST L-8 D-SW.spr,T-PARATROOPER C-AST A-FIRE D-SW.bmp,V3-IND-KHAKI-WWII-IMP-CS-AST-PAR.bmp
sprite,gfx/map/units/T-BERGSJAEGER A-FIRE C-IND L-8 D-W.spr,gfx/map/units/T-BERGSJAEGER A-FIRE C-AST L-8 D-W.spr,T-PARATROOPER C-AST A-FIRE D-W.bmp,V3-IND-KHAKI-WWII-IMP-CS-AST-PAR.bmp
sprite,gfx/map/units/T-BERGSJAEGER A-FIRE C-IND L-8.spr,gfx/map/units/T-BERGSJAEGER A-FIRE C-AST L-8.spr,T-PARATROOPER C-AST A-FIRE D-SE.bmp,V3-IND-KHAKI-WWII-IMP-CS-AST-PAR.bmp
sprite,gfx/map/units/T-BERGSJAEGER A-FIRE C-IND L-9 D-E.spr,gfx/map/units/T-BERGSJAEGER A-FIRE C-AST L-9 D-E.spr,T-PARATROOPER C-AST A-FIRE D-E.bmp,V3-IND-KHAKI-WWII-IMP-CS-AST-PAR.bmp
sprite,gfx/map/units/T-BERGSJAEGER A-FIRE C-IND L-9 D-N.spr,gfx/map/units/T-BERGSJAEGER A-FIRE C-AST L-9 D-N.spr,T-PARATROOPER C-AST A-FIRE D-N.bmp,V3-IND-KHAKI-WWII-IMP-CS-AST-PAR.bmp
sprite,gfx/map/units/T-BERGSJAEGER A-FIRE C-IND L-9 D-NE.spr,gfx/map/units/T-BERGSJAEGER A-FIRE C-AST L-9 D-NE.spr,T-PARATROOPER C-AST A-FIRE D-NE.bmp,V3-IND-KHAKI-WWII-IMP-CS-AST-PAR.bmp
sprite,gfx/map/units/T-BERGSJAEGER A-FIRE C-IND L-9 D-NW.spr,gfx/map/units/T-BERGSJAEGER A-FIRE C-AST L-9 D-NW.spr,T-PARATROOPER C-AST A-FIRE D-NW.bmp,V3-IND-KHAKI-WWII-IMP-CS-AST-PAR.bmp
sprite,gfx/map/units/T-BERGSJAEGER A-FIRE C-IND L-9 D-S.spr,gfx/map/units/T-BERGSJAEGER A-FIRE C-AST L-9 D-S.spr,T-PARATROOPER C-AST A-FIRE D-S.bmp,V3-IND-KHAKI-WWII-IMP-CS-AST-PAR.bmp
sprite,gfx/map/units/T-BERGSJAEGER A-FIRE C-IND L-9 D-SE.spr,gfx/map/units/T-BERGSJAEGER A-FIRE C-AST L-9 D-SE.spr,T-PARATROOPER C-AST A-FIRE D-SE.bmp,V3-IND-KHAKI-WWII-IMP-CS-AST-PAR.bmp
sprite,gfx/map/units/T-BERGSJAEGER A-FIRE C-IND L-9 D-SW.spr,gfx/map/units/T-BERGSJAEGER A-FIRE C-AST L-9 D-SW.spr,T-PARATROOPER C-AST A-FIRE D-SW.bmp,V3-IND-KHAKI-WWII-IMP-CS-AST-PAR.bmp
sprite,gfx/map/units/T-BERGSJAEGER A-FIRE C-IND L-9 D-W.spr,gfx/map/units/T-BERGSJAEGER A-FIRE C-AST L-9 D-W.spr,T-PARATROOPER C-AST A-FIRE D-W.bmp,V3-IND-KHAKI-WWII-IMP-CS-AST-PAR.bmp
sprite,gfx/map/units/T-BERGSJAEGER A-FIRE C-IND L-9.spr,gfx/map/units/T-BERGSJAEGER A-FIRE C-AST L-9.spr,T-PARATROOPER C-AST A-FIRE D-SE.bmp,V3-IND-KHAKI-WWII-IMP-CS-AST-PAR.bmp
sprite,gfx/map/units/T-BERGSJAEGER A-STAND C-IND L-1.spr,gfx/map/units/T-BERGSJAEGER A-STAND C-AST L-1.spr,T-BERGSJAEGER C-AST A-STAND L-5.bmp,V3-IND-KHAKI-CS-AST-INF-WWI-LTE.bmp
sprite,gfx/map/units/T-BERGSJAEGER A-STAND C-IND L-10.spr,gfx/map/units/T-BERGSJAEGER A-STAND C-AST L-10.spr,T-PARATROOPER C-AST A-STAND.bmp,V3-IND-KHAKI-WWII-IMP-CS-AST-PAR.bmp
sprite,gfx/map/units/T-BERGSJAEGER A-STAND C-IND L-11.spr,gfx/map/units/T-BERGSJAEGER A-STAND C-AST L-11.spr,T-PARATROOPER C-AST A-STAND.bmp,V3-IND-KHAKI-WWII-IMP-CS-AST-PAR.bmp
sprite,gfx/map/units/T-BERGSJAEGER A-STAND C-IND L-12.spr,gfx/map/units/T-BERGSJAEGER A-STAND C-AST L-12.spr,T-PARATROOPER C-AST A-STAND.bmp,V3-IND-KHAKI-WWII-IMP-CS-AST-PAR.bmp
sprite,gfx/map/units/T-BERGSJAEGER A-STAND C-IND L-13.spr,gfx/map/units/T-BERGSJAEGER A-STAND C-AST L-13.spr,T-PARATROOPER C-AST A-STAND.bmp,V3-IND-KHAKI-WWII-IMP-CS-AST-PAR.bmp
sprite,gfx/map/units/T-BERGSJAEGER A-STAND C-IND L-14.spr,gfx/map/units/T-BERGSJAEGER A-STAND C-AST L-14.spr,T-PARATROOPER C-AST A-STAND.bmp,V3-IND-KHAKI-WWII-IMP-CS-AST-PAR.bmp
sprite,gfx/map/units/T-BERGSJAEGER A-STAND C-IND L-15.spr,gfx/map/units/T-BERGSJAEGER A-STAND C-AST L-15.spr,T-PARATROOPER C-AST A-STAND.bmp,V3-IND-KHAKI-WWII-IMP-CS-AST-PAR.bmp
sprite,gfx/map/units/T-BERGSJAEGER A-STAND C-IND L-16.spr,gfx/map/units/T-BERGSJAEGER A-STAND C-AST L-16.spr,T-PARATROOPER C-AST A-STAND.bmp,V3-IND-KHAKI-WWII-IMP-CS-AST-PAR.bmp
sprite,gfx/map/units/T-BERGSJAEGER A-STAND C-IND L-17.spr,gfx/map/units/T-BERGSJAEGER A-STAND C-AST L-17.spr,T-PARATROOPER C-AST A-STAND.bmp,V3-IND-KHAKI-WWII-IMP-CS-AST-PAR.bmp
sprite,gfx/map/units/T-BERGSJAEGER A-STAND C-IND L-18.spr,gfx/map/units/T-BERGSJAEGER A-STAND C-AST L-18.spr,T-PARATROOPER C-AST A-STAND.bmp,V3-IND-KHAKI-WWII-IMP-CS-AST-PAR.bmp
sprite,gfx/map/units/T-BERGSJAEGER A-STAND C-IND L-8.spr,gfx/map/units/T-BERGSJAEGER A-STAND C-AST L-8.spr,T-PARATROOPER C-AST A-STAND.bmp,V3-IND-KHAKI-WWII-IMP-CS-AST-PAR.bmp
sprite,gfx/map/units/T-BERGSJAEGER A-STAND C-IND L-9.spr,gfx/map/units/T-BERGSJAEGER A-STAND C-AST L-9.spr,T-PARATROOPER C-AST A-STAND.bmp,V3-IND-KHAKI-WWII-IMP-CS-AST-PAR.bmp
sprite,gfx/map/units/T-BERGSJAEGER A-WALK C-IND L-1 D-E.spr,gfx/map/units/T-BERGSJAEGER A-WALK C-AST L-1 D-E.spr,T-INFANTRY C-AST A-WALK D-E L-5.bmp,V3-IND-KHAKI-CS-AST-INF-WWI-LTE.bmp
sprite,gfx/map/units/T-BERGSJAEGER A-WALK C-IND L-1 D-N.spr,gfx/map/units/T-BERGSJAEGER A-WALK C-AST L-1 D-N.spr,T-INFANTRY C-AST A-WALK D-N L-5.bmp,V3-IND-KHAKI-CS-AST-INF-WWI-LTE.bmp
sprite,gfx/map/units/T-BERGSJAEGER A-WALK C-IND L-1 D-NE.spr,gfx/map/units/T-BERGSJAEGER A-WALK C-AST L-1 D-NE.spr,T-INFANTRY C-AST A-WALK D-NE L-5.bmp,V3-IND-KHAKI-CS-AST-INF-WWI-LTE.bmp
sprite,gfx/map/units/T-BERGSJAEGER A-WALK C-IND L-1 D-NW.spr,gfx/map/units/T-BERGSJAEGER A-WALK C-AST L-1 D-NW.spr,T-INFANTRY C-AST A-WALK D-NW L-5.bmp,V3-IND-KHAKI-CS-AST-INF-WWI-LTE.bmp
sprite,gfx/map/units/T-BERGSJAEGER A-WALK C-IND L-1 D-S.spr,gfx/map/units/T-BERGSJAEGER A-WALK C-AST L-1 D-S.spr,T-INFANTRY C-AST A-WALK D-S L-5.bmp,V3-IND-KHAKI-CS-AST-INF-WWI-LTE.bmp
sprite,gfx/map/units/T-BERGSJAEGER A-WALK C-IND L-1 D-SE.spr,gfx/map/units/T-BERGSJAEGER A-WALK C-AST L-1 D-SE.spr,T-INFANTRY C-AST A-WALK D-SE L-5.bmp,V3-IND-KHAKI-CS-AST-INF-WWI-LTE.bmp
sprite,gfx/map/units/T-BERGSJAEGER A-WALK C-IND L-1 D-SW.spr,gfx/map/units/T-BERGSJAEGER A-WALK C-AST L-1 D-SW.spr,T-INFANTRY C-AST A-WALK D-SW L-5.bmp,V3-IND-KHAKI-CS-AST-INF-WWI-LTE.bmp
sprite,gfx/map/units/T-BERGSJAEGER A-WALK C-IND L-1 D-W.spr,gfx/map/units/T-BERGSJAEGER A-WALK C-AST L-1 D-W.spr,T-INFANTRY C-AST A-WALK D-W L-5.bmp,V3-IND-KHAKI-CS-AST-INF-WWI-LTE.bmp
sprite,gfx/map/units/T-BERGSJAEGER A-WALK C-IND L-10 D-E.spr,gfx/map/units/T-BERGSJAEGER A-WALK C-AST L-10 D-E.spr,T-PARATROOPER C-AST A-WALK D-E.bmp,V3-IND-KHAKI-WWII-IMP-CS-AST-PAR.bmp
sprite,gfx/map/units/T-BERGSJAEGER A-WALK C-IND L-10 D-N.spr,gfx/map/units/T-BERGSJAEGER A-WALK C-AST L-10 D-N.spr,T-PARATROOPER C-AST A-WALK D-N.bmp,V3-IND-KHAKI-WWII-IMP-CS-AST-PAR.bmp
sprite,gfx/map/units/T-BERGSJAEGER A-WALK C-IND L-10 D-NE.spr,gfx/map/units/T-BERGSJAEGER A-WALK C-AST L-10 D-NE.spr,T-PARATROOPER C-AST A-WALK D-NE.bmp,V3-IND-KHAKI-WWII-IMP-CS-AST-PAR.bmp
sprite,gfx/map/units/T-BERGSJAEGER A-WALK C-IND L-10 D-NW.spr,gfx/map/units/T-BERGSJAEGER A-WALK C-AST L-10 D-NW.spr,T-PARATROOPER C-AST A-WALK D-NW.bmp,V3-IND-KHAKI-WWII-IMP-CS-AST-PAR.bmp
sprite,gfx/map/units/T-BERGSJAEGER A-WALK C-IND L-10 D-S.spr,gfx/map/units/T-BERGSJAEGER A-WALK C-AST L-10 D-S.spr,T-PARATROOPER C-AST A-WALK D-S.bmp,V3-IND-KHAKI-WWII-IMP-CS-AST-PAR.bmp
sprite,gfx/map/units/T-BERGSJAEGER A-WALK C-IND L-10 D-SE.spr,gfx/map/units/T-BERGSJAEGER A-WALK C-AST L-10 D-SE.spr,T-PARATROOPER C-AST A-WALK D-SE.bmp,V3-IND-KHAKI-WWII-IMP-CS-AST-PAR.bmp
sprite,gfx/map/units/T-BERGSJAEGER A-WALK C-IND L-10 D-SW.spr,gfx/map/units/T-BERGSJAEGER A-WALK C-AST L-10 D-SW.spr,T-PARATROOPER C-AST A-WALK D-SW.bmp,V3-IND-KHAKI-WWII-IMP-CS-AST-PAR.bmp
sprite,gfx/map/units/T-BERGSJAEGER A-WALK C-IND L-10 D-W.spr,gfx/map/units/T-BERGSJAEGER A-WALK C-AST L-10 D-W.spr,T-PARATROOPER C-AST A-WALK D-W.bmp,V3-IND-KHAKI-WWII-IMP-CS-AST-PAR.bmp
sprite,gfx/map/units/T-BERGSJAEGER A-WALK C-IND L-11 D-E.spr,gfx/map/units/T-BERGSJAEGER A-WALK C-AST L-11 D-E.spr,T-PARATROOPER C-AST A-WALK D-E.bmp,V3-IND-KHAKI-WWII-IMP-CS-AST-PAR.bmp
sprite,gfx/map/units/T-BERGSJAEGER A-WALK C-IND L-11 D-N.spr,gfx/map/units/T-BERGSJAEGER A-WALK C-AST L-11 D-N.spr,T-PARATROOPER C-AST A-WALK D-N.bmp,V3-IND-KHAKI-WWII-IMP-CS-AST-PAR.bmp
sprite,gfx/map/units/T-BERGSJAEGER A-WALK C-IND L-11 D-NE.spr,gfx/map/units/T-BERGSJAEGER A-WALK C-AST L-11 D-NE.spr,T-PARATROOPER C-AST A-WALK D-NE.bmp,V3-IND-KHAKI-WWII-IMP-CS-AST-PAR.bmp
sprite,gfx/map/units/T-BERGSJAEGER A-WALK C-IND L-11 D-NW.spr,gfx/map/units/T-BERGSJAEGER A-WALK C-AST L-11 D-NW.spr,T-PARATROOPER C-AST A-WALK D-NW.bmp,V3-IND-KHAKI-WWII-IMP-CS-AST-PAR.bmp
sprite,gfx/map/units/T-BERGSJAEGER A-WALK C-IND L-11 D-S.spr,gfx/map/units/T-BERGSJAEGER A-WALK C-AST L-11 D-S.spr,T-PARATROOPER C-AST A-WALK D-S.bmp,V3-IND-KHAKI-WWII-IMP-CS-AST-PAR.bmp
sprite,gfx/map/units/T-BERGSJAEGER A-WALK C-IND L-11 D-SE.spr,gfx/map/units/T-BERGSJAEGER A-WALK C-AST L-11 D-SE.spr,T-PARATROOPER C-AST A-WALK D-SE.bmp,V3-IND-KHAKI-WWII-IMP-CS-AST-PAR.bmp
sprite,gfx/map/units/T-BERGSJAEGER A-WALK C-IND L-11 D-SW.spr,gfx/map/units/T-BERGSJAEGER A-WALK C-AST L-11 D-SW.spr,T-PARATROOPER C-AST A-WALK D-SW.bmp,V3-IND-KHAKI-WWII-IMP-CS-AST-PAR.bmp
sprite,gfx/map/units/T-BERGSJAEGER A-WALK C-IND L-11 D-W.spr,gfx/map/units/T-BERGSJAEGER A-WALK C-AST L-11 D-W.spr,T-PARATROOPER C-AST A-WALK D-W.bmp,V3-IND-KHAKI-WWII-IMP-CS-AST-PAR.bmp
sprite,gfx/map/units/T-BERGSJAEGER A-WALK C-IND L-12 D-E.spr,gfx/map/units/T-BERGSJAEGER A-WALK C-AST L-12 D-E.spr,T-PARATROOPER C-AST A-WALK D-E.bmp,V3-IND-KHAKI-WWII-IMP-CS-AST-PAR.bmp
sprite,gfx/map/units/T-BERGSJAEGER A-WALK C-IND L-12 D-N.spr,gfx/map/units/T-BERGSJAEGER A-WALK C-AST L-12 D-N.spr,T-PARATROOPER C-AST A-WALK D-N.bmp,V3-IND-KHAKI-WWII-IMP-CS-AST-PAR.bmp
sprite,gfx/map/units/T-BERGSJAEGER A-WALK C-IND L-12 D-NE.spr,gfx/map/units/T-BERGSJAEGER A-WALK C-AST L-12 D-NE.spr,T-PARATROOPER C-AST A-WALK D-NE.bmp,V3-IND-KHAKI-WWII-IMP-CS-AST-PAR.bmp
sprite,gfx/map/units/T-BERGSJAEGER A-WALK C-IND L-12 D-NW.spr,gfx/map/units/T-BERGSJAEGER A-WALK C-AST L-12 D-NW.spr,T-PARATROOPER C-AST A-WALK D-NW.bmp,V3-IND-KHAKI-WWII-IMP-CS-AST-PAR.bmp
sprite,gfx/map/units/T-BERGSJAEGER A-WALK C-IND L-12 D-S.spr,gfx/map/units/T-BERGSJAEGER A-WALK C-AST L-12 D-S.spr,T-PARATROOPER C-AST A-WALK D-S.bmp,V3-IND-KHAKI-WWII-IMP-CS-AST-PAR.bmp
sprite,gfx/map/units/T-BERGSJAEGER A-WALK C-IND L-12 D-SE.spr,gfx/map/units/T-BERGSJAEGER A-WALK C-AST L-12 D-SE.spr,T-PARATROOPER C-AST A-WALK D-SE.bmp,V3-IND-KHAKI-WWII-IMP-CS-AST-PAR.bmp
sprite,gfx/map/units/T-BERGSJAEGER A-WALK C-IND L-12 D-SW.spr,gfx/map/units/T-BERGSJAEGER A-WALK C-AST L-12 D-SW.spr,T-PARATROOPER C-AST A-WALK D-SW.bmp,V3-IND-KHAKI-WWII-IMP-CS-AST-PAR.bmp
sprite,gfx/map/units/T-BERGSJAEGER A-WALK C-IND L-12 D-W.spr,gfx/map/units/T-BERGSJAEGER A-WALK C-AST L-12 D-W.spr,T-PARATROOPER C-AST A-WALK D-W.bmp,V3-IND-KHAKI-WWII-IMP-CS-AST-PAR.bmp
sprite,gfx/map/units/T-BERGSJAEGER A-WALK C-IND L-13 D-E.spr,gfx/map/units/T-BERGSJAEGER A-WALK C-AST L-13 D-E.spr,T-PARATROOPER C-AST A-WALK D-E.bmp,V3-IND-KHAKI-WWII-IMP-CS-AST-PAR.bmp
sprite,gfx/map/units/T-BERGSJAEGER A-WALK C-IND L-13 D-N.spr,gfx/map/units/T-BERGSJAEGER A-WALK C-AST L-13 D-N.spr,T-PARATROOPER C-AST A-WALK D-N.bmp,V3-IND-KHAKI-WWII-IMP-CS-AST-PAR.bmp
sprite,gfx/map/units/T-BERGSJAEGER A-WALK C-IND L-13 D-NE.spr,gfx/map/units/T-BERGSJAEGER A-WALK C-AST L-13 D-NE.spr,T-PARATROOPER C-AST A-WALK D-NE.bmp,V3-IND-KHAKI-WWII-IMP-CS-AST-PAR.bmp
sprite,gfx/map/units/T-BERGSJAEGER A-WALK C-IND L-13 D-NW.spr,gfx/map/units/T-BERGSJAEGER A-WALK C-AST L-13 D-NW.spr,T-PARATROOPER C-AST A-WALK D-NW.bmp,V3-IND-KHAKI-WWII-IMP-CS-AST-PAR.bmp
sprite,gfx/map/units/T-BERGSJAEGER A-WALK C-IND L-13 D-S.spr,gfx/map/units/T-BERGSJAEGER A-WALK C-AST L-13 D-S.spr,T-PARATROOPER C-AST A-WALK D-S.bmp,V3-IND-KHAKI-WWII-IMP-CS-AST-PAR.bmp
sprite,gfx/map/units/T-BERGSJAEGER A-WALK C-IND L-13 D-SE.spr,gfx/map/units/T-BERGSJAEGER A-WALK C-AST L-13 D-SE.spr,T-PARATROOPER C-AST A-WALK D-SE.bmp,V3-IND-KHAKI-WWII-IMP-CS-AST-PAR.bmp
sprite,gfx/map/units/T-BERGSJAEGER A-WALK C-IND L-13 D-SW.spr,gfx/map/units/T-BERGSJAEGER A-WALK C-AST L-13 D-SW.spr,T-PARATROOPER C-AST A-WALK D-SW.bmp,V3-IND-KHAKI-WWII-IMP-CS-AST-PAR.bmp
sprite,gfx/map/units/T-BERGSJAEGER A-WALK C-IND L-13 D-W.spr,gfx/map/units/T-BERGSJAEGER A-WALK C-AST L-13 D-W.spr,T-PARATROOPER C-AST A-WALK D-W.bmp,V3-IND-KHAKI-WWII-IMP-CS-AST-PAR.bmp
sprite,gfx/map/units/T-BERGSJAEGER A-WALK C-IND L-14 D-E.spr,gfx/map/units/T-BERGSJAEGER A-WALK C-AST L-14 D-E.spr,T-PARATROOPER C-AST A-WALK D-E.bmp,V3-IND-KHAKI-WWII-IMP-CS-AST-PAR.bmp
sprite,gfx/map/units/T-BERGSJAEGER A-WALK C-IND L-14 D-N.spr,gfx/map/units/T-BERGSJAEGER A-WALK C-AST L-14 D-N.spr,T-PARATROOPER C-AST A-WALK D-N.bmp,V3-IND-KHAKI-WWII-IMP-CS-AST-PAR.bmp
sprite,gfx/map/units/T-BERGSJAEGER A-WALK C-IND L-14 D-NE.spr,gfx/map/units/T-BERGSJAEGER A-WALK C-AST L-14 D-NE.spr,T-PARATROOPER C-AST A-WALK D-NE.bmp,V3-IND-KHAKI-WWII-IMP-CS-AST-PAR.bmp
sprite,gfx/map/units/T-BERGSJAEGER A-WALK C-IND L-14 D-NW.spr,gfx/map/units/T-BERGSJAEGER A-WALK C-AST L-14 D-NW.spr,T-PARATROOPER C-AST A-WALK D-NW.bmp,V3-IND-KHAKI-WWII-IMP-CS-AST-PAR.bmp
sprite,gfx/map/units/T-BERGSJAEGER A-WALK C-IND L-14 D-S.spr,gfx/map/units/T-BERGSJAEGER A-WALK C-AST L-14 D-S.spr,T-PARATROOPER C-AST A-WALK D-S.bmp,V3-IND-KHAKI-WWII-IMP-CS-AST-PAR.bmp
sprite,gfx/map/units/T-BERGSJAEGER A-WALK C-IND L-14 D-SE.spr,gfx/map/units/T-BERGSJAEGER A-WALK C-AST L-14 D-SE.spr,T-PARATROOPER C-AST A-WALK D-SE.bmp,V3-IND-KHAKI-WWII-IMP-CS-AST-PAR.bmp
sprite,gfx/map/units/T-BERGSJAEGER A-WALK C-IND L-14 D-SW.spr,gfx/map/units/T-BERGSJAEGER A-WALK C-AST L-14 D-SW.spr,T-PARATROOPER C-AST A-WALK D-SW.bmp,V3-IND-KHAKI-WWII-IMP-CS-AST-PAR.bmp
sprite,gfx/map/units/T-BERGSJAEGER A-WALK C-IND L-14 D-W.spr,gfx/map/units/T-BERGSJAEGER A-WALK C-AST L-14 D-W.spr,T-PARATROOPER C-AST A-WALK D-W.bmp,V3-IND-KHAKI-WWII-IMP-CS-AST-PAR.bmp
sprite,gfx/map/units/T-BERGSJAEGER A-WALK C-IND L-15 D-E.spr,gfx/map/units/T-BERGSJAEGER A-WALK C-AST L-15 D-E.spr,T-PARATROOPER C-AST A-WALK D-E.bmp,V3-IND-KHAKI-WWII-IMP-CS-AST-PAR.bmp
sprite,gfx/map/units/T-BERGSJAEGER A-WALK C-IND L-15 D-N.spr,gfx/map/units/T-BERGSJAEGER A-WALK C-AST L-15 D-N.spr,T-PARATROOPER C-AST A-WALK D-N.bmp,V3-IND-KHAKI-WWII-IMP-CS-AST-PAR.bmp
sprite,gfx/map/units/T-BERGSJAEGER A-WALK C-IND L-15 D-NE.spr,gfx/map/units/T-BERGSJAEGER A-WALK C-AST L-15 D-NE.spr,T-PARATROOPER C-AST A-WALK D-NE.bmp,V3-IND-KHAKI-WWII-IMP-CS-AST-PAR.bmp
sprite,gfx/map/units/T-BERGSJAEGER A-WALK C-IND L-15 D-NW.spr,gfx/map/units/T-BERGSJAEGER A-WALK C-AST L-15 D-NW.spr,T-PARATROOPER C-AST A-WALK D-NW.bmp,V3-IND-KHAKI-WWII-IMP-CS-AST-PAR.bmp
sprite,gfx/map/units/T-BERGSJAEGER A-WALK C-IND L-15 D-S.spr,gfx/map/units/T-BERGSJAEGER A-WALK C-AST L-15 D-S.spr,T-PARATROOPER C-AST A-WALK D-S.bmp,V3-IND-KHAKI-WWII-IMP-CS-AST-PAR.bmp
sprite,gfx/map/units/T-BERGSJAEGER A-WALK C-IND L-15 D-SE.spr,gfx/map/units/T-BERGSJAEGER A-WALK C-AST L-15 D-SE.spr,T-PARATROOPER C-AST A-WALK D-SE.bmp,V3-IND-KHAKI-WWII-IMP-CS-AST-PAR.bmp
sprite,gfx/map/units/T-BERGSJAEGER A-WALK C-IND L-15 D-SW.spr,gfx/map/units/T-BERGSJAEGER A-WALK C-AST L-15 D-SW.spr,T-PARATROOPER C-AST A-WALK D-SW.bmp,V3-IND-KHAKI-WWII-IMP-CS-AST-PAR.bmp
sprite,gfx/map/units/T-BERGSJAEGER A-WALK C-IND L-15 D-W.spr,gfx/map/units/T-BERGSJAEGER A-WALK C-AST L-15 D-W.spr,T-PARATROOPER C-AST A-WALK D-W.bmp,V3-IND-KHAKI-WWII-IMP-CS-AST-PAR.bmp
sprite,gfx/map/units/T-BERGSJAEGER A-WALK C-IND L-16 D-E.spr,gfx/map/units/T-BERGSJAEGER A-WALK C-AST L-16 D-E.spr,T-PARATROOPER C-AST A-WALK D-E.bmp,V3-IND-KHAKI-WWII-IMP-CS-AST-PAR.bmp
sprite,gfx/map/units/T-BERGSJAEGER A-WALK C-IND L-16 D-N.spr,gfx/map/units/T-BERGSJAEGER A-WALK C-AST L-16 D-N.spr,T-PARATROOPER C-AST A-WALK D-N.bmp,V3-IND-KHAKI-WWII-IMP-CS-AST-PAR.bmp
sprite,gfx/map/units/T-BERGSJAEGER A-WALK C-IND L-16 D-NE.spr,gfx/map/units/T-BERGSJAEGER A-WALK C-AST L-16 D-NE.spr,T-PARATROOPER C-AST A-WALK D-NE.bmp,V3-IND-KHAKI-WWII-IMP-CS-AST-PAR.bmp
sprite,gfx/map/units/T-BERGSJAEGER A-WALK C-IND L-16 D-NW.spr,gfx/map/units/T-BERGSJAEGER A-WALK C-AST L-16 D-NW.spr,T-PARATROOPER C-AST A-WALK D-NW.bmp,V3-IND-KHAKI-WWII-IMP-CS-AST-PAR.bmp
sprite,gfx/map/units/T-BERGSJAEGER A-WALK C-IND L-16 D-S.spr,gfx/map/units/T-BERGSJAEGER A-WALK C-AST L-16 D-S.spr,T-PARATROOPER C-AST A-WALK D-S.bmp,V3-IND-KHAKI-WWII-IMP-CS-AST-PAR.bmp
sprite,gfx/map/units/T-BERGSJAEGER A-WALK C-IND L-16 D-SE.spr,gfx/map/units/T-BERGSJAEGER A-WALK C-AST L-16 D-SE.spr,T-PARATROOPER C-AST A-WALK D-SE.bmp,V3-IND-KHAKI-WWII-IMP-CS-AST-PAR.bmp
sprite,gfx/map/units/T-BERGSJAEGER A-WALK C-IND L-16 D-SW.spr,gfx/map/units/T-BERGSJAEGER A-WALK C-AST L-16 D-SW.spr,T-PARATROOPER C-AST A-WALK D-SW.bmp,V3-IND-KHAKI-WWII-IMP-CS-AST-PAR.bmp
sprite,gfx/map/units/T-BERGSJAEGER A-WALK C-IND L-16 D-W.spr,gfx/map/units/T-BERGSJAEGER A-WALK C-AST L-16 D-W.spr,T-PARATROOPER C-AST A-WALK D-W.bmp,V3-IND-KHAKI-WWII-IMP-CS-AST-PAR.bmp
sprite,gfx/map/units/T-BERGSJAEGER A-WALK C-IND L-17 D-E.spr,gfx/map/units/T-BERGSJAEGER A-WALK C-AST L-17 D-E.spr,T-PARATROOPER C-AST A-WALK D-E.bmp,V3-IND-KHAKI-WWII-IMP-CS-AST-PAR.bmp
sprite,gfx/map/units/T-BERGSJAEGER A-WALK C-IND L-17 D-N.spr,gfx/map/units/T-BERGSJAEGER A-WALK C-AST L-17 D-N.spr,T-PARATROOPER C-AST A-WALK D-N.bmp,V3-IND-KHAKI-WWII-IMP-CS-AST-PAR.bmp
sprite,gfx/map/units/T-BERGSJAEGER A-WALK C-IND L-17 D-NE.spr,gfx/map/units/T-BERGSJAEGER A-WALK C-AST L-17 D-NE.spr,T-PARATROOPER C-AST A-WALK D-NE.bmp,V3-IND-KHAKI-WWII-IMP-CS-AST-PAR.bmp
sprite,gfx/map/units/T-BERGSJAEGER A-WALK C-IND L-17 D-NW.spr,gfx/map/units/T-BERGSJAEGER A-WALK C-AST L-17 D-NW.spr,T-PARATROOPER C-AST A-WALK D-NW.bmp,V3-IND-KHAKI-WWII-IMP-CS-AST-PAR.bmp
sprite,gfx/map/units/T-BERGSJAEGER A-WALK C-IND L-17 D-S.spr,gfx/map/units/T-BERGSJAEGER A-WALK C-AST L-17 D-S.spr,T-PARATROOPER C-AST A-WALK D-S.bmp,V3-IND-KHAKI-WWII-IMP-CS-AST-PAR.bmp
sprite,gfx/map/units/T-BERGSJAEGER A-WALK C-IND L-17 D-SE.spr,gfx/map/units/T-BERGSJAEGER A-WALK C-AST L-17 D-SE.spr,T-PARATROOPER C-AST A-WALK D-SE.bmp,V3-IND-KHAKI-WWII-IMP-CS-AST-PAR.bmp
sprite,gfx/map/units/T-BERGSJAEGER A-WALK C-IND L-17 D-SW.spr,gfx/map/units/T-BERGSJAEGER A-WALK C-AST L-17 D-SW.spr,T-PARATROOPER C-AST A-WALK D-SW.bmp,V3-IND-KHAKI-WWII-IMP-CS-AST-PAR.bmp
sprite,gfx/map/units/T-BERGSJAEGER A-WALK C-IND L-17 D-W.spr,gfx/map/units/T-BERGSJAEGER A-WALK C-AST L-17 D-W.spr,T-PARATROOPER C-AST A-WALK D-W.bmp,V3-IND-KHAKI-WWII-IMP-CS-AST-PAR.bmp
sprite,gfx/map/units/T-BERGSJAEGER A-WALK C-IND L-18 D-E.spr,gfx/map/units/T-BERGSJAEGER A-WALK C-AST L-18 D-E.spr,T-PARATROOPER C-AST A-WALK D-E.bmp,V3-IND-KHAKI-WWII-IMP-CS-AST-PAR.bmp
sprite,gfx/map/units/T-BERGSJAEGER A-WALK C-IND L-18 D-N.spr,gfx/map/units/T-BERGSJAEGER A-WALK C-AST L-18 D-N.spr,T-PARATROOPER C-AST A-WALK D-N.bmp,V3-IND-KHAKI-WWII-IMP-CS-AST-PAR.bmp
sprite,gfx/map/units/T-BERGSJAEGER A-WALK C-IND L-18 D-NE.spr,gfx/map/units/T-BERGSJAEGER A-WALK C-AST L-18 D-NE.spr,T-PARATROOPER C-AST A-WALK D-NE.bmp,V3-IND-KHAKI-WWII-IMP-CS-AST-PAR.bmp
sprite,gfx/map/units/T-BERGSJAEGER A-WALK C-IND L-18 D-NW.spr,gfx/map/units/T-BERGSJAEGER A-WALK C-AST L-18 D-NW.spr,T-PARATROOPER C-AST A-WALK D-NW.bmp,V3-IND-KHAKI-WWII-IMP-CS-AST-PAR.bmp
sprite,gfx/map/units/T-BERGSJAEGER A-WALK C-IND L-18 D-S.spr,gfx/map/units/T-BERGSJAEGER A-WALK C-AST L-18 D-S.spr,T-PARATROOPER C-AST A-WALK D-S.bmp,V3-IND-KHAKI-WWII-IMP-CS-AST-PAR.bmp
sprite,gfx/map/units/T-BERGSJAEGER A-WALK C-IND L-18 D-SE.spr,gfx/map/units/T-BERGSJAEGER A-WALK C-AST L-18 D-SE.spr,T-PARATROOPER C-AST A-WALK D-SE.bmp,V3-IND-KHAKI-WWII-IMP-CS-AST-PAR.bmp
sprite,gfx/map/units/T-BERGSJAEGER A-WALK C-IND L-18 D-SW.spr,gfx/map/units/T-BERGSJAEGER A-WALK C-AST L-18 D-SW.spr,T-PARATROOPER C-AST A-WALK D-SW.bmp,V3-IND-KHAKI-WWII-IMP-CS-AST-PAR.bmp
sprite,gfx/map/units/T-BERGSJAEGER A-WALK C-IND L-18 D-W.spr,gfx/map/units/T-BERGSJAEGER A-WALK C-AST L-18 D-W.spr,T-PARATROOPER C-AST A-WALK D-W.bmp,V3-IND-KHAKI-WWII-IMP-CS-AST-PAR.bmp
sprite,gfx/map/units/T-BERGSJAEGER A-WALK C-IND L-8 D-E.spr,gfx/map/units/T-BERGSJAEGER A-WALK C-AST L-8 D-E.spr,T-PARATROOPER C-AST A-WALK D-E.bmp,V3-IND-KHAKI-WWII-IMP-CS-AST-PAR.bmp
sprite,gfx/map/units/T-BERGSJAEGER A-WALK C-IND L-8 D-N.spr,gfx/map/units/T-BERGSJAEGER A-WALK C-AST L-8 D-N.spr,T-PARATROOPER C-AST A-WALK D-N.bmp,V3-IND-KHAKI-WWII-IMP-CS-AST-PAR.bmp
sprite,gfx/map/units/T-BERGSJAEGER A-WALK C-IND L-8 D-NE.spr,gfx/map/units/T-BERGSJAEGER A-WALK C-AST L-8 D-NE.spr,T-PARATROOPER C-AST A-WALK D-NE.bmp,V3-IND-KHAKI-WWII-IMP-CS-AST-PAR.bmp
sprite,gfx/map/units/T-BERGSJAEGER A-WALK C-IND L-8 D-NW.spr,gfx/map/units/T-BERGSJAEGER A-WALK C-AST L-8 D-NW.spr,T-PARATROOPER C-AST A-WALK D-NW.bmp,V3-IND-KHAKI-WWII-IMP-CS-AST-PAR.bmp
sprite,gfx/map/units/T-BERGSJAEGER A-WALK C-IND L-8 D-S.spr,gfx/map/units/T-BERGSJAEGER A-WALK C-AST L-8 D-S.spr,T-PARATROOPER C-AST A-WALK D-S.bmp,V3-IND-KHAKI-WWII-IMP-CS-AST-PAR.bmp
sprite,gfx/map/units/T-BERGSJAEGER A-WALK C-IND L-8 D-SE.spr,gfx/map/units/T-BERGSJAEGER A-WALK C-AST L-8 D-SE.spr,T-PARATROOPER C-AST A-WALK D-SE.bmp,V3-IND-KHAKI-WWII-IMP-CS-AST-PAR.bmp
sprite,gfx/map/units/T-BERGSJAEGER A-WALK C-IND L-8 D-SW.spr,gfx/map/units/T-BERGSJAEGER A-WALK C-AST L-8 D-SW.spr,T-PARATROOPER C-AST A-WALK D-SW.bmp,V3-IND-KHAKI-WWII-IMP-CS-AST-PAR.bmp
sprite,gfx/map/units/T-BERGSJAEGER A-WALK C-IND L-8 D-W.spr,gfx/map/units/T-BERGSJAEGER A-WALK C-AST L-8 D-W.spr,T-PARATROOPER C-AST A-WALK D-W.bmp,V3-IND-KHAKI-WWII-IMP-CS-AST-PAR.bmp
sprite,gfx/map/units/T-BERGSJAEGER A-WALK C-IND L-9 D-E.spr,gfx/map/units/T-BERGSJAEGER A-WALK C-AST L-9 D-E.spr,T-PARATROOPER C-AST A-WALK D-E.bmp,V3-IND-KHAKI-WWII-IMP-CS-AST-PAR.bmp
sprite,gfx/map/units/T-BERGSJAEGER A-WALK C-IND L-9 D-N.spr,gfx/map/units/T-BERGSJAEGER A-WALK C-AST L-9 D-N.spr,T-PARATROOPER C-AST A-WALK D-N.bmp,V3-IND-KHAKI-WWII-IMP-CS-AST-PAR.bmp
sprite,gfx/map/units/T-BERGSJAEGER A-WALK C-IND L-9 D-NE.spr,gfx/map/units/T-BERGSJAEGER A-WALK C-AST L-9 D-NE.spr,T-PARATROOPER C-AST A-WALK D-NE.bmp,V3-IND-KHAKI-WWII-IMP-CS-AST-PAR.bmp
sprite,gfx/map/units/T-BERGSJAEGER A-WALK C-IND L-9 D-NW.spr,gfx/map/units/T-BERGSJAEGER A-WALK C-AST L-9 D-NW.spr,T-PARATROOPER C-AST A-WALK D-NW.bmp,V3-IND-KHAKI-WWII-IMP-CS-AST-PAR.bmp
sprite,gfx/map/units/T-BERGSJAEGER A-WALK C-IND L-9 D-S.spr,gfx/map/units/T-BERGSJAEGER A-WALK C-AST L-9 D-S.spr,T-PARATROOPER C-AST A-WALK D-S.bmp,V3-IND-KHAKI-WWII-IMP-CS-AST-PAR.bmp
sprite,gfx/map/units/T-BERGSJAEGER A-WALK C-IND L-9 D-SE.spr,gfx/map/units/T-BERGSJAEGER A-WALK C-AST L-9 D-SE.spr,T-PARATROOPER C-AST A-WALK D-SE.bmp,V3-IND-KHAKI-WWII-IMP-CS-AST-PAR.bmp
sprite,gfx/map/units/T-BERGSJAEGER A-WALK C-IND L-9 D-SW.spr,gfx/map/units/T-BERGSJAEGER A-WALK C-AST L-9 D-SW.spr,T-PARATROOPER C-AST A-WALK D-SW.bmp,V3-IND-KHAKI-WWII-IMP-CS-AST-PAR.bmp
sprite,gfx/map/units/T-BERGSJAEGER A-WALK C-IND L-9 D-W.spr,gfx/map/units/T-BERGSJAEGER A-WALK C-AST L-9 D-W.spr,T-PARATROOPER C-AST A-WALK D-W.bmp,V3-IND-KHAKI-WWII-IMP-CS-AST-PAR.bmp
sprite,gfx/map/units/T-BOMBER A-FIRE C-IND L-1 D-NE.spr,gfx/map/units/T-BOMBER A-FIRE C-AST L-1 D-NE.spr,HaP-F-NE.bmp,V3-IND-AIR-HaP.bmp
sprite,gfx/map/units/T-BOMBER A-FIRE C-IND L-1 D-SW.spr,gfx/map/units/T-BOMBER A-FIRE C-AST L-1 D-SW.spr,HaP-F-SW.bmp,V3-IND-AIR-HaP.bmp
sprite,gfx/map/units/T-BOMBER A-FIRE C-IND L-10 D-NE.spr,gfx/map/units/T-BOMBER A-FIRE C-AST L-10 D-NE.spr,T-BOMBER A-FIRE C-USA L-5 D-NE.bmp,V3-IND-AIR-Jagdtiger.bmp
sprite,gfx/map/units/T-BOMBER A-FIRE C-IND L-10 D-SW.spr,gfx/map/units/T-BOMBER A-FIRE C-AST L-10 D-SW.spr,T-BOMBER A-FIRE C-USA L-5 D-SW.bmp,V3-IND-AIR-Jagdtiger.bmp
sprite,gfx/map/units/T-BOMBER A-FIRE C-IND L-3 D-NE.spr,gfx/map/units/T-BOMBER A-FIRE C-AST L-3 D-NE.spr,T-BOMBER A-FIRE C-ENG L-3 D-NE.bmp,V3-IND-AIR-Jagdtiger.bmp
sprite,gfx/map/units/T-BOMBER A-FIRE C-IND L-3 D-SW.spr,gfx/map/units/T-BOMBER A-FIRE C-AST L-3 D-SW.spr,T-BOMBER A-FIRE C-ENG L-3 D-SW.bmp,V3-IND-AIR-Jagdtiger.bmp
sprite,gfx/map/units/T-BOMBER A-FIRE C-IND L-4 D-NE.spr,gfx/map/units/T-BOMBER A-FIRE C-AST L-4 D-NE.spr,T-BOMBER A-FIRE C-ENG L-3 D-NE.bmp,V3-IND-AIR-Jagdtiger.bmp
sprite,gfx/map/units/T-BOMBER A-FIRE C-IND L-4 D-SW.spr,gfx/map/units/T-BOMBER A-FIRE C-AST L-4 D-SW.spr,T-BOMBER A-FIRE C-ENG L-3 D-SW.bmp,V3-IND-AIR-Jagdtiger.bmp
sprite,gfx/map/units/T-BOMBER A-FIRE C-IND L-5 D-NE.spr,gfx/map/units/T-BOMBER A-FIRE C-AST L-5 D-NE.spr,T-BOMBER A-FIRE C-ENG L-3 D-NE.bmp,V3-IND-AIR-Jagdtiger.bmp
sprite,gfx/map/units/T-BOMBER A-FIRE C-IND L-5 D-SW.spr,gfx/map/units/T-BOMBER A-FIRE C-AST L-5 D-SW.spr,T-BOMBER A-FIRE C-ENG L-3 D-SW.bmp,V3-IND-AIR-Jagdtiger.bmp
sprite,gfx/map/units/T-BOMBER A-FIRE C-IND L-6 D-NE.spr,gfx/map/units/T-BOMBER A-FIRE C-AST L-6 D-NE.spr,T-BOMBER A-FIRE C-ENG L-3 D-NE.bmp,V3-IND-AIR-Jagdtiger.bmp
sprite,gfx/map/units/T-BOMBER A-FIRE C-IND L-6 D-SW.spr,gfx/map/units/T-BOMBER A-FIRE C-AST L-6 D-SW.spr,T-BOMBER A-FIRE C-ENG L-3 D-SW.bmp,V3-IND-AIR-Jagdtiger.bmp
sprite,gfx/map/units/T-BOMBER A-FIRE C-IND L-7 D-NE.spr,gfx/map/units/T-BOMBER A-FIRE C-AST L-7 D-NE.spr,T-BOMBER A-FIRE C-ENG L-3 D-NE.bmp,V3-IND-AIR-Jagdtiger.bmp
sprite,gfx/map/units/T-BOMBER A-FIRE C-IND L-7 D-SW.spr,gfx/map/units/T-BOMBER A-FIRE C-AST L-7 D-SW.spr,T-BOMBER A-FIRE C-ENG L-3 D-SW.bmp,V3-IND-AIR-Jagdtiger.bmp
sprite,gfx/map/units/T-BOMBER A-FIRE C-IND L-8 D-NE.spr,gfx/map/units/T-BOMBER A-FIRE C-AST L-8 D-NE.spr,T-BOMBER A-FIRE C-USA L-5 D-NE.bmp,V3-IND-AIR-Jagdtiger.bmp
sprite,gfx/map/units/T-BOMBER A-FIRE C-IND L-8 D-SW.spr,gfx/map/units/T-BOMBER A-FIRE C-AST L-8 D-SW.spr,T-BOMBER A-FIRE C-USA L-5 D-SW.bmp,V3-IND-AIR-Jagdtiger.bmp
sprite,gfx/map/units/T-BOMBER A-FIRE C-IND L-9 D-NE.spr,gfx/map/units/T-BOMBER A-FIRE C-AST L-9 D-NE.spr,T-BOMBER A-FIRE C-USA L-5 D-NE.bmp,V3-IND-AIR-Jagdtiger.bmp
sprite,gfx/map/units/T-BOMBER A-FIRE C-IND L-9 D-SW.spr,gfx/map/units/T-BOMBER A-FIRE C-AST L-9 D-SW.spr,T-BOMBER A-FIRE C-USA L-5 D-SW.bmp,V3-IND-AIR-Jagdtiger.bmp
sprite,gfx/map/units/T-BOMBER A-STAND C-IND L-1.spr,gfx/map/units/T-BOMBER A-STAND C-AST L-1.spr,HaP-W-SW.bmp,V3-IND-AIR-HaP.bmp
sprite,gfx/map/units/T-BOMBER A-STAND C-IND L-10.spr,gfx/map/units/T-BOMBER A-STAND C-AST L-10.spr,T-BOMBER A-WALK C-USA L-5 D-SW.bmp,V3-IND-AIR-Jagdtiger.bmp
sprite,gfx/map/units/T-BOMBER A-STAND C-IND L-3.spr,gfx/map/units/T-BOMBER A-STAND C-AST L-3.spr,T-BOMBER A-WALK C-ENG L-3 D-SW.bmp,V3-IND-AIR-Jagdtiger.bmp
sprite,gfx/map/units/T-BOMBER A-STAND C-IND L-4.spr,gfx/map/units/T-BOMBER A-STAND C-AST L-4.spr,T-BOMBER A-WALK C-ENG L-3 D-SW.bmp,V3-IND-AIR-Jagdtiger.bmp
sprite,gfx/map/units/T-BOMBER A-STAND C-IND L-5.spr,gfx/map/units/T-BOMBER A-STAND C-AST L-5.spr,T-BOMBER A-WALK C-ENG L-3 D-SW.bmp,V3-IND-AIR-Jagdtiger.bmp
sprite,gfx/map/units/T-BOMBER A-STAND C-IND L-6.spr,gfx/map/units/T-BOMBER A-STAND C-AST L-6.spr,T-BOMBER A-WALK C-ENG L-3 D-SW.bmp,V3-IND-AIR-Jagdtiger.bmp
sprite,gfx/map/units/T-BOMBER A-STAND C-IND L-7.spr,gfx/map/units/T-BOMBER A-STAND C-AST L-7.spr,T-BOMBER A-WALK C-ENG L-3 D-SW.bmp,V3-IND-AIR-Jagdtiger.bmp
sprite,gfx/map/units/T-BOMBER A-STAND C-IND L-8.spr,gfx/map/units/T-BOMBER A-STAND C-AST L-8.spr,T-BOMBER A-WALK C-USA L-5 D-SW.bmp,V3-IND-AIR-Jagdtiger.bmp
sprite,gfx/map/units/T-BOMBER A-STAND C-IND L-9.spr,gfx/map/units/T-BOMBER A-STAND C-AST L-9.spr,T-BOMBER A-WALK C-USA L-5 D-SW.bmp,V3-IND-AIR-Jagdtiger.bmp
sprite,gfx/map/units/T-BOMBER A-WALK C-IND L-1 D-E.spr,gfx/map/units/T-BOMBER A-WALK C-AST L-1 D-E.spr,HaP-W-E.bmp,V3-IND-AIR-HaP.bmp
sprite,gfx/map/units/T-BOMBER A-WALK C-IND L-1 D-N.spr,gfx/map/units/T-BOMBER A-WALK C-AST L-1 D-N.spr,HaP-W-N.bmp,V3-IND-AIR-HaP.bmp
sprite,gfx/map/units/T-BOMBER A-WALK C-IND L-1 D-NE.spr,gfx/map/units/T-BOMBER A-WALK C-AST L-1 D-NE.spr,HaP-W-NE.bmp,V3-IND-AIR-HaP.bmp
sprite,gfx/map/units/T-BOMBER A-WALK C-IND L-1 D-NW.spr,gfx/map/units/T-BOMBER A-WALK C-AST L-1 D-NW.spr,HaP-W-NW.bmp,V3-IND-AIR-HaP.bmp
sprite,gfx/map/units/T-BOMBER A-WALK C-IND L-1 D-S.spr,gfx/map/units/T-BOMBER A-WALK C-AST L-1 D-S.spr,HaP-W-S.bmp,V3-IND-AIR-HaP.bmp
sprite,gfx/map/units/T-BOMBER A-WALK C-IND L-1 D-SE.spr,gfx/map/units/T-BOMBER A-WALK C-AST L-1 D-SE.spr,HaP-W-SE.bmp,V3-IND-AIR-HaP.bmp
sprite,gfx/map/units/T-BOMBER A-WALK C-IND L-1 D-SW.spr,gfx/map/units/T-BOMBER A-WALK C-AST L-1 D-SW.spr,HaP-W-SW.bmp,V3-IND-AIR-HaP.bmp
sprite,gfx/map/units/T-BOMBER A-WALK C-IND L-1 D-W.spr,gfx/map/units/T-BOMBER A-WALK C-AST L-1 D-W.spr,HaP-W-W.bmp,V3-IND-AIR-HaP.bmp
sprite,gfx/map/units/T-BOMBER A-WALK C-IND L-10 D-E.spr,gfx/map/units/T-BOMBER A-WALK C-AST L-10 D-E.spr,T-BOMBER A-WALK C-USA L-5 D-E.bmp,V3-IND-AIR-Jagdtiger.bmp
sprite,gfx/map/units/T-BOMBER A-WALK C-IND L-10 D-N.spr,gfx/map/units/T-BOMBER A-WALK C-AST L-10 D-N.spr,T-BOMBER A-WALK C-USA L-5 D-N.bmp,V3-IND-AIR-Jagdtiger.bmp
sprite,gfx/map/units/T-BOMBER A-WALK C-IND L-10 D-NE.spr,gfx/map/units/T-BOMBER A-WALK C-AST L-10 D-NE.spr,T-BOMBER A-WALK C-USA L-5 D-NE.bmp,V3-IND-AIR-Jagdtiger.bmp
sprite,gfx/map/units/T-BOMBER A-WALK C-IND L-10 D-NW.spr,gfx/map/units/T-BOMBER A-WALK C-AST L-10 D-NW.spr,T-BOMBER A-WALK C-USA L-5 D-NW.bmp,V3-IND-AIR-Jagdtiger.bmp
sprite,gfx/map/units/T-BOMBER A-WALK C-IND L-10 D-S.spr,gfx/map/units/T-BOMBER A-WALK C-AST L-10 D-S.spr,T-BOMBER A-WALK C-USA L-5 D-S.bmp,V3-IND-AIR-Jagdtiger.bmp
sprite,gfx/map/units/T-BOMBER A-WALK C-IND L-10 D-SE.spr,gfx/map/units/T-BOMBER A-WALK C-AST L-10 D-SE.spr,T-BOMBER A-WALK C-USA L-5 D-SE.bmp,V3-IND-AIR-Jagdtiger.bmp
sprite,gfx/map/units/T-BOMBER A-WALK C-IND L-10 D-SW.spr,gfx/map/units/T-BOMBER A-WALK C-AST L-10 D-SW.spr,T-BOMBER A-WALK C-USA L-5 D-SW.bmp,V3-IND-AIR-Jagdtiger.bmp
sprite,gfx/map/units/T-BOMBER A-WALK C-IND L-10 D-W.spr,gfx/map/units/T-BOMBER A-WALK C-AST L-10 D-W.spr,T-BOMBER A-WALK C-USA L-5 D-W.bmp,V3-IND-AIR-Jagdtiger.bmp
sprite,gfx/map/units/T-BOMBER A-WALK C-IND L-3 D-E.spr,gfx/map/units/T-BOMBER A-WALK C-AST L-3 D-E.spr,T-BOMBER A-WALK C-ENG L-3 D-E.bmp,V3-IND-AIR-Jagdtiger.bmp
sprite,gfx/map/units/T-BOMBER A-WALK C-IND L-3 D-N.spr,gfx/map/units/T-BOMBER A-WALK C-AST L-3 D-N.spr,T-BOMBER A-WALK C-ENG L-3 D-N.bmp,V3-IND-AIR-Jagdtiger.bmp
sprite,gfx/map/units/T-BOMBER A-WALK C-IND L-3 D-NE.spr,gfx/map/units/T-BOMBER A-WALK C-AST L-3 D-NE.spr,T-BOMBER A-WALK C-ENG L-3 D-NE.bmp,V3-IND-AIR-Jagdtiger.bmp
sprite,gfx/map/units/T-BOMBER A-WALK C-IND L-3 D-NW.spr,gfx/map/units/T-BOMBER A-WALK C-AST L-3 D-NW.spr,T-BOMBER A-WALK C-ENG L-3 D-NW.bmp,V3-IND-AIR-Jagdtiger.bmp
sprite,gfx/map/units/T-BOMBER A-WALK C-IND L-3 D-S.spr,gfx/map/units/T-BOMBER A-WALK C-AST L-3 D-S.spr,T-BOMBER A-WALK C-ENG L-3 D-S.bmp,V3-IND-AIR-Jagdtiger.bmp
sprite,gfx/map/units/T-BOMBER A-WALK C-IND L-3 D-SE.spr,gfx/map/units/T-BOMBER A-WALK C-AST L-3 D-SE.spr,T-BOMBER A-WALK C-ENG L-3 D-SE.bmp,V3-IND-AIR-Jagdtiger.bmp
sprite,gfx/map/units/T-BOMBER A-WALK C-IND L-3 D-SW.spr,gfx/map/units/T-BOMBER A-WALK C-AST L-3 D-SW.spr,T-BOMBER A-WALK C-ENG L-3 D-SW.bmp,V3-IND-AIR-Jagdtiger.bmp
sprite,gfx/map/units/T-BOMBER A-WALK C-IND L-3 D-W.spr,gfx/map/units/T-BOMBER A-WALK C-AST L-3 D-W.spr,T-BOMBER A-WALK C-ENG L-3 D-W.bmp,V3-IND-AIR-Jagdtiger.bmp
sprite,gfx/map/units/T-BOMBER A-WALK C-IND L-4 D-E.spr,gfx/map/units/T-BOMBER A-WALK C-AST L-4 D-E.spr,T-BOMBER A-WALK C-ENG L-3 D-E.bmp,V3-IND-AIR-Jagdtiger.bmp
sprite,gfx/map/units/T-BOMBER A-WALK C-IND L-4 D-N.spr,gfx/map/units/T-BOMBER A-WALK C-AST L-4 D-N.spr,T-BOMBER A-WALK C-ENG L-3 D-N.bmp,V3-IND-AIR-Jagdtiger.bmp
sprite,gfx/map/units/T-BOMBER A-WALK C-IND L-4 D-NE.spr,gfx/map/units/T-BOMBER A-WALK C-AST L-4 D-NE.spr,T-BOMBER A-WALK C-ENG L-3 D-NE.bmp,V3-IND-AIR-Jagdtiger.bmp
sprite,gfx/map/units/T-BOMBER A-WALK C-IND L-4 D-NW.spr,gfx/map/units/T-BOMBER A-WALK C-AST L-4 D-NW.spr,T-BOMBER A-WALK C-ENG L-3 D-NW.bmp,V3-IND-AIR-Jagdtiger.bmp
sprite,gfx/map/units/T-BOMBER A-WALK C-IND L-4 D-S.spr,gfx/map/units/T-BOMBER A-WALK C-AST L-4 D-S.spr,T-BOMBER A-WALK C-ENG L-3 D-S.bmp,V3-IND-AIR-Jagdtiger.bmp
sprite,gfx/map/units/T-BOMBER A-WALK C-IND L-4 D-SE.spr,gfx/map/units/T-BOMBER A-WALK C-AST L-4 D-SE.spr,T-BOMBER A-WALK C-ENG L-3 D-SE.bmp,V3-IND-AIR-Jagdtiger.bmp
sprite,gfx/map/units/T-BOMBER A-WALK C-IND L-4 D-SW.spr,gfx/map/units/T-BOMBER A-WALK C-AST L-4 D-SW.spr,T-BOMBER A-WALK C-ENG L-3 D-SW.bmp,V3-IND-AIR-Jagdtiger.bmp
sprite,gfx/map/units/T-BOMBER A-WALK C-IND L-4 D-W.spr,gfx/map/units/T-BOMBER A-WALK C-AST L-4 D-W.spr,T-BOMBER A-WALK C-ENG L-3 D-W.bmp,V3-IND-AIR-Jagdtiger.bmp
sprite,gfx/map/units/T-BOMBER A-WALK C-IND L-5 D-E.spr,gfx/map/units/T-BOMBER A-WALK C-AST L-5 D-E.spr,T-BOMBER A-WALK C-ENG L-3 D-E.bmp,V3-IND-AIR-Jagdtiger.bmp
sprite,gfx/map/units/T-BOMBER A-WALK C-IND L-5 D-N.spr,gfx/map/units/T-BOMBER A-WALK C-AST L-5 D-N.spr,T-BOMBER A-WALK C-ENG L-3 D-N.bmp,V3-IND-AIR-Jagdtiger.bmp
sprite,gfx/map/units/T-BOMBER A-WALK C-IND L-5 D-NE.spr,gfx/map/units/T-BOMBER A-WALK C-AST L-5 D-NE.spr,T-BOMBER A-WALK C-ENG L-3 D-NE.bmp,V3-IND-AIR-Jagdtiger.bmp
sprite,gfx/map/units/T-BOMBER A-WALK C-IND L-5 D-NW.spr,gfx/map/units/T-BOMBER A-WALK C-AST L-5 D-NW.spr,T-BOMBER A-WALK C-ENG L-3 D-NW.bmp,V3-IND-AIR-Jagdtiger.bmp
sprite,gfx/map/units/T-BOMBER A-WALK C-IND L-5 D-S.spr,gfx/map/units/T-BOMBER A-WALK C-AST L-5 D-S.spr,T-BOMBER A-WALK C-ENG L-3 D-S.bmp,V3-IND-AIR-Jagdtiger.bmp
sprite,gfx/map/units/T-BOMBER A-WALK C-IND L-5 D-SE.spr,gfx/map/units/T-BOMBER A-WALK C-AST L-5 D-SE.spr,T-BOMBER A-WALK C-ENG L-3 D-SE.bmp,V3-IND-AIR-Jagdtiger.bmp
sprite,gfx/map/units/T-BOMBER A-WALK C-IND L-5 D-SW.spr,gfx/map/units/T-BOMBER A-WALK C-AST L-5 D-SW.spr,T-BOMBER A-WALK C-ENG L-3 D-SW.bmp,V3-IND-AIR-Jagdtiger.bmp
sprite,gfx/map/units/T-BOMBER A-WALK C-IND L-5 D-W.spr,gfx/map/units/T-BOMBER A-WALK C-AST L-5 D-W.spr,T-BOMBER A-WALK C-ENG L-3 D-W.bmp,V3-IND-AIR-Jagdtiger.bmp
sprite,gfx/map/units/T-BOMBER A-WALK C-IND L-6 D-E.spr,gfx/map/units/T-BOMBER A-WALK C-AST L-6 D-E.spr,T-BOMBER A-WALK C-ENG L-3 D-E.bmp,V3-IND-AIR-Jagdtiger.bmp
sprite,gfx/map/units/T-BOMBER A-WALK C-IND L-6 D-N.spr,gfx/map/units/T-BOMBER A-WALK C-AST L-6 D-N.spr,T-BOMBER A-WALK C-ENG L-3 D-N.bmp,V3-IND-AIR-Jagdtiger.bmp
sprite,gfx/map/units/T-BOMBER A-WALK C-IND L-6 D-NE.spr,gfx/map/units/T-BOMBER A-WALK C-AST L-6 D-NE.spr,T-BOMBER A-WALK C-ENG L-3 D-NE.bmp,V3-IND-AIR-Jagdtiger.bmp
sprite,gfx/map/units/T-BOMBER A-WALK C-IND L-6 D-NW.spr,gfx/map/units/T-BOMBER A-WALK C-AST L-6 D-NW.spr,T-BOMBER A-WALK C-ENG L-3 D-NW.bmp,V3-IND-AIR-Jagdtiger.bmp
sprite,gfx/map/units/T-BOMBER A-WALK C-IND L-6 D-S.spr,gfx/map/units/T-BOMBER A-WALK C-AST L-6 D-S.spr,T-BOMBER A-WALK C-ENG L-3 D-S.bmp,V3-IND-AIR-Jagdtiger.bmp
sprite,gfx/map/units/T-BOMBER A-WALK C-IND L-6 D-SE.spr,gfx/map/units/T-BOMBER A-WALK C-AST L-6 D-SE.spr,T-BOMBER A-WALK C-ENG L-3 D-SE.bmp,V3-IND-AIR-Jagdtiger.bmp
sprite,gfx/map/units/T-BOMBER A-WALK C-IND L-6 D-SW.spr,gfx/map/units/T-BOMBER A-WALK C-AST L-6 D-SW.spr,T-BOMBER A-WALK C-ENG L-3 D-SW.bmp,V3-IND-AIR-Jagdtiger.bmp
sprite,gfx/map/units/T-BOMBER A-WALK C-IND L-6 D-W.spr,gfx/map/units/T-BOMBER A-WALK C-AST L-6 D-W.spr,T-BOMBER A-WALK C-ENG L-3 D-W.bmp,V3-IND-AIR-Jagdtiger.bmp
sprite,gfx/map/units/T-BOMBER A-WALK C-IND L-7 D-E.spr,gfx/map/units/T-BOMBER A-WALK C-AST L-7 D-E.spr,T-BOMBER A-WALK C-ENG L-3 D-E.bmp,V3-IND-AIR-Jagdtiger.bmp
sprite,gfx/map/units/T-BOMBER A-WALK C-IND L-7 D-N.spr,gfx/map/units/T-BOMBER A-WALK C-AST L-7 D-N.spr,T-BOMBER A-WALK C-ENG L-3 D-N.bmp,V3-IND-AIR-Jagdtiger.bmp
sprite,gfx/map/units/T-BOMBER A-WALK C-IND L-7 D-NE.spr,gfx/map/units/T-BOMBER A-WALK C-AST L-7 D-NE.spr,T-BOMBER A-WALK C-ENG L-3 D-NE.bmp,V3-IND-AIR-Jagdtiger.bmp
sprite,gfx/map/units/T-BOMBER A-WALK C-IND L-7 D-NW.spr,gfx/map/units/T-BOMBER A-WALK C-AST L-7 D-NW.spr,T-BOMBER A-WALK C-ENG L-3 D-NW.bmp,V3-IND-AIR-Jagdtiger.bmp
sprite,gfx/map/units/T-BOMBER A-WALK C-IND L-7 D-S.spr,gfx/map/units/T-BOMBER A-WALK C-AST L-7 D-S.spr,T-BOMBER A-WALK C-ENG L-3 D-S.bmp,V3-IND-AIR-Jagdtiger.bmp
sprite,gfx/map/units/T-BOMBER A-WALK C-IND L-7 D-SE.spr,gfx/map/units/T-BOMBER A-WALK C-AST L-7 D-SE.spr,T-BOMBER A-WALK C-ENG L-3 D-SE.bmp,V3-IND-AIR-Jagdtiger.bmp
sprite,gfx/map/units/T-BOMBER A-WALK C-IND L-7 D-SW.spr,gfx/map/units/T-BOMBER A-WALK C-AST L-7 D-SW.spr,T-BOMBER A-WALK C-ENG L-3 D-SW.bmp,V3-IND-AIR-Jagdtiger.bmp
sprite,gfx/map/units/T-BOMBER A-WALK C-IND L-7 D-W.spr,gfx/map/units/T-BOMBER A-WALK C-AST L-7 D-W.spr,T-BOMBER A-WALK C-ENG L-3 D-W.bmp,V3-IND-AIR-Jagdtiger.bmp
sprite,gfx/map/units/T-BOMBER A-WALK C-IND L-8 D-E.spr,gfx/map/units/T-BOMBER A-WALK C-AST L-8 D-E.spr,T-BOMBER A-WALK C-USA L-5 D-E.bmp,V3-IND-AIR-Jagdtiger.bmp
sprite,gfx/map/units/T-BOMBER A-WALK C-IND L-8 D-N.spr,gfx/map/units/T-BOMBER A-WALK C-AST L-8 D-N.spr,T-BOMBER A-WALK C-USA L-5 D-N.bmp,V3-IND-AIR-Jagdtiger.bmp
sprite,gfx/map/units/T-BOMBER A-WALK C-IND L-8 D-NE.spr,gfx/map/units/T-BOMBER A-WALK C-AST L-8 D-NE.spr,T-BOMBER A-WALK C-USA L-5 D-NE.bmp,V3-IND-AIR-Jagdtiger.bmp
sprite,gfx/map/units/T-BOMBER A-WALK C-IND L-8 D-NW.spr,gfx/map/units/T-BOMBER A-WALK C-AST L-8 D-NW.spr,T-BOMBER A-WALK C-USA L-5 D-NW.bmp,V3-IND-AIR-Jagdtiger.bmp
sprite,gfx/map/units/T-BOMBER A-WALK C-IND L-8 D-S.spr,gfx/map/units/T-BOMBER A-WALK C-AST L-8 D-S.spr,T-BOMBER A-WALK C-USA L-5 D-S.bmp,V3-IND-AIR-Jagdtiger.bmp
sprite,gfx/map/units/T-BOMBER A-WALK C-IND L-8 D-SE.spr,gfx/map/units/T-BOMBER A-WALK C-AST L-8 D-SE.spr,T-BOMBER A-WALK C-USA L-5 D-SE.bmp,V3-IND-AIR-Jagdtiger.bmp
sprite,gfx/map/units/T-BOMBER A-WALK C-IND L-8 D-SW.spr,gfx/map/units/T-BOMBER A-WALK C-AST L-8 D-SW.spr,T-BOMBER A-WALK C-USA L-5 D-SW.bmp,V3-IND-AIR-Jagdtiger.bmp
sprite,gfx/map/units/T-BOMBER A-WALK C-IND L-8 D-W.spr,gfx/map/units/T-BOMBER A-WALK C-AST L-8 D-W.spr,T-BOMBER A-WALK C-USA L-5 D-W.bmp,V3-IND-AIR-Jagdtiger.bmp
sprite,gfx/map/units/T-BOMBER A-WALK C-IND L-9 D-E.spr,gfx/map/units/T-BOMBER A-WALK C-AST L-9 D-E.spr,T-BOMBER A-WALK C-USA L-5 D-E.bmp,V3-IND-AIR-Jagdtiger.bmp
sprite,gfx/map/units/T-BOMBER A-WALK C-IND L-9 D-N.spr,gfx/map/units/T-BOMBER A-WALK C-AST L-9 D-N.spr,T-BOMBER A-WALK C-USA L-5 D-N.bmp,V3-IND-AIR-Jagdtiger.bmp
sprite,gfx/map/units/T-BOMBER A-WALK C-IND L-9 D-NE.spr,gfx/map/units/T-BOMBER A-WALK C-AST L-9 D-NE.spr,T-BOMBER A-WALK C-USA L-5 D-NE.bmp,V3-IND-AIR-Jagdtiger.bmp
sprite,gfx/map/units/T-BOMBER A-WALK C-IND L-9 D-NW.spr,gfx/map/units/T-BOMBER A-WALK C-AST L-9 D-NW.spr,T-BOMBER A-WALK C-USA L-5 D-NW.bmp,V3-IND-AIR-Jagdtiger.bmp
sprite,gfx/map/units/T-BOMBER A-WALK C-IND L-9 D-S.spr,gfx/map/units/T-BOMBER A-WALK C-AST L-9 D-S.spr,T-BOMBER A-WALK C-USA L-5 D-S.bmp,V3-IND-AIR-Jagdtiger.bmp
sprite,gfx/map/units/T-BOMBER A-WALK C-IND L-9 D-SE.spr,gfx/map/units/T-BOMBER A-WALK C-AST L-9 D-SE.spr,T-BOMBER A-WALK C-USA L-5 D-SE.bmp,V3-IND-AIR-Jagdtiger.bmp
sprite,gfx/map/units/T-BOMBER A-WALK C-IND L-9 D-SW.spr,gfx/map/units/T-BOMBER A-WALK C-AST L-9 D-SW.spr,T-BOMBER A-WALK C-USA L-5 D-SW.bmp,V3-IND-AIR-Jagdtiger.bmp
sprite,gfx/map/units/T-BOMBER A-WALK C-IND L-9 D-W.spr,gfx/map/units/T-BOMBER A-WALK C-AST L-9 D-W.spr,T-BOMBER A-WALK C-USA L-5 D-W.bmp,V3-IND-AIR-Jagdtiger.bmp
sprite,gfx/map/units/T-CARRIER A-FIRE C-IND L-1 D-NE.spr,gfx/map/units/T-CARRIER A-FIRE C-AST L-1 D-NE.spr,T-CARRIER A-FIRE C-ENG L-1 D-NE.bmp,V3-IND-NAVY-T-CARRIER_C-ENG.bmp
sprite,gfx/map/units/T-CARRIER A-FIRE C-IND L-1 D-SW.spr,gfx/map/units/T-CARRIER A-FIRE C-AST L-1 D-SW.spr,T-CARRIER A-FIRE C-ENG L-1 D-SW.bmp,V3-IND-NAVY-T-CARRIER_C-ENG.bmp
sprite,gfx/map/units/T-CARRIER A-STAND C-IND L-1.spr,gfx/map/units/T-CARRIER A-STAND C-AST L-1.spr,T-CARRIER A-STAND C-ENG L-1.bmp,V3-IND-NAVY-T-CARRIER_C-ENG.bmp
sprite,gfx/map/units/T-CARRIER A-WALK C-IND L-1 D-E.spr,gfx/map/units/T-CARRIER A-WALK C-AST L-1 D-E.spr,T-CARRIER A-WALK C-ENG L-1 D-E.bmp,V3-IND-NAVY-T-CARRIER_C-ENG.bmp
sprite,gfx/map/units/T-CARRIER A-WALK C-IND L-1 D-N.spr,gfx/map/units/T-CARRIER A-WALK C-AST L-1 D-N.spr,T-CARRIER A-WALK C-ENG L-1 D-N.bmp,V3-IND-NAVY-T-CARRIER_C-ENG.bmp
sprite,gfx/map/units/T-CARRIER A-WALK C-IND L-1 D-NE.spr,gfx/map/units/T-CARRIER A-WALK C-AST L-1 D-NE.spr,T-CARRIER A-WALK C-ENG L-1 D-NE.bmp,V3-IND-NAVY-T-CARRIER_C-ENG.bmp
sprite,gfx/map/units/T-CARRIER A-WALK C-IND L-1 D-NW.spr,gfx/map/units/T-CARRIER A-WALK C-AST L-1 D-NW.spr,T-CARRIER A-WALK C-ENG L-1 D-NW.bmp,V3-IND-NAVY-T-CARRIER_C-ENG.bmp
sprite,gfx/map/units/T-CARRIER A-WALK C-IND L-1 D-S.spr,gfx/map/units/T-CARRIER A-WALK C-AST L-1 D-S.spr,T-CARRIER A-WALK C-ENG L-1 D-S.bmp,V3-IND-NAVY-T-CARRIER_C-ENG.bmp
sprite,gfx/map/units/T-CARRIER A-WALK C-IND L-1 D-SE.spr,gfx/map/units/T-CARRIER A-WALK C-AST L-1 D-SE.spr,T-CARRIER A-WALK C-ENG L-1 D-SE.bmp,V3-IND-NAVY-T-CARRIER_C-ENG.bmp
sprite,gfx/map/units/T-CARRIER A-WALK C-IND L-1 D-SW.spr,gfx/map/units/T-CARRIER A-WALK C-AST L-1 D-SW.spr,T-CARRIER A-WALK C-ENG L-1 D-SW.bmp,V3-IND-NAVY-T-CARRIER_C-ENG.bmp
sprite,gfx/map/units/T-CARRIER A-WALK C-IND L-1 D-W.spr,gfx/map/units/T-CARRIER A-WALK C-AST L-1 D-W.spr,T-CARRIER A-WALK C-ENG L-1 D-W.bmp,V3-IND-NAVY-T-CARRIER_C-ENG.bmp
sprite,gfx/map/units/T-CAS A-FIRE C-IND L-1 D-NE.spr,gfx/map/units/T-CAS A-FIRE C-AST L-1 D-NE.spr,T-INTERCEPTOR A-FIRE C-FRA L-1 D-NE.bmp,V3-IND-AIR-Jagdtiger.bmp
sprite,gfx/map/units/T-CAS A-FIRE C-IND L-1 D-SW.spr,gfx/map/units/T-CAS A-FIRE C-AST L-1 D-SW.spr,T-INTERCEPTOR A-FIRE C-FRA L-1 D-SW.bmp,V3-IND-AIR-Jagdtiger.bmp
sprite,gfx/map/units/T-CAS A-FIRE C-IND L-2 D-NE.spr,gfx/map/units/T-CAS A-FIRE C-AST L-2 D-NE.spr,T-CAS A-FIRE C-ENG L-2 D-NE.bmp,V3-IND-AIR-Didimau.bmp
sprite,gfx/map/units/T-CAS A-FIRE C-IND L-2 D-SW.spr,gfx/map/units/T-CAS A-FIRE C-AST L-2 D-SW.spr,T-CAS A-FIRE C-ENG L-2 D-SW.bmp,V3-IND-AIR-Didimau.bmp
sprite,gfx/map/units/T-CAS A-FIRE C-IND L-3 D-NE.spr,gfx/map/units/T-CAS A-FIRE C-AST L-3 D-NE.spr,T-CAS A-FIRE C-ENG L-2 D-NE.bmp,V3-IND-AIR-Didimau.bmp
sprite,gfx/map/units/T-CAS A-FIRE C-IND L-3 D-SW.spr,gfx/map/units/T-CAS A-FIRE C-AST L-3 D-SW.spr,T-CAS A-FIRE C-ENG L-2 D-SW.bmp,V3-IND-AIR-Didimau.bmp
sprite,gfx/map/units/T-CAS A-FIRE C-IND L-4 D-NE.spr,gfx/map/units/T-CAS A-FIRE C-AST L-4 D-NE.spr,T-CAS A-FIRE C-ENG L-2 D-NE.bmp,V3-IND-AIR-Didimau.bmp
sprite,gfx/map/units/T-CAS A-FIRE C-IND L-4 D-SW.spr,gfx/map/units/T-CAS A-FIRE C-AST L-4 D-SW.spr,T-CAS A-FIRE C-ENG L-2 D-SW.bmp,V3-IND-AIR-Didimau.bmp
sprite,gfx/map/units/T-CAS A-FIRE C-IND L-5 D-NE.spr,gfx/map/units/T-CAS A-FIRE C-AST L-5 D-NE.spr,T-CAS A-FIRE C-ENG L-2 D-NE.bmp,V3-IND-AIR-Didimau.bmp
sprite,gfx/map/units/T-CAS A-FIRE C-IND L-5 D-SW.spr,gfx/map/units/T-CAS A-FIRE C-AST L-5 D-SW.spr,T-CAS A-FIRE C-ENG L-2 D-SW.bmp,V3-IND-AIR-Didimau.bmp
sprite,gfx/map/units/T-CAS A-FIRE C-IND L-6 D-NE.spr,gfx/map/units/T-CAS A-FIRE C-AST L-6 D-NE.spr,T-CAS A-FIRE C-ENG L-2 D-NE.bmp,V3-IND-AIR-Didimau.bmp
sprite,gfx/map/units/T-CAS A-FIRE C-IND L-6 D-SW.spr,gfx/map/units/T-CAS A-FIRE C-AST L-6 D-SW.spr,T-CAS A-FIRE C-ENG L-2 D-SW.bmp,V3-IND-AIR-Didimau.bmp
sprite,gfx/map/units/T-CAS A-FIRE C-IND L-7 D-NE.spr,gfx/map/units/T-CAS A-FIRE C-AST L-7 D-NE.spr,T-TACTICAL A-FIRE C-ENG L-7 D-NE.bmp,V3-IND-AIR-inger.bmp
sprite,gfx/map/units/T-CAS A-FIRE C-IND L-7 D-SW.spr,gfx/map/units/T-CAS A-FIRE C-AST L-7 D-SW.spr,T-TACTICAL A-FIRE C-ENG L-7 D-SW.bmp,V3-IND-AIR-inger.bmp
sprite,gfx/map/units/T-CAS A-STAND C-IND L-1.spr,gfx/map/units/T-CAS A-STAND C-AST L-1.spr,T-INTERCEPTOR A-WALK C-FRA L-1 D-SW.bmp,V3-IND-AIR-Jagdtiger.bmp
sprite,gfx/map/units/T-CAS A-STAND C-IND L-2.spr,gfx/map/units/T-CAS A-STAND C-AST L-2.spr,T-CAS A-WALK C-ENG L-2 D-SW.bmp,V3-IND-AIR-Didimau.bmp
sprite,gfx/map/units/T-CAS A-STAND C-IND L-3.spr,gfx/map/units/T-CAS A-STAND C-AST L-3.spr,T-CAS A-WALK C-ENG L-2 D-SW.bmp,V3-IND-AIR-Didimau.bmp
sprite,gfx/map/units/T-CAS A-STAND C-IND L-4.spr,gfx/map/units/T-CAS A-STAND C-AST L-4.spr,T-CAS A-WALK C-ENG L-2 D-SW.bmp,V3-IND-AIR-Didimau.bmp
sprite,gfx/map/units/T-CAS A-STAND C-IND L-5.spr,gfx/map/units/T-CAS A-STAND C-AST L-5.spr,T-CAS A-WALK C-ENG L-2 D-SW.bmp,V3-IND-AIR-Didimau.bmp
sprite,gfx/map/units/T-CAS A-STAND C-IND L-6.spr,gfx/map/units/T-CAS A-STAND C-AST L-6.spr,T-CAS A-WALK C-ENG L-2 D-SW.bmp,V3-IND-AIR-Didimau.bmp
sprite,gfx/map/units/T-CAS A-STAND C-IND L-7.spr,gfx/map/units/T-CAS A-STAND C-AST L-7.spr,T-TACTICAL A-WALK C-ENG L-7 D-SW.bmp,V3-IND-AIR-inger.bmp
sprite,gfx/map/units/T-CAS A-WALK C-IND L-1 D-E.spr,gfx/map/units/T-CAS A-WALK C-AST L-1 D-E.spr,T-INTERCEPTOR A-WALK C-FRA L-1 D-E.bmp,V3-IND-AIR-Jagdtiger.bmp
sprite,gfx/map/units/T-CAS A-WALK C-IND L-1 D-N.spr,gfx/map/units/T-CAS A-WALK C-AST L-1 D-N.spr,T-INTERCEPTOR A-WALK C-FRA L-1 D-N.bmp,V3-IND-AIR-Jagdtiger.bmp
sprite,gfx/map/units/T-CAS A-WALK C-IND L-1 D-NE.spr,gfx/map/units/T-CAS A-WALK C-AST L-1 D-NE.spr,T-INTERCEPTOR A-WALK C-FRA L-1 D-NE.bmp,V3-IND-AIR-Jagdtiger.bmp
sprite,gfx/map/units/T-CAS A-WALK C-IND L-1 D-NW.spr,gfx/map/units/T-CAS A-WALK C-AST L-1 D-NW.spr,T-INTERCEPTOR A-WALK C-FRA L-1 D-NW.bmp,V3-IND-AIR-Jagdtiger.bmp
sprite,gfx/map/units/T-CAS A-WALK C-IND L-1 D-S.spr,gfx/map/units/T-CAS A-WALK C-AST L-1 D-S.spr,T-INTERCEPTOR A-WALK C-FRA L-1 D-S.bmp,V3-IND-AIR-Jagdtiger.bmp
sprite,gfx/map/units/T-CAS A-WALK C-IND L-1 D-SE.spr,gfx/map/units/T-CAS A-WALK C-AST L-1 D-SE.spr,T-INTERCEPTOR A-WALK C-FRA L-1 D-SE.bmp,V3-IND-AIR-Jagdtiger.bmp
sprite,gfx/map/units/T-CAS A-WALK C-IND L-1 D-SW.spr,gfx/map/units/T-CAS A-WALK C-AST L-1 D-SW.spr,T-INTERCEPTOR A-WALK C-FRA L-1 D-SW.bmp,V3-IND-AIR-Jagdtiger.bmp
sprite,gfx/map/units/T-CAS A-WALK C-IND L-1 D-W.spr,gfx/map/units/T-CAS A-WALK C-AST L-1 D-W.spr,T-INTERCEPTOR A-WALK C-FRA L-1 D-W.bmp,V3-IND-AIR-Jagdtiger.bmp
sprite,gfx/map/units/T-CAS A-WALK C-IND L-2 D-E.spr,gfx/map/units/T-CAS A-WALK C-AST L-2 D-E.spr,T-CAS A-WALK C-ENG L-2 D-E.bmp,V3-IND-AIR-Didimau.bmp
sprite,gfx/map/units/T-CAS A-WALK C-IND L-2 D-N.spr,gfx/map/units/T-CAS A-WALK C-AST L-2 D-N.spr,T-CAS A-WALK C-ENG L-2 D-N.bmp,V3-IND-AIR-Didimau.bmp
sprite,gfx/map/units/T-CAS A-WALK C-IND L-2 D-NE.spr,gfx/map/units/T-CAS A-WALK C-AST L-2 D-NE.spr,T-CAS A-WALK C-ENG L-2 D-NE.bmp,V3-IND-AIR-Didimau.bmp
sprite,gfx/map/units/T-CAS A-WALK C-IND L-2 D-NW.spr,gfx/map/units/T-CAS A-WALK C-AST L-2 D-NW.spr,T-CAS A-WALK C-ENG L-2 D-NW.bmp,V3-IND-AIR-Didimau.bmp
sprite,gfx/map/units/T-CAS A-WALK C-IND L-2 D-S.spr,gfx/map/units/T-CAS A-WALK C-AST L-2 D-S.spr,T-CAS A-WALK C-ENG L-2 D-S.bmp,V3-IND-AIR-Didimau.bmp
sprite,gfx/map/units/T-CAS A-WALK C-IND L-2 D-SE.spr,gfx/map/units/T-CAS A-WALK C-AST L-2 D-SE.spr,T-CAS A-WALK C-ENG L-2 D-SE.bmp,V3-IND-AIR-Didimau.bmp
sprite,gfx/map/units/T-CAS A-WALK C-IND L-2 D-SW.spr,gfx/map/units/T-CAS A-WALK C-AST L-2 D-SW.spr,T-CAS A-WALK C-ENG L-2 D-SW.bmp,V3-IND-AIR-Didimau.bmp
sprite,gfx/map/units/T-CAS A-WALK C-IND L-2 D-W.spr,gfx/map/units/T-CAS A-WALK C-AST L-2 D-W.spr,T-CAS A-WALK C-ENG L-2 D-W.bmp,V3-IND-AIR-Didimau.bmp
sprite,gfx/map/units/T-CAS A-WALK C-IND L-3 D-E.spr,gfx/map/units/T-CAS A-WALK C-AST L-3 D-E.spr,T-CAS A-WALK C-ENG L-2 D-E.bmp,V3-IND-AIR-Didimau.bmp
sprite,gfx/map/units/T-CAS A-WALK C-IND L-3 D-N.spr,gfx/map/units/T-CAS A-WALK C-AST L-3 D-N.spr,T-CAS A-WALK C-ENG L-2 D-N.bmp,V3-IND-AIR-Didimau.bmp
sprite,gfx/map/units/T-CAS A-WALK C-IND L-3 D-NE.spr,gfx/map/units/T-CAS A-WALK C-AST L-3 D-NE.spr,T-CAS A-WALK C-ENG L-2 D-NE.bmp,V3-IND-AIR-Didimau.bmp
sprite,gfx/map/units/T-CAS A-WALK C-IND L-3 D-NW.spr,gfx/map/units/T-CAS A-WALK C-AST L-3 D-NW.spr,T-CAS A-WALK C-ENG L-2 D-NW.bmp,V3-IND-AIR-Didimau.bmp
sprite,gfx/map/units/T-CAS A-WALK C-IND L-3 D-S.spr,gfx/map/units/T-CAS A-WALK C-AST L-3 D-S.spr,T-CAS A-WALK C-ENG L-2 D-S.bmp,V3-IND-AIR-Didimau.bmp
sprite,gfx/map/units/T-CAS A-WALK C-IND L-3 D-SE.spr,gfx/map/units/T-CAS A-WALK C-AST L-3 D-SE.spr,T-CAS A-WALK C-ENG L-2 D-SE.bmp,V3-IND-AIR-Didimau.bmp
sprite,gfx/map/units/T-CAS A-WALK C-IND L-3 D-SW.spr,gfx/map/units/T-CAS A-WALK C-AST L-3 D-SW.spr,T-CAS A-WALK C-ENG L-2 D-SW.bmp,V3-IND-AIR-Didimau.bmp
sprite,gfx/map/units/T-CAS A-WALK C-IND L-3 D-W.spr,gfx/map/units/T-CAS A-WALK C-AST L-3 D-W.spr,T-CAS A-WALK C-ENG L-2 D-W.bmp,V3-IND-AIR-Didimau.bmp
sprite,gfx/map/units/T-CAS A-WALK C-IND L-4 D-E.spr,gfx/map/units/T-CAS A-WALK C-AST L-4 D-E.spr,T-CAS A-WALK C-ENG L-2 D-E.bmp,V3-IND-AIR-Didimau.bmp
sprite,gfx/map/units/T-CAS A-WALK C-IND L-4 D-N.spr,gfx/map/units/T-CAS A-WALK C-AST L-4 D-N.spr,T-CAS A-WALK C-ENG L-2 D-N.bmp,V3-IND-AIR-Didimau.bmp
sprite,gfx/map/units/T-CAS A-WALK C-IND L-4 D-NE.spr,gfx/map/units/T-CAS A-WALK C-AST L-4 D-NE.spr,T-CAS A-WALK C-ENG L-2 D-NE.bmp,V3-IND-AIR-Didimau.bmp
sprite,gfx/map/units/T-CAS A-WALK C-IND L-4 D-NW.spr,gfx/map/units/T-CAS A-WALK C-AST L-4 D-NW.spr,T-CAS A-WALK C-ENG L-2 D-NW.bmp,V3-IND-AIR-Didimau.bmp
sprite,gfx/map/units/T-CAS A-WALK C-IND L-4 D-S.spr,gfx/map/units/T-CAS A-WALK C-AST L-4 D-S.spr,T-CAS A-WALK C-ENG L-2 D-S.bmp,V3-IND-AIR-Didimau.bmp
sprite,gfx/map/units/T-CAS A-WALK C-IND L-4 D-SE.spr,gfx/map/units/T-CAS A-WALK C-AST L-4 D-SE.spr,T-CAS A-WALK C-ENG L-2 D-SE.bmp,V3-IND-AIR-Didimau.bmp
sprite,gfx/map/units/T-CAS A-WALK C-IND L-4 D-SW.spr,gfx/map/units/T-CAS A-WALK C-AST L-4 D-SW.spr,T-CAS A-WALK C-ENG L-2 D-SW.bmp,V3-IND-AIR-Didimau.bmp
sprite,gfx/map/units/T-CAS A-WALK C-IND L-4 D-W.spr,gfx/map/units/T-CAS A-WALK C-AST L-4 D-W.spr,T-CAS A-WALK C-ENG L-2 D-W.bmp,V3-IND-AIR-Didimau.bmp
sprite,gfx/map/units/T-CAS A-WALK C-IND L-5 D-E.spr,gfx/map/units/T-CAS A-WALK C-AST L-5 D-E.spr,T-CAS A-WALK C-ENG L-2 D-E.bmp,V3-IND-AIR-Didimau.bmp
sprite,gfx/map/units/T-CAS A-WALK C-IND L-5 D-N.spr,gfx/map/units/T-CAS A-WALK C-AST L-5 D-N.spr,T-CAS A-WALK C-ENG L-2 D-N.bmp,V3-IND-AIR-Didimau.bmp
sprite,gfx/map/units/T-CAS A-WALK C-IND L-5 D-NE.spr,gfx/map/units/T-CAS A-WALK C-AST L-5 D-NE.spr,T-CAS A-WALK C-ENG L-2 D-NE.bmp,V3-IND-AIR-Didimau.bmp
sprite,gfx/map/units/T-CAS A-WALK C-IND L-5 D-NW.spr,gfx/map/units/T-CAS A-WALK C-AST L-5 D-NW.spr,T-CAS A-WALK C-ENG L-2 D-NW.bmp,V3-IND-AIR-Didimau.bmp
sprite,gfx/map/units/T-CAS A-WALK C-IND L-5 D-S.spr,gfx/map/units/T-CAS A-WALK C-AST L-5 D-S.spr,T-CAS A-WALK C-ENG L-2 D-S.bmp,V3-IND-AIR-Didimau.bmp
sprite,gfx/map/units/T-CAS A-WALK C-IND L-5 D-SE.spr,gfx/map/units/T-CAS A-WALK C-AST L-5 D-SE.spr,T-CAS A-WALK C-ENG L-2 D-SE.bmp,V3-IND-AIR-Didimau.bmp
sprite,gfx/map/units/T-CAS A-WALK C-IND L-5 D-SW.spr,gfx/map/units/T-CAS A-WALK C-AST L-5 D-SW.spr,T-CAS A-WALK C-ENG L-2 D-SW.bmp,V3-IND-AIR-Didimau.bmp
sprite,gfx/map/units/T-CAS A-WALK C-IND L-5 D-W.spr,gfx/map/units/T-CAS A-WALK C-AST L-5 D-W.spr,T-CAS A-WALK C-ENG L-2 D-W.bmp,V3-IND-AIR-Didimau.bmp
sprite,gfx/map/units/T-CAS A-WALK C-IND L-6 D-E.spr,gfx/map/units/T-CAS A-WALK C-AST L-6 D-E.spr,T-CAS A-WALK C-ENG L-2 D-E.bmp,V3-IND-AIR-Didimau.bmp
sprite,gfx/map/units/T-CAS A-WALK C-IND L-6 D-N.spr,gfx/map/units/T-CAS A-WALK C-AST L-6 D-N.spr,T-CAS A-WALK C-ENG L-2 D-N.bmp,V3-IND-AIR-Didimau.bmp
sprite,gfx/map/units/T-CAS A-WALK C-IND L-6 D-NE.spr,gfx/map/units/T-CAS A-WALK C-AST L-6 D-NE.spr,T-CAS A-WALK C-ENG L-2 D-NE.bmp,V3-IND-AIR-Didimau.bmp
sprite,gfx/map/units/T-CAS A-WALK C-IND L-6 D-NW.spr,gfx/map/units/T-CAS A-WALK C-AST L-6 D-NW.spr,T-CAS A-WALK C-ENG L-2 D-NW.bmp,V3-IND-AIR-Didimau.bmp
sprite,gfx/map/units/T-CAS A-WALK C-IND L-6 D-S.spr,gfx/map/units/T-CAS A-WALK C-AST L-6 D-S.spr,T-CAS A-WALK C-ENG L-2 D-S.bmp,V3-IND-AIR-Didimau.bmp
sprite,gfx/map/units/T-CAS A-WALK C-IND L-6 D-SE.spr,gfx/map/units/T-CAS A-WALK C-AST L-6 D-SE.spr,T-CAS A-WALK C-ENG L-2 D-SE.bmp,V3-IND-AIR-Didimau.bmp
sprite,gfx/map/units/T-CAS A-WALK C-IND L-6 D-SW.spr,gfx/map/units/T-CAS A-WALK C-AST L-6 D-SW.spr,T-CAS A-WALK C-ENG L-2 D-SW.bmp,V3-IND-AIR-Didimau.bmp
sprite,gfx/map/units/T-CAS A-WALK C-IND L-6 D-W.spr,gfx/map/units/T-CAS A-WALK C-AST L-6 D-W.spr,T-CAS A-WALK C-ENG L-2 D-W.bmp,V3-IND-AIR-Didimau.bmp
sprite,gfx/map/units/T-CAS A-WALK C-IND L-7 D-E.spr,gfx/map/units/T-CAS A-WALK C-AST L-7 D-E.spr,T-TACTICAL A-WALK C-ENG L-7 D-E.bmp,V3-IND-AIR-inger.bmp
sprite,gfx/map/units/T-CAS A-WALK C-IND L-7 D-N.spr,gfx/map/units/T-CAS A-WALK C-AST L-7 D-N.spr,T-TACTICAL A-WALK C-ENG L-7 D-N.bmp,V3-IND-AIR-inger.bmp
sprite,gfx/map/units/T-CAS A-WALK C-IND L-7 D-NE.spr,gfx/map/units/T-CAS A-WALK C-AST L-7 D-NE.spr,T-TACTICAL A-WALK C-ENG L-7 D-NE.bmp,V3-IND-AIR-inger.bmp
sprite,gfx/map/units/T-CAS A-WALK C-IND L-7 D-NW.spr,gfx/map/units/T-CAS A-WALK C-AST L-7 D-NW.spr,T-TACTICAL A-WALK C-ENG L-7 D-NW.bmp,V3-IND-AIR-inger.bmp
sprite,gfx/map/units/T-CAS A-WALK C-IND L-7 D-S.spr,gfx/map/units/T-CAS A-WALK C-AST L-7 D-S.spr,T-TACTICAL A-WALK C-ENG L-7 D-S.bmp,V3-IND-AIR-inger.bmp
sprite,gfx/map/units/T-CAS A-WALK C-IND L-7 D-SE.spr,gfx/map/units/T-CAS A-WALK C-AST L-7 D-SE.spr,T-TACTICAL A-WALK C-ENG L-7 D-SE.bmp,V3-IND-AIR-inger.bmp
sprite,gfx/map/units/T-CAS A-WALK C-IND L-7 D-SW.spr,gfx/map/units/T-CAS A-WALK C-AST L-7 D-SW.spr,T-TACTICAL A-WALK C-ENG L-7 D-SW.bmp,V3-IND-AIR-inger.bmp
sprite,gfx/map/units/T-CAS A-WALK C-IND L-7 D-W.spr,gfx/map/units/T-CAS A-WALK C-AST L-7 D-W.spr,T-TACTICAL A-WALK C-ENG L-7 D-W.bmp,V3-IND-AIR-inger.bmp
sprite,gfx/map/units/T-CAVALRY A-FIRE C-IND L-1 D-E.spr,gfx/map/units/T-CAVALRY A-FIRE C-AST L-1 D-E.spr,T-CAVALRY C-AST A-FIRE D-E.bmp,V3-IND-KHAKI-WWI-CS-AST-CAV.bmp
sprite,gfx/map/units/T-CAVALRY A-FIRE C-IND L-1 D-N.spr,gfx/map/units/T-CAVALRY A-FIRE C-AST L-1 D-N.spr,T-CAVALRY C-AST A-FIRE D-N.bmp,V3-IND-KHAKI-WWI-CS-AST-CAV.bmp
sprite,gfx/map/units/T-CAVALRY A-FIRE C-IND L-1 D-NE.spr,gfx/map/units/T-CAVALRY A-FIRE C-AST L-1 D-NE.spr,T-CAVALRY C-AST A-FIRE D-NE.bmp,V3-IND-KHAKI-WWI-CS-AST-CAV.bmp
sprite,gfx/map/units/T-CAVALRY A-FIRE C-IND L-1 D-NW.spr,gfx/map/units/T-CAVALRY A-FIRE C-AST L-1 D-NW.spr,T-CAVALRY C-AST A-FIRE D-NW.bmp,V3-IND-KHAKI-WWI-CS-AST-CAV.bmp
sprite,gfx/map/units/T-CAVALRY A-FIRE C-IND L-1 D-S.spr,gfx/map/units/T-CAVALRY A-FIRE C-AST L-1 D-S.spr,T-CAVALRY C-AST A-FIRE D-S.bmp,V3-IND-KHAKI-WWI-CS-AST-CAV.bmp
sprite,gfx/map/units/T-CAVALRY A-FIRE C-IND L-1 D-SE.spr,gfx/map/units/T-CAVALRY A-FIRE C-AST L-1 D-SE.spr,T-CAVALRY C-AST A-FIRE D-SE.bmp,V3-IND-KHAKI-WWI-CS-AST-CAV.bmp
sprite,gfx/map/units/T-CAVALRY A-FIRE C-IND L-1 D-SW.spr,gfx/map/units/T-CAVALRY A-FIRE C-AST L-1 D-SW.spr,T-CAVALRY C-AST A-FIRE D-SW.bmp,V3-IND-KHAKI-WWI-CS-AST-CAV.bmp
sprite,gfx/map/units/T-CAVALRY A-FIRE C-IND L-1 D-W.spr,gfx/map/units/T-CAVALRY A-FIRE C-AST L-1 D-W.spr,T-CAVALRY C-AST A-FIRE D-W.bmp,V3-IND-KHAKI-WWI-CS-AST-CAV.bmp
sprite,gfx/map/units/T-CAVALRY A-FIRE C-IND L-1.spr,gfx/map/units/T-CAVALRY A-FIRE C-AST L-1.spr,T-CAVALRY C-AST A-FIRE D-SW.bmp,V3-IND-KHAKI-WWI-CS-AST-CAV.bmp
sprite,gfx/map/units/T-CAVALRY A-FIRE C-IND L-10 D-E.spr,gfx/map/units/T-CAVALRY A-FIRE C-AST L-10 D-E.spr,T-CAVALRY C-BEL A-FIRE D-E L-5.bmp,V3-IND-KHAKI-WWI-CS-BEL-CAV-LTE.bmp
sprite,gfx/map/units/T-CAVALRY A-FIRE C-IND L-10 D-N.spr,gfx/map/units/T-CAVALRY A-FIRE C-AST L-10 D-N.spr,T-CAVALRY C-BEL A-FIRE D-N L-5.bmp,V3-IND-KHAKI-WWI-CS-BEL-CAV-LTE.bmp
sprite,gfx/map/units/T-CAVALRY A-FIRE C-IND L-10 D-NE.spr,gfx/map/units/T-CAVALRY A-FIRE C-AST L-10 D-NE.spr,T-CAVALRY C-BEL A-FIRE D-NE L-5.bmp,V3-IND-KHAKI-WWI-CS-BEL-CAV-LTE.bmp
sprite,gfx/map/units/T-CAVALRY A-FIRE C-IND L-10 D-NW.spr,gfx/map/units/T-CAVALRY A-FIRE C-AST L-10 D-NW.spr,T-CAVALRY C-BEL A-FIRE D-NW L-5.bmp,V3-IND-KHAKI-WWI-CS-BEL-CAV-LTE.bmp
sprite,gfx/map/units/T-CAVALRY A-FIRE C-IND L-10 D-S.spr,gfx/map/units/T-CAVALRY A-FIRE C-AST L-10 D-S.spr,T-CAVALRY C-BEL A-FIRE D-S L-5.bmp,V3-IND-KHAKI-WWI-CS-BEL-CAV-LTE.bmp
sprite,gfx/map/units/T-CAVALRY A-FIRE C-IND L-10 D-SE.spr,gfx/map/units/T-CAVALRY A-FIRE C-AST L-10 D-SE.spr,T-CAVALRY C-BEL A-FIRE D-SE L-5.bmp,V3-IND-KHAKI-WWI-CS-BEL-CAV-LTE.bmp
sprite,gfx/map/units/T-CAVALRY A-FIRE C-IND L-10 D-SW.spr,gfx/map/units/T-CAVALRY A-FIRE C-AST L-10 D-SW.spr,T-CAVALRY C-BEL A-FIRE D-SW L-5.bmp,V3-IND-KHAKI-WWI-CS-BEL-CAV-LTE.bmp
sprite,gfx/map/units/T-CAVALRY A-FIRE C-IND L-10 D-W.spr,gfx/map/units/T-CAVALRY A-FIRE C-AST L-10 D-W.spr,T-CAVALRY C-BEL A-FIRE D-W L-5.bmp,V3-IND-KHAKI-WWI-CS-BEL-CAV-LTE.bmp
sprite,gfx/map/units/T-CAVALRY A-FIRE C-IND L-10.spr,gfx/map/units/T-CAVALRY A-FIRE C-AST L-10.spr,T-CAVALRY C-BEL A-FIRE D-SW L-5.bmp,V3-IND-KHAKI-WWI-CS-BEL-CAV-LTE.bmp
sprite,gfx/map/units/T-CAVALRY A-FIRE C-IND L-11 D-E.spr,gfx/map/units/T-CAVALRY A-FIRE C-AST L-11 D-E.spr,T-CAVALRY C-BEL A-FIRE D-E L-5.bmp,V3-IND-KHAKI-WWI-CS-BEL-CAV-LTE.bmp
sprite,gfx/map/units/T-CAVALRY A-FIRE C-IND L-11 D-N.spr,gfx/map/units/T-CAVALRY A-FIRE C-AST L-11 D-N.spr,T-CAVALRY C-BEL A-FIRE D-N L-5.bmp,V3-IND-KHAKI-WWI-CS-BEL-CAV-LTE.bmp
sprite,gfx/map/units/T-CAVALRY A-FIRE C-IND L-11 D-NE.spr,gfx/map/units/T-CAVALRY A-FIRE C-AST L-11 D-NE.spr,T-CAVALRY C-BEL A-FIRE D-NE L-5.bmp,V3-IND-KHAKI-WWI-CS-BEL-CAV-LTE.bmp
sprite,gfx/map/units/T-CAVALRY A-FIRE C-IND L-11 D-NW.spr,gfx/map/units/T-CAVALRY A-FIRE C-AST L-11 D-NW.spr,T-CAVALRY C-BEL A-FIRE D-NW L-5.bmp,V3-IND-KHAKI-WWI-CS-BEL-CAV-LTE.bmp
sprite,gfx/map/units/T-CAVALRY A-FIRE C-IND L-11 D-S.spr,gfx/map/units/T-CAVALRY A-FIRE C-AST L-11 D-S.spr,T-CAVALRY C-BEL A-FIRE D-S L-5.bmp,V3-IND-KHAKI-WWI-CS-BEL-CAV-LTE.bmp
sprite,gfx/map/units/T-CAVALRY A-FIRE C-IND L-11 D-SE.spr,gfx/map/units/T-CAVALRY A-FIRE C-AST L-11 D-SE.spr,T-CAVALRY C-BEL A-FIRE D-SE L-5.bmp,V3-IND-KHAKI-WWI-CS-BEL-CAV-LTE.bmp
sprite,gfx/map/units/T-CAVALRY A-FIRE C-IND L-11 D-SW.spr,gfx/map/units/T-CAVALRY A-FIRE C-AST L-11 D-SW.spr,T-CAVALRY C-BEL A-FIRE D-SW L-5.bmp,V3-IND-KHAKI-WWI-CS-BEL-CAV-LTE.bmp
sprite,gfx/map/units/T-CAVALRY A-FIRE C-IND L-11 D-W.spr,gfx/map/units/T-CAVALRY A-FIRE C-AST L-11 D-W.spr,T-CAVALRY C-BEL A-FIRE D-W L-5.bmp,V3-IND-KHAKI-WWI-CS-BEL-CAV-LTE.bmp
sprite,gfx/map/units/T-CAVALRY A-FIRE C-IND L-11.spr,gfx/map/units/T-CAVALRY A-FIRE C-AST L-11.spr,T-CAVALRY C-BEL A-FIRE D-SW L-5.bmp,V3-IND-KHAKI-WWI-CS-BEL-CAV-LTE.bmp
sprite,gfx/map/units/T-CAVALRY A-FIRE C-IND L-12 D-E.spr,gfx/map/units/T-CAVALRY A-FIRE C-AST L-12 D-E.spr,T-CAVALRY C-BEL A-FIRE D-E L-5.bmp,V3-IND-KHAKI-WWI-CS-BEL-CAV-LTE.bmp
sprite,gfx/map/units/T-CAVALRY A-FIRE C-IND L-12 D-N.spr,gfx/map/units/T-CAVALRY A-FIRE C-AST L-12 D-N.spr,T-CAVALRY C-BEL A-FIRE D-N L-5.bmp,V3-IND-KHAKI-WWI-CS-BEL-CAV-LTE.bmp
sprite,gfx/map/units/T-CAVALRY A-FIRE C-IND L-12 D-NE.spr,gfx/map/units/T-CAVALRY A-FIRE C-AST L-12 D-NE.spr,T-CAVALRY C-BEL A-FIRE D-NE L-5.bmp,V3-IND-KHAKI-WWI-CS-BEL-CAV-LTE.bmp
sprite,gfx/map/units/T-CAVALRY A-FIRE C-IND L-12 D-NW.spr,gfx/map/units/T-CAVALRY A-FIRE C-AST L-12 D-NW.spr,T-CAVALRY C-BEL A-FIRE D-NW L-5.bmp,V3-IND-KHAKI-WWI-CS-BEL-CAV-LTE.bmp
sprite,gfx/map/units/T-CAVALRY A-FIRE C-IND L-12 D-S.spr,gfx/map/units/T-CAVALRY A-FIRE C-AST L-12 D-S.spr,T-CAVALRY C-BEL A-FIRE D-S L-5.bmp,V3-IND-KHAKI-WWI-CS-BEL-CAV-LTE.bmp
sprite,gfx/map/units/T-CAVALRY A-FIRE C-IND L-12 D-SE.spr,gfx/map/units/T-CAVALRY A-FIRE C-AST L-12 D-SE.spr,T-CAVALRY C-BEL A-FIRE D-SE L-5.bmp,V3-IND-KHAKI-WWI-CS-BEL-CAV-LTE.bmp
sprite,gfx/map/units/T-CAVALRY A-FIRE C-IND L-12 D-SW.spr,gfx/map/units/T-CAVALRY A-FIRE C-AST L-12 D-SW.spr,T-CAVALRY C-BEL A-FIRE D-SW L-5.bmp,V3-IND-KHAKI-WWI-CS-BEL-CAV-LTE.bmp
sprite,gfx/map/units/T-CAVALRY A-FIRE C-IND L-12 D-W.spr,gfx/map/units/T-CAVALRY A-FIRE C-AST L-12 D-W.spr,T-CAVALRY C-BEL A-FIRE D-W L-5.bmp,V3-IND-KHAKI-WWI-CS-BEL-CAV-LTE.bmp
sprite,gfx/map/units/T-CAVALRY A-FIRE C-IND L-12.spr,gfx/map/units/T-CAVALRY A-FIRE C-AST L-12.spr,T-CAVALRY C-BEL A-FIRE D-SW L-5.bmp,V3-IND-KHAKI-WWI-CS-BEL-CAV-LTE.bmp
sprite,gfx/map/units/T-CAVALRY A-FIRE C-IND L-13 D-E.spr,gfx/map/units/T-CAVALRY A-FIRE C-AST L-13 D-E.spr,T-CAVALRY C-BEL A-FIRE D-E L-5.bmp,V3-IND-KHAKI-WWI-CS-BEL-CAV-LTE.bmp
sprite,gfx/map/units/T-CAVALRY A-FIRE C-IND L-13 D-N.spr,gfx/map/units/T-CAVALRY A-FIRE C-AST L-13 D-N.spr,T-CAVALRY C-BEL A-FIRE D-N L-5.bmp,V3-IND-KHAKI-WWI-CS-BEL-CAV-LTE.bmp
sprite,gfx/map/units/T-CAVALRY A-FIRE C-IND L-13 D-NE.spr,gfx/map/units/T-CAVALRY A-FIRE C-AST L-13 D-NE.spr,T-CAVALRY C-BEL A-FIRE D-NE L-5.bmp,V3-IND-KHAKI-WWI-CS-BEL-CAV-LTE.bmp
sprite,gfx/map/units/T-CAVALRY A-FIRE C-IND L-13 D-NW.spr,gfx/map/units/T-CAVALRY A-FIRE C-AST L-13 D-NW.spr,T-CAVALRY C-BEL A-FIRE D-NW L-5.bmp,V3-IND-KHAKI-WWI-CS-BEL-CAV-LTE.bmp
sprite,gfx/map/units/T-CAVALRY A-FIRE C-IND L-13 D-S.spr,gfx/map/units/T-CAVALRY A-FIRE C-AST L-13 D-S.spr,T-CAVALRY C-BEL A-FIRE D-S L-5.bmp,V3-IND-KHAKI-WWI-CS-BEL-CAV-LTE.bmp
sprite,gfx/map/units/T-CAVALRY A-FIRE C-IND L-13 D-SE.spr,gfx/map/units/T-CAVALRY A-FIRE C-AST L-13 D-SE.spr,T-CAVALRY C-BEL A-FIRE D-SE L-5.bmp,V3-IND-KHAKI-WWI-CS-BEL-CAV-LTE.bmp
sprite,gfx/map/units/T-CAVALRY A-FIRE C-IND L-13 D-SW.spr,gfx/map/units/T-CAVALRY A-FIRE C-AST L-13 D-SW.spr,T-CAVALRY C-BEL A-FIRE D-SW L-5.bmp,V3-IND-KHAKI-WWI-CS-BEL-CAV-LTE.bmp
sprite,gfx/map/units/T-CAVALRY A-FIRE C-IND L-13 D-W.spr,gfx/map/units/T-CAVALRY A-FIRE C-AST L-13 D-W.spr,T-CAVALRY C-BEL A-FIRE D-W L-5.bmp,V3-IND-KHAKI-WWI-CS-BEL-CAV-LTE.bmp
sprite,gfx/map/units/T-CAVALRY A-FIRE C-IND L-13.spr,gfx/map/units/T-CAVALRY A-FIRE C-AST L-13.spr,T-CAVALRY C-BEL A-FIRE D-SW L-5.bmp,V3-IND-KHAKI-WWI-CS-BEL-CAV-LTE.bmp
sprite,gfx/map/units/T-CAVALRY A-FIRE C-IND L-14 D-E.spr,gfx/map/units/T-CAVALRY A-FIRE C-AST L-14 D-E.spr,T-CAVALRY C-BEL A-FIRE D-E L-5.bmp,V3-IND-KHAKI-WWI-CS-BEL-CAV-LTE.bmp
sprite,gfx/map/units/T-CAVALRY A-FIRE C-IND L-14 D-N.spr,gfx/map/units/T-CAVALRY A-FIRE C-AST L-14 D-N.spr,T-CAVALRY C-BEL A-FIRE D-N L-5.bmp,V3-IND-KHAKI-WWI-CS-BEL-CAV-LTE.bmp
sprite,gfx/map/units/T-CAVALRY A-FIRE C-IND L-14 D-NE.spr,gfx/map/units/T-CAVALRY A-FIRE C-AST L-14 D-NE.spr,T-CAVALRY C-BEL A-FIRE D-NE L-5.bmp,V3-IND-KHAKI-WWI-CS-BEL-CAV-LTE.bmp
sprite,gfx/map/units/T-CAVALRY A-FIRE C-IND L-14 D-NW.spr,gfx/map/units/T-CAVALRY A-FIRE C-AST L-14 D-NW.spr,T-CAVALRY C-BEL A-FIRE D-NW L-5.bmp,V3-IND-KHAKI-WWI-CS-BEL-CAV-LTE.bmp
sprite,gfx/map/units/T-CAVALRY A-FIRE C-IND L-14 D-S.spr,gfx/map/units/T-CAVALRY A-FIRE C-AST L-14 D-S.spr,T-CAVALRY C-BEL A-FIRE D-S L-5.bmp,V3-IND-KHAKI-WWI-CS-BEL-CAV-LTE.bmp
sprite,gfx/map/units/T-CAVALRY A-FIRE C-IND L-14 D-SE.spr,gfx/map/units/T-CAVALRY A-FIRE C-AST L-14 D-SE.spr,T-CAVALRY C-BEL A-FIRE D-SE L-5.bmp,V3-IND-KHAKI-WWI-CS-BEL-CAV-LTE.bmp
sprite,gfx/map/units/T-CAVALRY A-FIRE C-IND L-14 D-SW.spr,gfx/map/units/T-CAVALRY A-FIRE C-AST L-14 D-SW.spr,T-CAVALRY C-BEL A-FIRE D-SW L-5.bmp,V3-IND-KHAKI-WWI-CS-BEL-CAV-LTE.bmp
sprite,gfx/map/units/T-CAVALRY A-FIRE C-IND L-14 D-W.spr,gfx/map/units/T-CAVALRY A-FIRE C-AST L-14 D-W.spr,T-CAVALRY C-BEL A-FIRE D-W L-5.bmp,V3-IND-KHAKI-WWI-CS-BEL-CAV-LTE.bmp
sprite,gfx/map/units/T-CAVALRY A-FIRE C-IND L-14.spr,gfx/map/units/T-CAVALRY A-FIRE C-AST L-14.spr,T-CAVALRY C-BEL A-FIRE D-SW L-5.bmp,V3-IND-KHAKI-WWI-CS-BEL-CAV-LTE.bmp
sprite,gfx/map/units/T-CAVALRY A-FIRE C-IND L-15 D-E.spr,gfx/map/units/T-CAVALRY A-FIRE C-AST L-15 D-E.spr,T-CAVALRY A-FIRE C-CAN L-6 D-E.bmp,V3-IND-KHAKI-inger.bmp
sprite,gfx/map/units/T-CAVALRY A-FIRE C-IND L-15 D-N.spr,gfx/map/units/T-CAVALRY A-FIRE C-AST L-15 D-N.spr,T-CAVALRY A-FIRE C-CAN L-6 D-N.bmp,V3-IND-KHAKI-inger.bmp
sprite,gfx/map/units/T-CAVALRY A-FIRE C-IND L-15 D-NE.spr,gfx/map/units/T-CAVALRY A-FIRE C-AST L-15 D-NE.spr,T-CAVALRY A-FIRE C-CAN L-6 D-NE.bmp,V3-IND-KHAKI-inger.bmp
sprite,gfx/map/units/T-CAVALRY A-FIRE C-IND L-15 D-NW.spr,gfx/map/units/T-CAVALRY A-FIRE C-AST L-15 D-NW.spr,T-CAVALRY A-FIRE C-CAN L-6 D-NW.bmp,V3-IND-KHAKI-inger.bmp
sprite,gfx/map/units/T-CAVALRY A-FIRE C-IND L-15 D-S.spr,gfx/map/units/T-CAVALRY A-FIRE C-AST L-15 D-S.spr,T-CAVALRY A-FIRE C-CAN L-6 D-S.bmp,V3-IND-KHAKI-inger.bmp
sprite,gfx/map/units/T-CAVALRY A-FIRE C-IND L-15 D-SE.spr,gfx/map/units/T-CAVALRY A-FIRE C-AST L-15 D-SE.spr,T-CAVALRY A-FIRE C-CAN L-6 D-SE.bmp,V3-IND-KHAKI-inger.bmp
sprite,gfx/map/units/T-CAVALRY A-FIRE C-IND L-15 D-SW.spr,gfx/map/units/T-CAVALRY A-FIRE C-AST L-15 D-SW.spr,T-CAVALRY A-FIRE C-CAN L-6 D-SW.bmp,V3-IND-KHAKI-inger.bmp
sprite,gfx/map/units/T-CAVALRY A-FIRE C-IND L-15 D-W.spr,gfx/map/units/T-CAVALRY A-FIRE C-AST L-15 D-W.spr,T-CAVALRY A-FIRE C-CAN L-6 D-W.bmp,V3-IND-KHAKI-inger.bmp
sprite,gfx/map/units/T-CAVALRY A-FIRE C-IND L-15.spr,gfx/map/units/T-CAVALRY A-FIRE C-AST L-15.spr,T-CAVALRY A-FIRE C-CAN L-6 D-SW.bmp,V3-IND-KHAKI-inger.bmp
sprite,gfx/map/units/T-CAVALRY A-FIRE C-IND L-8 D-E.spr,gfx/map/units/T-CAVALRY A-FIRE C-AST L-8 D-E.spr,T-CAVALRY C-BEL A-FIRE D-E L-5.bmp,V3-IND-KHAKI-WWI-CS-BEL-CAV-LTE.bmp
sprite,gfx/map/units/T-CAVALRY A-FIRE C-IND L-8 D-N.spr,gfx/map/units/T-CAVALRY A-FIRE C-AST L-8 D-N.spr,T-CAVALRY C-BEL A-FIRE D-N L-5.bmp,V3-IND-KHAKI-WWI-CS-BEL-CAV-LTE.bmp
sprite,gfx/map/units/T-CAVALRY A-FIRE C-IND L-8 D-NE.spr,gfx/map/units/T-CAVALRY A-FIRE C-AST L-8 D-NE.spr,T-CAVALRY C-BEL A-FIRE D-NE L-5.bmp,V3-IND-KHAKI-WWI-CS-BEL-CAV-LTE.bmp
sprite,gfx/map/units/T-CAVALRY A-FIRE C-IND L-8 D-NW.spr,gfx/map/units/T-CAVALRY A-FIRE C-AST L-8 D-NW.spr,T-CAVALRY C-BEL A-FIRE D-NW L-5.bmp,V3-IND-KHAKI-WWI-CS-BEL-CAV-LTE.bmp
sprite,gfx/map/units/T-CAVALRY A-FIRE C-IND L-8 D-S.spr,gfx/map/units/T-CAVALRY A-FIRE C-AST L-8 D-S.spr,T-CAVALRY C-BEL A-FIRE D-S L-5.bmp,V3-IND-KHAKI-WWI-CS-BEL-CAV-LTE.bmp
sprite,gfx/map/units/T-CAVALRY A-FIRE C-IND L-8 D-SE.spr,gfx/map/units/T-CAVALRY A-FIRE C-AST L-8 D-SE.spr,T-CAVALRY C-BEL A-FIRE D-SE L-5.bmp,V3-IND-KHAKI-WWI-CS-BEL-CAV-LTE.bmp
sprite,gfx/map/units/T-CAVALRY A-FIRE C-IND L-8 D-SW.spr,gfx/map/units/T-CAVALRY A-FIRE C-AST L-8 D-SW.spr,T-CAVALRY C-BEL A-FIRE D-SW L-5.bmp,V3-IND-KHAKI-WWI-CS-BEL-CAV-LTE.bmp
sprite,gfx/map/units/T-CAVALRY A-FIRE C-IND L-8 D-W.spr,gfx/map/units/T-CAVALRY A-FIRE C-AST L-8 D-W.spr,T-CAVALRY C-BEL A-FIRE D-W L-5.bmp,V3-IND-KHAKI-WWI-CS-BEL-CAV-LTE.bmp
sprite,gfx/map/units/T-CAVALRY A-FIRE C-IND L-8.spr,gfx/map/units/T-CAVALRY A-FIRE C-AST L-8.spr,T-CAVALRY C-BEL A-FIRE D-SW L-5.bmp,V3-IND-KHAKI-WWI-CS-BEL-CAV-LTE.bmp
sprite,gfx/map/units/T-CAVALRY A-FIRE C-IND L-9 D-E.spr,gfx/map/units/T-CAVALRY A-FIRE C-AST L-9 D-E.spr,T-CAVALRY C-BEL A-FIRE D-E L-5.bmp,V3-IND-KHAKI-WWI-CS-BEL-CAV-LTE.bmp
sprite,gfx/map/units/T-CAVALRY A-FIRE C-IND L-9 D-N.spr,gfx/map/units/T-CAVALRY A-FIRE C-AST L-9 D-N.spr,T-CAVALRY C-BEL A-FIRE D-N L-5.bmp,V3-IND-KHAKI-WWI-CS-BEL-CAV-LTE.bmp
sprite,gfx/map/units/T-CAVALRY A-FIRE C-IND L-9 D-NE.spr,gfx/map/units/T-CAVALRY A-FIRE C-AST L-9 D-NE.spr,T-CAVALRY C-BEL A-FIRE D-NE L-5.bmp,V3-IND-KHAKI-WWI-CS-BEL-CAV-LTE.bmp
sprite,gfx/map/units/T-CAVALRY A-FIRE C-IND L-9 D-NW.spr,gfx/map/units/T-CAVALRY A-FIRE C-AST L-9 D-NW.spr,T-CAVALRY C-BEL A-FIRE D-NW L-5.bmp,V3-IND-KHAKI-WWI-CS-BEL-CAV-LTE.bmp
sprite,gfx/map/units/T-CAVALRY A-FIRE C-IND L-9 D-S.spr,gfx/map/units/T-CAVALRY A-FIRE C-AST L-9 D-S.spr,T-CAVALRY C-BEL A-FIRE D-S L-5.bmp,V3-IND-KHAKI-WWI-CS-BEL-CAV-LTE.bmp
sprite,gfx/map/units/T-CAVALRY A-FIRE C-IND L-9 D-SE.spr,gfx/map/units/T-CAVALRY A-FIRE C-AST L-9 D-SE.spr,T-CAVALRY C-BEL A-FIRE D-SE L-5.bmp,V3-IND-KHAKI-WWI-CS-BEL-CAV-LTE.bmp
sprite,gfx/map/units/T-CAVALRY A-FIRE C-IND L-9 D-SW.spr,gfx/map/units/T-CAVALRY A-FIRE C-AST L-9 D-SW.spr,T-CAVALRY C-BEL A-FIRE D-SW L-5.bmp,V3-IND-KHAKI-WWI-CS-BEL-CAV-LTE.bmp
sprite,gfx/map/units/T-CAVALRY A-FIRE C-IND L-9 D-W.spr,gfx/map/units/T-CAVALRY A-FIRE C-AST L-9 D-W.spr,T-CAVALRY C-BEL A-FIRE D-W L-5.bmp,V3-IND-KHAKI-WWI-CS-BEL-CAV-LTE.bmp
sprite,gfx/map/units/T-CAVALRY A-FIRE C-IND L-9.spr,gfx/map/units/T-CAVALRY A-FIRE C-AST L-9.spr,T-CAVALRY C-BEL A-FIRE D-SW L-5.bmp,V3-IND-KHAKI-WWI-CS-BEL-CAV-LTE.bmp
sprite,gfx/map/units/T-CAVALRY A-STAND C-IND L-1.spr,gfx/map/units/T-CAVALRY A-STAND C-AST L-1.spr,T-CAVALRY C-AST A-STAND.bmp,V3-IND-KHAKI-WWI-CS-AST-CAV.bmp
sprite,gfx/map/units/T-CAVALRY A-STAND C-IND L-10.spr,gfx/map/units/T-CAVALRY A-STAND C-AST L-10.spr,T-CAVALRY C-BEL A-STAND L-5.bmp,V3-IND-KHAKI-WWI-CS-BEL-CAV-LTE.bmp
sprite,gfx/map/units/T-CAVALRY A-STAND C-IND L-11.spr,gfx/map/units/T-CAVALRY A-STAND C-AST L-11.spr,T-CAVALRY C-BEL A-STAND L-5.bmp,V3-IND-KHAKI-WWI-CS-BEL-CAV-LTE.bmp
sprite,gfx/map/units/T-CAVALRY A-STAND C-IND L-12.spr,gfx/map/units/T-CAVALRY A-STAND C-AST L-12.spr,T-CAVALRY C-BEL A-STAND L-5.bmp,V3-IND-KHAKI-WWI-CS-BEL-CAV-LTE.bmp
sprite,gfx/map/units/T-CAVALRY A-STAND C-IND L-13.spr,gfx/map/units/T-CAVALRY A-STAND C-AST L-13.spr,T-CAVALRY C-BEL A-STAND L-5.bmp,V3-IND-KHAKI-WWI-CS-BEL-CAV-LTE.bmp
sprite,gfx/map/units/T-CAVALRY A-STAND C-IND L-14.spr,gfx/map/units/T-CAVALRY A-STAND C-AST L-14.spr,T-CAVALRY C-BEL A-STAND L-5.bmp,V3-IND-KHAKI-WWI-CS-BEL-CAV-LTE.bmp
sprite,gfx/map/units/T-CAVALRY A-STAND C-IND L-15.spr,gfx/map/units/T-CAVALRY A-STAND C-AST L-15.spr,T-CAVALRY A-WALK C-CAN L-6 D-SW.bmp,V3-IND-KHAKI-inger.bmp
sprite,gfx/map/units/T-CAVALRY A-STAND C-IND L-8.spr,gfx/map/units/T-CAVALRY A-STAND C-AST L-8.spr,T-CAVALRY C-BEL A-STAND L-5.bmp,V3-IND-KHAKI-WWI-CS-BEL-CAV-LTE.bmp
sprite,gfx/map/units/T-CAVALRY A-STAND C-IND L-9.spr,gfx/map/units/T-CAVALRY A-STAND C-AST L-9.spr,T-CAVALRY C-BEL A-STAND L-5.bmp,V3-IND-KHAKI-WWI-CS-BEL-CAV-LTE.bmp
sprite,gfx/map/units/T-CAVALRY A-WALK C-IND L-1 D-E.spr,gfx/map/units/T-CAVALRY A-WALK C-AST L-1 D-E.spr,T-CAVALRY C-AST A-WALK D-E.bmp,V3-IND-KHAKI-WWI-CS-AST-CAV.bmp
sprite,gfx/map/units/T-CAVALRY A-WALK C-IND L-1 D-N.spr,gfx/map/units/T-CAVALRY A-WALK C-AST L-1 D-N.spr,T-CAVALRY C-AST A-WALK D-N.bmp,V3-IND-KHAKI-WWI-CS-AST-CAV.bmp
sprite,gfx/map/units/T-CAVALRY A-WALK C-IND L-1 D-NE.spr,gfx/map/units/T-CAVALRY A-WALK C-AST L-1 D-NE.spr,T-CAVALRY C-AST A-WALK D-NE.bmp,V3-IND-KHAKI-WWI-CS-AST-CAV.bmp
sprite,gfx/map/units/T-CAVALRY A-WALK C-IND L-1 D-NW.spr,gfx/map/units/T-CAVALRY A-WALK C-AST L-1 D-NW.spr,T-CAVALRY C-AST A-WALK D-NW.bmp,V3-IND-KHAKI-WWI-CS-AST-CAV.bmp
sprite,gfx/map/units/T-CAVALRY A-WALK C-IND L-1 D-S.spr,gfx/map/units/T-CAVALRY A-WALK C-AST L-1 D-S.spr,T-CAVALRY C-AST A-WALK D-S.bmp,V3-IND-KHAKI-WWI-CS-AST-CAV.bmp
sprite,gfx/map/units/T-CAVALRY A-WALK C-IND L-1 D-SE.spr,gfx/map/units/T-CAVALRY A-WALK C-AST L-1 D-SE.spr,T-CAVALRY C-AST A-WALK D-SE.bmp,V3-IND-KHAKI-WWI-CS-AST-CAV.bmp
sprite,gfx/map/units/T-CAVALRY A-WALK C-IND L-1 D-SW.spr,gfx/map/units/T-CAVALRY A-WALK C-AST L-1 D-SW.spr,T-CAVALRY C-AST A-WALK D-SW.bmp,V3-IND-KHAKI-WWI-CS-AST-CAV.bmp
sprite,gfx/map/units/T-CAVALRY A-WALK C-IND L-1 D-W.spr,gfx/map/units/T-CAVALRY A-WALK C-AST L-1 D-W.spr,T-CAVALRY C-AST A-WALK D-W.bmp,V3-IND-KHAKI-WWI-CS-AST-CAV.bmp
sprite,gfx/map/units/T-CAVALRY A-WALK C-IND L-10 D-E.spr,gfx/map/units/T-CAVALRY A-WALK C-AST L-10 D-E.spr,T-CAVALRY C-BEL A-WALK D-E L-5.bmp,V3-IND-KHAKI-WWI-CS-BEL-CAV-LTE.bmp
sprite,gfx/map/units/T-CAVALRY A-WALK C-IND L-10 D-N.spr,gfx/map/units/T-CAVALRY A-WALK C-AST L-10 D-N.spr,T-CAVALRY C-BEL A-WALK D-N L-5.bmp,V3-IND-KHAKI-WWI-CS-BEL-CAV-LTE.bmp
sprite,gfx/map/units/T-CAVALRY A-WALK C-IND L-10 D-NE.spr,gfx/map/units/T-CAVALRY A-WALK C-AST L-10 D-NE.spr,T-CAVALRY C-BEL A-WALK D-NE L-5.bmp,V3-IND-KHAKI-WWI-CS-BEL-CAV-LTE.bmp
sprite,gfx/map/units/T-CAVALRY A-WALK C-IND L-10 D-NW.spr,gfx/map/units/T-CAVALRY A-WALK C-AST L-10 D-NW.spr,T-CAVALRY C-BEL A-WALK D-NW L-5.bmp,V3-IND-KHAKI-WWI-CS-BEL-CAV-LTE.bmp
sprite,gfx/map/units/T-CAVALRY A-WALK C-IND L-10 D-S.spr,gfx/map/units/T-CAVALRY A-WALK C-AST L-10 D-S.spr,T-CAVALRY C-BEL A-WALK D-S L-5.bmp,V3-IND-KHAKI-WWI-CS-BEL-CAV-LTE.bmp
sprite,gfx/map/units/T-CAVALRY A-WALK C-IND L-10 D-SE.spr,gfx/map/units/T-CAVALRY A-WALK C-AST L-10 D-SE.spr,T-CAVALRY C-BEL A-WALK D-SE L-5.bmp,V3-IND-KHAKI-WWI-CS-BEL-CAV-LTE.bmp
sprite,gfx/map/units/T-CAVALRY A-WALK C-IND L-10 D-SW.spr,gfx/map/units/T-CAVALRY A-WALK C-AST L-10 D-SW.spr,T-CAVALRY C-BEL A-WALK D-SW L-5.bmp,V3-IND-KHAKI-WWI-CS-BEL-CAV-LTE.bmp
sprite,gfx/map/units/T-CAVALRY A-WALK C-IND L-10 D-W.spr,gfx/map/units/T-CAVALRY A-WALK C-AST L-10 D-W.spr,T-CAVALRY C-BEL A-WALK D-W L-5.bmp,V3-IND-KHAKI-WWI-CS-BEL-CAV-LTE.bmp
sprite,gfx/map/units/T-CAVALRY A-WALK C-IND L-11 D-E.spr,gfx/map/units/T-CAVALRY A-WALK C-AST L-11 D-E.spr,T-CAVALRY C-BEL A-WALK D-E L-5.bmp,V3-IND-KHAKI-WWI-CS-BEL-CAV-LTE.bmp
sprite,gfx/map/units/T-CAVALRY A-WALK C-IND L-11 D-N.spr,gfx/map/units/T-CAVALRY A-WALK C-AST L-11 D-N.spr,T-CAVALRY C-BEL A-WALK D-N L-5.bmp,V3-IND-KHAKI-WWI-CS-BEL-CAV-LTE.bmp
sprite,gfx/map/units/T-CAVALRY A-WALK C-IND L-11 D-NE.spr,gfx/map/units/T-CAVALRY A-WALK C-AST L-11 D-NE.spr,T-CAVALRY C-BEL A-WALK D-NE L-5.bmp,V3-IND-KHAKI-WWI-CS-BEL-CAV-LTE.bmp
sprite,gfx/map/units/T-CAVALRY A-WALK C-IND L-11 D-NW.spr,gfx/map/units/T-CAVALRY A-WALK C-AST L-11 D-NW.spr,T-CAVALRY C-BEL A-WALK D-NW L-5.bmp,V3-IND-KHAKI-WWI-CS-BEL-CAV-LTE.bmp
sprite,gfx/map/units/T-CAVALRY A-WALK C-IND L-11 D-S.spr,gfx/map/units/T-CAVALRY A-WALK C-AST L-11 D-S.spr,T-CAVALRY C-BEL A-WALK D-S L-5.bmp,V3-IND-KHAKI-WWI-CS-BEL-CAV-LTE.bmp
sprite,gfx/map/units/T-CAVALRY A-WALK C-IND L-11 D-SE.spr,gfx/map/units/T-CAVALRY A-WALK C-AST L-11 D-SE.spr,T-CAVALRY C-BEL A-WALK D-SE L-5.bmp,V3-IND-KHAKI-WWI-CS-BEL-CAV-LTE.bmp
sprite,gfx/map/units/T-CAVALRY A-WALK C-IND L-11 D-SW.spr,gfx/map/units/T-CAVALRY A-WALK C-AST L-11 D-SW.spr,T-CAVALRY C-BEL A-WALK D-SW L-5.bmp,V3-IND-KHAKI-WWI-CS-BEL-CAV-LTE.bmp
sprite,gfx/map/units/T-CAVALRY A-WALK C-IND L-11 D-W.spr,gfx/map/units/T-CAVALRY A-WALK C-AST L-11 D-W.spr,T-CAVALRY C-BEL A-WALK D-W L-5.bmp,V3-IND-KHAKI-WWI-CS-BEL-CAV-LTE.bmp
sprite,gfx/map/units/T-CAVALRY A-WALK C-IND L-12 D-E.spr,gfx/map/units/T-CAVALRY A-WALK C-AST L-12 D-E.spr,T-CAVALRY C-BEL A-WALK D-E L-5.bmp,V3-IND-KHAKI-WWI-CS-BEL-CAV-LTE.bmp
sprite,gfx/map/units/T-CAVALRY A-WALK C-IND L-12 D-N.spr,gfx/map/units/T-CAVALRY A-WALK C-AST L-12 D-N.spr,T-CAVALRY C-BEL A-WALK D-N L-5.bmp,V3-IND-KHAKI-WWI-CS-BEL-CAV-LTE.bmp
sprite,gfx/map/units/T-CAVALRY A-WALK C-IND L-12 D-NE.spr,gfx/map/units/T-CAVALRY A-WALK C-AST L-12 D-NE.spr,T-CAVALRY C-BEL A-WALK D-NE L-5.bmp,V3-IND-KHAKI-WWI-CS-BEL-CAV-LTE.bmp
sprite,gfx/map/units/T-CAVALRY A-WALK C-IND L-12 D-NW.spr,gfx/map/units/T-CAVALRY A-WALK C-AST L-12 D-NW.spr,T-CAVALRY C-BEL A-WALK D-NW L-5.bmp,V3-IND-KHAKI-WWI-CS-BEL-CAV-LTE.bmp
sprite,gfx/map/units/T-CAVALRY A-WALK C-IND L-12 D-S.spr,gfx/map/units/T-CAVALRY A-WALK C-AST L-12 D-S.spr,T-CAVALRY C-BEL A-WALK D-S L-5.bmp,V3-IND-KHAKI-WWI-CS-BEL-CAV-LTE.bmp
sprite,gfx/map/units/T-CAVALRY A-WALK C-IND L-12 D-SE.spr,gfx/map/units/T-CAVALRY A-WALK C-AST L-12 D-SE.spr,T-CAVALRY C-BEL A-WALK D-SE L-5.bmp,V3-IND-KHAKI-WWI-CS-BEL-CAV-LTE.bmp
sprite,gfx/map/units/T-CAVALRY A-WALK C-IND L-12 D-SW.spr,gfx/map/units/T-CAVALRY A-WALK C-AST L-12 D-SW.spr,T-CAVALRY C-BEL A-WALK D-SW L-5.bmp,V3-IND-KHAKI-WWI-CS-BEL-CAV-LTE.bmp
sprite,gfx/map/units/T-CAVALRY A-WALK C-IND L-12 D-W.spr,gfx/map/units/T-CAVALRY A-WALK C-AST L-12 D-W.spr,T-CAVALRY C-BEL A-WALK D-W L-5.bmp,V3-IND-KHAKI-WWI-CS-BEL-CAV-LTE.bmp
sprite,gfx/map/units/T-CAVALRY A-WALK C-IND L-13 D-E.spr,gfx/map/units/T-CAVALRY A-WALK C-AST L-13 D-E.spr,T-CAVALRY C-BEL A-WALK D-E L-5.bmp,V3-IND-KHAKI-WWI-CS-BEL-CAV-LTE.bmp
sprite,gfx/map/units/T-CAVALRY A-WALK C-IND L-13 D-N.spr,gfx/map/units/T-CAVALRY A-WALK C-AST L-13 D-N.spr,T-CAVALRY C-BEL A-WALK D-N L-5.bmp,V3-IND-KHAKI-WWI-CS-BEL-CAV-LTE.bmp
sprite,gfx/map/units/T-CAVALRY A-WALK C-IND L-13 D-NE.spr,gfx/map/units/T-CAVALRY A-WALK C-AST L-13 D-NE.spr,T-CAVALRY C-BEL A-WALK D-NE L-5.bmp,V3-IND-KHAKI-WWI-CS-BEL-CAV-LTE.bmp
sprite,gfx/map/units/T-CAVALRY A-WALK C-IND L-13 D-NW.spr,gfx/map/units/T-CAVALRY A-WALK C-AST L-13 D-NW.spr,T-CAVALRY C-BEL A-WALK D-NW L-5.bmp,V3-IND-KHAKI-WWI-CS-BEL-CAV-LTE.bmp
sprite,gfx/map/units/T-CAVALRY A-WALK C-IND L-13 D-S.spr,gfx/map/units/T-CAVALRY A-WALK C-AST L-13 D-S.spr,T-CAVALRY C-BEL A-WALK D-S L-5.bmp,V3-IND-KHAKI-WWI-CS-BEL-CAV-LTE.bmp
sprite,gfx/map/units/T-CAVALRY A-WALK C-IND L-13 D-SE.spr,gfx/map/units/T-CAVALRY A-WALK C-AST L-13 D-SE.spr,T-CAVALRY C-BEL A-WALK D-SE L-5.bmp,V3-IND-KHAKI-WWI-CS-BEL-CAV-LTE.bmp
sprite,gfx/map/units/T-CAVALRY A-WALK C-IND L-13 D-SW.spr,gfx/map/units/T-CAVALRY A-WALK C-AST L-13 D-SW.spr,T-CAVALRY C-BEL A-WALK D-SW L-5.bmp,V3-IND-KHAKI-WWI-CS-BEL-CAV-LTE.bmp
sprite,gfx/map/units/T-CAVALRY A-WALK C-IND L-13 D-W.spr,gfx/map/units/T-CAVALRY A-WALK C-AST L-13 D-W.spr,T-CAVALRY C-BEL A-WALK D-W L-5.bmp,V3-IND-KHAKI-WWI-CS-BEL-CAV-LTE.bmp
sprite,gfx/map/units/T-CAVALRY A-WALK C-IND L-14 D-E.spr,gfx/map/units/T-CAVALRY A-WALK C-AST L-14 D-E.spr,T-CAVALRY C-BEL A-WALK D-E L-5.bmp,V3-IND-KHAKI-WWI-CS-BEL-CAV-LTE.bmp
sprite,gfx/map/units/T-CAVALRY A-WALK C-IND L-14 D-N.spr,gfx/map/units/T-CAVALRY A-WALK C-AST L-14 D-N.spr,T-CAVALRY C-BEL A-WALK D-N L-5.bmp,V3-IND-KHAKI-WWI-CS-BEL-CAV-LTE.bmp
sprite,gfx/map/units/T-CAVALRY A-WALK C-IND L-14 D-NE.spr,gfx/map/units/T-CAVALRY A-WALK C-AST L-14 D-NE.spr,T-CAVALRY C-BEL A-WALK D-NE L-5.bmp,V3-IND-KHAKI-WWI-CS-BEL-CAV-LTE.bmp
sprite,gfx/map/units/T-CAVALRY A-WALK C-IND L-14 D-NW.spr,gfx/map/units/T-CAVALRY A-WALK C-AST L-14 D-NW.spr,T-CAVALRY C-BEL A-WALK D-NW L-5.bmp,V3-IND-KHAKI-WWI-CS-BEL-CAV-LTE.bmp
sprite,gfx/map/units/T-CAVALRY A-WALK C-IND L-14 D-S.spr,gfx/map/units/T-CAVALRY A-WALK C-AST L-14 D-S.spr,T-CAVALRY C-BEL A-WALK D-S L-5.bmp,V3-IND-KHAKI-WWI-CS-BEL-CAV-LTE.bmp
sprite,gfx/map/units/T-CAVALRY A-WALK C-IND L-14 D-SE.spr,gfx/map/units/T-CAVALRY A-WALK C-AST L-14 D-SE.spr,T-CAVALRY C-BEL A-WALK D-SE L-5.bmp,V3-IND-KHAKI-WWI-CS-BEL-CAV-LTE.bmp
sprite,gfx/map/units/T-CAVALRY A-WALK C-IND L-14 D-SW.spr,gfx/map/units/T-CAVALRY A-WALK C-AST L-14 D-SW.spr,T-CAVALRY C-BEL A-WALK D-SW L-5.bmp,V3-IND-KHAKI-WWI-CS-BEL-CAV-LTE.bmp
sprite,gfx/map/units/T-CAVALRY A-WALK C-IND L-14 D-W.spr,gfx/map/units/T-CAVALRY A-WALK C-AST L-14 D-W.spr,T-CAVALRY C-BEL A-WALK D-W L-5.bmp,V3-IND-KHAKI-WWI-CS-BEL-CAV-LTE.bmp
sprite,gfx/map/units/T-CAVALRY A-WALK C-IND L-15 D-E.spr,gfx/map/units/T-CAVALRY A-WALK C-AST L-15 D-E.spr,T-CAVALRY A-WALK C-CAN L-6 D-E.bmp,V3-IND-KHAKI-inger.bmp
sprite,gfx/map/units/T-CAVALRY A-WALK C-IND L-15 D-N.spr,gfx/map/units/T-CAVALRY A-WALK C-AST L-15 D-N.spr,T-CAVALRY A-WALK C-CAN L-6 D-N.bmp,V3-IND-KHAKI-inger.bmp
sprite,gfx/map/units/T-CAVALRY A-WALK C-IND L-15 D-NE.spr,gfx/map/units/T-CAVALRY A-WALK C-AST L-15 D-NE.spr,T-CAVALRY A-WALK C-CAN L-6 D-NE.bmp,V3-IND-KHAKI-inger.bmp
sprite,gfx/map/units/T-CAVALRY A-WALK C-IND L-15 D-NW.spr,gfx/map/units/T-CAVALRY A-WALK C-AST L-15 D-NW.spr,T-CAVALRY A-WALK C-CAN L-6 D-NW.bmp,V3-IND-KHAKI-inger.bmp
sprite,gfx/map/units/T-CAVALRY A-WALK C-IND L-15 D-S.spr,gfx/map/units/T-CAVALRY A-WALK C-AST L-15 D-S.spr,T-CAVALRY A-WALK C-CAN L-6 D-S.bmp,V3-IND-KHAKI-inger.bmp
sprite,gfx/map/units/T-CAVALRY A-WALK C-IND L-15 D-SE.spr,gfx/map/units/T-CAVALRY A-WALK C-AST L-15 D-SE.spr,T-CAVALRY A-WALK C-CAN L-6 D-SE.bmp,V3-IND-KHAKI-inger.bmp
sprite,gfx/map/units/T-CAVALRY A-WALK C-IND L-15 D-SW.spr,gfx/map/units/T-CAVALRY A-WALK C-AST L-15 D-SW.spr,T-CAVALRY A-WALK C-CAN L-6 D-SW.bmp,V3-IND-KHAKI-inger.bmp
sprite,gfx/map/units/T-CAVALRY A-WALK C-IND L-15 D-W.spr,gfx/map/units/T-CAVALRY A-WALK C-AST L-15 D-W.spr,T-CAVALRY A-WALK C-CAN L-6 D-W.bmp,V3-IND-KHAKI-inger.bmp
sprite,gfx/map/units/T-CAVALRY A-WALK C-IND L-8 D-E.spr,gfx/map/units/T-CAVALRY A-WALK C-AST L-8 D-E.spr,T-CAVALRY C-BEL A-WALK D-E L-5.bmp,V3-IND-KHAKI-WWI-CS-BEL-CAV-LTE.bmp
sprite,gfx/map/units/T-CAVALRY A-WALK C-IND L-8 D-N.spr,gfx/map/units/T-CAVALRY A-WALK C-AST L-8 D-N.spr,T-CAVALRY C-BEL A-WALK D-N L-5.bmp,V3-IND-KHAKI-WWI-CS-BEL-CAV-LTE.bmp
sprite,gfx/map/units/T-CAVALRY A-WALK C-IND L-8 D-NE.spr,gfx/map/units/T-CAVALRY A-WALK C-AST L-8 D-NE.spr,T-CAVALRY C-BEL A-WALK D-NE L-5.bmp,V3-IND-KHAKI-WWI-CS-BEL-CAV-LTE.bmp
sprite,gfx/map/units/T-CAVALRY A-WALK C-IND L-8 D-NW.spr,gfx/map/units/T-CAVALRY A-WALK C-AST L-8 D-NW.spr,T-CAVALRY C-BEL A-WALK D-NW L-5.bmp,V3-IND-KHAKI-WWI-CS-BEL-CAV-LTE.bmp
sprite,gfx/map/units/T-CAVALRY A-WALK C-IND L-8 D-S.spr,gfx/map/units/T-CAVALRY A-WALK C-AST L-8 D-S.spr,T-CAVALRY C-BEL A-WALK D-S L-5.bmp,V3-IND-KHAKI-WWI-CS-BEL-CAV-LTE.bmp
sprite,gfx/map/units/T-CAVALRY A-WALK C-IND L-8 D-SE.spr,gfx/map/units/T-CAVALRY A-WALK C-AST L-8 D-SE.spr,T-CAVALRY C-BEL A-WALK D-SE L-5.bmp,V3-IND-KHAKI-WWI-CS-BEL-CAV-LTE.bmp
sprite,gfx/map/units/T-CAVALRY A-WALK C-IND L-8 D-SW.spr,gfx/map/units/T-CAVALRY A-WALK C-AST L-8 D-SW.spr,T-CAVALRY C-BEL A-WALK D-SW L-5.bmp,V3-IND-KHAKI-WWI-CS-BEL-CAV-LTE.bmp
sprite,gfx/map/units/T-CAVALRY A-WALK C-IND L-8 D-W.spr,gfx/map/units/T-CAVALRY A-WALK C-AST L-8 D-W.spr,T-CAVALRY C-BEL A-WALK D-W L-5.bmp,V3-IND-KHAKI-WWI-CS-BEL-CAV-LTE.bmp
sprite,gfx/map/units/T-CAVALRY A-WALK C-IND L-9 D-E.spr,gfx/map/units/T-CAVALRY A-WALK C-AST L-9 D-E.spr,T-CAVALRY C-BEL A-WALK D-E L-5.bmp,V3-IND-KHAKI-WWI-CS-BEL-CAV-LTE.bmp
sprite,gfx/map/units/T-CAVALRY A-WALK C-IND L-9 D-N.spr,gfx/map/units/T-CAVALRY A-WALK C-AST L-9 D-N.spr,T-CAVALRY C-BEL A-WALK D-N L-5.bmp,V3-IND-KHAKI-WWI-CS-BEL-CAV-LTE.bmp
sprite,gfx/map/units/T-CAVALRY A-WALK C-IND L-9 D-NE.spr,gfx/map/units/T-CAVALRY A-WALK C-AST L-9 D-NE.spr,T-CAVALRY C-BEL A-WALK D-NE L-5.bmp,V3-IND-KHAKI-WWI-CS-BEL-CAV-LTE.bmp
sprite,gfx/map/units/T-CAVALRY A-WALK C-IND L-9 D-NW.spr,gfx/map/units/T-CAVALRY A-WALK C-AST L-9 D-NW.spr,T-CAVALRY C-BEL A-WALK D-NW L-5.bmp,V3-IND-KHAKI-WWI-CS-BEL-CAV-LTE.bmp
sprite,gfx/map/units/T-CAVALRY A-WALK C-IND L-9 D-S.spr,gfx/map/units/T-CAVALRY A-WALK C-AST L-9 D-S.spr,T-CAVALRY C-BEL A-WALK D-S L-5.bmp,V3-IND-KHAKI-WWI-CS-BEL-CAV-LTE.bmp
sprite,gfx/map/units/T-CAVALRY A-WALK C-IND L-9 D-SE.spr,gfx/map/units/T-CAVALRY A-WALK C-AST L-9 D-SE.spr,T-CAVALRY C-BEL A-WALK D-SE L-5.bmp,V3-IND-KHAKI-WWI-CS-BEL-CAV-LTE.bmp
sprite,gfx/map/units/T-CAVALRY A-WALK C-IND L-9 D-SW.spr,gfx/map/units/T-CAVALRY A-WALK C-AST L-9 D-SW.spr,T-CAVALRY C-BEL A-WALK D-SW L-5.bmp,V3-IND-KHAKI-WWI-CS-BEL-CAV-LTE.bmp
sprite,gfx/map/units/T-CAVALRY A-WALK C-IND L-9 D-W.spr,gfx/map/units/T-CAVALRY A-WALK C-AST L-9 D-W.spr,T-CAVALRY C-BEL A-WALK D-W L-5.bmp,V3-IND-KHAKI-WWI-CS-BEL-CAV-LTE.bmp
sprite,gfx/map/units/T-DESTROYER A-FIRE C-IND L-1 D-NE.spr,gfx/map/units/T-DESTROYER A-FIRE C-AST L-1 D-NE.spr,T-DESTROYER A-FIRE C-MIN L-1 D-NE.bmp,V3-IND-NAVY-T-DESTROYER_C-MIN_L-1.bmp
sprite,gfx/map/units/T-DESTROYER A-FIRE C-IND L-1 D-SW.spr,gfx/map/units/T-DESTROYER A-FIRE C-AST L-1 D-SW.spr,T-DESTROYER A-FIRE C-MIN L-1 D-SW.bmp,V3-IND-NAVY-T-DESTROYER_C-MIN_L-1.bmp
sprite,gfx/map/units/T-DESTROYER A-STAND C-IND L-1.spr,gfx/map/units/T-DESTROYER A-STAND C-AST L-1.spr,T-DESTROYER A-STAND C-MIN L-1.bmp,V3-IND-NAVY-T-DESTROYER_C-MIN_L-1.bmp
sprite,gfx/map/units/T-DESTROYER A-WALK C-IND L-1 D-E.spr,gfx/map/units/T-DESTROYER A-WALK C-AST L-1 D-E.spr,T-DESTROYER A-WALK C-MIN L-1 D-E.bmp,V3-IND-NAVY-T-DESTROYER_C-MIN_L-1.bmp
sprite,gfx/map/units/T-DESTROYER A-WALK C-IND L-1 D-N.spr,gfx/map/units/T-DESTROYER A-WALK C-AST L-1 D-N.spr,T-DESTROYER A-WALK C-MIN L-1 D-N.bmp,V3-IND-NAVY-T-DESTROYER_C-MIN_L-1.bmp
sprite,gfx/map/units/T-DESTROYER A-WALK C-IND L-1 D-NE.spr,gfx/map/units/T-DESTROYER A-WALK C-AST L-1 D-NE.spr,T-DESTROYER A-WALK C-MIN L-1 D-NE.bmp,V3-IND-NAVY-T-DESTROYER_C-MIN_L-1.bmp
sprite,gfx/map/units/T-DESTROYER A-WALK C-IND L-1 D-NW.spr,gfx/map/units/T-DESTROYER A-WALK C-AST L-1 D-NW.spr,T-DESTROYER A-WALK C-MIN L-1 D-NW.bmp,V3-IND-NAVY-T-DESTROYER_C-MIN_L-1.bmp
sprite,gfx/map/units/T-DESTROYER A-WALK C-IND L-1 D-S.spr,gfx/map/units/T-DESTROYER A-WALK C-AST L-1 D-S.spr,T-DESTROYER A-WALK C-MIN L-1 D-S.bmp,V3-IND-NAVY-T-DESTROYER_C-MIN_L-1.bmp
sprite,gfx/map/units/T-DESTROYER A-WALK C-IND L-1 D-SE.spr,gfx/map/units/T-DESTROYER A-WALK C-AST L-1 D-SE.spr,T-DESTROYER A-WALK C-MIN L-1 D-SE.bmp,V3-IND-NAVY-T-DESTROYER_C-MIN_L-1.bmp
sprite,gfx/map/units/T-DESTROYER A-WALK C-IND L-1 D-SW.spr,gfx/map/units/T-DESTROYER A-WALK C-AST L-1 D-SW.spr,T-DESTROYER A-WALK C-MIN L-1 D-SW.bmp,V3-IND-NAVY-T-DESTROYER_C-MIN_L-1.bmp
sprite,gfx/map/units/T-DESTROYER A-WALK C-IND L-1 D-W.spr,gfx/map/units/T-DESTROYER A-WALK C-AST L-1 D-W.spr,T-DESTROYER A-WALK C-MIN L-1 D-W.bmp,V3-IND-NAVY-T-DESTROYER_C-MIN_L-1.bmp
sprite,gfx/map/units/T-ESCORT_CARRIER A-FIRE C-IND L-1 D-NE.spr,gfx/map/units/T-ESCORT_CARRIER A-FIRE C-AST L-1 D-NE.spr,T-CARRIER_ESCORT A-FIRE C-ENG L-1 D-NE.bmp,V3-IND-NAVY-T-CARRIER_C-FRA.bmp
sprite,gfx/map/units/T-ESCORT_CARRIER A-FIRE C-IND L-1 D-SW.spr,gfx/map/units/T-ESCORT_CARRIER A-FIRE C-AST L-1 D-SW.spr,T-CARRIER_ESCORT A-FIRE C-ENG L-1 D-SW.bmp,V3-IND-NAVY-T-CARRIER_C-FRA.bmp
sprite,gfx/map/units/T-ESCORT_CARRIER A-STAND C-IND L-1.spr,gfx/map/units/T-ESCORT_CARRIER A-STAND C-AST L-1.spr,T-CARRIER_ESCORT A-STAND C-ENG L-1.bmp,V3-IND-NAVY-T-CARRIER_C-FRA.bmp
sprite,gfx/map/units/T-ESCORT_CARRIER A-WALK C-IND L-1 D-E.spr,gfx/map/units/T-ESCORT_CARRIER A-WALK C-AST L-1 D-E.spr,T-CARRIER_ESCORT A-WALK C-ENG L-1 D-E.bmp,V3-IND-NAVY-T-CARRIER_C-FRA.bmp
sprite,gfx/map/units/T-ESCORT_CARRIER A-WALK C-IND L-1 D-N.spr,gfx/map/units/T-ESCORT_CARRIER A-WALK C-AST L-1 D-N.spr,T-CARRIER_ESCORT A-WALK C-ENG L-1 D-N.bmp,V3-IND-NAVY-T-CARRIER_C-FRA.bmp
sprite,gfx/map/units/T-ESCORT_CARRIER A-WALK C-IND L-1 D-NE.spr,gfx/map/units/T-ESCORT_CARRIER A-WALK C-AST L-1 D-NE.spr,T-CARRIER_ESCORT A-WALK C-ENG L-1 D-NE.bmp,V3-IND-NAVY-T-CARRIER_C-FRA.bmp
sprite,gfx/map/units/T-ESCORT_CARRIER A-WALK C-IND L-1 D-NW.spr,gfx/map/units/T-ESCORT_CARRIER A-WALK C-AST L-1 D-NW.spr,T-CARRIER_ESCORT A-WALK C-ENG L-1 D-NW.bmp,V3-IND-NAVY-T-CARRIER_C-FRA.bmp
sprite,gfx/map/units/T-ESCORT_CARRIER A-WALK C-IND L-1 D-S.spr,gfx/map/units/T-ESCORT_CARRIER A-WALK C-AST L-1 D-S.spr,T-CARRIER_ESCORT A-WALK C-ENG L-1 D-S.bmp,V3-IND-NAVY-T-CARRIER_C-FRA.bmp
sprite,gfx/map/units/T-ESCORT_CARRIER A-WALK C-IND L-1 D-SE.spr,gfx/map/units/T-ESCORT_CARRIER A-WALK C-AST L-1 D-SE.spr,T-CARRIER_ESCORT A-WALK C-ENG L-1 D-SE.bmp,V3-IND-NAVY-T-CARRIER_C-FRA.bmp
sprite,gfx/map/units/T-ESCORT_CARRIER A-WALK C-IND L-1 D-SW.spr,gfx/map/units/T-ESCORT_CARRIER A-WALK C-AST L-1 D-SW.spr,T-CARRIER_ESCORT A-WALK C-ENG L-1 D-SW.bmp,V3-IND-NAVY-T-CARRIER_C-FRA.bmp
sprite,gfx/map/units/T-ESCORT_CARRIER A-WALK C-IND L-1 D-W.spr,gfx/map/units/T-ESCORT_CARRIER A-WALK C-AST L-1 D-W.spr,T-CARRIER_ESCORT A-WALK C-ENG L-1 D-W.bmp,V3-IND-NAVY-T-CARRIER_C-FRA.bmp
sprite,gfx/map/units/T-FIGHTER A-FIRE C-IND L-1 D-NE.spr,gfx/map/units/T-FIGHTER A-FIRE C-AST L-1 D-NE.spr,SE5-F-NE.bmp,V3-IND-AIR-SE5.bmp
sprite,gfx/map/units/T-FIGHTER A-FIRE C-IND L-1 D-SW.spr,gfx/map/units/T-FIGHTER A-FIRE C-AST L-1 D-SW.spr,SE5-F-SW.bmp,V3-IND-AIR-SE5.bmp
sprite,gfx/map/units/T-FIGHTER A-FIRE C-IND L-10 D-NE.spr,gfx/map/units/T-FIGHTER A-FIRE C-AST L-10 D-NE.spr,T-FIGHTER A-FIRE C-ENG L-4 D-NE.bmp,V3-IND-AIR-Jagdtiger.bmp
sprite,gfx/map/units/T-FIGHTER A-FIRE C-IND L-10 D-SW.spr,gfx/map/units/T-FIGHTER A-FIRE C-AST L-10 D-SW.spr,T-FIGHTER A-FIRE C-ENG L-4 D-SW.bmp,V3-IND-AIR-Jagdtiger.bmp
sprite,gfx/map/units/T-FIGHTER A-FIRE C-IND L-11 D-NE.spr,gfx/map/units/T-FIGHTER A-FIRE C-AST L-11 D-NE.spr,T-FIGHTER A-FIRE C-ENG L-4 D-NE.bmp,V3-IND-AIR-Jagdtiger.bmp
sprite,gfx/map/units/T-FIGHTER A-FIRE C-IND L-11 D-SW.spr,gfx/map/units/T-FIGHTER A-FIRE C-AST L-11 D-SW.spr,T-FIGHTER A-FIRE C-ENG L-4 D-SW.bmp,V3-IND-AIR-Jagdtiger.bmp
sprite,gfx/map/units/T-FIGHTER A-FIRE C-IND L-12 D-NE.spr,gfx/map/units/T-FIGHTER A-FIRE C-AST L-12 D-NE.spr,T-FIGHTER A-FIRE C-ENG L-4 D-NE.bmp,V3-IND-AIR-Jagdtiger.bmp
sprite,gfx/map/units/T-FIGHTER A-FIRE C-IND L-12 D-SW.spr,gfx/map/units/T-FIGHTER A-FIRE C-AST L-12 D-SW.spr,T-FIGHTER A-FIRE C-ENG L-4 D-SW.bmp,V3-IND-AIR-Jagdtiger.bmp
sprite,gfx/map/units/T-FIGHTER A-FIRE C-IND L-13 D-NE.spr,gfx/map/units/T-FIGHTER A-FIRE C-AST L-13 D-NE.spr,T-FIGHTER A-FIRE C-ENG L-4 D-NE.bmp,V3-IND-AIR-Jagdtiger.bmp
sprite,gfx/map/units/T-FIGHTER A-FIRE C-IND L-13 D-SW.spr,gfx/map/units/T-FIGHTER A-FIRE C-AST L-13 D-SW.spr,T-FIGHTER A-FIRE C-ENG L-4 D-SW.bmp,V3-IND-AIR-Jagdtiger.bmp
sprite,gfx/map/units/T-FIGHTER A-FIRE C-IND L-14 D-NE.spr,gfx/map/units/T-FIGHTER A-FIRE C-AST L-14 D-NE.spr,T-FIGHTER A-FIRE C-ENG L-4 D-NE.bmp,V3-IND-AIR-Jagdtiger.bmp
sprite,gfx/map/units/T-FIGHTER A-FIRE C-IND L-14 D-SW.spr,gfx/map/units/T-FIGHTER A-FIRE C-AST L-14 D-SW.spr,T-FIGHTER A-FIRE C-ENG L-4 D-SW.bmp,V3-IND-AIR-Jagdtiger.bmp
sprite,gfx/map/units/T-FIGHTER A-FIRE C-IND L-6 D-NE.spr,gfx/map/units/T-FIGHTER A-FIRE C-AST L-6 D-NE.spr,T-FIGHTER A-FIRE C-FRA L-2 D-NE.bmp,V3-IND-AIR-Jagdtiger.bmp
sprite,gfx/map/units/T-FIGHTER A-FIRE C-IND L-6 D-SW.spr,gfx/map/units/T-FIGHTER A-FIRE C-AST L-6 D-SW.spr,T-FIGHTER A-FIRE C-FRA L-2 D-SW.bmp,V3-IND-AIR-Jagdtiger.bmp
sprite,gfx/map/units/T-FIGHTER A-FIRE C-IND L-7 D-NE.spr,gfx/map/units/T-FIGHTER A-FIRE C-AST L-7 D-NE.spr,T-FIGHTER A-FIRE C-FRA L-2 D-NE.bmp,V3-IND-AIR-Jagdtiger.bmp
sprite,gfx/map/units/T-FIGHTER A-FIRE C-IND L-7 D-SW.spr,gfx/map/units/T-FIGHTER A-FIRE C-AST L-7 D-SW.spr,T-FIGHTER A-FIRE C-FRA L-2 D-SW.bmp,V3-IND-AIR-Jagdtiger.bmp
sprite,gfx/map/units/T-FIGHTER A-FIRE C-IND L-8 D-NE.spr,gfx/map/units/T-FIGHTER A-FIRE C-AST L-8 D-NE.spr,T-FIGHTER A-FIRE C-FRA L-2 D-NE.bmp,V3-IND-AIR-Jagdtiger.bmp
sprite,gfx/map/units/T-FIGHTER A-FIRE C-IND L-8 D-SW.spr,gfx/map/units/T-FIGHTER A-FIRE C-AST L-8 D-SW.spr,T-FIGHTER A-FIRE C-FRA L-2 D-SW.bmp,V3-IND-AIR-Jagdtiger.bmp
sprite,gfx/map/units/T-FIGHTER A-FIRE C-IND L-9 D-NE.spr,gfx/map/units/T-FIGHTER A-FIRE C-AST L-9 D-NE.spr,T-FIGHTER A-FIRE C-ENG L-4 D-NE.bmp,V3-IND-AIR-Jagdtiger.bmp
sprite,gfx/map/units/T-FIGHTER A-FIRE C-IND L-9 D-SW.spr,gfx/map/units/T-FIGHTER A-FIRE C-AST L-9 D-SW.spr,T-FIGHTER A-FIRE C-ENG L-4 D-SW.bmp,V3-IND-AIR-Jagdtiger.bmp
sprite,gfx/map/units/T-FIGHTER A-STAND C-IND L-1.spr,gfx/map/units/T-FIGHTER A-STAND C-AST L-1.spr,SE5-W-SW.bmp,V3-IND-AIR-SE5.bmp
sprite,gfx/map/units/T-FIGHTER A-STAND C-IND L-10.spr,gfx/map/units/T-FIGHTER A-STAND C-AST L-10.spr,T-FIGHTER A-WALK C-ENG L-4 D-SW.bmp,V3-IND-AIR-Jagdtiger.bmp
sprite,gfx/map/units/T-FIGHTER A-STAND C-IND L-11.spr,gfx/map/units/T-FIGHTER A-STAND C-AST L-11.spr,T-FIGHTER A-WALK C-ENG L-4 D-SW.bmp,V3-IND-AIR-Jagdtiger.bmp
sprite,gfx/map/units/T-FIGHTER A-STAND C-IND L-12.spr,gfx/map/units/T-FIGHTER A-STAND C-AST L-12.spr,T-FIGHTER A-WALK C-ENG L-4 D-SW.bmp,V3-IND-AIR-Jagdtiger.bmp
sprite,gfx/map/units/T-FIGHTER A-STAND C-IND L-13.spr,gfx/map/units/T-FIGHTER A-STAND C-AST L-13.spr,T-FIGHTER A-WALK C-ENG L-4 D-SW.bmp,V3-IND-AIR-Jagdtiger.bmp
sprite,gfx/map/units/T-FIGHTER A-STAND C-IND L-14.spr,gfx/map/units/T-FIGHTER A-STAND C-AST L-14.spr,T-FIGHTER A-WALK C-ENG L-4 D-SW.bmp,V3-IND-AIR-Jagdtiger.bmp
sprite,gfx/map/units/T-FIGHTER A-STAND C-IND L-6.spr,gfx/map/units/T-FIGHTER A-STAND C-AST L-6.spr,T-FIGHTER A-WALK C-FRA L-2 D-SW.bmp,V3-IND-AIR-Jagdtiger.bmp
sprite,gfx/map/units/T-FIGHTER A-STAND C-IND L-7.spr,gfx/map/units/T-FIGHTER A-STAND C-AST L-7.spr,T-FIGHTER A-WALK C-FRA L-2 D-SW.bmp,V3-IND-AIR-Jagdtiger.bmp
sprite,gfx/map/units/T-FIGHTER A-STAND C-IND L-8.spr,gfx/map/units/T-FIGHTER A-STAND C-AST L-8.spr,T-FIGHTER A-WALK C-FRA L-2 D-SW.bmp,V3-IND-AIR-Jagdtiger.bmp
sprite,gfx/map/units/T-FIGHTER A-STAND C-IND L-9.spr,gfx/map/units/T-FIGHTER A-STAND C-AST L-9.spr,T-FIGHTER A-WALK C-ENG L-4 D-SW.bmp,V3-IND-AIR-Jagdtiger.bmp
sprite,gfx/map/units/T-FIGHTER A-WALK C-IND L-1 D-E.spr,gfx/map/units/T-FIGHTER A-WALK C-AST L-1 D-E.spr,SE5-W-E.bmp,V3-IND-AIR-SE5.bmp
sprite,gfx/map/units/T-FIGHTER A-WALK C-IND L-1 D-N.spr,gfx/map/units/T-FIGHTER A-WALK C-AST L-1 D-N.spr,SE5-W-N.bmp,V3-IND-AIR-SE5.bmp
sprite,gfx/map/units/T-FIGHTER A-WALK C-IND L-1 D-NE.spr,gfx/map/units/T-FIGHTER A-WALK C-AST L-1 D-NE.spr,SE5-W-NE.bmp,V3-IND-AIR-SE5.bmp
sprite,gfx/map/units/T-FIGHTER A-WALK C-IND L-1 D-NW.spr,gfx/map/units/T-FIGHTER A-WALK C-AST L-1 D-NW.spr,SE5-W-NW.bmp,V3-IND-AIR-SE5.bmp
sprite,gfx/map/units/T-FIGHTER A-WALK C-IND L-1 D-S.spr,gfx/map/units/T-FIGHTER A-WALK C-AST L-1 D-S.spr,SE5-W-S.bmp,V3-IND-AIR-SE5.bmp
sprite,gfx/map/units/T-FIGHTER A-WALK C-IND L-1 D-SE.spr,gfx/map/units/T-FIGHTER A-WALK C-AST L-1 D-SE.spr,SE5-W-SE.bmp,V3-IND-AIR-SE5.bmp
sprite,gfx/map/units/T-FIGHTER A-WALK C-IND L-1 D-SW.spr,gfx/map/units/T-FIGHTER A-WALK C-AST L-1 D-SW.spr,SE5-W-SW.bmp,V3-IND-AIR-SE5.bmp
sprite,gfx/map/units/T-FIGHTER A-WALK C-IND L-1 D-W.spr,gfx/map/units/T-FIGHTER A-WALK C-AST L-1 D-W.spr,SE5-W-W.bmp,V3-IND-AIR-SE5.bmp
sprite,gfx/map/units/T-FIGHTER A-WALK C-IND L-10 D-E.spr,gfx/map/units/T-FIGHTER A-WALK C-AST L-10 D-E.spr,T-FIGHTER A-WALK C-ENG L-4 D-E.bmp,V3-IND-AIR-Jagdtiger.bmp
sprite,gfx/map/units/T-FIGHTER A-WALK C-IND L-10 D-N.spr,gfx/map/units/T-FIGHTER A-WALK C-AST L-10 D-N.spr,T-FIGHTER A-WALK C-ENG L-4 D-N.bmp,V3-IND-AIR-Jagdtiger.bmp
sprite,gfx/map/units/T-FIGHTER A-WALK C-IND L-10 D-NE.spr,gfx/map/units/T-FIGHTER A-WALK C-AST L-10 D-NE.spr,T-FIGHTER A-WALK C-ENG L-4 D-NE.bmp,V3-IND-AIR-Jagdtiger.bmp
sprite,gfx/map/units/T-FIGHTER A-WALK C-IND L-10 D-NW.spr,gfx/map/units/T-FIGHTER A-WALK C-AST L-10 D-NW.spr,T-FIGHTER A-WALK C-ENG L-4 D-NW.bmp,V3-IND-AIR-Jagdtiger.bmp
sprite,gfx/map/units/T-FIGHTER A-WALK C-IND L-10 D-S.spr,gfx/map/units/T-FIGHTER A-WALK C-AST L-10 D-S.spr,T-FIGHTER A-WALK C-ENG L-4 D-S.bmp,V3-IND-AIR-Jagdtiger.bmp
sprite,gfx/map/units/T-FIGHTER A-WALK C-IND L-10 D-SE.spr,gfx/map/units/T-FIGHTER A-WALK C-AST L-10 D-SE.spr,T-FIGHTER A-WALK C-ENG L-4 D-SE.bmp,V3-IND-AIR-Jagdtiger.bmp
sprite,gfx/map/units/T-FIGHTER A-WALK C-IND L-10 D-SW.spr,gfx/map/units/T-FIGHTER A-WALK C-AST L-10 D-SW.spr,T-FIGHTER A-WALK C-ENG L-4 D-SW.bmp,V3-IND-AIR-Jagdtiger.bmp
sprite,gfx/map/units/T-FIGHTER A-WALK C-IND L-10 D-W.spr,gfx/map/units/T-FIGHTER A-WALK C-AST L-10 D-W.spr,T-FIGHTER A-WALK C-ENG L-4 D-W.bmp,V3-IND-AIR-Jagdtiger.bmp
sprite,gfx/map/units/T-FIGHTER A-WALK C-IND L-11 D-E.spr,gfx/map/units/T-FIGHTER A-WALK C-AST L-11 D-E.spr,T-FIGHTER A-WALK C-ENG L-4 D-E.bmp,V3-IND-AIR-Jagdtiger.bmp
sprite,gfx/map/units/T-FIGHTER A-WALK C-IND L-11 D-N.spr,gfx/map/units/T-FIGHTER A-WALK C-AST L-11 D-N.spr,T-FIGHTER A-WALK C-ENG L-4 D-N.bmp,V3-IND-AIR-Jagdtiger.bmp
sprite,gfx/map/units/T-FIGHTER A-WALK C-IND L-11 D-NE.spr,gfx/map/units/T-FIGHTER A-WALK C-AST L-11 D-NE.spr,T-FIGHTER A-WALK C-ENG L-4 D-NE.bmp,V3-IND-AIR-Jagdtiger.bmp
sprite,gfx/map/units/T-FIGHTER A-WALK C-IND L-11 D-NW.spr,gfx/map/units/T-FIGHTER A-WALK C-AST L-11 D-NW.spr,T-FIGHTER A-WALK C-ENG L-4 D-NW.bmp,V3-IND-AIR-Jagdtiger.bmp
sprite,gfx/map/units/T-FIGHTER A-WALK C-IND L-11 D-S.spr,gfx/map/units/T-FIGHTER A-WALK C-AST L-11 D-S.spr,T-FIGHTER A-WALK C-ENG L-4 D-S.bmp,V3-IND-AIR-Jagdtiger.bmp
sprite,gfx/map/units/T-FIGHTER A-WALK C-IND L-11 D-SE.spr,gfx/map/units/T-FIGHTER A-WALK C-AST L-11 D-SE.spr,T-FIGHTER A-WALK C-ENG L-4 D-SE.bmp,V3-IND-AIR-Jagdtiger.bmp
sprite,gfx/map/units/T-FIGHTER A-WALK C-IND L-11 D-SW.spr,gfx/map/units/T-FIGHTER A-WALK C-AST L-11 D-SW.spr,T-FIGHTER A-WALK C-ENG L-4 D-SW.bmp,V3-IND-AIR-Jagdtiger.bmp
sprite,gfx/map/units/T-FIGHTER A-WALK C-IND L-11 D-W.spr,gfx/map/units/T-FIGHTER A-WALK C-AST L-11 D-W.spr,T-FIGHTER A-WALK C-ENG L-4 D-W.bmp,V3-IND-AIR-Jagdtiger.bmp
sprite,gfx/map/units/T-FIGHTER A-WALK C-IND L-12 D-E.spr,gfx/map/units/T-FIGHTER A-WALK C-AST L-12 D-E.spr,T-FIGHTER A-WALK C-ENG L-4 D-E.bmp,V3-IND-AIR-Jagdtiger.bmp
sprite,gfx/map/units/T-FIGHTER A-WALK C-IND L-12 D-N.spr,gfx/map/units/T-FIGHTER A-WALK C-AST L-12 D-N.spr,T-FIGHTER A-WALK C-ENG L-4 D-N.bmp,V3-IND-AIR-Jagdtiger.bmp
sprite,gfx/map/units/T-FIGHTER A-WALK C-IND L-12 D-NE.spr,gfx/map/units/T-FIGHTER A-WALK C-AST L-12 D-NE.spr,T-FIGHTER A-WALK C-ENG L-4 D-NE.bmp,V3-IND-AIR-Jagdtiger.bmp
sprite,gfx/map/units/T-FIGHTER A-WALK C-IND L-12 D-NW.spr,gfx/map/units/T-FIGHTER A-WALK C-AST L-12 D-NW.spr,T-FIGHTER A-WALK C-ENG L-4 D-NW.bmp,V3-IND-AIR-Jagdtiger.bmp
sprite,gfx/map/units/T-FIGHTER A-WALK C-IND L-12 D-S.spr,gfx/map/units/T-FIGHTER A-WALK C-AST L-12 D-S.spr,T-FIGHTER A-WALK C-ENG L-4 D-S.bmp,V3-IND-AIR-Jagdtiger.bmp
sprite,gfx/map/units/T-FIGHTER A-WALK C-IND L-12 D-SE.spr,gfx/map/units/T-FIGHTER A-WALK C-AST L-12 D-SE.spr,T-FIGHTER A-WALK C-ENG L-4 D-SE.bmp,V3-IND-AIR-Jagdtiger.bmp
sprite,gfx/map/units/T-FIGHTER A-WALK C-IND L-12 D-SW.spr,gfx/map/units/T-FIGHTER A-WALK C-AST L-12 D-SW.spr,T-FIGHTER A-WALK C-ENG L-4 D-SW.bmp,V3-IND-AIR-Jagdtiger.bmp
sprite,gfx/map/units/T-FIGHTER A-WALK C-IND L-12 D-W.spr,gfx/map/units/T-FIGHTER A-WALK C-AST L-12 D-W.spr,T-FIGHTER A-WALK C-ENG L-4 D-W.bmp,V3-IND-AIR-Jagdtiger.bmp
sprite,gfx/map/units/T-FIGHTER A-WALK C-IND L-13 D-E.spr,gfx/map/units/T-FIGHTER A-WALK C-AST L-13 D-E.spr,T-FIGHTER A-WALK C-ENG L-4 D-E.bmp,V3-IND-AIR-Jagdtiger.bmp
sprite,gfx/map/units/T-FIGHTER A-WALK C-IND L-13 D-N.spr,gfx/map/units/T-FIGHTER A-WALK C-AST L-13 D-N.spr,T-FIGHTER A-WALK C-ENG L-4 D-N.bmp,V3-IND-AIR-Jagdtiger.bmp
sprite,gfx/map/units/T-FIGHTER A-WALK C-IND L-13 D-NE.spr,gfx/map/units/T-FIGHTER A-WALK C-AST L-13 D-NE.spr,T-FIGHTER A-WALK C-ENG L-4 D-NE.bmp,V3-IND-AIR-Jagdtiger.bmp
sprite,gfx/map/units/T-FIGHTER A-WALK C-IND L-13 D-NW.spr,gfx/map/units/T-FIGHTER A-WALK C-AST L-13 D-NW.spr,T-FIGHTER A-WALK C-ENG L-4 D-NW.bmp,V3-IND-AIR-Jagdtiger.bmp
sprite,gfx/map/units/T-FIGHTER A-WALK C-IND L-13 D-S.spr,gfx/map/units/T-FIGHTER A-WALK C-AST L-13 D-S.spr,T-FIGHTER A-WALK C-ENG L-4 D-S.bmp,V3-IND-AIR-Jagdtiger.bmp
sprite,gfx/map/units/T-FIGHTER A-WALK C-IND L-13 D-SE.spr,gfx/map/units/T-FIGHTER A-WALK C-AST L-13 D-SE.spr,T-FIGHTER A-WALK C-ENG L-4 D-SE.bmp,V3-IND-AIR-Jagdtiger.bmp
sprite,gfx/map/units/T-FIGHTER A-WALK C-IND L-13 D-SW.spr,gfx/map/units/T-FIGHTER A-WALK C-AST L-13 D-SW.spr,T-FIGHTER A-WALK C-ENG L-4 D-SW.bmp,V3-IND-AIR-Jagdtiger.bmp
sprite,gfx/map/units/T-FIGHTER A-WALK C-IND L-13 D-W.spr,gfx/map/units/T-FIGHTER A-WALK C-AST L-13 D-W.spr,T-FIGHTER A-WALK C-ENG L-4 D-W.bmp,V3-IND-AIR-Jagdtiger.bmp
sprite,gfx/map/units/T-FIGHTER A-WALK C-IND L-14 D-E.spr,gfx/map/units/T-FIGHTER A-WALK C-AST L-14 D-E.spr,T-FIGHTER A-WALK C-ENG L-4 D-E.bmp,V3-IND-AIR-Jagdtiger.bmp
sprite,gfx/map/units/T-FIGHTER A-WALK C-IND L-14 D-N.spr,gfx/map/units/T-FIGHTER A-WALK C-AST L-14 D-N.spr,T-FIGHTER A-WALK C-ENG L-4 D-N.bmp,V3-IND-AIR-Jagdtiger.bmp
sprite,gfx/map/units/T-FIGHTER A-WALK C-IND L-14 D-NE.spr,gfx/map/units/T-FIGHTER A-WALK C-AST L-14 D-NE.spr,T-FIGHTER A-WALK C-ENG L-4 D-NE.bmp,V3-IND-AIR-Jagdtiger.bmp
sprite,gfx/map/units/T-FIGHTER A-WALK C-IND L-14 D-NW.spr,gfx/map/units/T-FIGHTER A-WALK C-AST L-14 D-NW.spr,T-FIGHTER A-WALK C-ENG L-4 D-NW.bmp,V3-IND-AIR-Jagdtiger.bmp
sprite,gfx/map/units/T-FIGHTER A-WALK C-IND L-14 D-S.spr,gfx/map/units/T-FIGHTER A-WALK C-AST L-14 D-S.spr,T-FIGHTER A-WALK C-ENG L-4 D-S.bmp,V3-IND-AIR-Jagdtiger.bmp
sprite,gfx/map/units/T-FIGHTER A-WALK C-IND L-14 D-SE.spr,gfx/map/units/T-FIGHTER A-WALK C-AST L-14 D-SE.spr,T-FIGHTER A-WALK C-ENG L-4 D-SE.bmp,V3-IND-AIR-Jagdtiger.bmp
sprite,gfx/map/units/T-FIGHTER A-WALK C-IND L-14 D-SW.spr,gfx/map/units/T-FIGHTER A-WALK C-AST L-14 D-SW.spr,T-FIGHTER A-WALK C-ENG L-4 D-SW.bmp,V3-IND-AIR-Jagdtiger.bmp
sprite,gfx/map/units/T-FIGHTER A-WALK C-IND L-14 D-W.spr,gfx/map/units/T-FIGHTER A-WALK C-AST L-14 D-W.spr,T-FIGHTER A-WALK C-ENG L-4 D-W.bmp,V3-IND-AIR-Jagdtiger.bmp
sprite,gfx/map/units/T-FIGHTER A-WALK C-IND L-6 D-E.spr,gfx/map/units/T-FIGHTER A-WALK C-AST L-6 D-E.spr,T-FIGHTER A-WALK C-FRA L-2 D-E.bmp,V3-IND-AIR-Jagdtiger.bmp
sprite,gfx/map/units/T-FIGHTER A-WALK C-IND L-6 D-N.spr,gfx/map/units/T-FIGHTER A-WALK C-AST L-6 D-N.spr,T-FIGHTER A-WALK C-FRA L-2 D-N.bmp,V3-IND-AIR-Jagdtiger.bmp
sprite,gfx/map/units/T-FIGHTER A-WALK C-IND L-6 D-NE.spr,gfx/map/units/T-FIGHTER A-WALK C-AST L-6 D-NE.spr,T-FIGHTER A-WALK C-FRA L-2 D-NE.bmp,V3-IND-AIR-Jagdtiger.bmp
sprite,gfx/map/units/T-FIGHTER A-WALK C-IND L-6 D-NW.spr,gfx/map/units/T-FIGHTER A-WALK C-AST L-6 D-NW.spr,T-FIGHTER A-WALK C-FRA L-2 D-NW.bmp,V3-IND-AIR-Jagdtiger.bmp
sprite,gfx/map/units/T-FIGHTER A-WALK C-IND L-6 D-S.spr,gfx/map/units/T-FIGHTER A-WALK C-AST L-6 D-S.spr,T-FIGHTER A-WALK C-FRA L-2 D-S.bmp,V3-IND-AIR-Jagdtiger.bmp
sprite,gfx/map/units/T-FIGHTER A-WALK C-IND L-6 D-SE.spr,gfx/map/units/T-FIGHTER A-WALK C-AST L-6 D-SE.spr,T-FIGHTER A-WALK C-FRA L-2 D-SE.bmp,V3-IND-AIR-Jagdtiger.bmp
sprite,gfx/map/units/T-FIGHTER A-WALK C-IND L-6 D-SW.spr,gfx/map/units/T-FIGHTER A-WALK C-AST L-6 D-SW.spr,T-FIGHTER A-WALK C-FRA L-2 D-SW.bmp,V3-IND-AIR-Jagdtiger.bmp
sprite,gfx/map/units/T-FIGHTER A-WALK C-IND L-6 D-W.spr,gfx/map/units/T-FIGHTER A-WALK C-AST L-6 D-W.spr,T-FIGHTER A-WALK C-FRA L-2 D-W.bmp,V3-IND-AIR-Jagdtiger.bmp
sprite,gfx/map/units/T-FIGHTER A-WALK C-IND L-7 D-E.spr,gfx/map/units/T-FIGHTER A-WALK C-AST L-7 D-E.spr,T-FIGHTER A-WALK C-FRA L-2 D-E.bmp,V3-IND-AIR-Jagdtiger.bmp
sprite,gfx/map/units/T-FIGHTER A-WALK C-IND L-7 D-N.spr,gfx/map/units/T-FIGHTER A-WALK C-AST L-7 D-N.spr,T-FIGHTER A-WALK C-FRA L-2 D-N.bmp,V3-IND-AIR-Jagdtiger.bmp
sprite,gfx/map/units/T-FIGHTER A-WALK C-IND L-7 D-NE.spr,gfx/map/units/T-FIGHTER A-WALK C-AST L-7 D-NE.spr,T-FIGHTER A-WALK C-FRA L-2 D-NE.bmp,V3-IND-AIR-Jagdtiger.bmp
sprite,gfx/map/units/T-FIGHTER A-WALK C-IND L-7 D-NW.spr,gfx/map/units/T-FIGHTER A-WALK C-AST L-7 D-NW.spr,T-FIGHTER A-WALK C-FRA L-2 D-NW.bmp,V3-IND-AIR-Jagdtiger.bmp
sprite,gfx/map/units/T-FIGHTER A-WALK C-IND L-7 D-S.spr,gfx/map/units/T-FIGHTER A-WALK C-AST L-7 D-S.spr,T-FIGHTER A-WALK C-FRA L-2 D-S.bmp,V3-IND-AIR-Jagdtiger.bmp
sprite,gfx/map/units/T-FIGHTER A-WALK C-IND L-7 D-SE.spr,gfx/map/units/T-FIGHTER A-WALK C-AST L-7 D-SE.spr,T-FIGHTER A-WALK C-FRA L-2 D-SE.bmp,V3-IND-AIR-Jagdtiger.bmp
sprite,gfx/map/units/T-FIGHTER A-WALK C-IND L-7 D-SW.spr,gfx/map/units/T-FIGHTER A-WALK C-AST L-7 D-SW.spr,T-FIGHTER A-WALK C-FRA L-2 D-SW.bmp,V3-IND-AIR-Jagdtiger.bmp
sprite,gfx/map/units/T-FIGHTER A-WALK C-IND L-7 D-W.spr,gfx/map/units/T-FIGHTER A-WALK C-AST L-7 D-W.spr,T-FIGHTER A-WALK C-FRA L-2 D-W.bmp,V3-IND-AIR-Jagdtiger.bmp
sprite,gfx/map/units/T-FIGHTER A-WALK C-IND L-8 D-E.spr,gfx/map/units/T-FIGHTER A-WALK C-AST L-8 D-E.spr,T-FIGHTER A-WALK C-FRA L-2 D-E.bmp,V3-IND-AIR-Jagdtiger.bmp
sprite,gfx/map/units/T-FIGHTER A-WALK C-IND L-8 D-N.spr,gfx/map/units/T-FIGHTER A-WALK C-AST L-8 D-N.spr,T-FIGHTER A-WALK C-FRA L-2 D-N.bmp,V3-IND-AIR-Jagdtiger.bmp
sprite,gfx/map/units/T-FIGHTER A-WALK C-IND L-8 D-NE.spr,gfx/map/units/T-FIGHTER A-WALK C-AST L-8 D-NE.spr,T-FIGHTER A-WALK C-FRA L-2 D-NE.bmp,V3-IND-AIR-Jagdtiger.bmp
sprite,gfx/map/units/T-FIGHTER A-WALK C-IND L-8 D-NW.spr,gfx/map/units/T-FIGHTER A-WALK C-AST L-8 D-NW.spr,T-FIGHTER A-WALK C-FRA L-2 D-NW.bmp,V3-IND-AIR-Jagdtiger.bmp
sprite,gfx/map/units/T-FIGHTER A-WALK C-IND L-8 D-S.spr,gfx/map/units/T-FIGHTER A-WALK C-AST L-8 D-S.spr,T-FIGHTER A-WALK C-FRA L-2 D-S.bmp,V3-IND-AIR-Jagdtiger.bmp
sprite,gfx/map/units/T-FIGHTER A-WALK C-IND L-8 D-SE.spr,gfx/map/units/T-FIGHTER A-WALK C-AST L-8 D-SE.spr,T-FIGHTER A-WALK C-FRA L-2 D-SE.bmp,V3-IND-AIR-Jagdtiger.bmp
sprite,gfx/map/units/T-FIGHTER A-WALK C-IND L-8 D-SW.spr,gfx/map/units/T-FIGHTER A-WALK C-AST L-8 D-SW.spr,T-FIGHTER A-WALK C-FRA L-2 D-SW.bmp,V3-IND-AIR-Jagdtiger.bmp
sprite,gfx/map/units/T-FIGHTER A-WALK C-IND L-8 D-W.spr,gfx/map/units/T-FIGHTER A-WALK C-AST L-8 D-W.spr,T-FIGHTER A-WALK C-FRA L-2 D-W.bmp,V3-IND-AIR-Jagdtiger.bmp
sprite,gfx/map/units/T-FIGHTER A-WALK C-IND L-9 D-E.spr,gfx/map/units/T-FIGHTER A-WALK C-AST L-9 D-E.spr,T-FIGHTER A-WALK C-ENG L-4 D-E.bmp,V3-IND-AIR-Jagdtiger.bmp
sprite,gfx/map/units/T-FIGHTER A-WALK C-IND L-9 D-N.spr,gfx/map/units/T-FIGHTER A-WALK C-AST L-9 D-N.spr,T-FIGHTER A-WALK C-ENG L-4 D-N.bmp,V3-IND-AIR-Jagdtiger.bmp
sprite,gfx/map/units/T-FIGHTER A-WALK C-IND L-9 D-NE.spr,gfx/map/units/T-FIGHTER A-WALK C-AST L-9 D-NE.spr,T-FIGHTER A-WALK C-ENG L-4 D-NE.bmp,V3-IND-AIR-Jagdtiger.bmp
sprite,gfx/map/units/T-FIGHTER A-WALK C-IND L-9 D-NW.spr,gfx/map/units/T-FIGHTER A-WALK C-AST L-9 D-NW.spr,T-FIGHTER A-WALK C-ENG L-4 D-NW.bmp,V3-IND-AIR-Jagdtiger.bmp
sprite,gfx/map/units/T-FIGHTER A-WALK C-IND L-9 D-S.spr,gfx/map/units/T-FIGHTER A-WALK C-AST L-9 D-S.spr,T-FIGHTER A-WALK C-ENG L-4 D-S.bmp,V3-IND-AIR-Jagdtiger.bmp
sprite,gfx/map/units/T-FIGHTER A-WALK C-IND L-9 D-SE.spr,gfx/map/units/T-FIGHTER A-WALK C-AST L-9 D-SE.spr,T-FIGHTER A-WALK C-ENG L-4 D-SE.bmp,V3-IND-AIR-Jagdtiger.bmp
sprite,gfx/map/units/T-FIGHTER A-WALK C-IND L-9 D-SW.spr,gfx/map/units/T-FIGHTER A-WALK C-AST L-9 D-SW.spr,T-FIGHTER A-WALK C-ENG L-4 D-SW.bmp,V3-IND-AIR-Jagdtiger.bmp
sprite,gfx/map/units/T-FIGHTER A-WALK C-IND L-9 D-W.spr,gfx/map/units/T-FIGHTER A-WALK C-AST L-9 D-W.spr,T-FIGHTER A-WALK C-ENG L-4 D-W.bmp,V3-IND-AIR-Jagdtiger.bmp
sprite,gfx/map/units/T-FLYING_BOMB A-FIRE C-IND L-1.spr,gfx/map/units/T-FLYING_BOMB A-FIRE C-AST L-1.spr,T-ROCKET A-FIRE C-GER L-1.bmp,V3-IND-AIR-inger.bmp
sprite,gfx/map/units/T-FLYING_BOMB A-STAND C-IND L-1.spr,gfx/map/units/T-FLYING_BOMB A-STAND C-AST L-1.spr,T-ROCKET A-WALK C-GER L-1 D-SW.bmp,V3-IND-AIR-inger.bmp
sprite,gfx/map/units/T-FLYING_BOMB A-WALK C-IND L-1 D-E.spr,gfx/map/units/T-FLYING_BOMB A-WALK C-AST L-1 D-E.spr,T-ROCKET A-WALK C-GER L-1 D-E.bmp,V3-IND-AIR-inger.bmp
sprite,gfx/map/units/T-FLYING_BOMB A-WALK C-IND L-1 D-N.spr,gfx/map/units/T-FLYING_BOMB A-WALK C-AST L-1 D-N.spr,T-ROCKET A-WALK C-GER L-1 D-N.bmp,V3-IND-AIR-inger.bmp
sprite,gfx/map/units/T-FLYING_BOMB A-WALK C-IND L-1 D-NE.spr,gfx/map/units/T-FLYING_BOMB A-WALK C-AST L-1 D-NE.spr,T-ROCKET A-WALK C-GER L-1 D-NE.bmp,V3-IND-AIR-inger.bmp
sprite,gfx/map/units/T-FLYING_BOMB A-WALK C-IND L-1 D-NW.spr,gfx/map/units/T-FLYING_BOMB A-WALK C-AST L-1 D-NW.spr,T-ROCKET A-WALK C-GER L-1 D-NW.bmp,V3-IND-AIR-inger.bmp
sprite,gfx/map/units/T-FLYING_BOMB A-WALK C-IND L-1 D-S.spr,gfx/map/units/T-FLYING_BOMB A-WALK C-AST L-1 D-S.spr,T-ROCKET A-WALK C-GER L-1 D-S.bmp,V3-IND-AIR-inger.bmp
sprite,gfx/map/units/T-FLYING_BOMB A-WALK C-IND L-1 D-SE.spr,gfx/map/units/T-FLYING_BOMB A-WALK C-AST L-1 D-SE.spr,T-ROCKET A-WALK C-GER L-1 D-SE.bmp,V3-IND-AIR-inger.bmp
sprite,gfx/map/units/T-FLYING_BOMB A-WALK C-IND L-1 D-SW.spr,gfx/map/units/T-FLYING_BOMB A-WALK C-AST L-1 D-SW.spr,T-ROCKET A-WALK C-GER L-1 D-SW.bmp,V3-IND-AIR-inger.bmp
sprite,gfx/map/units/T-FLYING_BOMB A-WALK C-IND L-1 D-W.spr,gfx/map/units/T-FLYING_BOMB A-WALK C-AST L-1 D-W.spr,T-ROCKET A-WALK C-GER L-1 D-W.bmp,V3-IND-AIR-inger.bmp
sprite,gfx/map/units/T-GARRISON A-FIRE C-IND L-1 D-E.spr,gfx/map/units/T-GARRISON A-FIRE C-AST L-1 D-E.spr,T-INFANTRY C-AST A-FIRE D-E L-5.bmp,V3-IND-KHAKI-CS-AST-INF-WWI-LTE.bmp
sprite,gfx/map/units/T-GARRISON A-FIRE C-IND L-1 D-N.spr,gfx/map/units/T-GARRISON A-FIRE C-AST L-1 D-N.spr,T-INFANTRY C-AST A-FIRE D-N L-5.bmp,V3-IND-KHAKI-CS-AST-INF-WWI-LTE.bmp
sprite,gfx/map/units/T-GARRISON A-FIRE C-IND L-1 D-NE.spr,gfx/map/units/T-GARRISON A-FIRE C-AST L-1 D-NE.spr,T-INFANTRY C-AST A-FIRE D-NE L-5.bmp,V3-IND-KHAKI-CS-AST-INF-WWI-LTE.bmp
sprite,gfx/map/units/T-GARRISON A-FIRE C-IND L-1 D-NW.spr,gfx/map/units/T-GARRISON A-FIRE C-AST L-1 D-NW.spr,T-INFANTRY C-AST A-FIRE D-NW L-5.bmp,V3-IND-KHAKI-CS-AST-INF-WWI-LTE.bmp
sprite,gfx/map/units/T-GARRISON A-FIRE C-IND L-1 D-S.spr,gfx/map/units/T-GARRISON A-FIRE C-AST L-1 D-S.spr,T-INFANTRY C-AST A-FIRE D-S L-5.bmp,V3-IND-KHAKI-CS-AST-INF-WWI-LTE.bmp
sprite,gfx/map/units/T-GARRISON A-FIRE C-IND L-1 D-SE.spr,gfx/map/units/T-GARRISON A-FIRE C-AST L-1 D-SE.spr,T-INFANTRY C-AST A-FIRE D-SE L-5.bmp,V3-IND-KHAKI-CS-AST-INF-WWI-LTE.bmp
sprite,gfx/map/units/T-GARRISON A-FIRE C-IND L-1 D-SW.spr,gfx/map/units/T-GARRISON A-FIRE C-AST L-1 D-SW.spr,T-INFANTRY C-AST A-FIRE D-SW L-5.bmp,V3-IND-KHAKI-CS-AST-INF-WWI-LTE.bmp
sprite,gfx/map/units/T-GARRISON A-FIRE C-IND L-1 D-W.spr,gfx/map/units/T-GARRISON A-FIRE C-AST L-1 D-W.spr,T-INFANTRY C-AST A-FIRE D-W L-5.bmp,V3-IND-KHAKI-CS-AST-INF-WWI-LTE.bmp
sprite,gfx/map/units/T-GARRISON A-FIRE C-IND L-1.spr,gfx/map/units/T-GARRISON A-FIRE C-AST L-1.spr,T-INFANTRY C-AST A-FIRE D-SE L-5.bmp,V3-IND-KHAKI-CS-AST-INF-WWI-LTE.bmp
sprite,gfx/map/units/T-GARRISON A-FIRE C-IND L-10 D-E.spr,gfx/map/units/T-GARRISON A-FIRE C-AST L-10 D-E.spr,T-INFANTRY C-AST A-FIRE D-E.bmp,V3-IND-KHAKI-WWII-IMP-CS-AST-INF.bmp
sprite,gfx/map/units/T-GARRISON A-FIRE C-IND L-10 D-N.spr,gfx/map/units/T-GARRISON A-FIRE C-AST L-10 D-N.spr,T-INFANTRY C-AST A-FIRE D-N.bmp,V3-IND-KHAKI-WWII-IMP-CS-AST-INF.bmp
sprite,gfx/map/units/T-GARRISON A-FIRE C-IND L-10 D-NE.spr,gfx/map/units/T-GARRISON A-FIRE C-AST L-10 D-NE.spr,T-INFANTRY C-AST A-FIRE D-NE.bmp,V3-IND-KHAKI-WWII-IMP-CS-AST-INF.bmp
sprite,gfx/map/units/T-GARRISON A-FIRE C-IND L-10 D-NW.spr,gfx/map/units/T-GARRISON A-FIRE C-AST L-10 D-NW.spr,T-INFANTRY C-AST A-FIRE D-NW.bmp,V3-IND-KHAKI-WWII-IMP-CS-AST-INF.bmp
sprite,gfx/map/units/T-GARRISON A-FIRE C-IND L-10 D-S.spr,gfx/map/units/T-GARRISON A-FIRE C-AST L-10 D-S.spr,T-INFANTRY C-AST A-FIRE D-S.bmp,V3-IND-KHAKI-WWII-IMP-CS-AST-INF.bmp
sprite,gfx/map/units/T-GARRISON A-FIRE C-IND L-10 D-SE.spr,gfx/map/units/T-GARRISON A-FIRE C-AST L-10 D-SE.spr,T-INFANTRY C-AST A-FIRE D-SE.bmp,V3-IND-KHAKI-WWII-IMP-CS-AST-INF.bmp
sprite,gfx/map/units/T-GARRISON A-FIRE C-IND L-10 D-SW.spr,gfx/map/units/T-GARRISON A-FIRE C-AST L-10 D-SW.spr,T-INFANTRY C-AST A-FIRE D-SW.bmp,V3-IND-KHAKI-WWII-IMP-CS-AST-INF.bmp
sprite,gfx/map/units/T-GARRISON A-FIRE C-IND L-10 D-W.spr,gfx/map/units/T-GARRISON A-FIRE C-AST L-10 D-W.spr,T-INFANTRY C-AST A-FIRE D-W.bmp,V3-IND-KHAKI-WWII-IMP-CS-AST-INF.bmp
sprite,gfx/map/units/T-GARRISON A-FIRE C-IND L-10.spr,gfx/map/units/T-GARRISON A-FIRE C-AST L-10.spr,T-INFANTRY C-AST A-FIRE D-SE.bmp,V3-IND-KHAKI-WWII-IMP-CS-AST-INF.bmp
sprite,gfx/map/units/T-GARRISON A-FIRE C-IND L-5 D-E.spr,gfx/map/units/T-GARRISON A-FIRE C-AST L-5 D-E.spr,T-INFANTRY C-AST A-FIRE D-E.bmp,V3-IND-KHAKI-WWII-IMP-CS-AST-INF.bmp
sprite,gfx/map/units/T-GARRISON A-FIRE C-IND L-5 D-N.spr,gfx/map/units/T-GARRISON A-FIRE C-AST L-5 D-N.spr,T-INFANTRY C-AST A-FIRE D-N.bmp,V3-IND-KHAKI-WWII-IMP-CS-AST-INF.bmp
sprite,gfx/map/units/T-GARRISON A-FIRE C-IND L-5 D-NE.spr,gfx/map/units/T-GARRISON A-FIRE C-AST L-5 D-NE.spr,T-INFANTRY C-AST A-FIRE D-NE.bmp,V3-IND-KHAKI-WWII-IMP-CS-AST-INF.bmp
sprite,gfx/map/units/T-GARRISON A-FIRE C-IND L-5 D-NW.spr,gfx/map/units/T-GARRISON A-FIRE C-AST L-5 D-NW.spr,T-INFANTRY C-AST A-FIRE D-NW.bmp,V3-IND-KHAKI-WWII-IMP-CS-AST-INF.bmp
sprite,gfx/map/units/T-GARRISON A-FIRE C-IND L-5 D-S.spr,gfx/map/units/T-GARRISON A-FIRE C-AST L-5 D-S.spr,T-INFANTRY C-AST A-FIRE D-S.bmp,V3-IND-KHAKI-WWII-IMP-CS-AST-INF.bmp
sprite,gfx/map/units/T-GARRISON A-FIRE C-IND L-5 D-SE.spr,gfx/map/units/T-GARRISON A-FIRE C-AST L-5 D-SE.spr,T-INFANTRY C-AST A-FIRE D-SE.bmp,V3-IND-KHAKI-WWII-IMP-CS-AST-INF.bmp
sprite,gfx/map/units/T-GARRISON A-FIRE C-IND L-5 D-SW.spr,gfx/map/units/T-GARRISON A-FIRE C-AST L-5 D-SW.spr,T-INFANTRY C-AST A-FIRE D-SW.bmp,V3-IND-KHAKI-WWII-IMP-CS-AST-INF.bmp
sprite,gfx/map/units/T-GARRISON A-FIRE C-IND L-5 D-W.spr,gfx/map/units/T-GARRISON A-FIRE C-AST L-5 D-W.spr,T-INFANTRY C-AST A-FIRE D-W.bmp,V3-IND-KHAKI-WWII-IMP-CS-AST-INF.bmp
sprite,gfx/map/units/T-GARRISON A-FIRE C-IND L-5.spr,gfx/map/units/T-GARRISON A-FIRE C-AST L-5.spr,T-INFANTRY C-AST A-FIRE D-SE.bmp,V3-IND-KHAKI-WWII-IMP-CS-AST-INF.bmp
sprite,gfx/map/units/T-GARRISON A-FIRE C-IND L-6 D-E.spr,gfx/map/units/T-GARRISON A-FIRE C-AST L-6 D-E.spr,T-INFANTRY C-AST A-FIRE D-E.bmp,V3-IND-KHAKI-WWII-IMP-CS-AST-INF.bmp
sprite,gfx/map/units/T-GARRISON A-FIRE C-IND L-6 D-N.spr,gfx/map/units/T-GARRISON A-FIRE C-AST L-6 D-N.spr,T-INFANTRY C-AST A-FIRE D-N.bmp,V3-IND-KHAKI-WWII-IMP-CS-AST-INF.bmp
sprite,gfx/map/units/T-GARRISON A-FIRE C-IND L-6 D-NE.spr,gfx/map/units/T-GARRISON A-FIRE C-AST L-6 D-NE.spr,T-INFANTRY C-AST A-FIRE D-NE.bmp,V3-IND-KHAKI-WWII-IMP-CS-AST-INF.bmp
sprite,gfx/map/units/T-GARRISON A-FIRE C-IND L-6 D-NW.spr,gfx/map/units/T-GARRISON A-FIRE C-AST L-6 D-NW.spr,T-INFANTRY C-AST A-FIRE D-NW.bmp,V3-IND-KHAKI-WWII-IMP-CS-AST-INF.bmp
sprite,gfx/map/units/T-GARRISON A-FIRE C-IND L-6 D-S.spr,gfx/map/units/T-GARRISON A-FIRE C-AST L-6 D-S.spr,T-INFANTRY C-AST A-FIRE D-S.bmp,V3-IND-KHAKI-WWII-IMP-CS-AST-INF.bmp
sprite,gfx/map/units/T-GARRISON A-FIRE C-IND L-6 D-SE.spr,gfx/map/units/T-GARRISON A-FIRE C-AST L-6 D-SE.spr,T-INFANTRY C-AST A-FIRE D-SE.bmp,V3-IND-KHAKI-WWII-IMP-CS-AST-INF.bmp
sprite,gfx/map/units/T-GARRISON A-FIRE C-IND L-6 D-SW.spr,gfx/map/units/T-GARRISON A-FIRE C-AST L-6 D-SW.spr,T-INFANTRY C-AST A-FIRE D-SW.bmp,V3-IND-KHAKI-WWII-IMP-CS-AST-INF.bmp
sprite,gfx/map/units/T-GARRISON A-FIRE C-IND L-6 D-W.spr,gfx/map/units/T-GARRISON A-FIRE C-AST L-6 D-W.spr,T-INFANTRY C-AST A-FIRE D-W.bmp,V3-IND-KHAKI-WWII-IMP-CS-AST-INF.bmp
sprite,gfx/map/units/T-GARRISON A-FIRE C-IND L-6.spr,gfx/map/units/T-GARRISON A-FIRE C-AST L-6.spr,T-INFANTRY C-AST A-FIRE D-SE.bmp,V3-IND-KHAKI-WWII-IMP-CS-AST-INF.bmp
sprite,gfx/map/units/T-GARRISON A-FIRE C-IND L-7 D-E.spr,gfx/map/units/T-GARRISON A-FIRE C-AST L-7 D-E.spr,T-INFANTRY C-AST A-FIRE D-E.bmp,V3-IND-KHAKI-WWII-IMP-CS-AST-INF.bmp
sprite,gfx/map/units/T-GARRISON A-FIRE C-IND L-7 D-N.spr,gfx/map/units/T-GARRISON A-FIRE C-AST L-7 D-N.spr,T-INFANTRY C-AST A-FIRE D-N.bmp,V3-IND-KHAKI-WWII-IMP-CS-AST-INF.bmp
sprite,gfx/map/units/T-GARRISON A-FIRE C-IND L-7 D-NE.spr,gfx/map/units/T-GARRISON A-FIRE C-AST L-7 D-NE.spr,T-INFANTRY C-AST A-FIRE D-NE.bmp,V3-IND-KHAKI-WWII-IMP-CS-AST-INF.bmp
sprite,gfx/map/units/T-GARRISON A-FIRE C-IND L-7 D-NW.spr,gfx/map/units/T-GARRISON A-FIRE C-AST L-7 D-NW.spr,T-INFANTRY C-AST A-FIRE D-NW.bmp,V3-IND-KHAKI-WWII-IMP-CS-AST-INF.bmp
sprite,gfx/map/units/T-GARRISON A-FIRE C-IND L-7 D-S.spr,gfx/map/units/T-GARRISON A-FIRE C-AST L-7 D-S.spr,T-INFANTRY C-AST A-FIRE D-S.bmp,V3-IND-KHAKI-WWII-IMP-CS-AST-INF.bmp
sprite,gfx/map/units/T-GARRISON A-FIRE C-IND L-7 D-SE.spr,gfx/map/units/T-GARRISON A-FIRE C-AST L-7 D-SE.spr,T-INFANTRY C-AST A-FIRE D-SE.bmp,V3-IND-KHAKI-WWII-IMP-CS-AST-INF.bmp
sprite,gfx/map/units/T-GARRISON A-FIRE C-IND L-7 D-SW.spr,gfx/map/units/T-GARRISON A-FIRE C-AST L-7 D-SW.spr,T-INFANTRY C-AST A-FIRE D-SW.bmp,V3-IND-KHAKI-WWII-IMP-CS-AST-INF.bmp
sprite,gfx/map/units/T-GARRISON A-FIRE C-IND L-7 D-W.spr,gfx/map/units/T-GARRISON A-FIRE C-AST L-7 D-W.spr,T-INFANTRY C-AST A-FIRE D-W.bmp,V3-IND-KHAKI-WWII-IMP-CS-AST-INF.bmp
sprite,gfx/map/units/T-GARRISON A-FIRE C-IND L-7.spr,gfx/map/units/T-GARRISON A-FIRE C-AST L-7.spr,T-INFANTRY C-AST A-FIRE D-SE.bmp,V3-IND-KHAKI-WWII-IMP-CS-AST-INF.bmp
sprite,gfx/map/units/T-GARRISON A-FIRE C-IND L-8 D-E.spr,gfx/map/units/T-GARRISON A-FIRE C-AST L-8 D-E.spr,T-INFANTRY C-AST A-FIRE D-E.bmp,V3-IND-KHAKI-WWII-IMP-CS-AST-INF.bmp
sprite,gfx/map/units/T-GARRISON A-FIRE C-IND L-8 D-N.spr,gfx/map/units/T-GARRISON A-FIRE C-AST L-8 D-N.spr,T-INFANTRY C-AST A-FIRE D-N.bmp,V3-IND-KHAKI-WWII-IMP-CS-AST-INF.bmp
sprite,gfx/map/units/T-GARRISON A-FIRE C-IND L-8 D-NE.spr,gfx/map/units/T-GARRISON A-FIRE C-AST L-8 D-NE.spr,T-INFANTRY C-AST A-FIRE D-NE.bmp,V3-IND-KHAKI-WWII-IMP-CS-AST-INF.bmp
sprite,gfx/map/units/T-GARRISON A-FIRE C-IND L-8 D-NW.spr,gfx/map/units/T-GARRISON A-FIRE C-AST L-8 D-NW.spr,T-INFANTRY C-AST A-FIRE D-NW.bmp,V3-IND-KHAKI-WWII-IMP-CS-AST-INF.bmp
sprite,gfx/map/units/T-GARRISON A-FIRE C-IND L-8 D-S.spr,gfx/map/units/T-GARRISON A-FIRE C-AST L-8 D-S.spr,T-INFANTRY C-AST A-FIRE D-S.bmp,V3-IND-KHAKI-WWII-IMP-CS-AST-INF.bmp
sprite,gfx/map/units/T-GARRISON A-FIRE C-IND L-8 D-SE.spr,gfx/map/units/T-GARRISON A-FIRE C-AST L-8 D-SE.spr,T-INFANTRY C-AST A-FIRE D-SE.bmp,V3-IND-KHAKI-WWII-IMP-CS-AST-INF.bmp
sprite,gfx/map/units/T-GARRISON A-FIRE C-IND L-8 D-SW.spr,gfx/map/units/T-GARRISON A-FIRE C-AST L-8 D-SW.spr,T-INFANTRY C-AST A-FIRE D-SW.bmp,V3-IND-KHAKI-WWII-IMP-CS-AST-INF.bmp
sprite,gfx/map/units/T-GARRISON A-FIRE C-IND L-8 D-W.spr,gfx/map/units/T-GARRISON A-FIRE C-AST L-8 D-W.spr,T-INFANTRY C-AST A-FIRE D-W.bmp,V3-IND-KHAKI-WWII-IMP-CS-AST-INF.bmp
sprite,gfx/map/units/T-GARRISON A-FIRE C-IND L-8.spr,gfx/map/units/T-GARRISON A-FIRE C-AST L-8.spr,T-INFANTRY C-AST A-FIRE D-SE.bmp,V3-IND-KHAKI-WWII-IMP-CS-AST-INF.bmp
sprite,gfx/map/units/T-GARRISON A-FIRE C-IND L-9 D-E.spr,gfx/map/units/T-GARRISON A-FIRE C-AST L-9 D-E.spr,T-INFANTRY C-AST A-FIRE D-E.bmp,V3-IND-KHAKI-WWII-IMP-CS-AST-INF.bmp
sprite,gfx/map/units/T-GARRISON A-FIRE C-IND L-9 D-N.spr,gfx/map/units/T-GARRISON A-FIRE C-AST L-9 D-N.spr,T-INFANTRY C-AST A-FIRE D-N.bmp,V3-IND-KHAKI-WWII-IMP-CS-AST-INF.bmp
sprite,gfx/map/units/T-GARRISON A-FIRE C-IND L-9 D-NE.spr,gfx/map/units/T-GARRISON A-FIRE C-AST L-9 D-NE.spr,T-INFANTRY C-AST A-FIRE D-NE.bmp,V3-IND-KHAKI-WWII-IMP-CS-AST-INF.bmp
sprite,gfx/map/units/T-GARRISON A-FIRE C-IND L-9 D-NW.spr,gfx/map/units/T-GARRISON A-FIRE C-AST L-9 D-NW.spr,T-INFANTRY C-AST A-FIRE D-NW.bmp,V3-IND-KHAKI-WWII-IMP-CS-AST-INF.bmp
sprite,gfx/map/units/T-GARRISON A-FIRE C-IND L-9 D-S.spr,gfx/map/units/T-GARRISON A-FIRE C-AST L-9 D-S.spr,T-INFANTRY C-AST A-FIRE D-S.bmp,V3-IND-KHAKI-WWII-IMP-CS-AST-INF.bmp
sprite,gfx/map/units/T-GARRISON A-FIRE C-IND L-9 D-SE.spr,gfx/map/units/T-GARRISON A-FIRE C-AST L-9 D-SE.spr,T-INFANTRY C-AST A-FIRE D-SE.bmp,V3-IND-KHAKI-WWII-IMP-CS-AST-INF.bmp
sprite,gfx/map/units/T-GARRISON A-FIRE C-IND L-9 D-SW.spr,gfx/map/units/T-GARRISON A-FIRE C-AST L-9 D-SW.spr,T-INFANTRY C-AST A-FIRE D-SW.bmp,V3-IND-KHAKI-WWII-IMP-CS-AST-INF.bmp
sprite,gfx/map/units/T-GARRISON A-FIRE C-IND L-9 D-W.spr,gfx/map/units/T-GARRISON A-FIRE C-AST L-9 D-W.spr,T-INFANTRY C-AST A-FIRE D-W.bmp,V3-IND-KHAKI-WWII-IMP-CS-AST-INF.bmp
sprite,gfx/map/units/T-GARRISON A-FIRE C-IND L-9.spr,gfx/map/units/T-GARRISON A-FIRE C-AST L-9.spr,T-INFANTRY C-AST A-FIRE D-SE.bmp,V3-IND-KHAKI-WWII-IMP-CS-AST-INF.bmp
sprite,gfx/map/units/T-GARRISON A-STAND C-IND L-1.spr,gfx/map/units/T-GARRISON A-STAND C-AST L-1.spr,T-GARRISON C-AST A-STAND L-5.bmp,V3-IND-KHAKI-CS-AST-INF-WWI-LTE.bmp
sprite,gfx/map/units/T-GARRISON A-STAND C-IND L-10.spr,gfx/map/units/T-GARRISON A-STAND C-AST L-10.spr,T-GARRISON C-AST A-STAND.bmp,V3-IND-KHAKI-WWII-IMP-CS-AST-INF.bmp
sprite,gfx/map/units/T-GARRISON A-STAND C-IND L-5.spr,gfx/map/units/T-GARRISON A-STAND C-AST L-5.spr,T-GARRISON C-AST A-STAND.bmp,V3-IND-KHAKI-WWII-IMP-CS-AST-INF.bmp
sprite,gfx/map/units/T-GARRISON A-STAND C-IND L-6.spr,gfx/map/units/T-GARRISON A-STAND C-AST L-6.spr,T-GARRISON C-AST A-STAND.bmp,V3-IND-KHAKI-WWII-IMP-CS-AST-INF.bmp
sprite,gfx/map/units/T-GARRISON A-STAND C-IND L-7.spr,gfx/map/units/T-GARRISON A-STAND C-AST L-7.spr,T-GARRISON C-AST A-STAND.bmp,V3-IND-KHAKI-WWII-IMP-CS-AST-INF.bmp
sprite,gfx/map/units/T-GARRISON A-STAND C-IND L-8.spr,gfx/map/units/T-GARRISON A-STAND C-AST L-8.spr,T-GARRISON C-AST A-STAND.bmp,V3-IND-KHAKI-WWII-IMP-CS-AST-INF.bmp
sprite,gfx/map/units/T-GARRISON A-STAND C-IND L-9.spr,gfx/map/units/T-GARRISON A-STAND C-AST L-9.spr,T-GARRISON C-AST A-STAND.bmp,V3-IND-KHAKI-WWII-IMP-CS-AST-INF.bmp
sprite,gfx/map/units/T-HEAVY_CRUISER A-FIRE C-IND L-1 D-NE.spr,gfx/map/units/T-HEAVY_CRUISER A-FIRE C-AST L-1 D-NE.spr,T-CRUISER A-FIRE C-MIN L-1 D-NE.bmp,V3-IND-NAVY-T-CRUISER_C-MIN_L-1.bmp
sprite,gfx/map/units/T-HEAVY_CRUISER A-FIRE C-IND L-1 D-SW.spr,gfx/map/units/T-HEAVY_CRUISER A-FIRE C-AST L-1 D-SW.spr,T-CRUISER A-FIRE C-MIN L-1 D-SW.bmp,V3-IND-NAVY-T-CRUISER_C-MIN_L-1.bmp
sprite,gfx/map/units/T-HEAVY_CRUISER A-STAND C-IND L-1.spr,gfx/map/units/T-HEAVY_CRUISER A-STAND C-AST L-1.spr,T-CRUISER A-STAND C-MIN L-1.bmp,V3-IND-NAVY-T-CRUISER_C-MIN_L-1.bmp
sprite,gfx/map/units/T-HEAVY_CRUISER A-WALK C-IND L-1 D-E.spr,gfx/map/units/T-HEAVY_CRUISER A-WALK C-AST L-1 D-E.spr,T-CRUISER A-WALK C-MIN L-1 D-E.bmp,V3-IND-NAVY-T-CRUISER_C-MIN_L-1.bmp
sprite,gfx/map/units/T-HEAVY_CRUISER A-WALK C-IND L-1 D-N.spr,gfx/map/units/T-HEAVY_CRUISER A-WALK C-AST L-1 D-N.spr,T-CRUISER A-WALK C-MIN L-1 D-N.bmp,V3-IND-NAVY-T-CRUISER_C-MIN_L-1.bmp
sprite,gfx/map/units/T-HEAVY_CRUISER A-WALK C-IND L-1 D-NE.spr,gfx/map/units/T-HEAVY_CRUISER A-WALK C-AST L-1 D-NE.spr,T-CRUISER A-WALK C-MIN L-1 D-NE.bmp,V3-IND-NAVY-T-CRUISER_C-MIN_L-1.bmp
sprite,gfx/map/units/T-HEAVY_CRUISER A-WALK C-IND L-1 D-NW.spr,gfx/map/units/T-HEAVY_CRUISER A-WALK C-AST L-1 D-NW.spr,T-CRUISER A-WALK C-MIN L-1 D-NW.bmp,V3-IND-NAVY-T-CRUISER_C-MIN_L-1.bmp
sprite,gfx/map/units/T-HEAVY_CRUISER A-WALK C-IND L-1 D-S.spr,gfx/map/units/T-HEAVY_CRUISER A-WALK C-AST L-1 D-S.spr,T-CRUISER A-WALK C-MIN L-1 D-S.bmp,V3-IND-NAVY-T-CRUISER_C-MIN_L-1.bmp
sprite,gfx/map/units/T-HEAVY_CRUISER A-WALK C-IND L-1 D-SE.spr,gfx/map/units/T-HEAVY_CRUISER A-WALK C-AST L-1 D-SE.spr,T-CRUISER A-WALK C-MIN L-1 D-SE.bmp,V3-IND-NAVY-T-CRUISER_C-MIN_L-1.bmp
sprite,gfx/map/units/T-HEAVY_CRUISER A-WALK C-IND L-1 D-SW.spr,gfx/map/units/T-HEAVY_CRUISER A-WALK C-AST L-1 D-SW.spr,T-CRUISER A-WALK C-MIN L-1 D-SW.bmp,V3-IND-NAVY-T-CRUISER_C-MIN_L-1.bmp
sprite,gfx/map/units/T-HEAVY_CRUISER A-WALK C-IND L-1 D-W.spr,gfx/map/units/T-HEAVY_CRUISER A-WALK C-AST L-1 D-W.spr,T-CRUISER A-WALK C-MIN L-1 D-W.bmp,V3-IND-NAVY-T-CRUISER_C-MIN_L-1.bmp
sprite,gfx/map/units/T-HQ A-FIRE C-IND L-1 D-E.spr,gfx/map/units/T-HQ A-FIRE C-AST L-1 D-E.spr,T-INFANTRY C-AST A-FIRE D-E L-5.bmp,V3-IND-KHAKI-CS-AST-INF-WWI-LTE.bmp
sprite,gfx/map/units/T-HQ A-FIRE C-IND L-1 D-N.spr,gfx/map/units/T-HQ A-FIRE C-AST L-1 D-N.spr,T-INFANTRY C-AST A-FIRE D-N L-5.bmp,V3-IND-KHAKI-CS-AST-INF-WWI-LTE.bmp
sprite,gfx/map/units/T-HQ A-FIRE C-IND L-1 D-NE.spr,gfx/map/units/T-HQ A-FIRE C-AST L-1 D-NE.spr,T-INFANTRY C-AST A-FIRE D-NE L-5.bmp,V3-IND-KHAKI-CS-AST-INF-WWI-LTE.bmp
sprite,gfx/map/units/T-HQ A-FIRE C-IND L-1 D-NW.spr,gfx/map/units/T-HQ A-FIRE C-AST L-1 D-NW.spr,T-INFANTRY C-AST A-FIRE D-NW L-5.bmp,V3-IND-KHAKI-CS-AST-INF-WWI-LTE.bmp
sprite,gfx/map/units/T-HQ A-FIRE C-IND L-1 D-S.spr,gfx/map/units/T-HQ A-FIRE C-AST L-1 D-S.spr,T-INFANTRY C-AST A-FIRE D-S L-5.bmp,V3-IND-KHAKI-CS-AST-INF-WWI-LTE.bmp
sprite,gfx/map/units/T-HQ A-FIRE C-IND L-1 D-SE.spr,gfx/map/units/T-HQ A-FIRE C-AST L-1 D-SE.spr,T-INFANTRY C-AST A-FIRE D-SE L-5.bmp,V3-IND-KHAKI-CS-AST-INF-WWI-LTE.bmp
sprite,gfx/map/units/T-HQ A-FIRE C-IND L-1 D-SW.spr,gfx/map/units/T-HQ A-FIRE C-AST L-1 D-SW.spr,T-INFANTRY C-AST A-FIRE D-SW L-5.bmp,V3-IND-KHAKI-CS-AST-INF-WWI-LTE.bmp
sprite,gfx/map/units/T-HQ A-FIRE C-IND L-1 D-W.spr,gfx/map/units/T-HQ A-FIRE C-AST L-1 D-W.spr,T-INFANTRY C-AST A-FIRE D-W L-5.bmp,V3-IND-KHAKI-CS-AST-INF-WWI-LTE.bmp
sprite,gfx/map/units/T-HQ A-FIRE C-IND L-1.spr,gfx/map/units/T-HQ A-FIRE C-AST L-1.spr,T-INFANTRY C-AST A-FIRE D-SE L-5.bmp,V3-IND-KHAKI-CS-AST-INF-WWI-LTE.bmp
sprite,gfx/map/units/T-HQ A-FIRE C-IND L-3 D-E.spr,gfx/map/units/T-HQ A-FIRE C-AST L-3 D-E.spr,T-INFANTRY C-AST A-FIRE D-E.bmp,V3-IND-KHAKI-WWII-IMP-CS-AST-INF.bmp
sprite,gfx/map/units/T-HQ A-FIRE C-IND L-3 D-N.spr,gfx/map/units/T-HQ A-FIRE C-AST L-3 D-N.spr,T-INFANTRY C-AST A-FIRE D-N.bmp,V3-IND-KHAKI-WWII-IMP-CS-AST-INF.bmp
sprite,gfx/map/units/T-HQ A-FIRE C-IND L-3 D-NE.spr,gfx/map/units/T-HQ A-FIRE C-AST L-3 D-NE.spr,T-INFANTRY C-AST A-FIRE D-NE.bmp,V3-IND-KHAKI-WWII-IMP-CS-AST-INF.bmp
sprite,gfx/map/units/T-HQ A-FIRE C-IND L-3 D-NW.spr,gfx/map/units/T-HQ A-FIRE C-AST L-3 D-NW.spr,T-INFANTRY C-AST A-FIRE D-NW.bmp,V3-IND-KHAKI-WWII-IMP-CS-AST-INF.bmp
sprite,gfx/map/units/T-HQ A-FIRE C-IND L-3 D-S.spr,gfx/map/units/T-HQ A-FIRE C-AST L-3 D-S.spr,T-INFANTRY C-AST A-FIRE D-S.bmp,V3-IND-KHAKI-WWII-IMP-CS-AST-INF.bmp
sprite,gfx/map/units/T-HQ A-FIRE C-IND L-3 D-SE.spr,gfx/map/units/T-HQ A-FIRE C-AST L-3 D-SE.spr,T-INFANTRY C-AST A-FIRE D-SE.bmp,V3-IND-KHAKI-WWII-IMP-CS-AST-INF.bmp
sprite,gfx/map/units/T-HQ A-FIRE C-IND L-3 D-SW.spr,gfx/map/units/T-HQ A-FIRE C-AST L-3 D-SW.spr,T-INFANTRY C-AST A-FIRE D-SW.bmp,V3-IND-KHAKI-WWII-IMP-CS-AST-INF.bmp
sprite,gfx/map/units/T-HQ A-FIRE C-IND L-3 D-W.spr,gfx/map/units/T-HQ A-FIRE C-AST L-3 D-W.spr,T-INFANTRY C-AST A-FIRE D-W.bmp,V3-IND-KHAKI-WWII-IMP-CS-AST-INF.bmp
sprite,gfx/map/units/T-HQ A-FIRE C-IND L-3.spr,gfx/map/units/T-HQ A-FIRE C-AST L-3.spr,T-INFANTRY C-AST A-FIRE D-SE.bmp,V3-IND-KHAKI-WWII-IMP-CS-AST-INF.bmp
sprite,gfx/map/units/T-HQ A-FIRE C-IND L-4 D-E.spr,gfx/map/units/T-HQ A-FIRE C-AST L-4 D-E.spr,T-INFANTRY C-AST A-FIRE D-E.bmp,V3-IND-KHAKI-WWII-IMP-CS-AST-INF.bmp
sprite,gfx/map/units/T-HQ A-FIRE C-IND L-4 D-N.spr,gfx/map/units/T-HQ A-FIRE C-AST L-4 D-N.spr,T-INFANTRY C-AST A-FIRE D-N.bmp,V3-IND-KHAKI-WWII-IMP-CS-AST-INF.bmp
sprite,gfx/map/units/T-HQ A-FIRE C-IND L-4 D-NE.spr,gfx/map/units/T-HQ A-FIRE C-AST L-4 D-NE.spr,T-INFANTRY C-AST A-FIRE D-NE.bmp,V3-IND-KHAKI-WWII-IMP-CS-AST-INF.bmp
sprite,gfx/map/units/T-HQ A-FIRE C-IND L-4 D-NW.spr,gfx/map/units/T-HQ A-FIRE C-AST L-4 D-NW.spr,T-INFANTRY C-AST A-FIRE D-NW.bmp,V3-IND-KHAKI-WWII-IMP-CS-AST-INF.bmp
sprite,gfx/map/units/T-HQ A-FIRE C-IND L-4 D-S.spr,gfx/map/units/T-HQ A-FIRE C-AST L-4 D-S.spr,T-INFANTRY C-AST A-FIRE D-S.bmp,V3-IND-KHAKI-WWII-IMP-CS-AST-INF.bmp
sprite,gfx/map/units/T-HQ A-FIRE C-IND L-4 D-SE.spr,gfx/map/units/T-HQ A-FIRE C-AST L-4 D-SE.spr,T-INFANTRY C-AST A-FIRE D-SE.bmp,V3-IND-KHAKI-WWII-IMP-CS-AST-INF.bmp
sprite,gfx/map/units/T-HQ A-FIRE C-IND L-4 D-SW.spr,gfx/map/units/T-HQ A-FIRE C-AST L-4 D-SW.spr,T-INFANTRY C-AST A-FIRE D-SW.bmp,V3-IND-KHAKI-WWII-IMP-CS-AST-INF.bmp
sprite,gfx/map/units/T-HQ A-FIRE C-IND L-4 D-W.spr,gfx/map/units/T-HQ A-FIRE C-AST L-4 D-W.spr,T-INFANTRY C-AST A-FIRE D-W.bmp,V3-IND-KHAKI-WWII-IMP-CS-AST-INF.bmp
sprite,gfx/map/units/T-HQ A-FIRE C-IND L-4.spr,gfx/map/units/T-HQ A-FIRE C-AST L-4.spr,T-INFANTRY C-AST A-FIRE D-SE.bmp,V3-IND-KHAKI-WWII-IMP-CS-AST-INF.bmp
sprite,gfx/map/units/T-HQ A-FIRE C-IND L-5 D-E.spr,gfx/map/units/T-HQ A-FIRE C-AST L-5 D-E.spr,T-INFANTRY C-AST A-FIRE D-E.bmp,V3-IND-KHAKI-WWII-IMP-CS-AST-INF.bmp
sprite,gfx/map/units/T-HQ A-FIRE C-IND L-5 D-N.spr,gfx/map/units/T-HQ A-FIRE C-AST L-5 D-N.spr,T-INFANTRY C-AST A-FIRE D-N.bmp,V3-IND-KHAKI-WWII-IMP-CS-AST-INF.bmp
sprite,gfx/map/units/T-HQ A-FIRE C-IND L-5 D-NE.spr,gfx/map/units/T-HQ A-FIRE C-AST L-5 D-NE.spr,T-INFANTRY C-AST A-FIRE D-NE.bmp,V3-IND-KHAKI-WWII-IMP-CS-AST-INF.bmp
sprite,gfx/map/units/T-HQ A-FIRE C-IND L-5 D-NW.spr,gfx/map/units/T-HQ A-FIRE C-AST L-5 D-NW.spr,T-INFANTRY C-AST A-FIRE D-NW.bmp,V3-IND-KHAKI-WWII-IMP-CS-AST-INF.bmp
sprite,gfx/map/units/T-HQ A-FIRE C-IND L-5 D-S.spr,gfx/map/units/T-HQ A-FIRE C-AST L-5 D-S.spr,T-INFANTRY C-AST A-FIRE D-S.bmp,V3-IND-KHAKI-WWII-IMP-CS-AST-INF.bmp
sprite,gfx/map/units/T-HQ A-FIRE C-IND L-5 D-SE.spr,gfx/map/units/T-HQ A-FIRE C-AST L-5 D-SE.spr,T-INFANTRY C-AST A-FIRE D-SE.bmp,V3-IND-KHAKI-WWII-IMP-CS-AST-INF.bmp
sprite,gfx/map/units/T-HQ A-FIRE C-IND L-5 D-SW.spr,gfx/map/units/T-HQ A-FIRE C-AST L-5 D-SW.spr,T-INFANTRY C-AST A-FIRE D-SW.bmp,V3-IND-KHAKI-WWII-IMP-CS-AST-INF.bmp
sprite,gfx/map/units/T-HQ A-FIRE C-IND L-5 D-W.spr,gfx/map/units/T-HQ A-FIRE C-AST L-5 D-W.spr,T-INFANTRY C-AST A-FIRE D-W.bmp,V3-IND-KHAKI-WWII-IMP-CS-AST-INF.bmp
sprite,gfx/map/units/T-HQ A-FIRE C-IND L-5.spr,gfx/map/units/T-HQ A-FIRE C-AST L-5.spr,T-INFANTRY C-AST A-FIRE D-SE.bmp,V3-IND-KHAKI-WWII-IMP-CS-AST-INF.bmp
sprite,gfx/map/units/T-HQ A-FIRE C-IND L-6 D-E.spr,gfx/map/units/T-HQ A-FIRE C-AST L-6 D-E.spr,T-INFANTRY C-AST A-FIRE D-E.bmp,V3-IND-KHAKI-WWII-IMP-CS-AST-INF.bmp
sprite,gfx/map/units/T-HQ A-FIRE C-IND L-6 D-N.spr,gfx/map/units/T-HQ A-FIRE C-AST L-6 D-N.spr,T-INFANTRY C-AST A-FIRE D-N.bmp,V3-IND-KHAKI-WWII-IMP-CS-AST-INF.bmp
sprite,gfx/map/units/T-HQ A-FIRE C-IND L-6 D-NE.spr,gfx/map/units/T-HQ A-FIRE C-AST L-6 D-NE.spr,T-INFANTRY C-AST A-FIRE D-NE.bmp,V3-IND-KHAKI-WWII-IMP-CS-AST-INF.bmp
sprite,gfx/map/units/T-HQ A-FIRE C-IND L-6 D-NW.spr,gfx/map/units/T-HQ A-FIRE C-AST L-6 D-NW.spr,T-INFANTRY C-AST A-FIRE D-NW.bmp,V3-IND-KHAKI-WWII-IMP-CS-AST-INF.bmp
sprite,gfx/map/units/T-HQ A-FIRE C-IND L-6 D-S.spr,gfx/map/units/T-HQ A-FIRE C-AST L-6 D-S.spr,T-INFANTRY C-AST A-FIRE D-S.bmp,V3-IND-KHAKI-WWII-IMP-CS-AST-INF.bmp
sprite,gfx/map/units/T-HQ A-FIRE C-IND L-6 D-SE.spr,gfx/map/units/T-HQ A-FIRE C-AST L-6 D-SE.spr,T-INFANTRY C-AST A-FIRE D-SE.bmp,V3-IND-KHAKI-WWII-IMP-CS-AST-INF.bmp
sprite,gfx/map/units/T-HQ A-FIRE C-IND L-6 D-SW.spr,gfx/map/units/T-HQ A-FIRE C-AST L-6 D-SW.spr,T-INFANTRY C-AST A-FIRE D-SW.bmp,V3-IND-KHAKI-WWII-IMP-CS-AST-INF.bmp
sprite,gfx/map/units/T-HQ A-FIRE C-IND L-6 D-W.spr,gfx/map/units/T-HQ A-FIRE C-AST L-6 D-W.spr,T-INFANTRY C-AST A-FIRE D-W.bmp,V3-IND-KHAKI-WWII-IMP-CS-AST-INF.bmp
sprite,gfx/map/units/T-HQ A-FIRE C-IND L-6.spr,gfx/map/units/T-HQ A-FIRE C-AST L-6.spr,T-INFANTRY C-AST A-FIRE D-SE.bmp,V3-IND-KHAKI-WWII-IMP-CS-AST-INF.bmp
sprite,gfx/map/units/T-HQ A-STAND C-IND L-1.spr,gfx/map/units/T-HQ A-STAND C-AST L-1.spr,T-HQ C-AST A-STAND L-5.bmp,V3-IND-KHAKI-CS-AST-INF-WWI-LTE.bmp
sprite,gfx/map/units/T-HQ A-STAND C-IND L-3.spr,gfx/map/units/T-HQ A-STAND C-AST L-3.spr,T-HQ C-AST A-STAND.bmp,V3-IND-KHAKI-WWII-IMP-CS-AST-INF.bmp
sprite,gfx/map/units/T-HQ A-STAND C-IND L-4.spr,gfx/map/units/T-HQ A-STAND C-AST L-4.spr,T-HQ C-AST A-STAND.bmp,V3-IND-KHAKI-WWII-IMP-CS-AST-INF.bmp
sprite,gfx/map/units/T-HQ A-STAND C-IND L-5.spr,gfx/map/units/T-HQ A-STAND C-AST L-5.spr,T-HQ C-AST A-STAND.bmp,V3-IND-KHAKI-WWII-IMP-CS-AST-INF.bmp
sprite,gfx/map/units/T-HQ A-STAND C-IND L-6.spr,gfx/map/units/T-HQ A-STAND C-AST L-6.spr,T-HQ C-AST A-STAND.bmp,V3-IND-KHAKI-WWII-IMP-CS-AST-INF.bmp
sprite,gfx/map/units/T-HQ A-WALK C-IND L-1 D-E.spr,gfx/map/units/T-HQ A-WALK C-AST L-1 D-E.spr,T-INFANTRY C-AST A-WALK D-E L-5.bmp,V3-IND-KHAKI-CS-AST-INF-WWI-LTE.bmp
sprite,gfx/map/units/T-HQ A-WALK C-IND L-1 D-N.spr,gfx/map/units/T-HQ A-WALK C-AST L-1 D-N.spr,T-INFANTRY C-AST A-WALK D-N L-5.bmp,V3-IND-KHAKI-CS-AST-INF-WWI-LTE.bmp
sprite,gfx/map/units/T-HQ A-WALK C-IND L-1 D-NE.spr,gfx/map/units/T-HQ A-WALK C-AST L-1 D-NE.spr,T-INFANTRY C-AST A-WALK D-NE L-5.bmp,V3-IND-KHAKI-CS-AST-INF-WWI-LTE.bmp
sprite,gfx/map/units/T-HQ A-WALK C-IND L-1 D-NW.spr,gfx/map/units/T-HQ A-WALK C-AST L-1 D-NW.spr,T-INFANTRY C-AST A-WALK D-NW L-5.bmp,V3-IND-KHAKI-CS-AST-INF-WWI-LTE.bmp
sprite,gfx/map/units/T-HQ A-WALK C-IND L-1 D-S.spr,gfx/map/units/T-HQ A-WALK C-AST L-1 D-S.spr,T-INFANTRY C-AST A-WALK D-S L-5.bmp,V3-IND-KHAKI-CS-AST-INF-WWI-LTE.bmp
sprite,gfx/map/units/T-HQ A-WALK C-IND L-1 D-SE.spr,gfx/map/units/T-HQ A-WALK C-AST L-1 D-SE.spr,T-INFANTRY C-AST A-WALK D-SE L-5.bmp,V3-IND-KHAKI-CS-AST-INF-WWI-LTE.bmp
sprite,gfx/map/units/T-HQ A-WALK C-IND L-1 D-SW.spr,gfx/map/units/T-HQ A-WALK C-AST L-1 D-SW.spr,T-INFANTRY C-AST A-WALK D-SW L-5.bmp,V3-IND-KHAKI-CS-AST-INF-WWI-LTE.bmp
sprite,gfx/map/units/T-HQ A-WALK C-IND L-1 D-W.spr,gfx/map/units/T-HQ A-WALK C-AST L-1 D-W.spr,T-INFANTRY C-AST A-WALK D-W L-5.bmp,V3-IND-KHAKI-CS-AST-INF-WWI-LTE.bmp
sprite,gfx/map/units/T-HQ A-WALK C-IND L-3 D-E.spr,gfx/map/units/T-HQ A-WALK C-AST L-3 D-E.spr,T-INFANTRY C-AST A-WALK D-E.bmp,V3-IND-KHAKI-WWII-IMP-CS-AST-INF.bmp
sprite,gfx/map/units/T-HQ A-WALK C-IND L-3 D-N.spr,gfx/map/units/T-HQ A-WALK C-AST L-3 D-N.spr,T-INFANTRY C-AST A-WALK D-N.bmp,V3-IND-KHAKI-WWII-IMP-CS-AST-INF.bmp
sprite,gfx/map/units/T-HQ A-WALK C-IND L-3 D-NE.spr,gfx/map/units/T-HQ A-WALK C-AST L-3 D-NE.spr,T-INFANTRY C-AST A-WALK D-NE.bmp,V3-IND-KHAKI-WWII-IMP-CS-AST-INF.bmp
sprite,gfx/map/units/T-HQ A-WALK C-IND L-3 D-NW.spr,gfx/map/units/T-HQ A-WALK C-AST L-3 D-NW.spr,T-INFANTRY C-AST A-WALK D-NW.bmp,V3-IND-KHAKI-WWII-IMP-CS-AST-INF.bmp
sprite,gfx/map/units/T-HQ A-WALK C-IND L-3 D-S.spr,gfx/map/units/T-HQ A-WALK C-AST L-3 D-S.spr,T-INFANTRY C-AST A-WALK D-S.bmp,V3-IND-KHAKI-WWII-IMP-CS-AST-INF.bmp
sprite,gfx/map/units/T-HQ A-WALK C-IND L-3 D-SE.spr,gfx/map/units/T-HQ A-WALK C-AST L-3 D-SE.spr,T-INFANTRY C-AST A-WALK D-SE.bmp,V3-IND-KHAKI-WWII-IMP-CS-AST-INF.bmp
sprite,gfx/map/units/T-HQ A-WALK C-IND L-3 D-SW.spr,gfx/map/units/T-HQ A-WALK C-AST L-3 D-SW.spr,T-INFANTRY C-AST A-WALK D-SW.bmp,V3-IND-KHAKI-WWII-IMP-CS-AST-INF.bmp
sprite,gfx/map/units/T-HQ A-WALK C-IND L-3 D-W.spr,gfx/map/units/T-HQ A-WALK C-AST L-3 D-W.spr,T-INFANTRY C-AST A-WALK D-W.bmp,V3-IND-KHAKI-WWII-IMP-CS-AST-INF.bmp
sprite,gfx/map/units/T-HQ A-WALK C-IND L-4 D-E.spr,gfx/map/units/T-HQ A-WALK C-AST L-4 D-E.spr,T-INFANTRY C-AST A-WALK D-E.bmp,V3-IND-KHAKI-WWII-IMP-CS-AST-INF.bmp
sprite,gfx/map/units/T-HQ A-WALK C-IND L-4 D-N.spr,gfx/map/units/T-HQ A-WALK C-AST L-4 D-N.spr,T-INFANTRY C-AST A-WALK D-N.bmp,V3-IND-KHAKI-WWII-IMP-CS-AST-INF.bmp
sprite,gfx/map/units/T-HQ A-WALK C-IND L-4 D-NE.spr,gfx/map/units/T-HQ A-WALK C-AST L-4 D-NE.spr,T-INFANTRY C-AST A-WALK D-NE.bmp,V3-IND-KHAKI-WWII-IMP-CS-AST-INF.bmp
sprite,gfx/map/units/T-HQ A-WALK C-IND L-4 D-NW.spr,gfx/map/units/T-HQ A-WALK C-AST L-4 D-NW.spr,T-INFANTRY C-AST A-WALK D-NW.bmp,V3-IND-KHAKI-WWII-IMP-CS-AST-INF.bmp
sprite,gfx/map/units/T-HQ A-WALK C-IND L-4 D-S.spr,gfx/map/units/T-HQ A-WALK C-AST L-4 D-S.spr,T-INFANTRY C-AST A-WALK D-S.bmp,V3-IND-KHAKI-WWII-IMP-CS-AST-INF.bmp
sprite,gfx/map/units/T-HQ A-WALK C-IND L-4 D-SE.spr,gfx/map/units/T-HQ A-WALK C-AST L-4 D-SE.spr,T-INFANTRY C-AST A-WALK D-SE.bmp,V3-IND-KHAKI-WWII-IMP-CS-AST-INF.bmp
sprite,gfx/map/units/T-HQ A-WALK C-IND L-4 D-SW.spr,gfx/map/units/T-HQ A-WALK C-AST L-4 D-SW.spr,T-INFANTRY C-AST A-WALK D-SW.bmp,V3-IND-KHAKI-WWII-IMP-CS-AST-INF.bmp
sprite,gfx/map/units/T-HQ A-WALK C-IND L-4 D-W.spr,gfx/map/units/T-HQ A-WALK C-AST L-4 D-W.spr,T-INFANTRY C-AST A-WALK D-W.bmp,V3-IND-KHAKI-WWII-IMP-CS-AST-INF.bmp
sprite,gfx/map/units/T-HQ A-WALK C-IND L-5 D-E.spr,gfx/map/units/T-HQ A-WALK C-AST L-5 D-E.spr,T-INFANTRY C-AST A-WALK D-E.bmp,V3-IND-KHAKI-WWII-IMP-CS-AST-INF.bmp
sprite,gfx/map/units/T-HQ A-WALK C-IND L-5 D-N.spr,gfx/map/units/T-HQ A-WALK C-AST L-5 D-N.spr,T-INFANTRY C-AST A-WALK D-N.bmp,V3-IND-KHAKI-WWII-IMP-CS-AST-INF.bmp
sprite,gfx/map/units/T-HQ A-WALK C-IND L-5 D-NE.spr,gfx/map/units/T-HQ A-WALK C-AST L-5 D-NE.spr,T-INFANTRY C-AST A-WALK D-NE.bmp,V3-IND-KHAKI-WWII-IMP-CS-AST-INF.bmp
sprite,gfx/map/units/T-HQ A-WALK C-IND L-5 D-NW.spr,gfx/map/units/T-HQ A-WALK C-AST L-5 D-NW.spr,T-INFANTRY C-AST A-WALK D-NW.bmp,V3-IND-KHAKI-WWII-IMP-CS-AST-INF.bmp
sprite,gfx/map/units/T-HQ A-WALK C-IND L-5 D-S.spr,gfx/map/units/T-HQ A-WALK C-AST L-5 D-S.spr,T-INFANTRY C-AST A-WALK D-S.bmp,V3-IND-KHAKI-WWII-IMP-CS-AST-INF.bmp
sprite,gfx/map/units/T-HQ A-WALK C-IND L-5 D-SE.spr,gfx/map/units/T-HQ A-WALK C-AST L-5 D-SE.spr,T-INFANTRY C-AST A-WALK D-SE.bmp,V3-IND-KHAKI-WWII-IMP-CS-AST-INF.bmp
sprite,gfx/map/units/T-HQ A-WALK C-IND L-5 D-SW.spr,gfx/map/units/T-HQ A-WALK C-AST L-5 D-SW.spr,T-INFANTRY C-AST A-WALK D-SW.bmp,V3-IND-KHAKI-WWII-IMP-CS-AST-INF.bmp
sprite,gfx/map/units/T-HQ A-WALK C-IND L-5 D-W.spr,gfx/map/units/T-HQ A-WALK C-AST L-5 D-W.spr,T-INFANTRY C-AST A-WALK D-W.bmp,V3-IND-KHAKI-WWII-IMP-CS-AST-INF.bmp
sprite,gfx/map/units/T-HQ A-WALK C-IND L-6 D-E.spr,gfx/map/units/T-HQ A-WALK C-AST L-6 D-E.spr,T-INFANTRY C-AST A-WALK D-E.bmp,V3-IND-KHAKI-WWII-IMP-CS-AST-INF.bmp
sprite,gfx/map/units/T-HQ A-WALK C-IND L-6 D-N.spr,gfx/map/units/T-HQ A-WALK C-AST L-6 D-N.spr,T-INFANTRY C-AST A-WALK D-N.bmp,V3-IND-KHAKI-WWII-IMP-CS-AST-INF.bmp
sprite,gfx/map/units/T-HQ A-WALK C-IND L-6 D-NE.spr,gfx/map/units/T-HQ A-WALK C-AST L-6 D-NE.spr,T-INFANTRY C-AST A-WALK D-NE.bmp,V3-IND-KHAKI-WWII-IMP-CS-AST-INF.bmp
sprite,gfx/map/units/T-HQ A-WALK C-IND L-6 D-NW.spr,gfx/map/units/T-HQ A-WALK C-AST L-6 D-NW.spr,T-INFANTRY C-AST A-WALK D-NW.bmp,V3-IND-KHAKI-WWII-IMP-CS-AST-INF.bmp
sprite,gfx/map/units/T-HQ A-WALK C-IND L-6 D-S.spr,gfx/map/units/T-HQ A-WALK C-AST L-6 D-S.spr,T-INFANTRY C-AST A-WALK D-S.bmp,V3-IND-KHAKI-WWII-IMP-CS-AST-INF.bmp
sprite,gfx/map/units/T-HQ A-WALK C-IND L-6 D-SE.spr,gfx/map/units/T-HQ A-WALK C-AST L-6 D-SE.spr,T-INFANTRY C-AST A-WALK D-SE.bmp,V3-IND-KHAKI-WWII-IMP-CS-AST-INF.bmp
sprite,gfx/map/units/T-HQ A-WALK C-IND L-6 D-SW.spr,gfx/map/units/T-HQ A-WALK C-AST L-6 D-SW.spr,T-INFANTRY C-AST A-WALK D-SW.bmp,V3-IND-KHAKI-WWII-IMP-CS-AST-INF.bmp
sprite,gfx/map/units/T-HQ A-WALK C-IND L-6 D-W.spr,gfx/map/units/T-HQ A-WALK C-AST L-6 D-W.spr,T-INFANTRY C-AST A-WALK D-W.bmp,V3-IND-KHAKI-WWII-IMP-CS-AST-INF.bmp
sprite,gfx/map/units/T-INFANTRY A-FIRE C-IND L-1 D-E.spr,gfx/map/units/T-INFANTRY A-FIRE C-AST L-1 D-E.spr,T-INFANTRY C-AST A-FIRE D-E L-5.bmp,V3-IND-KHAKI-CS-AST-INF-WWI-LTE.bmp
sprite,gfx/map/units/T-INFANTRY A-FIRE C-IND L-1 D-N.spr,gfx/map/units/T-INFANTRY A-FIRE C-AST L-1 D-N.spr,T-INFANTRY C-AST A-FIRE D-N L-5.bmp,V3-IND-KHAKI-CS-AST-INF-WWI-LTE.bmp
sprite,gfx/map/units/T-INFANTRY A-FIRE C-IND L-1 D-NE.spr,gfx/map/units/T-INFANTRY A-FIRE C-AST L-1 D-NE.spr,T-INFANTRY C-AST A-FIRE D-NE L-5.bmp,V3-IND-KHAKI-CS-AST-INF-WWI-LTE.bmp
sprite,gfx/map/units/T-INFANTRY A-FIRE C-IND L-1 D-NW.spr,gfx/map/units/T-INFANTRY A-FIRE C-AST L-1 D-NW.spr,T-INFANTRY C-AST A-FIRE D-NW L-5.bmp,V3-IND-KHAKI-CS-AST-INF-WWI-LTE.bmp
sprite,gfx/map/units/T-INFANTRY A-FIRE C-IND L-1 D-S.spr,gfx/map/units/T-INFANTRY A-FIRE C-AST L-1 D-S.spr,T-INFANTRY C-AST A-FIRE D-S L-5.bmp,V3-IND-KHAKI-CS-AST-INF-WWI-LTE.bmp
sprite,gfx/map/units/T-INFANTRY A-FIRE C-IND L-1 D-SE.spr,gfx/map/units/T-INFANTRY A-FIRE C-AST L-1 D-SE.spr,T-INFANTRY C-AST A-FIRE D-SE L-5.bmp,V3-IND-KHAKI-CS-AST-INF-WWI-LTE.bmp
sprite,gfx/map/units/T-INFANTRY A-FIRE C-IND L-1 D-SW.spr,gfx/map/units/T-INFANTRY A-FIRE C-AST L-1 D-SW.spr,T-INFANTRY C-AST A-FIRE D-SW L-5.bmp,V3-IND-KHAKI-CS-AST-INF-WWI-LTE.bmp
sprite,gfx/map/units/T-INFANTRY A-FIRE C-IND L-1 D-W.spr,gfx/map/units/T-INFANTRY A-FIRE C-AST L-1 D-W.spr,T-INFANTRY C-AST A-FIRE D-W L-5.bmp,V3-IND-KHAKI-CS-AST-INF-WWI-LTE.bmp
sprite,gfx/map/units/T-INFANTRY A-FIRE C-IND L-1.spr,gfx/map/units/T-INFANTRY A-FIRE C-AST L-1.spr,T-INFANTRY C-AST A-FIRE D-SE L-5.bmp,V3-IND-KHAKI-CS-AST-INF-WWI-LTE.bmp
sprite,gfx/map/units/T-INFANTRY A-FIRE C-IND L-10 D-E.spr,gfx/map/units/T-INFANTRY A-FIRE C-AST L-10 D-E.spr,T-INFANTRY C-AST A-FIRE D-E.bmp,V3-IND-KHAKI-WWII-IMP-CS-AST-INF.bmp
sprite,gfx/map/units/T-INFANTRY A-FIRE C-IND L-10 D-N.spr,gfx/map/units/T-INFANTRY A-FIRE C-AST L-10 D-N.spr,T-INFANTRY C-AST A-FIRE D-N.bmp,V3-IND-KHAKI-WWII-IMP-CS-AST-INF.bmp
sprite,gfx/map/units/T-INFANTRY A-FIRE C-IND L-10 D-NE.spr,gfx/map/units/T-INFANTRY A-FIRE C-AST L-10 D-NE.spr,T-INFANTRY C-AST A-FIRE D-NE.bmp,V3-IND-KHAKI-WWII-IMP-CS-AST-INF.bmp
sprite,gfx/map/units/T-INFANTRY A-FIRE C-IND L-10 D-NW.spr,gfx/map/units/T-INFANTRY A-FIRE C-AST L-10 D-NW.spr,T-INFANTRY C-AST A-FIRE D-NW.bmp,V3-IND-KHAKI-WWII-IMP-CS-AST-INF.bmp
sprite,gfx/map/units/T-INFANTRY A-FIRE C-IND L-10 D-S.spr,gfx/map/units/T-INFANTRY A-FIRE C-AST L-10 D-S.spr,T-INFANTRY C-AST A-FIRE D-S.bmp,V3-IND-KHAKI-WWII-IMP-CS-AST-INF.bmp
sprite,gfx/map/units/T-INFANTRY A-FIRE C-IND L-10 D-SE.spr,gfx/map/units/T-INFANTRY A-FIRE C-AST L-10 D-SE.spr,T-INFANTRY C-AST A-FIRE D-SE.bmp,V3-IND-KHAKI-WWII-IMP-CS-AST-INF.bmp
sprite,gfx/map/units/T-INFANTRY A-FIRE C-IND L-10 D-SW.spr,gfx/map/units/T-INFANTRY A-FIRE C-AST L-10 D-SW.spr,T-INFANTRY C-AST A-FIRE D-SW.bmp,V3-IND-KHAKI-WWII-IMP-CS-AST-INF.bmp
sprite,gfx/map/units/T-INFANTRY A-FIRE C-IND L-10 D-W.spr,gfx/map/units/T-INFANTRY A-FIRE C-AST L-10 D-W.spr,T-INFANTRY C-AST A-FIRE D-W.bmp,V3-IND-KHAKI-WWII-IMP-CS-AST-INF.bmp
sprite,gfx/map/units/T-INFANTRY A-FIRE C-IND L-10.spr,gfx/map/units/T-INFANTRY A-FIRE C-AST L-10.spr,T-INFANTRY C-AST A-FIRE D-SE.bmp,V3-IND-KHAKI-WWII-IMP-CS-AST-INF.bmp
sprite,gfx/map/units/T-INFANTRY A-FIRE C-IND L-11 D-E.spr,gfx/map/units/T-INFANTRY A-FIRE C-AST L-11 D-E.spr,T-INFANTRY C-AST A-FIRE D-E.bmp,V3-IND-KHAKI-WWII-IMP-CS-AST-INF.bmp
sprite,gfx/map/units/T-INFANTRY A-FIRE C-IND L-11 D-N.spr,gfx/map/units/T-INFANTRY A-FIRE C-AST L-11 D-N.spr,T-INFANTRY C-AST A-FIRE D-N.bmp,V3-IND-KHAKI-WWII-IMP-CS-AST-INF.bmp
sprite,gfx/map/units/T-INFANTRY A-FIRE C-IND L-11 D-NE.spr,gfx/map/units/T-INFANTRY A-FIRE C-AST L-11 D-NE.spr,T-INFANTRY C-AST A-FIRE D-NE.bmp,V3-IND-KHAKI-WWII-IMP-CS-AST-INF.bmp
sprite,gfx/map/units/T-INFANTRY A-FIRE C-IND L-11 D-NW.spr,gfx/map/units/T-INFANTRY A-FIRE C-AST L-11 D-NW.spr,T-INFANTRY C-AST A-FIRE D-NW.bmp,V3-IND-KHAKI-WWII-IMP-CS-AST-INF.bmp
sprite,gfx/map/units/T-INFANTRY A-FIRE C-IND L-11 D-S.spr,gfx/map/units/T-INFANTRY A-FIRE C-AST L-11 D-S.spr,T-INFANTRY C-AST A-FIRE D-S.bmp,V3-IND-KHAKI-WWII-IMP-CS-AST-INF.bmp
sprite,gfx/map/units/T-INFANTRY A-FIRE C-IND L-11 D-SE.spr,gfx/map/units/T-INFANTRY A-FIRE C-AST L-11 D-SE.spr,T-INFANTRY C-AST A-FIRE D-SE.bmp,V3-IND-KHAKI-WWII-IMP-CS-AST-INF.bmp
sprite,gfx/map/units/T-INFANTRY A-FIRE C-IND L-11 D-SW.spr,gfx/map/units/T-INFANTRY A-FIRE C-AST L-11 D-SW.spr,T-INFANTRY C-AST A-FIRE D-SW.bmp,V3-IND-KHAKI-WWII-IMP-CS-AST-INF.bmp
sprite,gfx/map/units/T-INFANTRY A-FIRE C-IND L-11 D-W.spr,gfx/map/units/T-INFANTRY A-FIRE C-AST L-11 D-W.spr,T-INFANTRY C-AST A-FIRE D-W.bmp,V3-IND-KHAKI-WWII-IMP-CS-AST-INF.bmp
sprite,gfx/map/units/T-INFANTRY A-FIRE C-IND L-11.spr,gfx/map/units/T-INFANTRY A-FIRE C-AST L-11.spr,T-INFANTRY C-AST A-FIRE D-SE.bmp,V3-IND-KHAKI-WWII-IMP-CS-AST-INF.bmp
sprite,gfx/map/units/T-INFANTRY A-FIRE C-IND L-12 D-E.spr,gfx/map/units/T-INFANTRY A-FIRE C-AST L-12 D-E.spr,T-INFANTRY C-AST A-FIRE D-E.bmp,V3-IND-KHAKI-WWII-IMP-CS-AST-INF.bmp
sprite,gfx/map/units/T-INFANTRY A-FIRE C-IND L-12 D-N.spr,gfx/map/units/T-INFANTRY A-FIRE C-AST L-12 D-N.spr,T-INFANTRY C-AST A-FIRE D-N.bmp,V3-IND-KHAKI-WWII-IMP-CS-AST-INF.bmp
sprite,gfx/map/units/T-INFANTRY A-FIRE C-IND L-12 D-NE.spr,gfx/map/units/T-INFANTRY A-FIRE C-AST L-12 D-NE.spr,T-INFANTRY C-AST A-FIRE D-NE.bmp,V3-IND-KHAKI-WWII-IMP-CS-AST-INF.bmp
sprite,gfx/map/units/T-INFANTRY A-FIRE C-IND L-12 D-NW.spr,gfx/map/units/T-INFANTRY A-FIRE C-AST L-12 D-NW.spr,T-INFANTRY C-AST A-FIRE D-NW.bmp,V3-IND-KHAKI-WWII-IMP-CS-AST-INF.bmp
sprite,gfx/map/units/T-INFANTRY A-FIRE C-IND L-12 D-S.spr,gfx/map/units/T-INFANTRY A-FIRE C-AST L-12 D-S.spr,T-INFANTRY C-AST A-FIRE D-S.bmp,V3-IND-KHAKI-WWII-IMP-CS-AST-INF.bmp
sprite,gfx/map/units/T-INFANTRY A-FIRE C-IND L-12 D-SE.spr,gfx/map/units/T-INFANTRY A-FIRE C-AST L-12 D-SE.spr,T-INFANTRY C-AST A-FIRE D-SE.bmp,V3-IND-KHAKI-WWII-IMP-CS-AST-INF.bmp
sprite,gfx/map/units/T-INFANTRY A-FIRE C-IND L-12 D-SW.spr,gfx/map/units/T-INFANTRY A-FIRE C-AST L-12 D-SW.spr,T-INFANTRY C-AST A-FIRE D-SW.bmp,V3-IND-KHAKI-WWII-IMP-CS-AST-INF.bmp
sprite,gfx/map/units/T-INFANTRY A-FIRE C-IND L-12 D-W.spr,gfx/map/units/T-INFANTRY A-FIRE C-AST L-12 D-W.spr,T-INFANTRY C-AST A-FIRE D-W.bmp,V3-IND-KHAKI-WWII-IMP-CS-AST-INF.bmp
sprite,gfx/map/units/T-INFANTRY A-FIRE C-IND L-12.spr,gfx/map/units/T-INFANTRY A-FIRE C-AST L-12.spr,T-INFANTRY C-AST A-FIRE D-SE.bmp,V3-IND-KHAKI-WWII-IMP-CS-AST-INF.bmp
sprite,gfx/map/units/T-INFANTRY A-FIRE C-IND L-13 D-E.spr,gfx/map/units/T-INFANTRY A-FIRE C-AST L-13 D-E.spr,T-INFANTRY C-AST A-FIRE D-E.bmp,V3-IND-KHAKI-WWII-IMP-CS-AST-INF.bmp
sprite,gfx/map/units/T-INFANTRY A-FIRE C-IND L-13 D-N.spr,gfx/map/units/T-INFANTRY A-FIRE C-AST L-13 D-N.spr,T-INFANTRY C-AST A-FIRE D-N.bmp,V3-IND-KHAKI-WWII-IMP-CS-AST-INF.bmp
sprite,gfx/map/units/T-INFANTRY A-FIRE C-IND L-13 D-NE.spr,gfx/map/units/T-INFANTRY A-FIRE C-AST L-13 D-NE.spr,T-INFANTRY C-AST A-FIRE D-NE.bmp,V3-IND-KHAKI-WWII-IMP-CS-AST-INF.bmp
sprite,gfx/map/units/T-INFANTRY A-FIRE C-IND L-13 D-NW.spr,gfx/map/units/T-INFANTRY A-FIRE C-AST L-13 D-NW.spr,T-INFANTRY C-AST A-FIRE D-NW.bmp,V3-IND-KHAKI-WWII-IMP-CS-AST-INF.bmp
sprite,gfx/map/units/T-INFANTRY A-FIRE C-IND L-13 D-S.spr,gfx/map/units/T-INFANTRY A-FIRE C-AST L-13 D-S.spr,T-INFANTRY C-AST A-FIRE D-S.bmp,V3-IND-KHAKI-WWII-IMP-CS-AST-INF.bmp
sprite,gfx/map/units/T-INFANTRY A-FIRE C-IND L-13 D-SE.spr,gfx/map/units/T-INFANTRY A-FIRE C-AST L-13 D-SE.spr,T-INFANTRY C-AST A-FIRE D-SE.bmp,V3-IND-KHAKI-WWII-IMP-CS-AST-INF.bmp
sprite,gfx/map/units/T-INFANTRY A-FIRE C-IND L-13 D-SW.spr,gfx/map/units/T-INFANTRY A-FIRE C-AST L-13 D-SW.spr,T-INFANTRY C-AST A-FIRE D-SW.bmp,V3-IND-KHAKI-WWII-IMP-CS-AST-INF.bmp
sprite,gfx/map/units/T-INFANTRY A-FIRE C-IND L-13 D-W.spr,gfx/map/units/T-INFANTRY A-FIRE C-AST L-13 D-W.spr,T-INFANTRY C-AST A-FIRE D-W.bmp,V3-IND-KHAKI-WWII-IMP-CS-AST-INF.bmp
sprite,gfx/map/units/T-INFANTRY A-FIRE C-IND L-13.spr,gfx/map/units/T-INFANTRY A-FIRE C-AST L-13.spr,T-INFANTRY C-AST A-FIRE D-SE.bmp,V3-IND-KHAKI-WWII-IMP-CS-AST-INF.bmp
sprite,gfx/map/units/T-INFANTRY A-FIRE C-IND L-14 D-E.spr,gfx/map/units/T-INFANTRY A-FIRE C-AST L-14 D-E.spr,T-INFANTRY C-AST A-FIRE D-E.bmp,V3-IND-KHAKI-WWII-IMP-CS-AST-INF.bmp
sprite,gfx/map/units/T-INFANTRY A-FIRE C-IND L-14 D-N.spr,gfx/map/units/T-INFANTRY A-FIRE C-AST L-14 D-N.spr,T-INFANTRY C-AST A-FIRE D-N.bmp,V3-IND-KHAKI-WWII-IMP-CS-AST-INF.bmp
sprite,gfx/map/units/T-INFANTRY A-FIRE C-IND L-14 D-NE.spr,gfx/map/units/T-INFANTRY A-FIRE C-AST L-14 D-NE.spr,T-INFANTRY C-AST A-FIRE D-NE.bmp,V3-IND-KHAKI-WWII-IMP-CS-AST-INF.bmp
sprite,gfx/map/units/T-INFANTRY A-FIRE C-IND L-14 D-NW.spr,gfx/map/units/T-INFANTRY A-FIRE C-AST L-14 D-NW.spr,T-INFANTRY C-AST A-FIRE D-NW.bmp,V3-IND-KHAKI-WWII-IMP-CS-AST-INF.bmp
sprite,gfx/map/units/T-INFANTRY A-FIRE C-IND L-14 D-S.spr,gfx/map/units/T-INFANTRY A-FIRE C-AST L-14 D-S.spr,T-INFANTRY C-AST A-FIRE D-S.bmp,V3-IND-KHAKI-WWII-IMP-CS-AST-INF.bmp
sprite,gfx/map/units/T-INFANTRY A-FIRE C-IND L-14 D-SE.spr,gfx/map/units/T-INFANTRY A-FIRE C-AST L-14 D-SE.spr,T-INFANTRY C-AST A-FIRE D-SE.bmp,V3-IND-KHAKI-WWII-IMP-CS-AST-INF.bmp
sprite,gfx/map/units/T-INFANTRY A-FIRE C-IND L-14 D-SW.spr,gfx/map/units/T-INFANTRY A-FIRE C-AST L-14 D-SW.spr,T-INFANTRY C-AST A-FIRE D-SW.bmp,V3-IND-KHAKI-WWII-IMP-CS-AST-INF.bmp
sprite,gfx/map/units/T-INFANTRY A-FIRE C-IND L-14 D-W.spr,gfx/map/units/T-INFANTRY A-FIRE C-AST L-14 D-W.spr,T-INFANTRY C-AST A-FIRE D-W.bmp,V3-IND-KHAKI-WWII-IMP-CS-AST-INF.bmp
sprite,gfx/map/units/T-INFANTRY A-FIRE C-IND L-14.spr,gfx/map/units/T-INFANTRY A-FIRE C-AST L-14.spr,T-INFANTRY C-AST A-FIRE D-SE.bmp,V3-IND-KHAKI-WWII-IMP-CS-AST-INF.bmp
sprite,gfx/map/units/T-INFANTRY A-FIRE C-IND L-15 D-E.spr,gfx/map/units/T-INFANTRY A-FIRE C-AST L-15 D-E.spr,T-INFANTRY C-AST A-FIRE D-E.bmp,V3-IND-KHAKI-WWII-IMP-CS-AST-INF.bmp
sprite,gfx/map/units/T-INFANTRY A-FIRE C-IND L-15 D-N.spr,gfx/map/units/T-INFANTRY A-FIRE C-AST L-15 D-N.spr,T-INFANTRY C-AST A-FIRE D-N.bmp,V3-IND-KHAKI-WWII-IMP-CS-AST-INF.bmp
sprite,gfx/map/units/T-INFANTRY A-FIRE C-IND L-15 D-NE.spr,gfx/map/units/T-INFANTRY A-FIRE C-AST L-15 D-NE.spr,T-INFANTRY C-AST A-FIRE D-NE.bmp,V3-IND-KHAKI-WWII-IMP-CS-AST-INF.bmp
sprite,gfx/map/units/T-INFANTRY A-FIRE C-IND L-15 D-NW.spr,gfx/map/units/T-INFANTRY A-FIRE C-AST L-15 D-NW.spr,T-INFANTRY C-AST A-FIRE D-NW.bmp,V3-IND-KHAKI-WWII-IMP-CS-AST-INF.bmp
sprite,gfx/map/units/T-INFANTRY A-FIRE C-IND L-15 D-S.spr,gfx/map/units/T-INFANTRY A-FIRE C-AST L-15 D-S.spr,T-INFANTRY C-AST A-FIRE D-S.bmp,V3-IND-KHAKI-WWII-IMP-CS-AST-INF.bmp
sprite,gfx/map/units/T-INFANTRY A-FIRE C-IND L-15 D-SE.spr,gfx/map/units/T-INFANTRY A-FIRE C-AST L-15 D-SE.spr,T-INFANTRY C-AST A-FIRE D-SE.bmp,V3-IND-KHAKI-WWII-IMP-CS-AST-INF.bmp
sprite,gfx/map/units/T-INFANTRY A-FIRE C-IND L-15 D-SW.spr,gfx/map/units/T-INFANTRY A-FIRE C-AST L-15 D-SW.spr,T-INFANTRY C-AST A-FIRE D-SW.bmp,V3-IND-KHAKI-WWII-IMP-CS-AST-INF.bmp
sprite,gfx/map/units/T-INFANTRY A-FIRE C-IND L-15 D-W.spr,gfx/map/units/T-INFANTRY A-FIRE C-AST L-15 D-W.spr,T-INFANTRY C-AST A-FIRE D-W.bmp,V3-IND-KHAKI-WWII-IMP-CS-AST-INF.bmp
sprite,gfx/map/units/T-INFANTRY A-FIRE C-IND L-15.spr,gfx/map/units/T-INFANTRY A-FIRE C-AST L-15.spr,T-INFANTRY C-AST A-FIRE D-SE.bmp,V3-IND-KHAKI-WWII-IMP-CS-AST-INF.bmp
sprite,gfx/map/units/T-INFANTRY A-FIRE C-IND L-16 D-E.spr,gfx/map/units/T-INFANTRY A-FIRE C-AST L-16 D-E.spr,T-INFANTRY C-AST A-FIRE D-E.bmp,V3-IND-KHAKI-WWII-IMP-CS-AST-INF.bmp
sprite,gfx/map/units/T-INFANTRY A-FIRE C-IND L-16 D-N.spr,gfx/map/units/T-INFANTRY A-FIRE C-AST L-16 D-N.spr,T-INFANTRY C-AST A-FIRE D-N.bmp,V3-IND-KHAKI-WWII-IMP-CS-AST-INF.bmp
sprite,gfx/map/units/T-INFANTRY A-FIRE C-IND L-16 D-NE.spr,gfx/map/units/T-INFANTRY A-FIRE C-AST L-16 D-NE.spr,T-INFANTRY C-AST A-FIRE D-NE.bmp,V3-IND-KHAKI-WWII-IMP-CS-AST-INF.bmp
sprite,gfx/map/units/T-INFANTRY A-FIRE C-IND L-16 D-NW.spr,gfx/map/units/T-INFANTRY A-FIRE C-AST L-16 D-NW.spr,T-INFANTRY C-AST A-FIRE D-NW.bmp,V3-IND-KHAKI-WWII-IMP-CS-AST-INF.bmp
sprite,gfx/map/units/T-INFANTRY A-FIRE C-IND L-16 D-S.spr,gfx/map/units/T-INFANTRY A-FIRE C-AST L-16 D-S.spr,T-INFANTRY C-AST A-FIRE D-S.bmp,V3-IND-KHAKI-WWII-IMP-CS-AST-INF.bmp
sprite,gfx/map/units/T-INFANTRY A-FIRE C-IND L-16 D-SE.spr,gfx/map/units/T-INFANTRY A-FIRE C-AST L-16 D-SE.spr,T-INFANTRY C-AST A-FIRE D-SE.bmp,V3-IND-KHAKI-WWII-IMP-CS-AST-INF.bmp
sprite,gfx/map/units/T-INFANTRY A-FIRE C-IND L-16 D-SW.spr,gfx/map/units/T-INFANTRY A-FIRE C-AST L-16 D-SW.spr,T-INFANTRY C-AST A-FIRE D-SW.bmp,V3-IND-KHAKI-WWII-IMP-CS-AST-INF.bmp
sprite,gfx/map/units/T-INFANTRY A-FIRE C-IND L-16 D-W.spr,gfx/map/units/T-INFANTRY A-FIRE C-AST L-16 D-W.spr,T-INFANTRY C-AST A-FIRE D-W.bmp,V3-IND-KHAKI-WWII-IMP-CS-AST-INF.bmp
sprite,gfx/map/units/T-INFANTRY A-FIRE C-IND L-16.spr,gfx/map/units/T-INFANTRY A-FIRE C-AST L-16.spr,T-INFANTRY C-AST A-FIRE D-SE.bmp,V3-IND-KHAKI-WWII-IMP-CS-AST-INF.bmp
sprite,gfx/map/units/T-INFANTRY A-FIRE C-IND L-17 D-E.spr,gfx/map/units/T-INFANTRY A-FIRE C-AST L-17 D-E.spr,T-INFANTRY C-AST A-FIRE D-E.bmp,V3-IND-KHAKI-WWII-IMP-CS-AST-INF.bmp
sprite,gfx/map/units/T-INFANTRY A-FIRE C-IND L-17 D-N.spr,gfx/map/units/T-INFANTRY A-FIRE C-AST L-17 D-N.spr,T-INFANTRY C-AST A-FIRE D-N.bmp,V3-IND-KHAKI-WWII-IMP-CS-AST-INF.bmp
sprite,gfx/map/units/T-INFANTRY A-FIRE C-IND L-17 D-NE.spr,gfx/map/units/T-INFANTRY A-FIRE C-AST L-17 D-NE.spr,T-INFANTRY C-AST A-FIRE D-NE.bmp,V3-IND-KHAKI-WWII-IMP-CS-AST-INF.bmp
sprite,gfx/map/units/T-INFANTRY A-FIRE C-IND L-17 D-NW.spr,gfx/map/units/T-INFANTRY A-FIRE C-AST L-17 D-NW.spr,T-INFANTRY C-AST A-FIRE D-NW.bmp,V3-IND-KHAKI-WWII-IMP-CS-AST-INF.bmp
sprite,gfx/map/units/T-INFANTRY A-FIRE C-IND L-17 D-S.spr,gfx/map/units/T-INFANTRY A-FIRE C-AST L-17 D-S.spr,T-INFANTRY C-AST A-FIRE D-S.bmp,V3-IND-KHAKI-WWII-IMP-CS-AST-INF.bmp
sprite,gfx/map/units/T-INFANTRY A-FIRE C-IND L-17 D-SE.spr,gfx/map/units/T-INFANTRY A-FIRE C-AST L-17 D-SE.spr,T-INFANTRY C-AST A-FIRE D-SE.bmp,V3-IND-KHAKI-WWII-IMP-CS-AST-INF.bmp
sprite,gfx/map/units/T-INFANTRY A-FIRE C-IND L-17 D-SW.spr,gfx/map/units/T-INFANTRY A-FIRE C-AST L-17 D-SW.spr,T-INFANTRY C-AST A-FIRE D-SW.bmp,V3-IND-KHAKI-WWII-IMP-CS-AST-INF.bmp
sprite,gfx/map/units/T-INFANTRY A-FIRE C-IND L-17 D-W.spr,gfx/map/units/T-INFANTRY A-FIRE C-AST L-17 D-W.spr,T-INFANTRY C-AST A-FIRE D-W.bmp,V3-IND-KHAKI-WWII-IMP-CS-AST-INF.bmp
sprite,gfx/map/units/T-INFANTRY A-FIRE C-IND L-17.spr,gfx/map/units/T-INFANTRY A-FIRE C-AST L-17.spr,T-INFANTRY C-AST A-FIRE D-SE.bmp,V3-IND-KHAKI-WWII-IMP-CS-AST-INF.bmp
sprite,gfx/map/units/T-INFANTRY A-FIRE C-IND L-18 D-E.spr,gfx/map/units/T-INFANTRY A-FIRE C-AST L-18 D-E.spr,T-INFANTRY C-AST A-FIRE D-E.bmp,V3-IND-KHAKI-WWII-IMP-CS-AST-INF.bmp
sprite,gfx/map/units/T-INFANTRY A-FIRE C-IND L-18 D-N.spr,gfx/map/units/T-INFANTRY A-FIRE C-AST L-18 D-N.spr,T-INFANTRY C-AST A-FIRE D-N.bmp,V3-IND-KHAKI-WWII-IMP-CS-AST-INF.bmp
sprite,gfx/map/units/T-INFANTRY A-FIRE C-IND L-18 D-NE.spr,gfx/map/units/T-INFANTRY A-FIRE C-AST L-18 D-NE.spr,T-INFANTRY C-AST A-FIRE D-NE.bmp,V3-IND-KHAKI-WWII-IMP-CS-AST-INF.bmp
sprite,gfx/map/units/T-INFANTRY A-FIRE C-IND L-18 D-NW.spr,gfx/map/units/T-INFANTRY A-FIRE C-AST L-18 D-NW.spr,T-INFANTRY C-AST A-FIRE D-NW.bmp,V3-IND-KHAKI-WWII-IMP-CS-AST-INF.bmp
sprite,gfx/map/units/T-INFANTRY A-FIRE C-IND L-18 D-S.spr,gfx/map/units/T-INFANTRY A-FIRE C-AST L-18 D-S.spr,T-INFANTRY C-AST A-FIRE D-S.bmp,V3-IND-KHAKI-WWII-IMP-CS-AST-INF.bmp
sprite,gfx/map/units/T-INFANTRY A-FIRE C-IND L-18 D-SE.spr,gfx/map/units/T-INFANTRY A-FIRE C-AST L-18 D-SE.spr,T-INFANTRY C-AST A-FIRE D-SE.bmp,V3-IND-KHAKI-WWII-IMP-CS-AST-INF.bmp
sprite,gfx/map/units/T-INFANTRY A-FIRE C-IND L-18 D-SW.spr,gfx/map/units/T-INFANTRY A-FIRE C-AST L-18 D-SW.spr,T-INFANTRY C-AST A-FIRE D-SW.bmp,V3-IND-KHAKI-WWII-IMP-CS-AST-INF.bmp
sprite,gfx/map/units/T-INFANTRY A-FIRE C-IND L-18 D-W.spr,gfx/map/units/T-INFANTRY A-FIRE C-AST L-18 D-W.spr,T-INFANTRY C-AST A-FIRE D-W.bmp,V3-IND-KHAKI-WWII-IMP-CS-AST-INF.bmp
sprite,gfx/map/units/T-INFANTRY A-FIRE C-IND L-18.spr,gfx/map/units/T-INFANTRY A-FIRE C-AST L-18.spr,T-INFANTRY C-AST A-FIRE D-SE.bmp,V3-IND-KHAKI-WWII-IMP-CS-AST-INF.bmp
sprite,gfx/map/units/T-INFANTRY A-FIRE C-IND L-8 D-E.spr,gfx/map/units/T-INFANTRY A-FIRE C-AST L-8 D-E.spr,T-INFANTRY C-AST A-FIRE D-E.bmp,V3-IND-KHAKI-WWII-IMP-CS-AST-INF.bmp
sprite,gfx/map/units/T-INFANTRY A-FIRE C-IND L-8 D-N.spr,gfx/map/units/T-INFANTRY A-FIRE C-AST L-8 D-N.spr,T-INFANTRY C-AST A-FIRE D-N.bmp,V3-IND-KHAKI-WWII-IMP-CS-AST-INF.bmp
sprite,gfx/map/units/T-INFANTRY A-FIRE C-IND L-8 D-NE.spr,gfx/map/units/T-INFANTRY A-FIRE C-AST L-8 D-NE.spr,T-INFANTRY C-AST A-FIRE D-NE.bmp,V3-IND-KHAKI-WWII-IMP-CS-AST-INF.bmp
sprite,gfx/map/units/T-INFANTRY A-FIRE C-IND L-8 D-NW.spr,gfx/map/units/T-INFANTRY A-FIRE C-AST L-8 D-NW.spr,T-INFANTRY C-AST A-FIRE D-NW.bmp,V3-IND-KHAKI-WWII-IMP-CS-AST-INF.bmp
sprite,gfx/map/units/T-INFANTRY A-FIRE C-IND L-8 D-S.spr,gfx/map/units/T-INFANTRY A-FIRE C-AST L-8 D-S.spr,T-INFANTRY C-AST A-FIRE D-S.bmp,V3-IND-KHAKI-WWII-IMP-CS-AST-INF.bmp
sprite,gfx/map/units/T-INFANTRY A-FIRE C-IND L-8 D-SE.spr,gfx/map/units/T-INFANTRY A-FIRE C-AST L-8 D-SE.spr,T-INFANTRY C-AST A-FIRE D-SE.bmp,V3-IND-KHAKI-WWII-IMP-CS-AST-INF.bmp
sprite,gfx/map/units/T-INFANTRY A-FIRE C-IND L-8 D-SW.spr,gfx/map/units/T-INFANTRY A-FIRE C-AST L-8 D-SW.spr,T-INFANTRY C-AST A-FIRE D-SW.bmp,V3-IND-KHAKI-WWII-IMP-CS-AST-INF.bmp
sprite,gfx/map/units/T-INFANTRY A-FIRE C-IND L-8 D-W.spr,gfx/map/units/T-INFANTRY A-FIRE C-AST L-8 D-W.spr,T-INFANTRY C-AST A-FIRE D-W.bmp,V3-IND-KHAKI-WWII-IMP-CS-AST-INF.bmp
sprite,gfx/map/units/T-INFANTRY A-FIRE C-IND L-8.spr,gfx/map/units/T-INFANTRY A-FIRE C-AST L-8.spr,T-INFANTRY C-AST A-FIRE D-SE.bmp,V3-IND-KHAKI-WWII-IMP-CS-AST-INF.bmp
sprite,gfx/map/units/T-INFANTRY A-FIRE C-IND L-9 D-E.spr,gfx/map/units/T-INFANTRY A-FIRE C-AST L-9 D-E.spr,T-INFANTRY C-AST A-FIRE D-E.bmp,V3-IND-KHAKI-WWII-IMP-CS-AST-INF.bmp
sprite,gfx/map/units/T-INFANTRY A-FIRE C-IND L-9 D-N.spr,gfx/map/units/T-INFANTRY A-FIRE C-AST L-9 D-N.spr,T-INFANTRY C-AST A-FIRE D-N.bmp,V3-IND-KHAKI-WWII-IMP-CS-AST-INF.bmp
sprite,gfx/map/units/T-INFANTRY A-FIRE C-IND L-9 D-NE.spr,gfx/map/units/T-INFANTRY A-FIRE C-AST L-9 D-NE.spr,T-INFANTRY C-AST A-FIRE D-NE.bmp,V3-IND-KHAKI-WWII-IMP-CS-AST-INF.bmp
sprite,gfx/map/units/T-INFANTRY A-FIRE C-IND L-9 D-NW.spr,gfx/map/units/T-INFANTRY A-FIRE C-AST L-9 D-NW.spr,T-INFANTRY C-AST A-FIRE D-NW.bmp,V3-IND-KHAKI-WWII-IMP-CS-AST-INF.bmp
sprite,gfx/map/units/T-INFANTRY A-FIRE C-IND L-9 D-S.spr,gfx/map/units/T-INFANTRY A-FIRE C-AST L-9 D-S.spr,T-INFANTRY C-AST A-FIRE D-S.bmp,V3-IND-KHAKI-WWII-IMP-CS-AST-INF.bmp
sprite,gfx/map/units/T-INFANTRY A-FIRE C-IND L-9 D-SE.spr,gfx/map/units/T-INFANTRY A-FIRE C-AST L-9 D-SE.spr,T-INFANTRY C-AST A-FIRE D-SE.bmp,V3-IND-KHAKI-WWII-IMP-CS-AST-INF.bmp
sprite,gfx/map/units/T-INFANTRY A-FIRE C-IND L-9 D-SW.spr,gfx/map/units/T-INFANTRY A-FIRE C-AST L-9 D-SW.spr,T-INFANTRY C-AST A-FIRE D-SW.bmp,V3-IND-KHAKI-WWII-IMP-CS-AST-INF.bmp
sprite,gfx/map/units/T-INFANTRY A-FIRE C-IND L-9 D-W.spr,gfx/map/units/T-INFANTRY A-FIRE C-AST L-9 D-W.spr,T-INFANTRY C-AST A-FIRE D-W.bmp,V3-IND-KHAKI-WWII-IMP-CS-AST-INF.bmp
sprite,gfx/map/units/T-INFANTRY A-FIRE C-IND L-9.spr,gfx/map/units/T-INFANTRY A-FIRE C-AST L-9.spr,T-INFANTRY C-AST A-FIRE D-SE.bmp,V3-IND-KHAKI-WWII-IMP-CS-AST-INF.bmp
sprite,gfx/map/units/T-INFANTRY A-STAND C-IND L-1.spr,gfx/map/units/T-INFANTRY A-STAND C-AST L-1.spr,T-INFANTRY C-AST A-STAND L-5.bmp,V3-IND-KHAKI-CS-AST-INF-WWI-LTE.bmp
sprite,gfx/map/units/T-INFANTRY A-STAND C-IND L-10.spr,gfx/map/units/T-INFANTRY A-STAND C-AST L-10.spr,T-INFANTRY C-AST A-STAND.bmp,V3-IND-KHAKI-WWII-IMP-CS-AST-INF.bmp
sprite,gfx/map/units/T-INFANTRY A-STAND C-IND L-11.spr,gfx/map/units/T-INFANTRY A-STAND C-AST L-11.spr,T-INFANTRY C-AST A-STAND.bmp,V3-IND-KHAKI-WWII-IMP-CS-AST-INF.bmp
sprite,gfx/map/units/T-INFANTRY A-STAND C-IND L-12.spr,gfx/map/units/T-INFANTRY A-STAND C-AST L-12.spr,T-INFANTRY C-AST A-STAND.bmp,V3-IND-KHAKI-WWII-IMP-CS-AST-INF.bmp
sprite,gfx/map/units/T-INFANTRY A-STAND C-IND L-13.spr,gfx/map/units/T-INFANTRY A-STAND C-AST L-13.spr,T-INFANTRY C-AST A-STAND.bmp,V3-IND-KHAKI-WWII-IMP-CS-AST-INF.bmp
sprite,gfx/map/units/T-INFANTRY A-STAND C-IND L-14.spr,gfx/map/units/T-INFANTRY A-STAND C-AST L-14.spr,T-INFANTRY C-AST A-STAND.bmp,V3-IND-KHAKI-WWII-IMP-CS-AST-INF.bmp
sprite,gfx/map/units/T-INFANTRY A-STAND C-IND L-15.spr,gfx/map/units/T-INFANTRY A-STAND C-AST L-15.spr,T-INFANTRY C-AST A-STAND.bmp,V3-IND-KHAKI-WWII-IMP-CS-AST-INF.bmp
sprite,gfx/map/units/T-INFANTRY A-STAND C-IND L-16.spr,gfx/map/units/T-INFANTRY A-STAND C-AST L-16.spr,T-INFANTRY C-AST A-STAND.bmp,V3-IND-KHAKI-WWII-IMP-CS-AST-INF.bmp
sprite,gfx/map/units/T-INFANTRY A-STAND C-IND L-17.spr,gfx/map/units/T-INFANTRY A-STAND C-AST L-17.spr,T-INFANTRY C-AST A-STAND.bmp,V3-IND-KHAKI-WWII-IMP-CS-AST-INF.bmp
sprite,gfx/map/units/T-INFANTRY A-STAND C-IND L-18.spr,gfx/map/units/T-INFANTRY A-STAND C-AST L-18.spr,T-INFANTRY C-AST A-STAND.bmp,V3-IND-KHAKI-WWII-IMP-CS-AST-INF.bmp
sprite,gfx/map/units/T-INFANTRY A-STAND C-IND L-8.spr,gfx/map/units/T-INFANTRY A-STAND C-AST L-8.spr,T-INFANTRY C-AST A-STAND.bmp,V3-IND-KHAKI-WWII-IMP-CS-AST-INF.bmp
sprite,gfx/map/units/T-INFANTRY A-STAND C-IND L-9.spr,gfx/map/units/T-INFANTRY A-STAND C-AST L-9.spr,T-INFANTRY C-AST A-STAND.bmp,V3-IND-KHAKI-WWII-IMP-CS-AST-INF.bmp
sprite,gfx/map/units/T-INFANTRY A-WALK C-IND L-1 D-E.spr,gfx/map/units/T-INFANTRY A-WALK C-AST L-1 D-E.spr,T-INFANTRY C-AST A-WALK D-E L-5.bmp,V3-IND-KHAKI-CS-AST-INF-WWI-LTE.bmp
sprite,gfx/map/units/T-INFANTRY A-WALK C-IND L-1 D-N.spr,gfx/map/units/T-INFANTRY A-WALK C-AST L-1 D-N.spr,T-INFANTRY C-AST A-WALK D-N L-5.bmp,V3-IND-KHAKI-CS-AST-INF-WWI-LTE.bmp
sprite,gfx/map/units/T-INFANTRY A-WALK C-IND L-1 D-NE.spr,gfx/map/units/T-INFANTRY A-WALK C-AST L-1 D-NE.spr,T-INFANTRY C-AST A-WALK D-NE L-5.bmp,V3-IND-KHAKI-CS-AST-INF-WWI-LTE.bmp
sprite,gfx/map/units/T-INFANTRY A-WALK C-IND L-1 D-NW.spr,gfx/map/units/T-INFANTRY A-WALK C-AST L-1 D-NW.spr,T-INFANTRY C-AST A-WALK D-NW L-5.bmp,V3-IND-KHAKI-CS-AST-INF-WWI-LTE.bmp
sprite,gfx/map/units/T-INFANTRY A-WALK C-IND L-1 D-S.spr,gfx/map/units/T-INFANTRY A-WALK C-AST L-1 D-S.spr,T-INFANTRY C-AST A-WALK D-S L-5.bmp,V3-IND-KHAKI-CS-AST-INF-WWI-LTE.bmp
sprite,gfx/map/units/T-INFANTRY A-WALK C-IND L-1 D-SE.spr,gfx/map/units/T-INFANTRY A-WALK C-AST L-1 D-SE.spr,T-INFANTRY C-AST A-WALK D-SE L-5.bmp,V3-IND-KHAKI-CS-AST-INF-WWI-LTE.bmp
sprite,gfx/map/units/T-INFANTRY A-WALK C-IND L-1 D-SW.spr,gfx/map/units/T-INFANTRY A-WALK C-AST L-1 D-SW.spr,T-INFANTRY C-AST A-WALK D-SW L-5.bmp,V3-IND-KHAKI-CS-AST-INF-WWI-LTE.bmp
sprite,gfx/map/units/T-INFANTRY A-WALK C-IND L-1 D-W.spr,gfx/map/units/T-INFANTRY A-WALK C-AST L-1 D-W.spr,T-INFANTRY C-AST A-WALK D-W L-5.bmp,V3-IND-KHAKI-CS-AST-INF-WWI-LTE.bmp
sprite,gfx/map/units/T-INFANTRY A-WALK C-IND L-10 D-E.spr,gfx/map/units/T-INFANTRY A-WALK C-AST L-10 D-E.spr,T-INFANTRY C-AST A-WALK D-E.bmp,V3-IND-KHAKI-WWII-IMP-CS-AST-INF.bmp
sprite,gfx/map/units/T-INFANTRY A-WALK C-IND L-10 D-N.spr,gfx/map/units/T-INFANTRY A-WALK C-AST L-10 D-N.spr,T-INFANTRY C-AST A-WALK D-N.bmp,V3-IND-KHAKI-WWII-IMP-CS-AST-INF.bmp
sprite,gfx/map/units/T-INFANTRY A-WALK C-IND L-10 D-NE.spr,gfx/map/units/T-INFANTRY A-WALK C-AST L-10 D-NE.spr,T-INFANTRY C-AST A-WALK D-NE.bmp,V3-IND-KHAKI-WWII-IMP-CS-AST-INF.bmp
sprite,gfx/map/units/T-INFANTRY A-WALK C-IND L-10 D-NW.spr,gfx/map/units/T-INFANTRY A-WALK C-AST L-10 D-NW.spr,T-INFANTRY C-AST A-WALK D-NW.bmp,V3-IND-KHAKI-WWII-IMP-CS-AST-INF.bmp
sprite,gfx/map/units/T-INFANTRY A-WALK C-IND L-10 D-S.spr,gfx/map/units/T-INFANTRY A-WALK C-AST L-10 D-S.spr,T-INFANTRY C-AST A-WALK D-S.bmp,V3-IND-KHAKI-WWII-IMP-CS-AST-INF.bmp
sprite,gfx/map/units/T-INFANTRY A-WALK C-IND L-10 D-SE.spr,gfx/map/units/T-INFANTRY A-WALK C-AST L-10 D-SE.spr,T-INFANTRY C-AST A-WALK D-SE.bmp,V3-IND-KHAKI-WWII-IMP-CS-AST-INF.bmp
sprite,gfx/map/units/T-INFANTRY A-WALK C-IND L-10 D-SW.spr,gfx/map/units/T-INFANTRY A-WALK C-AST L-10 D-SW.spr,T-INFANTRY C-AST A-WALK D-SW.bmp,V3-IND-KHAKI-WWII-IMP-CS-AST-INF.bmp
sprite,gfx/map/units/T-INFANTRY A-WALK C-IND L-10 D-W.spr,gfx/map/units/T-INFANTRY A-WALK C-AST L-10 D-W.spr,T-INFANTRY C-AST A-WALK D-W.bmp,V3-IND-KHAKI-WWII-IMP-CS-AST-INF.bmp
sprite,gfx/map/units/T-INFANTRY A-WALK C-IND L-11 D-E.spr,gfx/map/units/T-INFANTRY A-WALK C-AST L-11 D-E.spr,T-INFANTRY C-AST A-WALK D-E.bmp,V3-IND-KHAKI-WWII-IMP-CS-AST-INF.bmp
sprite,gfx/map/units/T-INFANTRY A-WALK C-IND L-11 D-N.spr,gfx/map/units/T-INFANTRY A-WALK C-AST L-11 D-N.spr,T-INFANTRY C-AST A-WALK D-N.bmp,V3-IND-KHAKI-WWII-IMP-CS-AST-INF.bmp
sprite,gfx/map/units/T-INFANTRY A-WALK C-IND L-11 D-NE.spr,gfx/map/units/T-INFANTRY A-WALK C-AST L-11 D-NE.spr,T-INFANTRY C-AST A-WALK D-NE.bmp,V3-IND-KHAKI-WWII-IMP-CS-AST-INF.bmp
sprite,gfx/map/units/T-INFANTRY A-WALK C-IND L-11 D-NW.spr,gfx/map/units/T-INFANTRY A-WALK C-AST L-11 D-NW.spr,T-INFANTRY C-AST A-WALK D-NW.bmp,V3-IND-KHAKI-WWII-IMP-CS-AST-INF.bmp
sprite,gfx/map/units/T-INFANTRY A-WALK C-IND L-11 D-S.spr,gfx/map/units/T-INFANTRY A-WALK C-AST L-11 D-S.spr,T-INFANTRY C-AST A-WALK D-S.bmp,V3-IND-KHAKI-WWII-IMP-CS-AST-INF.bmp
sprite,gfx/map/units/T-INFANTRY A-WALK C-IND L-11 D-SE.spr,gfx/map/units/T-INFANTRY A-WALK C-AST L-11 D-SE.spr,T-INFANTRY C-AST A-WALK D-SE.bmp,V3-IND-KHAKI-WWII-IMP-CS-AST-INF.bmp
sprite,gfx/map/units/T-INFANTRY A-WALK C-IND L-11 D-SW.spr,gfx/map/units/T-INFANTRY A-WALK C-AST L-11 D-SW.spr,T-INFANTRY C-AST A-WALK D-SW.bmp,V3-IND-KHAKI-WWII-IMP-CS-AST-INF.bmp
sprite,gfx/map/units/T-INFANTRY A-WALK C-IND L-11 D-W.spr,gfx/map/units/T-INFANTRY A-WALK C-AST L-11 D-W.spr,T-INFANTRY C-AST A-WALK D-W.bmp,V3-IND-KHAKI-WWII-IMP-CS-AST-INF.bmp
sprite,gfx/map/units/T-INFANTRY A-WALK C-IND L-12 D-E.spr,gfx/map/units/T-INFANTRY A-WALK C-AST L-12 D-E.spr,T-INFANTRY C-AST A-WALK D-E.bmp,V3-IND-KHAKI-WWII-IMP-CS-AST-INF.bmp
sprite,gfx/map/units/T-INFANTRY A-WALK C-IND L-12 D-N.spr,gfx/map/units/T-INFANTRY A-WALK C-AST L-12 D-N.spr,T-INFANTRY C-AST A-WALK D-N.bmp,V3-IND-KHAKI-WWII-IMP-CS-AST-INF.bmp
sprite,gfx/map/units/T-INFANTRY A-WALK C-IND L-12 D-NE.spr,gfx/map/units/T-INFANTRY A-WALK C-AST L-12 D-NE.spr,T-INFANTRY C-AST A-WALK D-NE.bmp,V3-IND-KHAKI-WWII-IMP-CS-AST-INF.bmp
sprite,gfx/map/units/T-INFANTRY A-WALK C-IND L-12 D-NW.spr,gfx/map/units/T-INFANTRY A-WALK C-AST L-12 D-NW.spr,T-INFANTRY C-AST A-WALK D-NW.bmp,V3-IND-KHAKI-WWII-IMP-CS-AST-INF.bmp
sprite,gfx/map/units/T-INFANTRY A-WALK C-IND L-12 D-S.spr,gfx/map/units/T-INFANTRY A-WALK C-AST L-12 D-S.spr,T-INFANTRY C-AST A-WALK D-S.bmp,V3-IND-KHAKI-WWII-IMP-CS-AST-INF.bmp
sprite,gfx/map/units/T-INFANTRY A-WALK C-IND L-12 D-SE.spr,gfx/map/units/T-INFANTRY A-WALK C-AST L-12 D-SE.spr,T-INFANTRY C-AST A-WALK D-SE.bmp,V3-IND-KHAKI-WWII-IMP-CS-AST-INF.bmp
sprite,gfx/map/units/T-INFANTRY A-WALK C-IND L-12 D-SW.spr,gfx/map/units/T-INFANTRY A-WALK C-AST L-12 D-SW.spr,T-INFANTRY C-AST A-WALK D-SW.bmp,V3-IND-KHAKI-WWII-IMP-CS-AST-INF.bmp
sprite,gfx/map/units/T-INFANTRY A-WALK C-IND L-12 D-W.spr,gfx/map/units/T-INFANTRY A-WALK C-AST L-12 D-W.spr,T-INFANTRY C-AST A-WALK D-W.bmp,V3-IND-KHAKI-WWII-IMP-CS-AST-INF.bmp
sprite,gfx/map/units/T-INFANTRY A-WALK C-IND L-13 D-E.spr,gfx/map/units/T-INFANTRY A-WALK C-AST L-13 D-E.spr,T-INFANTRY C-AST A-WALK D-E.bmp,V3-IND-KHAKI-WWII-IMP-CS-AST-INF.bmp
sprite,gfx/map/units/T-INFANTRY A-WALK C-IND L-13 D-N.spr,gfx/map/units/T-INFANTRY A-WALK C-AST L-13 D-N.spr,T-INFANTRY C-AST A-WALK D-N.bmp,V3-IND-KHAKI-WWII-IMP-CS-AST-INF.bmp
sprite,gfx/map/units/T-INFANTRY A-WALK C-IND L-13 D-NE.spr,gfx/map/units/T-INFANTRY A-WALK C-AST L-13 D-NE.spr,T-INFANTRY C-AST A-WALK D-NE.bmp,V3-IND-KHAKI-WWII-IMP-CS-AST-INF.bmp
sprite,gfx/map/units/T-INFANTRY A-WALK C-IND L-13 D-NW.spr,gfx/map/units/T-INFANTRY A-WALK C-AST L-13 D-NW.spr,T-INFANTRY C-AST A-WALK D-NW.bmp,V3-IND-KHAKI-WWII-IMP-CS-AST-INF.bmp
sprite,gfx/map/units/T-INFANTRY A-WALK C-IND L-13 D-S.spr,gfx/map/units/T-INFANTRY A-WALK C-AST L-13 D-S.spr,T-INFANTRY C-AST A-WALK D-S.bmp,V3-IND-KHAKI-WWII-IMP-CS-AST-INF.bmp
sprite,gfx/map/units/T-INFANTRY A-WALK C-IND L-13 D-SE.spr,gfx/map/units/T-INFANTRY A-WALK C-AST L-13 D-SE.spr,T-INFANTRY C-AST A-WALK D-SE.bmp,V3-IND-KHAKI-WWII-IMP-CS-AST-INF.bmp
sprite,gfx/map/units/T-INFANTRY A-WALK C-IND L-13 D-SW.spr,gfx/map/units/T-INFANTRY A-WALK C-AST L-13 D-SW.spr,T-INFANTRY C-AST A-WALK D-SW.bmp,V3-IND-KHAKI-WWII-IMP-CS-AST-INF.bmp
sprite,gfx/map/units/T-INFANTRY A-WALK C-IND L-13 D-W.spr,gfx/map/units/T-INFANTRY A-WALK C-AST L-13 D-W.spr,T-INFANTRY C-AST A-WALK D-W.bmp,V3-IND-KHAKI-WWII-IMP-CS-AST-INF.bmp
sprite,gfx/map/units/T-INFANTRY A-WALK C-IND L-14 D-E.spr,gfx/map/units/T-INFANTRY A-WALK C-AST L-14 D-E.spr,T-INFANTRY C-AST A-WALK D-E.bmp,V3-IND-KHAKI-WWII-IMP-CS-AST-INF.bmp
sprite,gfx/map/units/T-INFANTRY A-WALK C-IND L-14 D-N.spr,gfx/map/units/T-INFANTRY A-WALK C-AST L-14 D-N.spr,T-INFANTRY C-AST A-WALK D-N.bmp,V3-IND-KHAKI-WWII-IMP-CS-AST-INF.bmp
sprite,gfx/map/units/T-INFANTRY A-WALK C-IND L-14 D-NE.spr,gfx/map/units/T-INFANTRY A-WALK C-AST L-14 D-NE.spr,T-INFANTRY C-AST A-WALK D-NE.bmp,V3-IND-KHAKI-WWII-IMP-CS-AST-INF.bmp
sprite,gfx/map/units/T-INFANTRY A-WALK C-IND L-14 D-NW.spr,gfx/map/units/T-INFANTRY A-WALK C-AST L-14 D-NW.spr,T-INFANTRY C-AST A-WALK D-NW.bmp,V3-IND-KHAKI-WWII-IMP-CS-AST-INF.bmp
sprite,gfx/map/units/T-INFANTRY A-WALK C-IND L-14 D-S.spr,gfx/map/units/T-INFANTRY A-WALK C-AST L-14 D-S.spr,T-INFANTRY C-AST A-WALK D-S.bmp,V3-IND-KHAKI-WWII-IMP-CS-AST-INF.bmp
sprite,gfx/map/units/T-INFANTRY A-WALK C-IND L-14 D-SE.spr,gfx/map/units/T-INFANTRY A-WALK C-AST L-14 D-SE.spr,T-INFANTRY C-AST A-WALK D-SE.bmp,V3-IND-KHAKI-WWII-IMP-CS-AST-INF.bmp
sprite,gfx/map/units/T-INFANTRY A-WALK C-IND L-14 D-SW.spr,gfx/map/units/T-INFANTRY A-WALK C-AST L-14 D-SW.spr,T-INFANTRY C-AST A-WALK D-SW.bmp,V3-IND-KHAKI-WWII-IMP-CS-AST-INF.bmp
sprite,gfx/map/units/T-INFANTRY A-WALK C-IND L-14 D-W.spr,gfx/map/units/T-INFANTRY A-WALK C-AST L-14 D-W.spr,T-INFANTRY C-AST A-WALK D-W.bmp,V3-IND-KHAKI-WWII-IMP-CS-AST-INF.bmp
sprite,gfx/map/units/T-INFANTRY A-WALK C-IND L-15 D-E.spr,gfx/map/units/T-INFANTRY A-WALK C-AST L-15 D-E.spr,T-INFANTRY C-AST A-WALK D-E.bmp,V3-IND-KHAKI-WWII-IMP-CS-AST-INF.bmp
sprite,gfx/map/units/T-INFANTRY A-WALK C-IND L-15 D-N.spr,gfx/map/units/T-INFANTRY A-WALK C-AST L-15 D-N.spr,T-INFANTRY C-AST A-WALK D-N.bmp,V3-IND-KHAKI-WWII-IMP-CS-AST-INF.bmp
sprite,gfx/map/units/T-INFANTRY A-WALK C-IND L-15 D-NE.spr,gfx/map/units/T-INFANTRY A-WALK C-AST L-15 D-NE.spr,T-INFANTRY C-AST A-WALK D-NE.bmp,V3-IND-KHAKI-WWII-IMP-CS-AST-INF.bmp
sprite,gfx/map/units/T-INFANTRY A-WALK C-IND L-15 D-NW.spr,gfx/map/units/T-INFANTRY A-WALK C-AST L-15 D-NW.spr,T-INFANTRY C-AST A-WALK D-NW.bmp,V3-IND-KHAKI-WWII-IMP-CS-AST-INF.bmp
sprite,gfx/map/units/T-INFANTRY A-WALK C-IND L-15 D-S.spr,gfx/map/units/T-INFANTRY A-WALK C-AST L-15 D-S.spr,T-INFANTRY C-AST A-WALK D-S.bmp,V3-IND-KHAKI-WWII-IMP-CS-AST-INF.bmp
sprite,gfx/map/units/T-INFANTRY A-WALK C-IND L-15 D-SE.spr,gfx/map/units/T-INFANTRY A-WALK C-AST L-15 D-SE.spr,T-INFANTRY C-AST A-WALK D-SE.bmp,V3-IND-KHAKI-WWII-IMP-CS-AST-INF.bmp
sprite,gfx/map/units/T-INFANTRY A-WALK C-IND L-15 D-SW.spr,gfx/map/units/T-INFANTRY A-WALK C-AST L-15 D-SW.spr,T-INFANTRY C-AST A-WALK D-SW.bmp,V3-IND-KHAKI-WWII-IMP-CS-AST-INF.bmp
sprite,gfx/map/units/T-INFANTRY A-WALK C-IND L-15 D-W.spr,gfx/map/units/T-INFANTRY A-WALK C-AST L-15 D-W.spr,T-INFANTRY C-AST A-WALK D-W.bmp,V3-IND-KHAKI-WWII-IMP-CS-AST-INF.bmp
sprite,gfx/map/units/T-INFANTRY A-WALK C-IND L-16 D-E.spr,gfx/map/units/T-INFANTRY A-WALK C-AST L-16 D-E.spr,T-INFANTRY C-AST A-WALK D-E.bmp,V3-IND-KHAKI-WWII-IMP-CS-AST-INF.bmp
sprite,gfx/map/units/T-INFANTRY A-WALK C-IND L-16 D-N.spr,gfx/map/units/T-INFANTRY A-WALK C-AST L-16 D-N.spr,T-INFANTRY C-AST A-WALK D-N.bmp,V3-IND-KHAKI-WWII-IMP-CS-AST-INF.bmp
sprite,gfx/map/units/T-INFANTRY A-WALK C-IND L-16 D-NE.spr,gfx/map/units/T-INFANTRY A-WALK C-AST L-16 D-NE.spr,T-INFANTRY C-AST A-WALK D-NE.bmp,V3-IND-KHAKI-WWII-IMP-CS-AST-INF.bmp
sprite,gfx/map/units/T-INFANTRY A-WALK C-IND L-16 D-NW.spr,gfx/map/units/T-INFANTRY A-WALK C-AST L-16 D-NW.spr,T-INFANTRY C-AST A-WALK D-NW.bmp,V3-IND-KHAKI-WWII-IMP-CS-AST-INF.bmp
sprite,gfx/map/units/T-INFANTRY A-WALK C-IND L-16 D-S.spr,gfx/map/units/T-INFANTRY A-WALK C-AST L-16 D-S.spr,T-INFANTRY C-AST A-WALK D-S.bmp,V3-IND-KHAKI-WWII-IMP-CS-AST-INF.bmp
sprite,gfx/map/units/T-INFANTRY A-WALK C-IND L-16 D-SE.spr,gfx/map/units/T-INFANTRY A-WALK C-AST L-16 D-SE.spr,T-INFANTRY C-AST A-WALK D-SE.bmp,V3-IND-KHAKI-WWII-IMP-CS-AST-INF.bmp
sprite,gfx/map/units/T-INFANTRY A-WALK C-IND L-16 D-SW.spr,gfx/map/units/T-INFANTRY A-WALK C-AST L-16 D-SW.spr,T-INFANTRY C-AST A-WALK D-SW.bmp,V3-IND-KHAKI-WWII-IMP-CS-AST-INF.bmp
sprite,gfx/map/units/T-INFANTRY A-WALK C-IND L-16 D-W.spr,gfx/map/units/T-INFANTRY A-WALK C-AST L-16 D-W.spr,T-INFANTRY C-AST A-WALK D-W.bmp,V3-IND-KHAKI-WWII-IMP-CS-AST-INF.bmp
sprite,gfx/map/units/T-INFANTRY A-WALK C-IND L-17 D-E.spr,gfx/map/units/T-INFANTRY A-WALK C-AST L-17 D-E.spr,T-INFANTRY C-AST A-WALK D-E.bmp,V3-IND-KHAKI-WWII-IMP-CS-AST-INF.bmp
sprite,gfx/map/units/T-INFANTRY A-WALK C-IND L-17 D-N.spr,gfx/map/units/T-INFANTRY A-WALK C-AST L-17 D-N.spr,T-INFANTRY C-AST A-WALK D-N.bmp,V3-IND-KHAKI-WWII-IMP-CS-AST-INF.bmp
sprite,gfx/map/units/T-INFANTRY A-WALK C-IND L-17 D-NE.spr,gfx/map/units/T-INFANTRY A-WALK C-AST L-17 D-NE.spr,T-INFANTRY C-AST A-WALK D-NE.bmp,V3-IND-KHAKI-WWII-IMP-CS-AST-INF.bmp
sprite,gfx/map/units/T-INFANTRY A-WALK C-IND L-17 D-NW.spr,gfx/map/units/T-INFANTRY A-WALK C-AST L-17 D-NW.spr,T-INFANTRY C-AST A-WALK D-NW.bmp,V3-IND-KHAKI-WWII-IMP-CS-AST-INF.bmp
sprite,gfx/map/units/T-INFANTRY A-WALK C-IND L-17 D-S.spr,gfx/map/units/T-INFANTRY A-WALK C-AST L-17 D-S.spr,T-INFANTRY C-AST A-WALK D-S.bmp,V3-IND-KHAKI-WWII-IMP-CS-AST-INF.bmp
sprite,gfx/map/units/T-INFANTRY A-WALK C-IND L-17 D-SE.spr,gfx/map/units/T-INFANTRY A-WALK C-AST L-17 D-SE.spr,T-INFANTRY C-AST A-WALK D-SE.bmp,V3-IND-KHAKI-WWII-IMP-CS-AST-INF.bmp
sprite,gfx/map/units/T-INFANTRY A-WALK C-IND L-17 D-SW.spr,gfx/map/units/T-INFANTRY A-WALK C-AST L-17 D-SW.spr,T-INFANTRY C-AST A-WALK D-SW.bmp,V3-IND-KHAKI-WWII-IMP-CS-AST-INF.bmp
sprite,gfx/map/units/T-INFANTRY A-WALK C-IND L-17 D-W.spr,gfx/map/units/T-INFANTRY A-WALK C-AST L-17 D-W.spr,T-INFANTRY C-AST A-WALK D-W.bmp,V3-IND-KHAKI-WWII-IMP-CS-AST-INF.bmp
sprite,gfx/map/units/T-INFANTRY A-WALK C-IND L-18 D-E.spr,gfx/map/units/T-INFANTRY A-WALK C-AST L-18 D-E.spr,T-INFANTRY C-AST A-WALK D-E.bmp,V3-IND-KHAKI-WWII-IMP-CS-AST-INF.bmp
sprite,gfx/map/units/T-INFANTRY A-WALK C-IND L-18 D-N.spr,gfx/map/units/T-INFANTRY A-WALK C-AST L-18 D-N.spr,T-INFANTRY C-AST A-WALK D-N.bmp,V3-IND-KHAKI-WWII-IMP-CS-AST-INF.bmp
sprite,gfx/map/units/T-INFANTRY A-WALK C-IND L-18 D-NE.spr,gfx/map/units/T-INFANTRY A-WALK C-AST L-18 D-NE.spr,T-INFANTRY C-AST A-WALK D-NE.bmp,V3-IND-KHAKI-WWII-IMP-CS-AST-INF.bmp
sprite,gfx/map/units/T-INFANTRY A-WALK C-IND L-18 D-NW.spr,gfx/map/units/T-INFANTRY A-WALK C-AST L-18 D-NW.spr,T-INFANTRY C-AST A-WALK D-NW.bmp,V3-IND-KHAKI-WWII-IMP-CS-AST-INF.bmp
sprite,gfx/map/units/T-INFANTRY A-WALK C-IND L-18 D-S.spr,gfx/map/units/T-INFANTRY A-WALK C-AST L-18 D-S.spr,T-INFANTRY C-AST A-WALK D-S.bmp,V3-IND-KHAKI-WWII-IMP-CS-AST-INF.bmp
sprite,gfx/map/units/T-INFANTRY A-WALK C-IND L-18 D-SE.spr,gfx/map/units/T-INFANTRY A-WALK C-AST L-18 D-SE.spr,T-INFANTRY C-AST A-WALK D-SE.bmp,V3-IND-KHAKI-WWII-IMP-CS-AST-INF.bmp
sprite,gfx/map/units/T-INFANTRY A-WALK C-IND L-18 D-SW.spr,gfx/map/units/T-INFANTRY A-WALK C-AST L-18 D-SW.spr,T-INFANTRY C-AST A-WALK D-SW.bmp,V3-IND-KHAKI-WWII-IMP-CS-AST-INF.bmp
sprite,gfx/map/units/T-INFANTRY A-WALK C-IND L-18 D-W.spr,gfx/map/units/T-INFANTRY A-WALK C-AST L-18 D-W.spr,T-INFANTRY C-AST A-WALK D-W.bmp,V3-IND-KHAKI-WWII-IMP-CS-AST-INF.bmp
sprite,gfx/map/units/T-INFANTRY A-WALK C-IND L-8 D-E.spr,gfx/map/units/T-INFANTRY A-WALK C-AST L-8 D-E.spr,T-INFANTRY C-AST A-WALK D-E.bmp,V3-IND-KHAKI-WWII-IMP-CS-AST-INF.bmp
sprite,gfx/map/units/T-INFANTRY A-WALK C-IND L-8 D-N.spr,gfx/map/units/T-INFANTRY A-WALK C-AST L-8 D-N.spr,T-INFANTRY C-AST A-WALK D-N.bmp,V3-IND-KHAKI-WWII-IMP-CS-AST-INF.bmp
sprite,gfx/map/units/T-INFANTRY A-WALK C-IND L-8 D-NE.spr,gfx/map/units/T-INFANTRY A-WALK C-AST L-8 D-NE.spr,T-INFANTRY C-AST A-WALK D-NE.bmp,V3-IND-KHAKI-WWII-IMP-CS-AST-INF.bmp
sprite,gfx/map/units/T-INFANTRY A-WALK C-IND L-8 D-NW.spr,gfx/map/units/T-INFANTRY A-WALK C-AST L-8 D-NW.spr,T-INFANTRY C-AST A-WALK D-NW.bmp,V3-IND-KHAKI-WWII-IMP-CS-AST-INF.bmp
sprite,gfx/map/units/T-INFANTRY A-WALK C-IND L-8 D-S.spr,gfx/map/units/T-INFANTRY A-WALK C-AST L-8 D-S.spr,T-INFANTRY C-AST A-WALK D-S.bmp,V3-IND-KHAKI-WWII-IMP-CS-AST-INF.bmp
sprite,gfx/map/units/T-INFANTRY A-WALK C-IND L-8 D-SE.spr,gfx/map/units/T-INFANTRY A-WALK C-AST L-8 D-SE.spr,T-INFANTRY C-AST A-WALK D-SE.bmp,V3-IND-KHAKI-WWII-IMP-CS-AST-INF.bmp
sprite,gfx/map/units/T-INFANTRY A-WALK C-IND L-8 D-SW.spr,gfx/map/units/T-INFANTRY A-WALK C-AST L-8 D-SW.spr,T-INFANTRY C-AST A-WALK D-SW.bmp,V3-IND-KHAKI-WWII-IMP-CS-AST-INF.bmp
sprite,gfx/map/units/T-INFANTRY A-WALK C-IND L-8 D-W.spr,gfx/map/units/T-INFANTRY A-WALK C-AST L-8 D-W.spr,T-INFANTRY C-AST A-WALK D-W.bmp,V3-IND-KHAKI-WWII-IMP-CS-AST-INF.bmp
sprite,gfx/map/units/T-INFANTRY A-WALK C-IND L-9 D-E.spr,gfx/map/units/T-INFANTRY A-WALK C-AST L-9 D-E.spr,T-INFANTRY C-AST A-WALK D-E.bmp,V3-IND-KHAKI-WWII-IMP-CS-AST-INF.bmp
sprite,gfx/map/units/T-INFANTRY A-WALK C-IND L-9 D-N.spr,gfx/map/units/T-INFANTRY A-WALK C-AST L-9 D-N.spr,T-INFANTRY C-AST A-WALK D-N.bmp,V3-IND-KHAKI-WWII-IMP-CS-AST-INF.bmp
sprite,gfx/map/units/T-INFANTRY A-WALK C-IND L-9 D-NE.spr,gfx/map/units/T-INFANTRY A-WALK C-AST L-9 D-NE.spr,T-INFANTRY C-AST A-WALK D-NE.bmp,V3-IND-KHAKI-WWII-IMP-CS-AST-INF.bmp
sprite,gfx/map/units/T-INFANTRY A-WALK C-IND L-9 D-NW.spr,gfx/map/units/T-INFANTRY A-WALK C-AST L-9 D-NW.spr,T-INFANTRY C-AST A-WALK D-NW.bmp,V3-IND-KHAKI-WWII-IMP-CS-AST-INF.bmp
sprite,gfx/map/units/T-INFANTRY A-WALK C-IND L-9 D-S.spr,gfx/map/units/T-INFANTRY A-WALK C-AST L-9 D-S.spr,T-INFANTRY C-AST A-WALK D-S.bmp,V3-IND-KHAKI-WWII-IMP-CS-AST-INF.bmp
sprite,gfx/map/units/T-INFANTRY A-WALK C-IND L-9 D-SE.spr,gfx/map/units/T-INFANTRY A-WALK C-AST L-9 D-SE.spr,T-INFANTRY C-AST A-WALK D-SE.bmp,V3-IND-KHAKI-WWII-IMP-CS-AST-INF.bmp
sprite,gfx/map/units/T-INFANTRY A-WALK C-IND L-9 D-SW.spr,gfx/map/units/T-INFANTRY A-WALK C-AST L-9 D-SW.spr,T-INFANTRY C-AST A-WALK D-SW.bmp,V3-IND-KHAKI-WWII-IMP-CS-AST-INF.bmp
sprite,gfx/map/units/T-INFANTRY A-WALK C-IND L-9 D-W.spr,gfx/map/units/T-INFANTRY A-WALK C-AST L-9 D-W.spr,T-INFANTRY C-AST A-WALK D-W.bmp,V3-IND-KHAKI-WWII-IMP-CS-AST-INF.bmp
sprite,gfx/map/units/T-INTERCEPTOR A-FIRE C-IND L-1 D-NE.spr,gfx/map/units/T-INTERCEPTOR A-FIRE C-AST L-1 D-NE.spr,DH2-F-NE.bmp,V3-IND-AIR-DH2.bmp
sprite,gfx/map/units/T-INTERCEPTOR A-FIRE C-IND L-1 D-SW.spr,gfx/map/units/T-INTERCEPTOR A-FIRE C-AST L-1 D-SW.spr,DH2-F-SW.bmp,V3-IND-AIR-DH2.bmp
sprite,gfx/map/units/T-INTERCEPTOR A-FIRE C-IND L-10 D-NE.spr,gfx/map/units/T-INTERCEPTOR A-FIRE C-AST L-10 D-NE.spr,T-INTERCEPTOR A-FIRE C-USA L-2 D-NE.bmp,V3-IND-AIR-Didimau.bmp
sprite,gfx/map/units/T-INTERCEPTOR A-FIRE C-IND L-10 D-SW.spr,gfx/map/units/T-INTERCEPTOR A-FIRE C-AST L-10 D-SW.spr,T-INTERCEPTOR A-FIRE C-USA L-2 D-SW.bmp,V3-IND-AIR-Didimau.bmp
sprite,gfx/map/units/T-INTERCEPTOR A-FIRE C-IND L-11 D-NE.spr,gfx/map/units/T-INTERCEPTOR A-FIRE C-AST L-11 D-NE.spr,T-INTERCEPTOR A-FIRE C-USA L-2 D-NE.bmp,V3-IND-AIR-Didimau.bmp
sprite,gfx/map/units/T-INTERCEPTOR A-FIRE C-IND L-11 D-SW.spr,gfx/map/units/T-INTERCEPTOR A-FIRE C-AST L-11 D-SW.spr,T-INTERCEPTOR A-FIRE C-USA L-2 D-SW.bmp,V3-IND-AIR-Didimau.bmp
sprite,gfx/map/units/T-INTERCEPTOR A-FIRE C-IND L-12 D-NE.spr,gfx/map/units/T-INTERCEPTOR A-FIRE C-AST L-12 D-NE.spr,T-FIGHTER A-FIRE C-USA L-5 D-NE.bmp,V3-IND-AIR-Jagdtiger.bmp
sprite,gfx/map/units/T-INTERCEPTOR A-FIRE C-IND L-12 D-SW.spr,gfx/map/units/T-INTERCEPTOR A-FIRE C-AST L-12 D-SW.spr,T-FIGHTER A-FIRE C-USA L-5 D-SW.bmp,V3-IND-AIR-Jagdtiger.bmp
sprite,gfx/map/units/T-INTERCEPTOR A-FIRE C-IND L-13 D-NE.spr,gfx/map/units/T-INTERCEPTOR A-FIRE C-AST L-13 D-NE.spr,T-FIGHTER A-FIRE C-USA L-5 D-NE.bmp,V3-IND-AIR-Jagdtiger.bmp
sprite,gfx/map/units/T-INTERCEPTOR A-FIRE C-IND L-13 D-SW.spr,gfx/map/units/T-INTERCEPTOR A-FIRE C-AST L-13 D-SW.spr,T-FIGHTER A-FIRE C-USA L-5 D-SW.bmp,V3-IND-AIR-Jagdtiger.bmp
sprite,gfx/map/units/T-INTERCEPTOR A-FIRE C-IND L-14 D-NE.spr,gfx/map/units/T-INTERCEPTOR A-FIRE C-AST L-14 D-NE.spr,T-FIGHTER A-FIRE C-USA L-5 D-NE.bmp,V3-IND-AIR-Jagdtiger.bmp
sprite,gfx/map/units/T-INTERCEPTOR A-FIRE C-IND L-14 D-SW.spr,gfx/map/units/T-INTERCEPTOR A-FIRE C-AST L-14 D-SW.spr,T-FIGHTER A-FIRE C-USA L-5 D-SW.bmp,V3-IND-AIR-Jagdtiger.bmp
sprite,gfx/map/units/T-INTERCEPTOR A-FIRE C-IND L-15 D-NE.spr,gfx/map/units/T-INTERCEPTOR A-FIRE C-AST L-15 D-NE.spr,T-FIGHTER A-FIRE C-USA L-5 D-NE.bmp,V3-IND-AIR-Jagdtiger.bmp
sprite,gfx/map/units/T-INTERCEPTOR A-FIRE C-IND L-15 D-SW.spr,gfx/map/units/T-INTERCEPTOR A-FIRE C-AST L-15 D-SW.spr,T-FIGHTER A-FIRE C-USA L-5 D-SW.bmp,V3-IND-AIR-Jagdtiger.bmp
sprite,gfx/map/units/T-INTERCEPTOR A-FIRE C-IND L-16 D-NE.spr,gfx/map/units/T-INTERCEPTOR A-FIRE C-AST L-16 D-NE.spr,T-FIGHTER A-FIRE C-USA L-5 D-NE.bmp,V3-IND-AIR-Jagdtiger.bmp
sprite,gfx/map/units/T-INTERCEPTOR A-FIRE C-IND L-16 D-SW.spr,gfx/map/units/T-INTERCEPTOR A-FIRE C-AST L-16 D-SW.spr,T-FIGHTER A-FIRE C-USA L-5 D-SW.bmp,V3-IND-AIR-Jagdtiger.bmp
sprite,gfx/map/units/T-INTERCEPTOR A-FIRE C-IND L-17 D-NE.spr,gfx/map/units/T-INTERCEPTOR A-FIRE C-AST L-17 D-NE.spr,T-FIGHTER A-FIRE C-USA L-5 D-NE.bmp,V3-IND-AIR-Jagdtiger.bmp
sprite,gfx/map/units/T-INTERCEPTOR A-FIRE C-IND L-17 D-SW.spr,gfx/map/units/T-INTERCEPTOR A-FIRE C-AST L-17 D-SW.spr,T-FIGHTER A-FIRE C-USA L-5 D-SW.bmp,V3-IND-AIR-Jagdtiger.bmp
sprite,gfx/map/units/T-INTERCEPTOR A-FIRE C-IND L-4 D-NE.spr,gfx/map/units/T-INTERCEPTOR A-FIRE C-AST L-4 D-NE.spr,SoC-F-NE.bmp,V3-IND-AIR-SoC.bmp
sprite,gfx/map/units/T-INTERCEPTOR A-FIRE C-IND L-4 D-SW.spr,gfx/map/units/T-INTERCEPTOR A-FIRE C-AST L-4 D-SW.spr,SoC-F-SW.bmp,V3-IND-AIR-SoC.bmp
sprite,gfx/map/units/T-INTERCEPTOR A-FIRE C-IND L-5 D-NE.spr,gfx/map/units/T-INTERCEPTOR A-FIRE C-AST L-5 D-NE.spr,SoC-F-NE.bmp,V3-IND-AIR-SoC.bmp
sprite,gfx/map/units/T-INTERCEPTOR A-FIRE C-IND L-5 D-SW.spr,gfx/map/units/T-INTERCEPTOR A-FIRE C-AST L-5 D-SW.spr,SoC-F-SW.bmp,V3-IND-AIR-SoC.bmp
sprite,gfx/map/units/T-INTERCEPTOR A-FIRE C-IND L-6 D-NE.spr,gfx/map/units/T-INTERCEPTOR A-FIRE C-AST L-6 D-NE.spr,SoC-F-NE.bmp,V3-IND-AIR-SoC.bmp
sprite,gfx/map/units/T-INTERCEPTOR A-FIRE C-IND L-6 D-SW.spr,gfx/map/units/T-INTERCEPTOR A-FIRE C-AST L-6 D-SW.spr,SoC-F-SW.bmp,V3-IND-AIR-SoC.bmp
sprite,gfx/map/units/T-INTERCEPTOR A-FIRE C-IND L-7 D-NE.spr,gfx/map/units/T-INTERCEPTOR A-FIRE C-AST L-7 D-NE.spr,SoC-F-NE.bmp,V3-IND-AIR-SoC.bmp
sprite,gfx/map/units/T-INTERCEPTOR A-FIRE C-IND L-7 D-SW.spr,gfx/map/units/T-INTERCEPTOR A-FIRE C-AST L-7 D-SW.spr,SoC-F-SW.bmp,V3-IND-AIR-SoC.bmp
sprite,gfx/map/units/T-INTERCEPTOR A-FIRE C-IND L-8 D-NE.spr,gfx/map/units/T-INTERCEPTOR A-FIRE C-AST L-8 D-NE.spr,SoC-F-NE.bmp,V3-IND-AIR-SoC.bmp
sprite,gfx/map/units/T-INTERCEPTOR A-FIRE C-IND L-8 D-SW.spr,gfx/map/units/T-INTERCEPTOR A-FIRE C-AST L-8 D-SW.spr,SoC-F-SW.bmp,V3-IND-AIR-SoC.bmp
sprite,gfx/map/units/T-INTERCEPTOR A-FIRE C-IND L-9 D-NE.spr,gfx/map/units/T-INTERCEPTOR A-FIRE C-AST L-9 D-NE.spr,T-INTERCEPTOR A-FIRE C-USA L-2 D-NE.bmp,V3-IND-AIR-Didimau.bmp
sprite,gfx/map/units/T-INTERCEPTOR A-FIRE C-IND L-9 D-SW.spr,gfx/map/units/T-INTERCEPTOR A-FIRE C-AST L-9 D-SW.spr,T-INTERCEPTOR A-FIRE C-USA L-2 D-SW.bmp,V3-IND-AIR-Didimau.bmp
sprite,gfx/map/units/T-INTERCEPTOR A-STAND C-IND L-1.spr,gfx/map/units/T-INTERCEPTOR A-STAND C-AST L-1.spr,DH2-W-SW.bmp,V3-IND-AIR-DH2.bmp
sprite,gfx/map/units/T-INTERCEPTOR A-STAND C-IND L-10.spr,gfx/map/units/T-INTERCEPTOR A-STAND C-AST L-10.spr,T-INTERCEPTOR A-WALK C-USA L-2 D-SW.bmp,V3-IND-AIR-Didimau.bmp
sprite,gfx/map/units/T-INTERCEPTOR A-STAND C-IND L-11.spr,gfx/map/units/T-INTERCEPTOR A-STAND C-AST L-11.spr,T-INTERCEPTOR A-WALK C-USA L-2 D-SW.bmp,V3-IND-AIR-Didimau.bmp
sprite,gfx/map/units/T-INTERCEPTOR A-STAND C-IND L-12.spr,gfx/map/units/T-INTERCEPTOR A-STAND C-AST L-12.spr,T-FIGHTER A-WALK C-USA L-5 D-SW.bmp,V3-IND-AIR-Jagdtiger.bmp
sprite,gfx/map/units/T-INTERCEPTOR A-STAND C-IND L-13.spr,gfx/map/units/T-INTERCEPTOR A-STAND C-AST L-13.spr,T-FIGHTER A-WALK C-USA L-5 D-SW.bmp,V3-IND-AIR-Jagdtiger.bmp
sprite,gfx/map/units/T-INTERCEPTOR A-STAND C-IND L-14.spr,gfx/map/units/T-INTERCEPTOR A-STAND C-AST L-14.spr,T-FIGHTER A-WALK C-USA L-5 D-SW.bmp,V3-IND-AIR-Jagdtiger.bmp
sprite,gfx/map/units/T-INTERCEPTOR A-STAND C-IND L-15.spr,gfx/map/units/T-INTERCEPTOR A-STAND C-AST L-15.spr,T-FIGHTER A-WALK C-USA L-5 D-SW.bmp,V3-IND-AIR-Jagdtiger.bmp
sprite,gfx/map/units/T-INTERCEPTOR A-STAND C-IND L-16.spr,gfx/map/units/T-INTERCEPTOR A-STAND C-AST L-16.spr,T-FIGHTER A-WALK C-USA L-5 D-SW.bmp,V3-IND-AIR-Jagdtiger.bmp
sprite,gfx/map/units/T-INTERCEPTOR A-STAND C-IND L-17.spr,gfx/map/units/T-INTERCEPTOR A-STAND C-AST L-17.spr,T-FIGHTER A-WALK C-USA L-5 D-SW.bmp,V3-IND-AIR-Jagdtiger.bmp
sprite,gfx/map/units/T-INTERCEPTOR A-STAND C-IND L-4.spr,gfx/map/units/T-INTERCEPTOR A-STAND C-AST L-4.spr,SoC-W-SW.bmp,V3-IND-AIR-SoC.bmp
sprite,gfx/map/units/T-INTERCEPTOR A-STAND C-IND L-5.spr,gfx/map/units/T-INTERCEPTOR A-STAND C-AST L-5.spr,SoC-W-SW.bmp,V3-IND-AIR-SoC.bmp
sprite,gfx/map/units/T-INTERCEPTOR A-STAND C-IND L-6.spr,gfx/map/units/T-INTERCEPTOR A-STAND C-AST L-6.spr,SoC-W-SW.bmp,V3-IND-AIR-SoC.bmp
sprite,gfx/map/units/T-INTERCEPTOR A-STAND C-IND L-7.spr,gfx/map/units/T-INTERCEPTOR A-STAND C-AST L-7.spr,SoC-W-SW.bmp,V3-IND-AIR-SoC.bmp
sprite,gfx/map/units/T-INTERCEPTOR A-STAND C-IND L-8.spr,gfx/map/units/T-INTERCEPTOR A-STAND C-AST L-8.spr,SoC-W-SW.bmp,V3-IND-AIR-SoC.bmp
sprite,gfx/map/units/T-INTERCEPTOR A-STAND C-IND L-9.spr,gfx/map/units/T-INTERCEPTOR A-STAND C-AST L-9.spr,T-INTERCEPTOR A-WALK C-USA L-2 D-SW.bmp,V3-IND-AIR-Didimau.bmp
sprite,gfx/map/units/T-INTERCEPTOR A-WALK C-IND L-1 D-E.spr,gfx/map/units/T-INTERCEPTOR A-WALK C-AST L-1 D-E.spr,DH2-W-E.bmp,V3-IND-AIR-DH2.bmp
sprite,gfx/map/units/T-INTERCEPTOR A-WALK C-IND L-1 D-N.spr,gfx/map/units/T-INTERCEPTOR A-WALK C-AST L-1 D-N.spr,DH2-W-N.bmp,V3-IND-AIR-DH2.bmp
sprite,gfx/map/units/T-INTERCEPTOR A-WALK C-IND L-1 D-NE.spr,gfx/map/units/T-INTERCEPTOR A-WALK C-AST L-1 D-NE.spr,DH2-W-NE.bmp,V3-IND-AIR-DH2.bmp
sprite,gfx/map/units/T-INTERCEPTOR A-WALK C-IND L-1 D-NW.spr,gfx/map/units/T-INTERCEPTOR A-WALK C-AST L-1 D-NW.spr,DH2-W-NW.bmp,V3-IND-AIR-DH2.bmp
sprite,gfx/map/units/T-INTERCEPTOR A-WALK C-IND L-1 D-S.spr,gfx/map/units/T-INTERCEPTOR A-WALK C-AST L-1 D-S.spr,DH2-W-S.bmp,V3-IND-AIR-DH2.bmp
sprite,gfx/map/units/T-INTERCEPTOR A-WALK C-IND L-1 D-SE.spr,gfx/map/units/T-INTERCEPTOR A-WALK C-AST L-1 D-SE.spr,DH2-W-SE.bmp,V3-IND-AIR-DH2.bmp
sprite,gfx/map/units/T-INTERCEPTOR A-WALK C-IND L-1 D-SW.spr,gfx/map/units/T-INTERCEPTOR A-WALK C-AST L-1 D-SW.spr,DH2-W-SW.bmp,V3-IND-AIR-DH2.bmp
sprite,gfx/map/units/T-INTERCEPTOR A-WALK C-IND L-1 D-W.spr,gfx/map/units/T-INTERCEPTOR A-WALK C-AST L-1 D-W.spr,DH2-W-W.bmp,V3-IND-AIR-DH2.bmp
sprite,gfx/map/units/T-INTERCEPTOR A-WALK C-IND L-10 D-E.spr,gfx/map/units/T-INTERCEPTOR A-WALK C-AST L-10 D-E.spr,T-INTERCEPTOR A-WALK C-USA L-2 D-E.bmp,V3-IND-AIR-Didimau.bmp
sprite,gfx/map/units/T-INTERCEPTOR A-WALK C-IND L-10 D-N.spr,gfx/map/units/T-INTERCEPTOR A-WALK C-AST L-10 D-N.spr,T-INTERCEPTOR A-WALK C-USA L-2 D-N.bmp,V3-IND-AIR-Didimau.bmp
sprite,gfx/map/units/T-INTERCEPTOR A-WALK C-IND L-10 D-NE.spr,gfx/map/units/T-INTERCEPTOR A-WALK C-AST L-10 D-NE.spr,T-INTERCEPTOR A-WALK C-USA L-2 D-NE.bmp,V3-IND-AIR-Didimau.bmp
sprite,gfx/map/units/T-INTERCEPTOR A-WALK C-IND L-10 D-NW.spr,gfx/map/units/T-INTERCEPTOR A-WALK C-AST L-10 D-NW.spr,T-INTERCEPTOR A-WALK C-USA L-2 D-NW.bmp,V3-IND-AIR-Didimau.bmp
sprite,gfx/map/units/T-INTERCEPTOR A-WALK C-IND L-10 D-S.spr,gfx/map/units/T-INTERCEPTOR A-WALK C-AST L-10 D-S.spr,T-INTERCEPTOR A-WALK C-USA L-2 D-S.bmp,V3-IND-AIR-Didimau.bmp
sprite,gfx/map/units/T-INTERCEPTOR A-WALK C-IND L-10 D-SE.spr,gfx/map/units/T-INTERCEPTOR A-WALK C-AST L-10 D-SE.spr,T-INTERCEPTOR A-WALK C-USA L-2 D-SE.bmp,V3-IND-AIR-Didimau.bmp
sprite,gfx/map/units/T-INTERCEPTOR A-WALK C-IND L-10 D-SW.spr,gfx/map/units/T-INTERCEPTOR A-WALK C-AST L-10 D-SW.spr,T-INTERCEPTOR A-WALK C-USA L-2 D-SW.bmp,V3-IND-AIR-Didimau.bmp
sprite,gfx/map/units/T-INTERCEPTOR A-WALK C-IND L-10 D-W.spr,gfx/map/units/T-INTERCEPTOR A-WALK C-AST L-10 D-W.spr,T-INTERCEPTOR A-WALK C-USA L-2 D-W.bmp,V3-IND-AIR-Didimau.bmp
sprite,gfx/map/units/T-INTERCEPTOR A-WALK C-IND L-11 D-E.spr,gfx/map/units/T-INTERCEPTOR A-WALK C-AST L-11 D-E.spr,T-INTERCEPTOR A-WALK C-USA L-2 D-E.bmp,V3-IND-AIR-Didimau.bmp
sprite,gfx/map/units/T-INTERCEPTOR A-WALK C-IND L-11 D-N.spr,gfx/map/units/T-INTERCEPTOR A-WALK C-AST L-11 D-N.spr,T-INTERCEPTOR A-WALK C-USA L-2 D-N.bmp,V3-IND-AIR-Didimau.bmp
sprite,gfx/map/units/T-INTERCEPTOR A-WALK C-IND L-11 D-NE.spr,gfx/map/units/T-INTERCEPTOR A-WALK C-AST L-11 D-NE.spr,T-INTERCEPTOR A-WALK C-USA L-2 D-NE.bmp,V3-IND-AIR-Didimau.bmp
sprite,gfx/map/units/T-INTERCEPTOR A-WALK C-IND L-11 D-NW.spr,gfx/map/units/T-INTERCEPTOR A-WALK C-AST L-11 D-NW.spr,T-INTERCEPTOR A-WALK C-USA L-2 D-NW.bmp,V3-IND-AIR-Didimau.bmp
sprite,gfx/map/units/T-INTERCEPTOR A-WALK C-IND L-11 D-S.spr,gfx/map/units/T-INTERCEPTOR A-WALK C-AST L-11 D-S.spr,T-INTERCEPTOR A-WALK C-USA L-2 D-S.bmp,V3-IND-AIR-Didimau.bmp
sprite,gfx/map/units/T-INTERCEPTOR A-WALK C-IND L-11 D-SE.spr,gfx/map/units/T-INTERCEPTOR A-WALK C-AST L-11 D-SE.spr,T-INTERCEPTOR A-WALK C-USA L-2 D-SE.bmp,V3-IND-AIR-Didimau.bmp
sprite,gfx/map/units/T-INTERCEPTOR A-WALK C-IND L-11 D-SW.spr,gfx/map/units/T-INTERCEPTOR A-WALK C-AST L-11 D-SW.spr,T-INTERCEPTOR A-WALK C-USA L-2 D-SW.bmp,V3-IND-AIR-Didimau.bmp
sprite,gfx/map/units/T-INTERCEPTOR A-WALK C-IND L-11 D-W.spr,gfx/map/units/T-INTERCEPTOR A-WALK C-AST L-11 D-W.spr,T-INTERCEPTOR A-WALK C-USA L-2 D-W.bmp,V3-IND-AIR-Didimau.bmp
sprite,gfx/map/units/T-INTERCEPTOR A-WALK C-IND L-12 D-E.spr,gfx/map/units/T-INTERCEPTOR A-WALK C-AST L-12 D-E.spr,T-FIGHTER A-WALK C-USA L-5 D-E.bmp,V3-IND-AIR-Jagdtiger.bmp
sprite,gfx/map/units/T-INTERCEPTOR A-WALK C-IND L-12 D-N.spr,gfx/map/units/T-INTERCEPTOR A-WALK C-AST L-12 D-N.spr,T-FIGHTER A-WALK C-USA L-5 D-N.bmp,V3-IND-AIR-Jagdtiger.bmp
sprite,gfx/map/units/T-INTERCEPTOR A-WALK C-IND L-12 D-NE.spr,gfx/map/units/T-INTERCEPTOR A-WALK C-AST L-12 D-NE.spr,T-FIGHTER A-WALK C-USA L-5 D-NE.bmp,V3-IND-AIR-Jagdtiger.bmp
sprite,gfx/map/units/T-INTERCEPTOR A-WALK C-IND L-12 D-NW.spr,gfx/map/units/T-INTERCEPTOR A-WALK C-AST L-12 D-NW.spr,T-FIGHTER A-WALK C-USA L-5 D-NW.bmp,V3-IND-AIR-Jagdtiger.bmp
sprite,gfx/map/units/T-INTERCEPTOR A-WALK C-IND L-12 D-S.spr,gfx/map/units/T-INTERCEPTOR A-WALK C-AST L-12 D-S.spr,T-FIGHTER A-WALK C-USA L-5 D-S.bmp,V3-IND-AIR-Jagdtiger.bmp
sprite,gfx/map/units/T-INTERCEPTOR A-WALK C-IND L-12 D-SE.spr,gfx/map/units/T-INTERCEPTOR A-WALK C-AST L-12 D-SE.spr,T-FIGHTER A-WALK C-USA L-5 D-SE.bmp,V3-IND-AIR-Jagdtiger.bmp
sprite,gfx/map/units/T-INTERCEPTOR A-WALK C-IND L-12 D-SW.spr,gfx/map/units/T-INTERCEPTOR A-WALK C-AST L-12 D-SW.spr,T-FIGHTER A-WALK C-USA L-5 D-SW.bmp,V3-IND-AIR-Jagdtiger.bmp
sprite,gfx/map/units/T-INTERCEPTOR A-WALK C-IND L-12 D-W.spr,gfx/map/units/T-INTERCEPTOR A-WALK C-AST L-12 D-W.spr,T-FIGHTER A-WALK C-USA L-5 D-W.bmp,V3-IND-AIR-Jagdtiger.bmp
sprite,gfx/map/units/T-INTERCEPTOR A-WALK C-IND L-13 D-E.spr,gfx/map/units/T-INTERCEPTOR A-WALK C-AST L-13 D-E.spr,T-FIGHTER A-WALK C-USA L-5 D-E.bmp,V3-IND-AIR-Jagdtiger.bmp
sprite,gfx/map/units/T-INTERCEPTOR A-WALK C-IND L-13 D-N.spr,gfx/map/units/T-INTERCEPTOR A-WALK C-AST L-13 D-N.spr,T-FIGHTER A-WALK C-USA L-5 D-N.bmp,V3-IND-AIR-Jagdtiger.bmp
sprite,gfx/map/units/T-INTERCEPTOR A-WALK C-IND L-13 D-NE.spr,gfx/map/units/T-INTERCEPTOR A-WALK C-AST L-13 D-NE.spr,T-FIGHTER A-WALK C-USA L-5 D-NE.bmp,V3-IND-AIR-Jagdtiger.bmp
sprite,gfx/map/units/T-INTERCEPTOR A-WALK C-IND L-13 D-NW.spr,gfx/map/units/T-INTERCEPTOR A-WALK C-AST L-13 D-NW.spr,T-FIGHTER A-WALK C-USA L-5 D-NW.bmp,V3-IND-AIR-Jagdtiger.bmp
sprite,gfx/map/units/T-INTERCEPTOR A-WALK C-IND L-13 D-S.spr,gfx/map/units/T-INTERCEPTOR A-WALK C-AST L-13 D-S.spr,T-FIGHTER A-WALK C-USA L-5 D-S.bmp,V3-IND-AIR-Jagdtiger.bmp
sprite,gfx/map/units/T-INTERCEPTOR A-WALK C-IND L-13 D-SE.spr,gfx/map/units/T-INTERCEPTOR A-WALK C-AST L-13 D-SE.spr,T-FIGHTER A-WALK C-USA L-5 D-SE.bmp,V3-IND-AIR-Jagdtiger.bmp
sprite,gfx/map/units/T-INTERCEPTOR A-WALK C-IND L-13 D-SW.spr,gfx/map/units/T-INTERCEPTOR A-WALK C-AST L-13 D-SW.spr,T-FIGHTER A-WALK C-USA L-5 D-SW.bmp,V3-IND-AIR-Jagdtiger.bmp
sprite,gfx/map/units/T-INTERCEPTOR A-WALK C-IND L-13 D-W.spr,gfx/map/units/T-INTERCEPTOR A-WALK C-AST L-13 D-W.spr,T-FIGHTER A-WALK C-USA L-5 D-W.bmp,V3-IND-AIR-Jagdtiger.bmp
sprite,gfx/map/units/T-INTERCEPTOR A-WALK C-IND L-14 D-E.spr,gfx/map/units/T-INTERCEPTOR A-WALK C-AST L-14 D-E.spr,T-FIGHTER A-WALK C-USA L-5 D-E.bmp,V3-IND-AIR-Jagdtiger.bmp
sprite,gfx/map/units/T-INTERCEPTOR A-WALK C-IND L-14 D-N.spr,gfx/map/units/T-INTERCEPTOR A-WALK C-AST L-14 D-N.spr,T-FIGHTER A-WALK C-USA L-5 D-N.bmp,V3-IND-AIR-Jagdtiger.bmp
sprite,gfx/map/units/T-INTERCEPTOR A-WALK C-IND L-14 D-NE.spr,gfx/map/units/T-INTERCEPTOR A-WALK C-AST L-14 D-NE.spr,T-FIGHTER A-WALK C-USA L-5 D-NE.bmp,V3-IND-AIR-Jagdtiger.bmp
sprite,gfx/map/units/T-INTERCEPTOR A-WALK C-IND L-14 D-NW.spr,gfx/map/units/T-INTERCEPTOR A-WALK C-AST L-14 D-NW.spr,T-FIGHTER A-WALK C-USA L-5 D-NW.bmp,V3-IND-AIR-Jagdtiger.bmp
sprite,gfx/map/units/T-INTERCEPTOR A-WALK C-IND L-14 D-S.spr,gfx/map/units/T-INTERCEPTOR A-WALK C-AST L-14 D-S.spr,T-FIGHTER A-WALK C-USA L-5 D-S.bmp,V3-IND-AIR-Jagdtiger.bmp
sprite,gfx/map/units/T-INTERCEPTOR A-WALK C-IND L-14 D-SE.spr,gfx/map/units/T-INTERCEPTOR A-WALK C-AST L-14 D-SE.spr,T-FIGHTER A-WALK C-USA L-5 D-SE.bmp,V3-IND-AIR-Jagdtiger.bmp
sprite,gfx/map/units/T-INTERCEPTOR A-WALK C-IND L-14 D-SW.spr,gfx/map/units/T-INTERCEPTOR A-WALK C-AST L-14 D-SW.spr,T-FIGHTER A-WALK C-USA L-5 D-SW.bmp,V3-IND-AIR-Jagdtiger.bmp
sprite,gfx/map/units/T-INTERCEPTOR A-WALK C-IND L-14 D-W.spr,gfx/map/units/T-INTERCEPTOR A-WALK C-AST L-14 D-W.spr,T-FIGHTER A-WALK C-USA L-5 D-W.bmp,V3-IND-AIR-Jagdtiger.bmp
sprite,gfx/map/units/T-INTERCEPTOR A-WALK C-IND L-15 D-E.spr,gfx/map/units/T-INTERCEPTOR A-WALK C-AST L-15 D-E.spr,T-FIGHTER A-WALK C-USA L-5 D-E.bmp,V3-IND-AIR-Jagdtiger.bmp
sprite,gfx/map/units/T-INTERCEPTOR A-WALK C-IND L-15 D-N.spr,gfx/map/units/T-INTERCEPTOR A-WALK C-AST L-15 D-N.spr,T-FIGHTER A-WALK C-USA L-5 D-N.bmp,V3-IND-AIR-Jagdtiger.bmp
sprite,gfx/map/units/T-INTERCEPTOR A-WALK C-IND L-15 D-NE.spr,gfx/map/units/T-INTERCEPTOR A-WALK C-AST L-15 D-NE.spr,T-FIGHTER A-WALK C-USA L-5 D-NE.bmp,V3-IND-AIR-Jagdtiger.bmp
sprite,gfx/map/units/T-INTERCEPTOR A-WALK C-IND L-15 D-NW.spr,gfx/map/units/T-INTERCEPTOR A-WALK C-AST L-15 D-NW.spr,T-FIGHTER A-WALK C-USA L-5 D-NW.bmp,V3-IND-AIR-Jagdtiger.bmp
sprite,gfx/map/units/T-INTERCEPTOR A-WALK C-IND L-15 D-S.spr,gfx/map/units/T-INTERCEPTOR A-WALK C-AST L-15 D-S.spr,T-FIGHTER A-WALK C-USA L-5 D-S.bmp,V3-IND-AIR-Jagdtiger.bmp
sprite,gfx/map/units/T-INTERCEPTOR A-WALK C-IND L-15 D-SE.spr,gfx/map/units/T-INTERCEPTOR A-WALK C-AST L-15 D-SE.spr,T-FIGHTER A-WALK C-USA L-5 D-SE.bmp,V3-IND-AIR-Jagdtiger.bmp
sprite,gfx/map/units/T-INTERCEPTOR A-WALK C-IND L-15 D-SW.spr,gfx/map/units/T-INTERCEPTOR A-WALK C-AST L-15 D-SW.spr,T-FIGHTER A-WALK C-USA L-5 D-SW.bmp,V3-IND-AIR-Jagdtiger.bmp
sprite,gfx/map/units/T-INTERCEPTOR A-WALK C-IND L-15 D-W.spr,gfx/map/units/T-INTERCEPTOR A-WALK C-AST L-15 D-W.spr,T-FIGHTER A-WALK C-USA L-5 D-W.bmp,V3-IND-AIR-Jagdtiger.bmp
sprite,gfx/map/units/T-INTERCEPTOR A-WALK C-IND L-16 D-E.spr,gfx/map/units/T-INTERCEPTOR A-WALK C-AST L-16 D-E.spr,T-FIGHTER A-WALK C-USA L-5 D-E.bmp,V3-IND-AIR-Jagdtiger.bmp
sprite,gfx/map/units/T-INTERCEPTOR A-WALK C-IND L-16 D-N.spr,gfx/map/units/T-INTERCEPTOR A-WALK C-AST L-16 D-N.spr,T-FIGHTER A-WALK C-USA L-5 D-N.bmp,V3-IND-AIR-Jagdtiger.bmp
sprite,gfx/map/units/T-INTERCEPTOR A-WALK C-IND L-16 D-NE.spr,gfx/map/units/T-INTERCEPTOR A-WALK C-AST L-16 D-NE.spr,T-FIGHTER A-WALK C-USA L-5 D-NE.bmp,V3-IND-AIR-Jagdtiger.bmp
sprite,gfx/map/units/T-INTERCEPTOR A-WALK C-IND L-16 D-NW.spr,gfx/map/units/T-INTERCEPTOR A-WALK C-AST L-16 D-NW.spr,T-FIGHTER A-WALK C-USA L-5 D-NW.bmp,V3-IND-AIR-Jagdtiger.bmp
sprite,gfx/map/units/T-INTERCEPTOR A-WALK C-IND L-16 D-S.spr,gfx/map/units/T-INTERCEPTOR A-WALK C-AST L-16 D-S.spr,T-FIGHTER A-WALK C-USA L-5 D-S.bmp,V3-IND-AIR-Jagdtiger.bmp
sprite,gfx/map/units/T-INTERCEPTOR A-WALK C-IND L-16 D-SE.spr,gfx/map/units/T-INTERCEPTOR A-WALK C-AST L-16 D-SE.spr,T-FIGHTER A-WALK C-USA L-5 D-SE.bmp,V3-IND-AIR-Jagdtiger.bmp
sprite,gfx/map/units/T-INTERCEPTOR A-WALK C-IND L-16 D-SW.spr,gfx/map/units/T-INTERCEPTOR A-WALK C-AST L-16 D-SW.spr,T-FIGHTER A-WALK C-USA L-5 D-SW.bmp,V3-IND-AIR-Jagdtiger.bmp
sprite,gfx/map/units/T-INTERCEPTOR A-WALK C-IND L-16 D-W.spr,gfx/map/units/T-INTERCEPTOR A-WALK C-AST L-16 D-W.spr,T-FIGHTER A-WALK C-USA L-5 D-W.bmp,V3-IND-AIR-Jagdtiger.bmp
sprite,gfx/map/units/T-INTERCEPTOR A-WALK C-IND L-17 D-E.spr,gfx/map/units/T-INTERCEPTOR A-WALK C-AST L-17 D-E.spr,T-FIGHTER A-WALK C-USA L-5 D-E.bmp,V3-IND-AIR-Jagdtiger.bmp
sprite,gfx/map/units/T-INTERCEPTOR A-WALK C-IND L-17 D-N.spr,gfx/map/units/T-INTERCEPTOR A-WALK C-AST L-17 D-N.spr,T-FIGHTER A-WALK C-USA L-5 D-N.bmp,V3-IND-AIR-Jagdtiger.bmp
sprite,gfx/map/units/T-INTERCEPTOR A-WALK C-IND L-17 D-NE.spr,gfx/map/units/T-INTERCEPTOR A-WALK C-AST L-17 D-NE.spr,T-FIGHTER A-WALK C-USA L-5 D-NE.bmp,V3-IND-AIR-Jagdtiger.bmp
sprite,gfx/map/units/T-INTERCEPTOR A-WALK C-IND L-17 D-NW.spr,gfx/map/units/T-INTERCEPTOR A-WALK C-AST L-17 D-NW.spr,T-FIGHTER A-WALK C-USA L-5 D-NW.bmp,V3-IND-AIR-Jagdtiger.bmp
sprite,gfx/map/units/T-INTERCEPTOR A-WALK C-IND L-17 D-S.spr,gfx/map/units/T-INTERCEPTOR A-WALK C-AST L-17 D-S.spr,T-FIGHTER A-WALK C-USA L-5 D-S.bmp,V3-IND-AIR-Jagdtiger.bmp
sprite,gfx/map/units/T-INTERCEPTOR A-WALK C-IND L-17 D-SE.spr,gfx/map/units/T-INTERCEPTOR A-WALK C-AST L-17 D-SE.spr,T-FIGHTER A-WALK C-USA L-5 D-SE.bmp,V3-IND-AIR-Jagdtiger.bmp
sprite,gfx/map/units/T-INTERCEPTOR A-WALK C-IND L-17 D-SW.spr,gfx/map/units/T-INTERCEPTOR A-WALK C-AST L-17 D-SW.spr,T-FIGHTER A-WALK C-USA L-5 D-SW.bmp,V3-IND-AIR-Jagdtiger.bmp
sprite,gfx/map/units/T-INTERCEPTOR A-WALK C-IND L-17 D-W.spr,gfx/map/units/T-INTERCEPTOR A-WALK C-AST L-17 D-W.spr,T-FIGHTER A-WALK C-USA L-5 D-W.bmp,V3-IND-AIR-Jagdtiger.bmp
sprite,gfx/map/units/T-INTERCEPTOR A-WALK C-IND L-4 D-E.spr,gfx/map/units/T-INTERCEPTOR A-WALK C-AST L-4 D-E.spr,SoC-W-E.bmp,V3-IND-AIR-SoC.bmp
sprite,gfx/map/units/T-INTERCEPTOR A-WALK C-IND L-4 D-N.spr,gfx/map/units/T-INTERCEPTOR A-WALK C-AST L-4 D-N.spr,SoC-W-N.bmp,V3-IND-AIR-SoC.bmp
sprite,gfx/map/units/T-INTERCEPTOR A-WALK C-IND L-4 D-NE.spr,gfx/map/units/T-INTERCEPTOR A-WALK C-AST L-4 D-NE.spr,SoC-W-NE.bmp,V3-IND-AIR-SoC.bmp
sprite,gfx/map/units/T-INTERCEPTOR A-WALK C-IND L-4 D-NW.spr,gfx/map/units/T-INTERCEPTOR A-WALK C-AST L-4 D-NW.spr,SoC-W-NW.bmp,V3-IND-AIR-SoC.bmp
sprite,gfx/map/units/T-INTERCEPTOR A-WALK C-IND L-4 D-S.spr,gfx/map/units/T-INTERCEPTOR A-WALK C-AST L-4 D-S.spr,SoC-W-S.bmp,V3-IND-AIR-SoC.bmp
sprite,gfx/map/units/T-INTERCEPTOR A-WALK C-IND L-4 D-SE.spr,gfx/map/units/T-INTERCEPTOR A-WALK C-AST L-4 D-SE.spr,SoC-W-SE.bmp,V3-IND-AIR-SoC.bmp
sprite,gfx/map/units/T-INTERCEPTOR A-WALK C-IND L-4 D-SW.spr,gfx/map/units/T-INTERCEPTOR A-WALK C-AST L-4 D-SW.spr,SoC-W-SW.bmp,V3-IND-AIR-SoC.bmp
sprite,gfx/map/units/T-INTERCEPTOR A-WALK C-IND L-4 D-W.spr,gfx/map/units/T-INTERCEPTOR A-WALK C-AST L-4 D-W.spr,SoC-W-W.bmp,V3-IND-AIR-SoC.bmp
sprite,gfx/map/units/T-INTERCEPTOR A-WALK C-IND L-5 D-E.spr,gfx/map/units/T-INTERCEPTOR A-WALK C-AST L-5 D-E.spr,SoC-W-E.bmp,V3-IND-AIR-SoC.bmp
sprite,gfx/map/units/T-INTERCEPTOR A-WALK C-IND L-5 D-N.spr,gfx/map/units/T-INTERCEPTOR A-WALK C-AST L-5 D-N.spr,SoC-W-N.bmp,V3-IND-AIR-SoC.bmp
sprite,gfx/map/units/T-INTERCEPTOR A-WALK C-IND L-5 D-NE.spr,gfx/map/units/T-INTERCEPTOR A-WALK C-AST L-5 D-NE.spr,SoC-W-NE.bmp,V3-IND-AIR-SoC.bmp
sprite,gfx/map/units/T-INTERCEPTOR A-WALK C-IND L-5 D-NW.spr,gfx/map/units/T-INTERCEPTOR A-WALK C-AST L-5 D-NW.spr,SoC-W-NW.bmp,V3-IND-AIR-SoC.bmp
sprite,gfx/map/units/T-INTERCEPTOR A-WALK C-IND L-5 D-S.spr,gfx/map/units/T-INTERCEPTOR A-WALK C-AST L-5 D-S.spr,SoC-W-S.bmp,V3-IND-AIR-SoC.bmp
sprite,gfx/map/units/T-INTERCEPTOR A-WALK C-IND L-5 D-SE.spr,gfx/map/units/T-INTERCEPTOR A-WALK C-AST L-5 D-SE.spr,SoC-W-SE.bmp,V3-IND-AIR-SoC.bmp
sprite,gfx/map/units/T-INTERCEPTOR A-WALK C-IND L-5 D-SW.spr,gfx/map/units/T-INTERCEPTOR A-WALK C-AST L-5 D-SW.spr,SoC-W-SW.bmp,V3-IND-AIR-SoC.bmp
sprite,gfx/map/units/T-INTERCEPTOR A-WALK C-IND L-5 D-W.spr,gfx/map/units/T-INTERCEPTOR A-WALK C-AST L-5 D-W.spr,SoC-W-W.bmp,V3-IND-AIR-SoC.bmp
sprite,gfx/map/units/T-INTERCEPTOR A-WALK C-IND L-6 D-E.spr,gfx/map/units/T-INTERCEPTOR A-WALK C-AST L-6 D-E.spr,SoC-W-E.bmp,V3-IND-AIR-SoC.bmp
sprite,gfx/map/units/T-INTERCEPTOR A-WALK C-IND L-6 D-N.spr,gfx/map/units/T-INTERCEPTOR A-WALK C-AST L-6 D-N.spr,SoC-W-N.bmp,V3-IND-AIR-SoC.bmp
sprite,gfx/map/units/T-INTERCEPTOR A-WALK C-IND L-6 D-NE.spr,gfx/map/units/T-INTERCEPTOR A-WALK C-AST L-6 D-NE.spr,SoC-W-NE.bmp,V3-IND-AIR-SoC.bmp
sprite,gfx/map/units/T-INTERCEPTOR A-WALK C-IND L-6 D-NW.spr,gfx/map/units/T-INTERCEPTOR A-WALK C-AST L-6 D-NW.spr,SoC-W-NW.bmp,V3-IND-AIR-SoC.bmp
sprite,gfx/map/units/T-INTERCEPTOR A-WALK C-IND L-6 D-S.spr,gfx/map/units/T-INTERCEPTOR A-WALK C-AST L-6 D-S.spr,SoC-W-S.bmp,V3-IND-AIR-SoC.bmp
sprite,gfx/map/units/T-INTERCEPTOR A-WALK C-IND L-6 D-SE.spr,gfx/map/units/T-INTERCEPTOR A-WALK C-AST L-6 D-SE.spr,SoC-W-SE.bmp,V3-IND-AIR-SoC.bmp
sprite,gfx/map/units/T-INTERCEPTOR A-WALK C-IND L-6 D-SW.spr,gfx/map/units/T-INTERCEPTOR A-WALK C-AST L-6 D-SW.spr,SoC-W-SW.bmp,V3-IND-AIR-SoC.bmp
sprite,gfx/map/units/T-INTERCEPTOR A-WALK C-IND L-6 D-W.spr,gfx/map/units/T-INTERCEPTOR A-WALK C-AST L-6 D-W.spr,SoC-W-W.bmp,V3-IND-AIR-SoC.bmp
sprite,gfx/map/units/T-INTERCEPTOR A-WALK C-IND L-7 D-E.spr,gfx/map/units/T-INTERCEPTOR A-WALK C-AST L-7 D-E.spr,SoC-W-E.bmp,V3-IND-AIR-SoC.bmp
sprite,gfx/map/units/T-INTERCEPTOR A-WALK C-IND L-7 D-N.spr,gfx/map/units/T-INTERCEPTOR A-WALK C-AST L-7 D-N.spr,SoC-W-N.bmp,V3-IND-AIR-SoC.bmp
sprite,gfx/map/units/T-INTERCEPTOR A-WALK C-IND L-7 D-NE.spr,gfx/map/units/T-INTERCEPTOR A-WALK C-AST L-7 D-NE.spr,SoC-W-NE.bmp,V3-IND-AIR-SoC.bmp
sprite,gfx/map/units/T-INTERCEPTOR A-WALK C-IND L-7 D-NW.spr,gfx/map/units/T-INTERCEPTOR A-WALK C-AST L-7 D-NW.spr,SoC-W-NW.bmp,V3-IND-AIR-SoC.bmp
sprite,gfx/map/units/T-INTERCEPTOR A-WALK C-IND L-7 D-S.spr,gfx/map/units/T-INTERCEPTOR A-WALK C-AST L-7 D-S.spr,SoC-W-S.bmp,V3-IND-AIR-SoC.bmp
sprite,gfx/map/units/T-INTERCEPTOR A-WALK C-IND L-7 D-SE.spr,gfx/map/units/T-INTERCEPTOR A-WALK C-AST L-7 D-SE.spr,SoC-W-SE.bmp,V3-IND-AIR-SoC.bmp
sprite,gfx/map/units/T-INTERCEPTOR A-WALK C-IND L-7 D-SW.spr,gfx/map/units/T-INTERCEPTOR A-WALK C-AST L-7 D-SW.spr,SoC-W-SW.bmp,V3-IND-AIR-SoC.bmp
sprite,gfx/map/units/T-INTERCEPTOR A-WALK C-IND L-7 D-W.spr,gfx/map/units/T-INTERCEPTOR A-WALK C-AST L-7 D-W.spr,SoC-W-W.bmp,V3-IND-AIR-SoC.bmp
sprite,gfx/map/units/T-INTERCEPTOR A-WALK C-IND L-8 D-E.spr,gfx/map/units/T-INTERCEPTOR A-WALK C-AST L-8 D-E.spr,SoC-W-E.bmp,V3-IND-AIR-SoC.bmp
sprite,gfx/map/units/T-INTERCEPTOR A-WALK C-IND L-8 D-N.spr,gfx/map/units/T-INTERCEPTOR A-WALK C-AST L-8 D-N.spr,SoC-W-N.bmp,V3-IND-AIR-SoC.bmp
sprite,gfx/map/units/T-INTERCEPTOR A-WALK C-IND L-8 D-NE.spr,gfx/map/units/T-INTERCEPTOR A-WALK C-AST L-8 D-NE.spr,SoC-W-NE.bmp,V3-IND-AIR-SoC.bmp
sprite,gfx/map/units/T-INTERCEPTOR A-WALK C-IND L-8 D-NW.spr,gfx/map/units/T-INTERCEPTOR A-WALK C-AST L-8 D-NW.spr,SoC-W-NW.bmp,V3-IND-AIR-SoC.bmp
sprite,gfx/map/units/T-INTERCEPTOR A-WALK C-IND L-8 D-S.spr,gfx/map/units/T-INTERCEPTOR A-WALK C-AST L-8 D-S.spr,SoC-W-S.bmp,V3-IND-AIR-SoC.bmp
sprite,gfx/map/units/T-INTERCEPTOR A-WALK C-IND L-8 D-SE.spr,gfx/map/units/T-INTERCEPTOR A-WALK C-AST L-8 D-SE.spr,SoC-W-SE.bmp,V3-IND-AIR-SoC.bmp
sprite,gfx/map/units/T-INTERCEPTOR A-WALK C-IND L-8 D-SW.spr,gfx/map/units/T-INTERCEPTOR A-WALK C-AST L-8 D-SW.spr,SoC-W-SW.bmp,V3-IND-AIR-SoC.bmp
sprite,gfx/map/units/T-INTERCEPTOR A-WALK C-IND L-8 D-W.spr,gfx/map/units/T-INTERCEPTOR A-WALK C-AST L-8 D-W.spr,SoC-W-W.bmp,V3-IND-AIR-SoC.bmp
sprite,gfx/map/units/T-INTERCEPTOR A-WALK C-IND L-9 D-E.spr,gfx/map/units/T-INTERCEPTOR A-WALK C-AST L-9 D-E.spr,T-INTERCEPTOR A-WALK C-USA L-2 D-E.bmp,V3-IND-AIR-Didimau.bmp
sprite,gfx/map/units/T-INTERCEPTOR A-WALK C-IND L-9 D-N.spr,gfx/map/units/T-INTERCEPTOR A-WALK C-AST L-9 D-N.spr,T-INTERCEPTOR A-WALK C-USA L-2 D-N.bmp,V3-IND-AIR-Didimau.bmp
sprite,gfx/map/units/T-INTERCEPTOR A-WALK C-IND L-9 D-NE.spr,gfx/map/units/T-INTERCEPTOR A-WALK C-AST L-9 D-NE.spr,T-INTERCEPTOR A-WALK C-USA L-2 D-NE.bmp,V3-IND-AIR-Didimau.bmp
sprite,gfx/map/units/T-INTERCEPTOR A-WALK C-IND L-9 D-NW.spr,gfx/map/units/T-INTERCEPTOR A-WALK C-AST L-9 D-NW.spr,T-INTERCEPTOR A-WALK C-USA L-2 D-NW.bmp,V3-IND-AIR-Didimau.bmp
sprite,gfx/map/units/T-INTERCEPTOR A-WALK C-IND L-9 D-S.spr,gfx/map/units/T-INTERCEPTOR A-WALK C-AST L-9 D-S.spr,T-INTERCEPTOR A-WALK C-USA L-2 D-S.bmp,V3-IND-AIR-Didimau.bmp
sprite,gfx/map/units/T-INTERCEPTOR A-WALK C-IND L-9 D-SE.spr,gfx/map/units/T-INTERCEPTOR A-WALK C-AST L-9 D-SE.spr,T-INTERCEPTOR A-WALK C-USA L-2 D-SE.bmp,V3-IND-AIR-Didimau.bmp
sprite,gfx/map/units/T-INTERCEPTOR A-WALK C-IND L-9 D-SW.spr,gfx/map/units/T-INTERCEPTOR A-WALK C-AST L-9 D-SW.spr,T-INTERCEPTOR A-WALK C-USA L-2 D-SW.bmp,V3-IND-AIR-Didimau.bmp
sprite,gfx/map/units/T-INTERCEPTOR A-WALK C-IND L-9 D-W.spr,gfx/map/units/T-INTERCEPTOR A-WALK C-AST L-9 D-W.spr,T-INTERCEPTOR A-WALK C-USA L-2 D-W.bmp,V3-IND-AIR-Didimau.bmp
sprite,gfx/map/units/T-L_PANZER A-FIRE C-IND L-1 D-E.spr,gfx/map/units/T-L_PANZER A-FIRE C-AST L-1 D-E.spr,T-PANZER C-ENG L-2 A-FIRE D-E.bmp,V3-IND-OLIVE-Jagdtiger.bmp
sprite,gfx/map/units/T-L_PANZER A-FIRE C-IND L-1 D-N.spr,gfx/map/units/T-L_PANZER A-FIRE C-AST L-1 D-N.spr,T-PANZER C-ENG L-2 A-FIRE D-N.bmp,V3-IND-OLIVE-Jagdtiger.bmp
sprite,gfx/map/units/T-L_PANZER A-FIRE C-IND L-1 D-NE.spr,gfx/map/units/T-L_PANZER A-FIRE C-AST L-1 D-NE.spr,T-PANZER C-ENG L-2 A-FIRE D-NE.bmp,V3-IND-OLIVE-Jagdtiger.bmp
sprite,gfx/map/units/T-L_PANZER A-FIRE C-IND L-1 D-NW.spr,gfx/map/units/T-L_PANZER A-FIRE C-AST L-1 D-NW.spr,T-PANZER C-ENG L-2 A-FIRE D-NW.bmp,V3-IND-OLIVE-Jagdtiger.bmp
sprite,gfx/map/units/T-L_PANZER A-FIRE C-IND L-1 D-S.spr,gfx/map/units/T-L_PANZER A-FIRE C-AST L-1 D-S.spr,T-PANZER C-ENG L-2 A-FIRE D-S.bmp,V3-IND-OLIVE-Jagdtiger.bmp
sprite,gfx/map/units/T-L_PANZER A-FIRE C-IND L-1 D-SE.spr,gfx/map/units/T-L_PANZER A-FIRE C-AST L-1 D-SE.spr,T-PANZER C-ENG L-2 A-FIRE D-SE.bmp,V3-IND-OLIVE-Jagdtiger.bmp
sprite,gfx/map/units/T-L_PANZER A-FIRE C-IND L-1 D-SW.spr,gfx/map/units/T-L_PANZER A-FIRE C-AST L-1 D-SW.spr,T-PANZER C-ENG L-2 A-FIRE D-SW.bmp,V3-IND-OLIVE-Jagdtiger.bmp
sprite,gfx/map/units/T-L_PANZER A-FIRE C-IND L-1 D-W.spr,gfx/map/units/T-L_PANZER A-FIRE C-AST L-1 D-W.spr,T-PANZER C-ENG L-2 A-FIRE D-W.bmp,V3-IND-OLIVE-Jagdtiger.bmp
sprite,gfx/map/units/T-L_PANZER A-FIRE C-IND L-1.spr,gfx/map/units/T-L_PANZER A-FIRE C-AST L-1.spr,T-PANZER C-ENG L-2 A-FIRE D-SW.bmp,V3-IND-OLIVE-Jagdtiger.bmp
sprite,gfx/map/units/T-L_PANZER A-STAND C-IND L-1.spr,gfx/map/units/T-L_PANZER A-STAND C-AST L-1.spr,T-PANZER C-ENG L-2 A-STAND.bmp,V3-IND-OLIVE-Jagdtiger.bmp
sprite,gfx/map/units/T-L_PANZER A-WALK C-IND L-1 D-E.spr,gfx/map/units/T-L_PANZER A-WALK C-AST L-1 D-E.spr,T-PANZER C-ENG L-2 A-WALK D-E.bmp,V3-IND-OLIVE-Jagdtiger.bmp
sprite,gfx/map/units/T-L_PANZER A-WALK C-IND L-1 D-N.spr,gfx/map/units/T-L_PANZER A-WALK C-AST L-1 D-N.spr,T-PANZER C-ENG L-2 A-WALK D-N.bmp,V3-IND-OLIVE-Jagdtiger.bmp
sprite,gfx/map/units/T-L_PANZER A-WALK C-IND L-1 D-NE.spr,gfx/map/units/T-L_PANZER A-WALK C-AST L-1 D-NE.spr,T-PANZER C-ENG L-2 A-WALK D-NE.bmp,V3-IND-OLIVE-Jagdtiger.bmp
sprite,gfx/map/units/T-L_PANZER A-WALK C-IND L-1 D-NW.spr,gfx/map/units/T-L_PANZER A-WALK C-AST L-1 D-NW.spr,T-PANZER C-ENG L-2 A-WALK D-NW.bmp,V3-IND-OLIVE-Jagdtiger.bmp
sprite,gfx/map/units/T-L_PANZER A-WALK C-IND L-1 D-S.spr,gfx/map/units/T-L_PANZER A-WALK C-AST L-1 D-S.spr,T-PANZER C-ENG L-2 A-WALK D-S.bmp,V3-IND-OLIVE-Jagdtiger.bmp
sprite,gfx/map/units/T-L_PANZER A-WALK C-IND L-1 D-SE.spr,gfx/map/units/T-L_PANZER A-WALK C-AST L-1 D-SE.spr,T-PANZER C-ENG L-2 A-WALK D-SE.bmp,V3-IND-OLIVE-Jagdtiger.bmp
sprite,gfx/map/units/T-L_PANZER A-WALK C-IND L-1 D-SW.spr,gfx/map/units/T-L_PANZER A-WALK C-AST L-1 D-SW.spr,T-PANZER C-ENG L-2 A-WALK D-SW.bmp,V3-IND-OLIVE-Jagdtiger.bmp
sprite,gfx/map/units/T-L_PANZER A-WALK C-IND L-1 D-W.spr,gfx/map/units/T-L_PANZER A-WALK C-AST L-1 D-W.spr,T-PANZER C-ENG L-2 A-WALK D-W.bmp,V3-IND-OLIVE-Jagdtiger.bmp
sprite,gfx/map/units/T-LIGHT_CRUISER A-FIRE C-IND L-1 D-NE.spr,gfx/map/units/T-LIGHT_CRUISER A-FIRE C-AST L-1 D-NE.spr,T-LIGHT_CRUISER A-FIRE C-MIN L-1 D-NE.bmp,V3-IND-NAVY-T-LIGHT_CRUISER_C-MIN_L-1.bmp
sprite,gfx/map/units/T-LIGHT_CRUISER A-FIRE C-IND L-1 D-SW.spr,gfx/map/units/T-LIGHT_CRUISER A-FIRE C-AST L-1 D-SW.spr,T-LIGHT_CRUISER A-FIRE C-MIN L-1 D-SW.bmp,V3-IND-NAVY-T-LIGHT_CRUISER_C-MIN_L-1.bmp
sprite,gfx/map/units/T-LIGHT_CRUISER A-STAND C-IND L-1.spr,gfx/map/units/T-LIGHT_CRUISER A-STAND C-AST L-1.spr,T-LIGHT_CRUISER A-STAND C-MIN L-1.bmp,V3-IND-NAVY-T-LIGHT_CRUISER_C-MIN_L-1.bmp
sprite,gfx/map/units/T-LIGHT_CRUISER A-WALK C-IND L-1 D-E.spr,gfx/map/units/T-LIGHT_CRUISER A-WALK C-AST L-1 D-E.spr,T-LIGHT_CRUISER A-WALK C-MIN L-1 D-E.bmp,V3-IND-NAVY-T-LIGHT_CRUISER_C-MIN_L-1.bmp
sprite,gfx/map/units/T-LIGHT_CRUISER A-WALK C-IND L-1 D-N.spr,gfx/map/units/T-LIGHT_CRUISER A-WALK C-AST L-1 D-N.spr,T-LIGHT_CRUISER A-WALK C-MIN L-1 D-N.bmp,V3-IND-NAVY-T-LIGHT_CRUISER_C-MIN_L-1.bmp
sprite,gfx/map/units/T-LIGHT_CRUISER A-WALK C-IND L-1 D-NE.spr,gfx/map/units/T-LIGHT_CRUISER A-WALK C-AST L-1 D-NE.spr,T-LIGHT_CRUISER A-WALK C-MIN L-1 D-NE.bmp,V3-IND-NAVY-T-LIGHT_CRUISER_C-MIN_L-1.bmp
sprite,gfx/map/units/T-LIGHT_CRUISER A-WALK C-IND L-1 D-NW.spr,gfx/map/units/T-LIGHT_CRUISER A-WALK C-AST L-1 D-NW.spr,T-LIGHT_CRUISER A-WALK C-MIN L-1 D-NW.bmp,V3-IND-NAVY-T-LIGHT_CRUISER_C-MIN_L-1.bmp
sprite,gfx/map/units/T-LIGHT_CRUISER A-WALK C-IND L-1 D-S.spr,gfx/map/units/T-LIGHT_CRUISER A-WALK C-AST L-1 D-S.spr,T-LIGHT_CRUISER A-WALK C-MIN L-1 D-S.bmp,V3-IND-NAVY-T-LIGHT_CRUISER_C-MIN_L-1.bmp
sprite,gfx/map/units/T-LIGHT_CRUISER A-WALK C-IND L-1 D-SE.spr,gfx/map/units/T-LIGHT_CRUISER A-WALK C-AST L-1 D-SE.spr,T-LIGHT_CRUISER A-WALK C-MIN L-1 D-SE.bmp,V3-IND-NAVY-T-LIGHT_CRUISER_C-MIN_L-1.bmp
sprite,gfx/map/units/T-LIGHT_CRUISER A-WALK C-IND L-1 D-SW.spr,gfx/map/units/T-LIGHT_CRUISER A-WALK C-AST L-1 D-SW.spr,T-LIGHT_CRUISER A-WALK C-MIN L-1 D-SW.bmp,V3-IND-NAVY-T-LIGHT_CRUISER_C-MIN_L-1.bmp
sprite,gfx/map/units/T-LIGHT_CRUISER A-WALK C-IND L-1 D-W.spr,gfx/map/units/T-LIGHT_CRUISER A-WALK C-AST L-1 D-W.spr,T-LIGHT_CRUISER A-WALK C-MIN L-1 D-W.bmp,V3-IND-NAVY-T-LIGHT_CRUISER_C-MIN_L-1.bmp
sprite,gfx/map/units/T-MARINE A-FIRE C-IND L-1 D-E.spr,gfx/map/units/T-MARINE A-FIRE C-AST L-1 D-E.spr,T-INFANTRY C-AST A-FIRE D-E L-5.bmp,V3-IND-KHAKI-CS-AST-INF-WWI-LTE.bmp
sprite,gfx/map/units/T-MARINE A-FIRE C-IND L-1 D-N.spr,gfx/map/units/T-MARINE A-FIRE C-AST L-1 D-N.spr,T-INFANTRY C-AST A-FIRE D-N L-5.bmp,V3-IND-KHAKI-CS-AST-INF-WWI-LTE.bmp
sprite,gfx/map/units/T-MARINE A-FIRE C-IND L-1 D-NE.spr,gfx/map/units/T-MARINE A-FIRE C-AST L-1 D-NE.spr,T-INFANTRY C-AST A-FIRE D-NE L-5.bmp,V3-IND-KHAKI-CS-AST-INF-WWI-LTE.bmp
sprite,gfx/map/units/T-MARINE A-FIRE C-IND L-1 D-NW.spr,gfx/map/units/T-MARINE A-FIRE C-AST L-1 D-NW.spr,T-INFANTRY C-AST A-FIRE D-NW L-5.bmp,V3-IND-KHAKI-CS-AST-INF-WWI-LTE.bmp
sprite,gfx/map/units/T-MARINE A-FIRE C-IND L-1 D-S.spr,gfx/map/units/T-MARINE A-FIRE C-AST L-1 D-S.spr,T-INFANTRY C-AST A-FIRE D-S L-5.bmp,V3-IND-KHAKI-CS-AST-INF-WWI-LTE.bmp
sprite,gfx/map/units/T-MARINE A-FIRE C-IND L-1 D-SE.spr,gfx/map/units/T-MARINE A-FIRE C-AST L-1 D-SE.spr,T-INFANTRY C-AST A-FIRE D-SE L-5.bmp,V3-IND-KHAKI-CS-AST-INF-WWI-LTE.bmp
sprite,gfx/map/units/T-MARINE A-FIRE C-IND L-1 D-SW.spr,gfx/map/units/T-MARINE A-FIRE C-AST L-1 D-SW.spr,T-INFANTRY C-AST A-FIRE D-SW L-5.bmp,V3-IND-KHAKI-CS-AST-INF-WWI-LTE.bmp
sprite,gfx/map/units/T-MARINE A-FIRE C-IND L-1 D-W.spr,gfx/map/units/T-MARINE A-FIRE C-AST L-1 D-W.spr,T-INFANTRY C-AST A-FIRE D-W L-5.bmp,V3-IND-KHAKI-CS-AST-INF-WWI-LTE.bmp
sprite,gfx/map/units/T-MARINE A-FIRE C-IND L-1.spr,gfx/map/units/T-MARINE A-FIRE C-AST L-1.spr,T-INFANTRY C-AST A-FIRE D-SE L-5.bmp,V3-IND-KHAKI-CS-AST-INF-WWI-LTE.bmp
sprite,gfx/map/units/T-MARINE A-FIRE C-IND L-10 D-E.spr,gfx/map/units/T-MARINE A-FIRE C-AST L-10 D-E.spr,T-PARATROOPER C-AST A-FIRE D-E.bmp,V3-IND-KHAKI-WWII-IMP-CS-AST-PAR.bmp
sprite,gfx/map/units/T-MARINE A-FIRE C-IND L-10 D-N.spr,gfx/map/units/T-MARINE A-FIRE C-AST L-10 D-N.spr,T-PARATROOPER C-AST A-FIRE D-N.bmp,V3-IND-KHAKI-WWII-IMP-CS-AST-PAR.bmp
sprite,gfx/map/units/T-MARINE A-FIRE C-IND L-10 D-NE.spr,gfx/map/units/T-MARINE A-FIRE C-AST L-10 D-NE.spr,T-PARATROOPER C-AST A-FIRE D-NE.bmp,V3-IND-KHAKI-WWII-IMP-CS-AST-PAR.bmp
sprite,gfx/map/units/T-MARINE A-FIRE C-IND L-10 D-NW.spr,gfx/map/units/T-MARINE A-FIRE C-AST L-10 D-NW.spr,T-PARATROOPER C-AST A-FIRE D-NW.bmp,V3-IND-KHAKI-WWII-IMP-CS-AST-PAR.bmp
sprite,gfx/map/units/T-MARINE A-FIRE C-IND L-10 D-S.spr,gfx/map/units/T-MARINE A-FIRE C-AST L-10 D-S.spr,T-PARATROOPER C-AST A-FIRE D-S.bmp,V3-IND-KHAKI-WWII-IMP-CS-AST-PAR.bmp
sprite,gfx/map/units/T-MARINE A-FIRE C-IND L-10 D-SE.spr,gfx/map/units/T-MARINE A-FIRE C-AST L-10 D-SE.spr,T-PARATROOPER C-AST A-FIRE D-SE.bmp,V3-IND-KHAKI-WWII-IMP-CS-AST-PAR.bmp
sprite,gfx/map/units/T-MARINE A-FIRE C-IND L-10 D-SW.spr,gfx/map/units/T-MARINE A-FIRE C-AST L-10 D-SW.spr,T-PARATROOPER C-AST A-FIRE D-SW.bmp,V3-IND-KHAKI-WWII-IMP-CS-AST-PAR.bmp
sprite,gfx/map/units/T-MARINE A-FIRE C-IND L-10 D-W.spr,gfx/map/units/T-MARINE A-FIRE C-AST L-10 D-W.spr,T-PARATROOPER C-AST A-FIRE D-W.bmp,V3-IND-KHAKI-WWII-IMP-CS-AST-PAR.bmp
sprite,gfx/map/units/T-MARINE A-FIRE C-IND L-10.spr,gfx/map/units/T-MARINE A-FIRE C-AST L-10.spr,T-PARATROOPER C-AST A-FIRE D-SE.bmp,V3-IND-KHAKI-WWII-IMP-CS-AST-PAR.bmp
sprite,gfx/map/units/T-MARINE A-FIRE C-IND L-11 D-E.spr,gfx/map/units/T-MARINE A-FIRE C-AST L-11 D-E.spr,T-PARATROOPER C-AST A-FIRE D-E.bmp,V3-IND-KHAKI-WWII-IMP-CS-AST-PAR.bmp
sprite,gfx/map/units/T-MARINE A-FIRE C-IND L-11 D-N.spr,gfx/map/units/T-MARINE A-FIRE C-AST L-11 D-N.spr,T-PARATROOPER C-AST A-FIRE D-N.bmp,V3-IND-KHAKI-WWII-IMP-CS-AST-PAR.bmp
sprite,gfx/map/units/T-MARINE A-FIRE C-IND L-11 D-NE.spr,gfx/map/units/T-MARINE A-FIRE C-AST L-11 D-NE.spr,T-PARATROOPER C-AST A-FIRE D-NE.bmp,V3-IND-KHAKI-WWII-IMP-CS-AST-PAR.bmp
sprite,gfx/map/units/T-MARINE A-FIRE C-IND L-11 D-NW.spr,gfx/map/units/T-MARINE A-FIRE C-AST L-11 D-NW.spr,T-PARATROOPER C-AST A-FIRE D-NW.bmp,V3-IND-KHAKI-WWII-IMP-CS-AST-PAR.bmp
sprite,gfx/map/units/T-MARINE A-FIRE C-IND L-11 D-S.spr,gfx/map/units/T-MARINE A-FIRE C-AST L-11 D-S.spr,T-PARATROOPER C-AST A-FIRE D-S.bmp,V3-IND-KHAKI-WWII-IMP-CS-AST-PAR.bmp
sprite,gfx/map/units/T-MARINE A-FIRE C-IND L-11 D-SE.spr,gfx/map/units/T-MARINE A-FIRE C-AST L-11 D-SE.spr,T-PARATROOPER C-AST A-FIRE D-SE.bmp,V3-IND-KHAKI-WWII-IMP-CS-AST-PAR.bmp
sprite,gfx/map/units/T-MARINE A-FIRE C-IND L-11 D-SW.spr,gfx/map/units/T-MARINE A-FIRE C-AST L-11 D-SW.spr,T-PARATROOPER C-AST A-FIRE D-SW.bmp,V3-IND-KHAKI-WWII-IMP-CS-AST-PAR.bmp
sprite,gfx/map/units/T-MARINE A-FIRE C-IND L-11 D-W.spr,gfx/map/units/T-MARINE A-FIRE C-AST L-11 D-W.spr,T-PARATROOPER C-AST A-FIRE D-W.bmp,V3-IND-KHAKI-WWII-IMP-CS-AST-PAR.bmp
sprite,gfx/map/units/T-MARINE A-FIRE C-IND L-11.spr,gfx/map/units/T-MARINE A-FIRE C-AST L-11.spr,T-PARATROOPER C-AST A-FIRE D-SE.bmp,V3-IND-KHAKI-WWII-IMP-CS-AST-PAR.bmp
sprite,gfx/map/units/T-MARINE A-FIRE C-IND L-2 D-E.spr,gfx/map/units/T-MARINE A-FIRE C-AST L-2 D-E.spr,T-PARATROOPER C-AST A-FIRE D-E.bmp,V3-IND-KHAKI-WWII-IMP-CS-AST-PAR.bmp
sprite,gfx/map/units/T-MARINE A-FIRE C-IND L-2 D-N.spr,gfx/map/units/T-MARINE A-FIRE C-AST L-2 D-N.spr,T-PARATROOPER C-AST A-FIRE D-N.bmp,V3-IND-KHAKI-WWII-IMP-CS-AST-PAR.bmp
sprite,gfx/map/units/T-MARINE A-FIRE C-IND L-2 D-NE.spr,gfx/map/units/T-MARINE A-FIRE C-AST L-2 D-NE.spr,T-PARATROOPER C-AST A-FIRE D-NE.bmp,V3-IND-KHAKI-WWII-IMP-CS-AST-PAR.bmp
sprite,gfx/map/units/T-MARINE A-FIRE C-IND L-2 D-NW.spr,gfx/map/units/T-MARINE A-FIRE C-AST L-2 D-NW.spr,T-PARATROOPER C-AST A-FIRE D-NW.bmp,V3-IND-KHAKI-WWII-IMP-CS-AST-PAR.bmp
sprite,gfx/map/units/T-MARINE A-FIRE C-IND L-2 D-S.spr,gfx/map/units/T-MARINE A-FIRE C-AST L-2 D-S.spr,T-PARATROOPER C-AST A-FIRE D-S.bmp,V3-IND-KHAKI-WWII-IMP-CS-AST-PAR.bmp
sprite,gfx/map/units/T-MARINE A-FIRE C-IND L-2 D-SE.spr,gfx/map/units/T-MARINE A-FIRE C-AST L-2 D-SE.spr,T-PARATROOPER C-AST A-FIRE D-SE.bmp,V3-IND-KHAKI-WWII-IMP-CS-AST-PAR.bmp
sprite,gfx/map/units/T-MARINE A-FIRE C-IND L-2 D-SW.spr,gfx/map/units/T-MARINE A-FIRE C-AST L-2 D-SW.spr,T-PARATROOPER C-AST A-FIRE D-SW.bmp,V3-IND-KHAKI-WWII-IMP-CS-AST-PAR.bmp
sprite,gfx/map/units/T-MARINE A-FIRE C-IND L-2 D-W.spr,gfx/map/units/T-MARINE A-FIRE C-AST L-2 D-W.spr,T-PARATROOPER C-AST A-FIRE D-W.bmp,V3-IND-KHAKI-WWII-IMP-CS-AST-PAR.bmp
sprite,gfx/map/units/T-MARINE A-FIRE C-IND L-2.spr,gfx/map/units/T-MARINE A-FIRE C-AST L-2.spr,T-PARATROOPER C-AST A-FIRE D-SE.bmp,V3-IND-KHAKI-WWII-IMP-CS-AST-PAR.bmp
sprite,gfx/map/units/T-MARINE A-FIRE C-IND L-3 D-E.spr,gfx/map/units/T-MARINE A-FIRE C-AST L-3 D-E.spr,T-PARATROOPER C-AST A-FIRE D-E.bmp,V3-IND-KHAKI-WWII-IMP-CS-AST-PAR.bmp
sprite,gfx/map/units/T-MARINE A-FIRE C-IND L-3 D-N.spr,gfx/map/units/T-MARINE A-FIRE C-AST L-3 D-N.spr,T-PARATROOPER C-AST A-FIRE D-N.bmp,V3-IND-KHAKI-WWII-IMP-CS-AST-PAR.bmp
sprite,gfx/map/units/T-MARINE A-FIRE C-IND L-3 D-NE.spr,gfx/map/units/T-MARINE A-FIRE C-AST L-3 D-NE.spr,T-PARATROOPER C-AST A-FIRE D-NE.bmp,V3-IND-KHAKI-WWII-IMP-CS-AST-PAR.bmp
sprite,gfx/map/units/T-MARINE A-FIRE C-IND L-3 D-NW.spr,gfx/map/units/T-MARINE A-FIRE C-AST L-3 D-NW.spr,T-PARATROOPER C-AST A-FIRE D-NW.bmp,V3-IND-KHAKI-WWII-IMP-CS-AST-PAR.bmp
sprite,gfx/map/units/T-MARINE A-FIRE C-IND L-3 D-S.spr,gfx/map/units/T-MARINE A-FIRE C-AST L-3 D-S.spr,T-PARATROOPER C-AST A-FIRE D-S.bmp,V3-IND-KHAKI-WWII-IMP-CS-AST-PAR.bmp
sprite,gfx/map/units/T-MARINE A-FIRE C-IND L-3 D-SE.spr,gfx/map/units/T-MARINE A-FIRE C-AST L-3 D-SE.spr,T-PARATROOPER C-AST A-FIRE D-SE.bmp,V3-IND-KHAKI-WWII-IMP-CS-AST-PAR.bmp
sprite,gfx/map/units/T-MARINE A-FIRE C-IND L-3 D-SW.spr,gfx/map/units/T-MARINE A-FIRE C-AST L-3 D-SW.spr,T-PARATROOPER C-AST A-FIRE D-SW.bmp,V3-IND-KHAKI-WWII-IMP-CS-AST-PAR.bmp
sprite,gfx/map/units/T-MARINE A-FIRE C-IND L-3 D-W.spr,gfx/map/units/T-MARINE A-FIRE C-AST L-3 D-W.spr,T-PARATROOPER C-AST A-FIRE D-W.bmp,V3-IND-KHAKI-WWII-IMP-CS-AST-PAR.bmp
sprite,gfx/map/units/T-MARINE A-FIRE C-IND L-3.spr,gfx/map/units/T-MARINE A-FIRE C-AST L-3.spr,T-PARATROOPER C-AST A-FIRE D-SE.bmp,V3-IND-KHAKI-WWII-IMP-CS-AST-PAR.bmp
sprite,gfx/map/units/T-MARINE A-FIRE C-IND L-4 D-E.spr,gfx/map/units/T-MARINE A-FIRE C-AST L-4 D-E.spr,T-PARATROOPER C-AST A-FIRE D-E.bmp,V3-IND-KHAKI-WWII-IMP-CS-AST-PAR.bmp
sprite,gfx/map/units/T-MARINE A-FIRE C-IND L-4 D-N.spr,gfx/map/units/T-MARINE A-FIRE C-AST L-4 D-N.spr,T-PARATROOPER C-AST A-FIRE D-N.bmp,V3-IND-KHAKI-WWII-IMP-CS-AST-PAR.bmp
sprite,gfx/map/units/T-MARINE A-FIRE C-IND L-4 D-NE.spr,gfx/map/units/T-MARINE A-FIRE C-AST L-4 D-NE.spr,T-PARATROOPER C-AST A-FIRE D-NE.bmp,V3-IND-KHAKI-WWII-IMP-CS-AST-PAR.bmp
sprite,gfx/map/units/T-MARINE A-FIRE C-IND L-4 D-NW.spr,gfx/map/units/T-MARINE A-FIRE C-AST L-4 D-NW.spr,T-PARATROOPER C-AST A-FIRE D-NW.bmp,V3-IND-KHAKI-WWII-IMP-CS-AST-PAR.bmp
sprite,gfx/map/units/T-MARINE A-FIRE C-IND L-4 D-S.spr,gfx/map/units/T-MARINE A-FIRE C-AST L-4 D-S.spr,T-PARATROOPER C-AST A-FIRE D-S.bmp,V3-IND-KHAKI-WWII-IMP-CS-AST-PAR.bmp
sprite,gfx/map/units/T-MARINE A-FIRE C-IND L-4 D-SE.spr,gfx/map/units/T-MARINE A-FIRE C-AST L-4 D-SE.spr,T-PARATROOPER C-AST A-FIRE D-SE.bmp,V3-IND-KHAKI-WWII-IMP-CS-AST-PAR.bmp
sprite,gfx/map/units/T-MARINE A-FIRE C-IND L-4 D-SW.spr,gfx/map/units/T-MARINE A-FIRE C-AST L-4 D-SW.spr,T-PARATROOPER C-AST A-FIRE D-SW.bmp,V3-IND-KHAKI-WWII-IMP-CS-AST-PAR.bmp
sprite,gfx/map/units/T-MARINE A-FIRE C-IND L-4 D-W.spr,gfx/map/units/T-MARINE A-FIRE C-AST L-4 D-W.spr,T-PARATROOPER C-AST A-FIRE D-W.bmp,V3-IND-KHAKI-WWII-IMP-CS-AST-PAR.bmp
sprite,gfx/map/units/T-MARINE A-FIRE C-IND L-4.spr,gfx/map/units/T-MARINE A-FIRE C-AST L-4.spr,T-PARATROOPER C-AST A-FIRE D-SE.bmp,V3-IND-KHAKI-WWII-IMP-CS-AST-PAR.bmp
sprite,gfx/map/units/T-MARINE A-FIRE C-IND L-5 D-E.spr,gfx/map/units/T-MARINE A-FIRE C-AST L-5 D-E.spr,T-PARATROOPER C-AST A-FIRE D-E.bmp,V3-IND-KHAKI-WWII-IMP-CS-AST-PAR.bmp
sprite,gfx/map/units/T-MARINE A-FIRE C-IND L-5 D-N.spr,gfx/map/units/T-MARINE A-FIRE C-AST L-5 D-N.spr,T-PARATROOPER C-AST A-FIRE D-N.bmp,V3-IND-KHAKI-WWII-IMP-CS-AST-PAR.bmp
sprite,gfx/map/units/T-MARINE A-FIRE C-IND L-5 D-NE.spr,gfx/map/units/T-MARINE A-FIRE C-AST L-5 D-NE.spr,T-PARATROOPER C-AST A-FIRE D-NE.bmp,V3-IND-KHAKI-WWII-IMP-CS-AST-PAR.bmp
sprite,gfx/map/units/T-MARINE A-FIRE C-IND L-5 D-NW.spr,gfx/map/units/T-MARINE A-FIRE C-AST L-5 D-NW.spr,T-PARATROOPER C-AST A-FIRE D-NW.bmp,V3-IND-KHAKI-WWII-IMP-CS-AST-PAR.bmp
sprite,gfx/map/units/T-MARINE A-FIRE C-IND L-5 D-S.spr,gfx/map/units/T-MARINE A-FIRE C-AST L-5 D-S.spr,T-PARATROOPER C-AST A-FIRE D-S.bmp,V3-IND-KHAKI-WWII-IMP-CS-AST-PAR.bmp
sprite,gfx/map/units/T-MARINE A-FIRE C-IND L-5 D-SE.spr,gfx/map/units/T-MARINE A-FIRE C-AST L-5 D-SE.spr,T-PARATROOPER C-AST A-FIRE D-SE.bmp,V3-IND-KHAKI-WWII-IMP-CS-AST-PAR.bmp
sprite,gfx/map/units/T-MARINE A-FIRE C-IND L-5 D-SW.spr,gfx/map/units/T-MARINE A-FIRE C-AST L-5 D-SW.spr,T-PARATROOPER C-AST A-FIRE D-SW.bmp,V3-IND-KHAKI-WWII-IMP-CS-AST-PAR.bmp
sprite,gfx/map/units/T-MARINE A-FIRE C-IND L-5 D-W.spr,gfx/map/units/T-MARINE A-FIRE C-AST L-5 D-W.spr,T-PARATROOPER C-AST A-FIRE D-W.bmp,V3-IND-KHAKI-WWII-IMP-CS-AST-PAR.bmp
sprite,gfx/map/units/T-MARINE A-FIRE C-IND L-5.spr,gfx/map/units/T-MARINE A-FIRE C-AST L-5.spr,T-PARATROOPER C-AST A-FIRE D-SE.bmp,V3-IND-KHAKI-WWII-IMP-CS-AST-PAR.bmp
sprite,gfx/map/units/T-MARINE A-FIRE C-IND L-6 D-E.spr,gfx/map/units/T-MARINE A-FIRE C-AST L-6 D-E.spr,T-PARATROOPER C-AST A-FIRE D-E.bmp,V3-IND-KHAKI-WWII-IMP-CS-AST-PAR.bmp
sprite,gfx/map/units/T-MARINE A-FIRE C-IND L-6 D-N.spr,gfx/map/units/T-MARINE A-FIRE C-AST L-6 D-N.spr,T-PARATROOPER C-AST A-FIRE D-N.bmp,V3-IND-KHAKI-WWII-IMP-CS-AST-PAR.bmp
sprite,gfx/map/units/T-MARINE A-FIRE C-IND L-6 D-NE.spr,gfx/map/units/T-MARINE A-FIRE C-AST L-6 D-NE.spr,T-PARATROOPER C-AST A-FIRE D-NE.bmp,V3-IND-KHAKI-WWII-IMP-CS-AST-PAR.bmp
sprite,gfx/map/units/T-MARINE A-FIRE C-IND L-6 D-NW.spr,gfx/map/units/T-MARINE A-FIRE C-AST L-6 D-NW.spr,T-PARATROOPER C-AST A-FIRE D-NW.bmp,V3-IND-KHAKI-WWII-IMP-CS-AST-PAR.bmp
sprite,gfx/map/units/T-MARINE A-FIRE C-IND L-6 D-S.spr,gfx/map/units/T-MARINE A-FIRE C-AST L-6 D-S.spr,T-PARATROOPER C-AST A-FIRE D-S.bmp,V3-IND-KHAKI-WWII-IMP-CS-AST-PAR.bmp
sprite,gfx/map/units/T-MARINE A-FIRE C-IND L-6 D-SE.spr,gfx/map/units/T-MARINE A-FIRE C-AST L-6 D-SE.spr,T-PARATROOPER C-AST A-FIRE D-SE.bmp,V3-IND-KHAKI-WWII-IMP-CS-AST-PAR.bmp
sprite,gfx/map/units/T-MARINE A-FIRE C-IND L-6 D-SW.spr,gfx/map/units/T-MARINE A-FIRE C-AST L-6 D-SW.spr,T-PARATROOPER C-AST A-FIRE D-SW.bmp,V3-IND-KHAKI-WWII-IMP-CS-AST-PAR.bmp
sprite,gfx/map/units/T-MARINE A-FIRE C-IND L-6 D-W.spr,gfx/map/units/T-MARINE A-FIRE C-AST L-6 D-W.spr,T-PARATROOPER C-AST A-FIRE D-W.bmp,V3-IND-KHAKI-WWII-IMP-CS-AST-PAR.bmp
sprite,gfx/map/units/T-MARINE A-FIRE C-IND L-6.spr,gfx/map/units/T-MARINE A-FIRE C-AST L-6.spr,T-PARATROOPER C-AST A-FIRE D-SE.bmp,V3-IND-KHAKI-WWII-IMP-CS-AST-PAR.bmp
sprite,gfx/map/units/T-MARINE A-FIRE C-IND L-7 D-E.spr,gfx/map/units/T-MARINE A-FIRE C-AST L-7 D-E.spr,T-PARATROOPER C-AST A-FIRE D-E.bmp,V3-IND-KHAKI-WWII-IMP-CS-AST-PAR.bmp
sprite,gfx/map/units/T-MARINE A-FIRE C-IND L-7 D-N.spr,gfx/map/units/T-MARINE A-FIRE C-AST L-7 D-N.spr,T-PARATROOPER C-AST A-FIRE D-N.bmp,V3-IND-KHAKI-WWII-IMP-CS-AST-PAR.bmp
sprite,gfx/map/units/T-MARINE A-FIRE C-IND L-7 D-NE.spr,gfx/map/units/T-MARINE A-FIRE C-AST L-7 D-NE.spr,T-PARATROOPER C-AST A-FIRE D-NE.bmp,V3-IND-KHAKI-WWII-IMP-CS-AST-PAR.bmp
sprite,gfx/map/units/T-MARINE A-FIRE C-IND L-7 D-NW.spr,gfx/map/units/T-MARINE A-FIRE C-AST L-7 D-NW.spr,T-PARATROOPER C-AST A-FIRE D-NW.bmp,V3-IND-KHAKI-WWII-IMP-CS-AST-PAR.bmp
sprite,gfx/map/units/T-MARINE A-FIRE C-IND L-7 D-S.spr,gfx/map/units/T-MARINE A-FIRE C-AST L-7 D-S.spr,T-PARATROOPER C-AST A-FIRE D-S.bmp,V3-IND-KHAKI-WWII-IMP-CS-AST-PAR.bmp
sprite,gfx/map/units/T-MARINE A-FIRE C-IND L-7 D-SE.spr,gfx/map/units/T-MARINE A-FIRE C-AST L-7 D-SE.spr,T-PARATROOPER C-AST A-FIRE D-SE.bmp,V3-IND-KHAKI-WWII-IMP-CS-AST-PAR.bmp
sprite,gfx/map/units/T-MARINE A-FIRE C-IND L-7 D-SW.spr,gfx/map/units/T-MARINE A-FIRE C-AST L-7 D-SW.spr,T-PARATROOPER C-AST A-FIRE D-SW.bmp,V3-IND-KHAKI-WWII-IMP-CS-AST-PAR.bmp
sprite,gfx/map/units/T-MARINE A-FIRE C-IND L-7 D-W.spr,gfx/map/units/T-MARINE A-FIRE C-AST L-7 D-W.spr,T-PARATROOPER C-AST A-FIRE D-W.bmp,V3-IND-KHAKI-WWII-IMP-CS-AST-PAR.bmp
sprite,gfx/map/units/T-MARINE A-FIRE C-IND L-7.spr,gfx/map/units/T-MARINE A-FIRE C-AST L-7.spr,T-PARATROOPER C-AST A-FIRE D-SE.bmp,V3-IND-KHAKI-WWII-IMP-CS-AST-PAR.bmp
sprite,gfx/map/units/T-MARINE A-FIRE C-IND L-8 D-E.spr,gfx/map/units/T-MARINE A-FIRE C-AST L-8 D-E.spr,T-PARATROOPER C-AST A-FIRE D-E.bmp,V3-IND-KHAKI-WWII-IMP-CS-AST-PAR.bmp
sprite,gfx/map/units/T-MARINE A-FIRE C-IND L-8 D-N.spr,gfx/map/units/T-MARINE A-FIRE C-AST L-8 D-N.spr,T-PARATROOPER C-AST A-FIRE D-N.bmp,V3-IND-KHAKI-WWII-IMP-CS-AST-PAR.bmp
sprite,gfx/map/units/T-MARINE A-FIRE C-IND L-8 D-NE.spr,gfx/map/units/T-MARINE A-FIRE C-AST L-8 D-NE.spr,T-PARATROOPER C-AST A-FIRE D-NE.bmp,V3-IND-KHAKI-WWII-IMP-CS-AST-PAR.bmp
sprite,gfx/map/units/T-MARINE A-FIRE C-IND L-8 D-NW.spr,gfx/map/units/T-MARINE A-FIRE C-AST L-8 D-NW.spr,T-PARATROOPER C-AST A-FIRE D-NW.bmp,V3-IND-KHAKI-WWII-IMP-CS-AST-PAR.bmp
sprite,gfx/map/units/T-MARINE A-FIRE C-IND L-8 D-S.spr,gfx/map/units/T-MARINE A-FIRE C-AST L-8 D-S.spr,T-PARATROOPER C-AST A-FIRE D-S.bmp,V3-IND-KHAKI-WWII-IMP-CS-AST-PAR.bmp
sprite,gfx/map/units/T-MARINE A-FIRE C-IND L-8 D-SE.spr,gfx/map/units/T-MARINE A-FIRE C-AST L-8 D-SE.spr,T-PARATROOPER C-AST A-FIRE D-SE.bmp,V3-IND-KHAKI-WWII-IMP-CS-AST-PAR.bmp
sprite,gfx/map/units/T-MARINE A-FIRE C-IND L-8 D-SW.spr,gfx/map/units/T-MARINE A-FIRE C-AST L-8 D-SW.spr,T-PARATROOPER C-AST A-FIRE D-SW.bmp,V3-IND-KHAKI-WWII-IMP-CS-AST-PAR.bmp
sprite,gfx/map/units/T-MARINE A-FIRE C-IND L-8 D-W.spr,gfx/map/units/T-MARINE A-FIRE C-AST L-8 D-W.spr,T-PARATROOPER C-AST A-FIRE D-W.bmp,V3-IND-KHAKI-WWII-IMP-CS-AST-PAR.bmp
sprite,gfx/map/units/T-MARINE A-FIRE C-IND L-8.spr,gfx/map/units/T-MARINE A-FIRE C-AST L-8.spr,T-PARATROOPER C-AST A-FIRE D-SE.bmp,V3-IND-KHAKI-WWII-IMP-CS-AST-PAR.bmp
sprite,gfx/map/units/T-MARINE A-FIRE C-IND L-9 D-E.spr,gfx/map/units/T-MARINE A-FIRE C-AST L-9 D-E.spr,T-PARATROOPER C-AST A-FIRE D-E.bmp,V3-IND-KHAKI-WWII-IMP-CS-AST-PAR.bmp
sprite,gfx/map/units/T-MARINE A-FIRE C-IND L-9 D-N.spr,gfx/map/units/T-MARINE A-FIRE C-AST L-9 D-N.spr,T-PARATROOPER C-AST A-FIRE D-N.bmp,V3-IND-KHAKI-WWII-IMP-CS-AST-PAR.bmp
sprite,gfx/map/units/T-MARINE A-FIRE C-IND L-9 D-NE.spr,gfx/map/units/T-MARINE A-FIRE C-AST L-9 D-NE.spr,T-PARATROOPER C-AST A-FIRE D-NE.bmp,V3-IND-KHAKI-WWII-IMP-CS-AST-PAR.bmp
sprite,gfx/map/units/T-MARINE A-FIRE C-IND L-9 D-NW.spr,gfx/map/units/T-MARINE A-FIRE C-AST L-9 D-NW.spr,T-PARATROOPER C-AST A-FIRE D-NW.bmp,V3-IND-KHAKI-WWII-IMP-CS-AST-PAR.bmp
sprite,gfx/map/units/T-MARINE A-FIRE C-IND L-9 D-S.spr,gfx/map/units/T-MARINE A-FIRE C-AST L-9 D-S.spr,T-PARATROOPER C-AST A-FIRE D-S.bmp,V3-IND-KHAKI-WWII-IMP-CS-AST-PAR.bmp
sprite,gfx/map/units/T-MARINE A-FIRE C-IND L-9 D-SE.spr,gfx/map/units/T-MARINE A-FIRE C-AST L-9 D-SE.spr,T-PARATROOPER C-AST A-FIRE D-SE.bmp,V3-IND-KHAKI-WWII-IMP-CS-AST-PAR.bmp
sprite,gfx/map/units/T-MARINE A-FIRE C-IND L-9 D-SW.spr,gfx/map/units/T-MARINE A-FIRE C-AST L-9 D-SW.spr,T-PARATROOPER C-AST A-FIRE D-SW.bmp,V3-IND-KHAKI-WWII-IMP-CS-AST-PAR.bmp
sprite,gfx/map/units/T-MARINE A-FIRE C-IND L-9 D-W.spr,gfx/map/units/T-MARINE A-FIRE C-AST L-9 D-W.spr,T-PARATROOPER C-AST A-FIRE D-W.bmp,V3-IND-KHAKI-WWII-IMP-CS-AST-PAR.bmp
sprite,gfx/map/units/T-MARINE A-FIRE C-IND L-9.spr,gfx/map/units/T-MARINE A-FIRE C-AST L-9.spr,T-PARATROOPER C-AST A-FIRE D-SE.bmp,V3-IND-KHAKI-WWII-IMP-CS-AST-PAR.bmp
sprite,gfx/map/units/T-MARINE A-STAND C-IND L-1.spr,gfx/map/units/T-MARINE A-STAND C-AST L-1.spr,T-BERGSJAEGER C-AST A-STAND L-5.bmp,V3-IND-KHAKI-CS-AST-INF-WWI-LTE.bmp
sprite,gfx/map/units/T-MARINE A-STAND C-IND L-10.spr,gfx/map/units/T-MARINE A-STAND C-AST L-10.spr,T-PARATROOPER C-AST A-STAND.bmp,V3-IND-KHAKI-WWII-IMP-CS-AST-PAR.bmp
sprite,gfx/map/units/T-MARINE A-STAND C-IND L-11.spr,gfx/map/units/T-MARINE A-STAND C-AST L-11.spr,T-PARATROOPER C-AST A-STAND.bmp,V3-IND-KHAKI-WWII-IMP-CS-AST-PAR.bmp
sprite,gfx/map/units/T-MARINE A-STAND C-IND L-2.spr,gfx/map/units/T-MARINE A-STAND C-AST L-2.spr,T-PARATROOPER C-AST A-STAND.bmp,V3-IND-KHAKI-WWII-IMP-CS-AST-PAR.bmp
sprite,gfx/map/units/T-MARINE A-STAND C-IND L-3.spr,gfx/map/units/T-MARINE A-STAND C-AST L-3.spr,T-PARATROOPER C-AST A-STAND.bmp,V3-IND-KHAKI-WWII-IMP-CS-AST-PAR.bmp
sprite,gfx/map/units/T-MARINE A-STAND C-IND L-4.spr,gfx/map/units/T-MARINE A-STAND C-AST L-4.spr,T-PARATROOPER C-AST A-STAND.bmp,V3-IND-KHAKI-WWII-IMP-CS-AST-PAR.bmp
sprite,gfx/map/units/T-MARINE A-STAND C-IND L-5.spr,gfx/map/units/T-MARINE A-STAND C-AST L-5.spr,T-PARATROOPER C-AST A-STAND.bmp,V3-IND-KHAKI-WWII-IMP-CS-AST-PAR.bmp
sprite,gfx/map/units/T-MARINE A-STAND C-IND L-6.spr,gfx/map/units/T-MARINE A-STAND C-AST L-6.spr,T-PARATROOPER C-AST A-STAND.bmp,V3-IND-KHAKI-WWII-IMP-CS-AST-PAR.bmp
sprite,gfx/map/units/T-MARINE A-STAND C-IND L-7.spr,gfx/map/units/T-MARINE A-STAND C-AST L-7.spr,T-PARATROOPER C-AST A-STAND.bmp,V3-IND-KHAKI-WWII-IMP-CS-AST-PAR.bmp
sprite,gfx/map/units/T-MARINE A-STAND C-IND L-8.spr,gfx/map/units/T-MARINE A-STAND C-AST L-8.spr,T-PARATROOPER C-AST A-STAND.bmp,V3-IND-KHAKI-WWII-IMP-CS-AST-PAR.bmp
sprite,gfx/map/units/T-MARINE A-STAND C-IND L-9.spr,gfx/map/units/T-MARINE A-STAND C-AST L-9.spr,T-PARATROOPER C-AST A-STAND.bmp,V3-IND-KHAKI-WWII-IMP-CS-AST-PAR.bmp
sprite,gfx/map/units/T-MARINE A-WALK C-IND L-1 D-E.spr,gfx/map/units/T-MARINE A-WALK C-AST L-1 D-E.spr,T-INFANTRY C-AST A-WALK D-E L-5.bmp,V3-IND-KHAKI-CS-AST-INF-WWI-LTE.bmp
sprite,gfx/map/units/T-MARINE A-WALK C-IND L-1 D-N.spr,gfx/map/units/T-MARINE A-WALK C-AST L-1 D-N.spr,T-INFANTRY C-AST A-WALK D-N L-5.bmp,V3-IND-KHAKI-CS-AST-INF-WWI-LTE.bmp
sprite,gfx/map/units/T-MARINE A-WALK C-IND L-1 D-NE.spr,gfx/map/units/T-MARINE A-WALK C-AST L-1 D-NE.spr,T-INFANTRY C-AST A-WALK D-NE L-5.bmp,V3-IND-KHAKI-CS-AST-INF-WWI-LTE.bmp
sprite,gfx/map/units/T-MARINE A-WALK C-IND L-1 D-NW.spr,gfx/map/units/T-MARINE A-WALK C-AST L-1 D-NW.spr,T-INFANTRY C-AST A-WALK D-NW L-5.bmp,V3-IND-KHAKI-CS-AST-INF-WWI-LTE.bmp
sprite,gfx/map/units/T-MARINE A-WALK C-IND L-1 D-S.spr,gfx/map/units/T-MARINE A-WALK C-AST L-1 D-S.spr,T-INFANTRY C-AST A-WALK D-S L-5.bmp,V3-IND-KHAKI-CS-AST-INF-WWI-LTE.bmp
sprite,gfx/map/units/T-MARINE A-WALK C-IND L-1 D-SE.spr,gfx/map/units/T-MARINE A-WALK C-AST L-1 D-SE.spr,T-INFANTRY C-AST A-WALK D-SE L-5.bmp,V3-IND-KHAKI-CS-AST-INF-WWI-LTE.bmp
sprite,gfx/map/units/T-MARINE A-WALK C-IND L-1 D-SW.spr,gfx/map/units/T-MARINE A-WALK C-AST L-1 D-SW.spr,T-INFANTRY C-AST A-WALK D-SW L-5.bmp,V3-IND-KHAKI-CS-AST-INF-WWI-LTE.bmp
sprite,gfx/map/units/T-MARINE A-WALK C-IND L-1 D-W.spr,gfx/map/units/T-MARINE A-WALK C-AST L-1 D-W.spr,T-INFANTRY C-AST A-WALK D-W L-5.bmp,V3-IND-KHAKI-CS-AST-INF-WWI-LTE.bmp
sprite,gfx/map/units/T-MARINE A-WALK C-IND L-10 D-E.spr,gfx/map/units/T-MARINE A-WALK C-AST L-10 D-E.spr,T-PARATROOPER C-AST A-WALK D-E.bmp,V3-IND-KHAKI-WWII-IMP-CS-AST-PAR.bmp
sprite,gfx/map/units/T-MARINE A-WALK C-IND L-10 D-N.spr,gfx/map/units/T-MARINE A-WALK C-AST L-10 D-N.spr,T-PARATROOPER C-AST A-WALK D-N.bmp,V3-IND-KHAKI-WWII-IMP-CS-AST-PAR.bmp
sprite,gfx/map/units/T-MARINE A-WALK C-IND L-10 D-NE.spr,gfx/map/units/T-MARINE A-WALK C-AST L-10 D-NE.spr,T-PARATROOPER C-AST A-WALK D-NE.bmp,V3-IND-KHAKI-WWII-IMP-CS-AST-PAR.bmp
sprite,gfx/map/units/T-MARINE A-WALK C-IND L-10 D-NW.spr,gfx/map/units/T-MARINE A-WALK C-AST L-10 D-NW.spr,T-PARATROOPER C-AST A-WALK D-NW.bmp,V3-IND-KHAKI-WWII-IMP-CS-AST-PAR.bmp
sprite,gfx/map/units/T-MARINE A-WALK C-IND L-10 D-S.spr,gfx/map/units/T-MARINE A-WALK C-AST L-10 D-S.spr,T-PARATROOPER C-AST A-WALK D-S.bmp,V3-IND-KHAKI-WWII-IMP-CS-AST-PAR.bmp
sprite,gfx/map/units/T-MARINE A-WALK C-IND L-10 D-SE.spr,gfx/map/units/T-MARINE A-WALK C-AST L-10 D-SE.spr,T-PARATROOPER C-AST A-WALK D-SE.bmp,V3-IND-KHAKI-WWII-IMP-CS-AST-PAR.bmp
sprite,gfx/map/units/T-MARINE A-WALK C-IND L-10 D-SW.spr,gfx/map/units/T-MARINE A-WALK C-AST L-10 D-SW.spr,T-PARATROOPER C-AST A-WALK D-SW.bmp,V3-IND-KHAKI-WWII-IMP-CS-AST-PAR.bmp
sprite,gfx/map/units/T-MARINE A-WALK C-IND L-10 D-W.spr,gfx/map/units/T-MARINE A-WALK C-AST L-10 D-W.spr,T-PARATROOPER C-AST A-WALK D-W.bmp,V3-IND-KHAKI-WWII-IMP-CS-AST-PAR.bmp
sprite,gfx/map/units/T-MARINE A-WALK C-IND L-11 D-E.spr,gfx/map/units/T-MARINE A-WALK C-AST L-11 D-E.spr,T-PARATROOPER C-AST A-WALK D-E.bmp,V3-IND-KHAKI-WWII-IMP-CS-AST-PAR.bmp
sprite,gfx/map/units/T-MARINE A-WALK C-IND L-11 D-N.spr,gfx/map/units/T-MARINE A-WALK C-AST L-11 D-N.spr,T-PARATROOPER C-AST A-WALK D-N.bmp,V3-IND-KHAKI-WWII-IMP-CS-AST-PAR.bmp
sprite,gfx/map/units/T-MARINE A-WALK C-IND L-11 D-NE.spr,gfx/map/units/T-MARINE A-WALK C-AST L-11 D-NE.spr,T-PARATROOPER C-AST A-WALK D-NE.bmp,V3-IND-KHAKI-WWII-IMP-CS-AST-PAR.bmp
sprite,gfx/map/units/T-MARINE A-WALK C-IND L-11 D-NW.spr,gfx/map/units/T-MARINE A-WALK C-AST L-11 D-NW.spr,T-PARATROOPER C-AST A-WALK D-NW.bmp,V3-IND-KHAKI-WWII-IMP-CS-AST-PAR.bmp
sprite,gfx/map/units/T-MARINE A-WALK C-IND L-11 D-S.spr,gfx/map/units/T-MARINE A-WALK C-AST L-11 D-S.spr,T-PARATROOPER C-AST A-WALK D-S.bmp,V3-IND-KHAKI-WWII-IMP-CS-AST-PAR.bmp
sprite,gfx/map/units/T-MARINE A-WALK C-IND L-11 D-SE.spr,gfx/map/units/T-MARINE A-WALK C-AST L-11 D-SE.spr,T-PARATROOPER C-AST A-WALK D-SE.bmp,V3-IND-KHAKI-WWII-IMP-CS-AST-PAR.bmp
sprite,gfx/map/units/T-MARINE A-WALK C-IND L-11 D-SW.spr,gfx/map/units/T-MARINE A-WALK C-AST L-11 D-SW.spr,T-PARATROOPER C-AST A-WALK D-SW.bmp,V3-IND-KHAKI-WWII-IMP-CS-AST-PAR.bmp
sprite,gfx/map/units/T-MARINE A-WALK C-IND L-11 D-W.spr,gfx/map/units/T-MARINE A-WALK C-AST L-11 D-W.spr,T-PARATROOPER C-AST A-WALK D-W.bmp,V3-IND-KHAKI-WWII-IMP-CS-AST-PAR.bmp
sprite,gfx/map/units/T-MARINE A-WALK C-IND L-2 D-E.spr,gfx/map/units/T-MARINE A-WALK C-AST L-2 D-E.spr,T-PARATROOPER C-AST A-WALK D-E.bmp,V3-IND-KHAKI-WWII-IMP-CS-AST-PAR.bmp
sprite,gfx/map/units/T-MARINE A-WALK C-IND L-2 D-N.spr,gfx/map/units/T-MARINE A-WALK C-AST L-2 D-N.spr,T-PARATROOPER C-AST A-WALK D-N.bmp,V3-IND-KHAKI-WWII-IMP-CS-AST-PAR.bmp
sprite,gfx/map/units/T-MARINE A-WALK C-IND L-2 D-NE.spr,gfx/map/units/T-MARINE A-WALK C-AST L-2 D-NE.spr,T-PARATROOPER C-AST A-WALK D-NE.bmp,V3-IND-KHAKI-WWII-IMP-CS-AST-PAR.bmp
sprite,gfx/map/units/T-MARINE A-WALK C-IND L-2 D-NW.spr,gfx/map/units/T-MARINE A-WALK C-AST L-2 D-NW.spr,T-PARATROOPER C-AST A-WALK D-NW.bmp,V3-IND-KHAKI-WWII-IMP-CS-AST-PAR.bmp
sprite,gfx/map/units/T-MARINE A-WALK C-IND L-2 D-S.spr,gfx/map/units/T-MARINE A-WALK C-AST L-2 D-S.spr,T-PARATROOPER C-AST A-WALK D-S.bmp,V3-IND-KHAKI-WWII-IMP-CS-AST-PAR.bmp
sprite,gfx/map/units/T-MARINE A-WALK C-IND L-2 D-SE.spr,gfx/map/units/T-MARINE A-WALK C-AST L-2 D-SE.spr,T-PARATROOPER C-AST A-WALK D-SE.bmp,V3-IND-KHAKI-WWII-IMP-CS-AST-PAR.bmp
sprite,gfx/map/units/T-MARINE A-WALK C-IND L-2 D-SW.spr,gfx/map/units/T-MARINE A-WALK C-AST L-2 D-SW.spr,T-PARATROOPER C-AST A-WALK D-SW.bmp,V3-IND-KHAKI-WWII-IMP-CS-AST-PAR.bmp
sprite,gfx/map/units/T-MARINE A-WALK C-IND L-2 D-W.spr,gfx/map/units/T-MARINE A-WALK C-AST L-2 D-W.spr,T-PARATROOPER C-AST A-WALK D-W.bmp,V3-IND-KHAKI-WWII-IMP-CS-AST-PAR.bmp
sprite,gfx/map/units/T-MARINE A-WALK C-IND L-3 D-E.spr,gfx/map/units/T-MARINE A-WALK C-AST L-3 D-E.spr,T-PARATROOPER C-AST A-WALK D-E.bmp,V3-IND-KHAKI-WWII-IMP-CS-AST-PAR.bmp
sprite,gfx/map/units/T-MARINE A-WALK C-IND L-3 D-N.spr,gfx/map/units/T-MARINE A-WALK C-AST L-3 D-N.spr,T-PARATROOPER C-AST A-WALK D-N.bmp,V3-IND-KHAKI-WWII-IMP-CS-AST-PAR.bmp
sprite,gfx/map/units/T-MARINE A-WALK C-IND L-3 D-NE.spr,gfx/map/units/T-MARINE A-WALK C-AST L-3 D-NE.spr,T-PARATROOPER C-AST A-WALK D-NE.bmp,V3-IND-KHAKI-WWII-IMP-CS-AST-PAR.bmp
sprite,gfx/map/units/T-MARINE A-WALK C-IND L-3 D-NW.spr,gfx/map/units/T-MARINE A-WALK C-AST L-3 D-NW.spr,T-PARATROOPER C-AST A-WALK D-NW.bmp,V3-IND-KHAKI-WWII-IMP-CS-AST-PAR.bmp
sprite,gfx/map/units/T-MARINE A-WALK C-IND L-3 D-S.spr,gfx/map/units/T-MARINE A-WALK C-AST L-3 D-S.spr,T-PARATROOPER C-AST A-WALK D-S.bmp,V3-IND-KHAKI-WWII-IMP-CS-AST-PAR.bmp
sprite,gfx/map/units/T-MARINE A-WALK C-IND L-3 D-SE.spr,gfx/map/units/T-MARINE A-WALK C-AST L-3 D-SE.spr,T-PARATROOPER C-AST A-WALK D-SE.bmp,V3-IND-KHAKI-WWII-IMP-CS-AST-PAR.bmp
sprite,gfx/map/units/T-MARINE A-WALK C-IND L-3 D-SW.spr,gfx/map/units/T-MARINE A-WALK C-AST L-3 D-SW.spr,T-PARATROOPER C-AST A-WALK D-SW.bmp,V3-IND-KHAKI-WWII-IMP-CS-AST-PAR.bmp
sprite,gfx/map/units/T-MARINE A-WALK C-IND L-3 D-W.spr,gfx/map/units/T-MARINE A-WALK C-AST L-3 D-W.spr,T-PARATROOPER C-AST A-WALK D-W.bmp,V3-IND-KHAKI-WWII-IMP-CS-AST-PAR.bmp
sprite,gfx/map/units/T-MARINE A-WALK C-IND L-4 D-E.spr,gfx/map/units/T-MARINE A-WALK C-AST L-4 D-E.spr,T-PARATROOPER C-AST A-WALK D-E.bmp,V3-IND-KHAKI-WWII-IMP-CS-AST-PAR.bmp
sprite,gfx/map/units/T-MARINE A-WALK C-IND L-4 D-N.spr,gfx/map/units/T-MARINE A-WALK C-AST L-4 D-N.spr,T-PARATROOPER C-AST A-WALK D-N.bmp,V3-IND-KHAKI-WWII-IMP-CS-AST-PAR.bmp
sprite,gfx/map/units/T-MARINE A-WALK C-IND L-4 D-NE.spr,gfx/map/units/T-MARINE A-WALK C-AST L-4 D-NE.spr,T-PARATROOPER C-AST A-WALK D-NE.bmp,V3-IND-KHAKI-WWII-IMP-CS-AST-PAR.bmp
sprite,gfx/map/units/T-MARINE A-WALK C-IND L-4 D-NW.spr,gfx/map/units/T-MARINE A-WALK C-AST L-4 D-NW.spr,T-PARATROOPER C-AST A-WALK D-NW.bmp,V3-IND-KHAKI-WWII-IMP-CS-AST-PAR.bmp
sprite,gfx/map/units/T-MARINE A-WALK C-IND L-4 D-S.spr,gfx/map/units/T-MARINE A-WALK C-AST L-4 D-S.spr,T-PARATROOPER C-AST A-WALK D-S.bmp,V3-IND-KHAKI-WWII-IMP-CS-AST-PAR.bmp
sprite,gfx/map/units/T-MARINE A-WALK C-IND L-4 D-SE.spr,gfx/map/units/T-MARINE A-WALK C-AST L-4 D-SE.spr,T-PARATROOPER C-AST A-WALK D-SE.bmp,V3-IND-KHAKI-WWII-IMP-CS-AST-PAR.bmp
sprite,gfx/map/units/T-MARINE A-WALK C-IND L-4 D-SW.spr,gfx/map/units/T-MARINE A-WALK C-AST L-4 D-SW.spr,T-PARATROOPER C-AST A-WALK D-SW.bmp,V3-IND-KHAKI-WWII-IMP-CS-AST-PAR.bmp
sprite,gfx/map/units/T-MARINE A-WALK C-IND L-4 D-W.spr,gfx/map/units/T-MARINE A-WALK C-AST L-4 D-W.spr,T-PARATROOPER C-AST A-WALK D-W.bmp,V3-IND-KHAKI-WWII-IMP-CS-AST-PAR.bmp
sprite,gfx/map/units/T-MARINE A-WALK C-IND L-5 D-E.spr,gfx/map/units/T-MARINE A-WALK C-AST L-5 D-E.spr,T-PARATROOPER C-AST A-WALK D-E.bmp,V3-IND-KHAKI-WWII-IMP-CS-AST-PAR.bmp
sprite,gfx/map/units/T-MARINE A-WALK C-IND L-5 D-N.spr,gfx/map/units/T-MARINE A-WALK C-AST L-5 D-N.spr,T-PARATROOPER C-AST A-WALK D-N.bmp,V3-IND-KHAKI-WWII-IMP-CS-AST-PAR.bmp
sprite,gfx/map/units/T-MARINE A-WALK C-IND L-5 D-NE.spr,gfx/map/units/T-MARINE A-WALK C-AST L-5 D-NE.spr,T-PARATROOPER C-AST A-WALK D-NE.bmp,V3-IND-KHAKI-WWII-IMP-CS-AST-PAR.bmp
sprite,gfx/map/units/T-MARINE A-WALK C-IND L-5 D-NW.spr,gfx/map/units/T-MARINE A-WALK C-AST L-5 D-NW.spr,T-PARATROOPER C-AST A-WALK D-NW.bmp,V3-IND-KHAKI-WWII-IMP-CS-AST-PAR.bmp
sprite,gfx/map/units/T-MARINE A-WALK C-IND L-5 D-S.spr,gfx/map/units/T-MARINE A-WALK C-AST L-5 D-S.spr,T-PARATROOPER C-AST A-WALK D-S.bmp,V3-IND-KHAKI-WWII-IMP-CS-AST-PAR.bmp
sprite,gfx/map/units/T-MARINE A-WALK C-IND L-5 D-SE.spr,gfx/map/units/T-MARINE A-WALK C-AST L-5 D-SE.spr,T-PARATROOPER C-AST A-WALK D-SE.bmp,V3-IND-KHAKI-WWII-IMP-CS-AST-PAR.bmp
sprite,gfx/map/units/T-MARINE A-WALK C-IND L-5 D-SW.spr,gfx/map/units/T-MARINE A-WALK C-AST L-5 D-SW.spr,T-PARATROOPER C-AST A-WALK D-SW.bmp,V3-IND-KHAKI-WWII-IMP-CS-AST-PAR.bmp
sprite,gfx/map/units/T-MARINE A-WALK C-IND L-5 D-W.spr,gfx/map/units/T-MARINE A-WALK C-AST L-5 D-W.spr,T-PARATROOPER C-AST A-WALK D-W.bmp,V3-IND-KHAKI-WWII-IMP-CS-AST-PAR.bmp
sprite,gfx/map/units/T-MARINE A-WALK C-IND L-6 D-E.spr,gfx/map/units/T-MARINE A-WALK C-AST L-6 D-E.spr,T-PARATROOPER C-AST A-WALK D-E.bmp,V3-IND-KHAKI-WWII-IMP-CS-AST-PAR.bmp
sprite,gfx/map/units/T-MARINE A-WALK C-IND L-6 D-N.spr,gfx/map/units/T-MARINE A-WALK C-AST L-6 D-N.spr,T-PARATROOPER C-AST A-WALK D-N.bmp,V3-IND-KHAKI-WWII-IMP-CS-AST-PAR.bmp
sprite,gfx/map/units/T-MARINE A-WALK C-IND L-6 D-NE.spr,gfx/map/units/T-MARINE A-WALK C-AST L-6 D-NE.spr,T-PARATROOPER C-AST A-WALK D-NE.bmp,V3-IND-KHAKI-WWII-IMP-CS-AST-PAR.bmp
sprite,gfx/map/units/T-MARINE A-WALK C-IND L-6 D-NW.spr,gfx/map/units/T-MARINE A-WALK C-AST L-6 D-NW.spr,T-PARATROOPER C-AST A-WALK D-NW.bmp,V3-IND-KHAKI-WWII-IMP-CS-AST-PAR.bmp
sprite,gfx/map/units/T-MARINE A-WALK C-IND L-6 D-S.spr,gfx/map/units/T-MARINE A-WALK C-AST L-6 D-S.spr,T-PARATROOPER C-AST A-WALK D-S.bmp,V3-IND-KHAKI-WWII-IMP-CS-AST-PAR.bmp
sprite,gfx/map/units/T-MARINE A-WALK C-IND L-6 D-SE.spr,gfx/map/units/T-MARINE A-WALK C-AST L-6 D-SE.spr,T-PARATROOPER C-AST A-WALK D-SE.bmp,V3-IND-KHAKI-WWII-IMP-CS-AST-PAR.bmp
sprite,gfx/map/units/T-MARINE A-WALK C-IND L-6 D-SW.spr,gfx/map/units/T-MARINE A-WALK C-AST L-6 D-SW.spr,T-PARATROOPER C-AST A-WALK D-SW.bmp,V3-IND-KHAKI-WWII-IMP-CS-AST-PAR.bmp
sprite,gfx/map/units/T-MARINE A-WALK C-IND L-6 D-W.spr,gfx/map/units/T-MARINE A-WALK C-AST L-6 D-W.spr,T-PARATROOPER C-AST A-WALK D-W.bmp,V3-IND-KHAKI-WWII-IMP-CS-AST-PAR.bmp
sprite,gfx/map/units/T-MARINE A-WALK C-IND L-7 D-E.spr,gfx/map/units/T-MARINE A-WALK C-AST L-7 D-E.spr,T-PARATROOPER C-AST A-WALK D-E.bmp,V3-IND-KHAKI-WWII-IMP-CS-AST-PAR.bmp
sprite,gfx/map/units/T-MARINE A-WALK C-IND L-7 D-N.spr,gfx/map/units/T-MARINE A-WALK C-AST L-7 D-N.spr,T-PARATROOPER C-AST A-WALK D-N.bmp,V3-IND-KHAKI-WWII-IMP-CS-AST-PAR.bmp
sprite,gfx/map/units/T-MARINE A-WALK C-IND L-7 D-NE.spr,gfx/map/units/T-MARINE A-WALK C-AST L-7 D-NE.spr,T-PARATROOPER C-AST A-WALK D-NE.bmp,V3-IND-KHAKI-WWII-IMP-CS-AST-PAR.bmp
sprite,gfx/map/units/T-MARINE A-WALK C-IND L-7 D-NW.spr,gfx/map/units/T-MARINE A-WALK C-AST L-7 D-NW.spr,T-PARATROOPER C-AST A-WALK D-NW.bmp,V3-IND-KHAKI-WWII-IMP-CS-AST-PAR.bmp
sprite,gfx/map/units/T-MARINE A-WALK C-IND L-7 D-S.spr,gfx/map/units/T-MARINE A-WALK C-AST L-7 D-S.spr,T-PARATROOPER C-AST A-WALK D-S.bmp,V3-IND-KHAKI-WWII-IMP-CS-AST-PAR.bmp
sprite,gfx/map/units/T-MARINE A-WALK C-IND L-7 D-SE.spr,gfx/map/units/T-MARINE A-WALK C-AST L-7 D-SE.spr,T-PARATROOPER C-AST A-WALK D-SE.bmp,V3-IND-KHAKI-WWII-IMP-CS-AST-PAR.bmp
sprite,gfx/map/units/T-MARINE A-WALK C-IND L-7 D-SW.spr,gfx/map/units/T-MARINE A-WALK C-AST L-7 D-SW.spr,T-PARATROOPER C-AST A-WALK D-SW.bmp,V3-IND-KHAKI-WWII-IMP-CS-AST-PAR.bmp
sprite,gfx/map/units/T-MARINE A-WALK C-IND L-7 D-W.spr,gfx/map/units/T-MARINE A-WALK C-AST L-7 D-W.spr,T-PARATROOPER C-AST A-WALK D-W.bmp,V3-IND-KHAKI-WWII-IMP-CS-AST-PAR.bmp
sprite,gfx/map/units/T-MARINE A-WALK C-IND L-8 D-E.spr,gfx/map/units/T-MARINE A-WALK C-AST L-8 D-E.spr,T-PARATROOPER C-AST A-WALK D-E.bmp,V3-IND-KHAKI-WWII-IMP-CS-AST-PAR.bmp
sprite,gfx/map/units/T-MARINE A-WALK C-IND L-8 D-N.spr,gfx/map/units/T-MARINE A-WALK C-AST L-8 D-N.spr,T-PARATROOPER C-AST A-WALK D-N.bmp,V3-IND-KHAKI-WWII-IMP-CS-AST-PAR.bmp
sprite,gfx/map/units/T-MARINE A-WALK C-IND L-8 D-NE.spr,gfx/map/units/T-MARINE A-WALK C-AST L-8 D-NE.spr,T-PARATROOPER C-AST A-WALK D-NE.bmp,V3-IND-KHAKI-WWII-IMP-CS-AST-PAR.bmp
sprite,gfx/map/units/T-MARINE A-WALK C-IND L-8 D-NW.spr,gfx/map/units/T-MARINE A-WALK C-AST L-8 D-NW.spr,T-PARATROOPER C-AST A-WALK D-NW.bmp,V3-IND-KHAKI-WWII-IMP-CS-AST-PAR.bmp
sprite,gfx/map/units/T-MARINE A-WALK C-IND L-8 D-S.spr,gfx/map/units/T-MARINE A-WALK C-AST L-8 D-S.spr,T-PARATROOPER C-AST A-WALK D-S.bmp,V3-IND-KHAKI-WWII-IMP-CS-AST-PAR.bmp
sprite,gfx/map/units/T-MARINE A-WALK C-IND L-8 D-SE.spr,gfx/map/units/T-MARINE A-WALK C-AST L-8 D-SE.spr,T-PARATROOPER C-AST A-WALK D-SE.bmp,V3-IND-KHAKI-WWII-IMP-CS-AST-PAR.bmp
sprite,gfx/map/units/T-MARINE A-WALK C-IND L-8 D-SW.spr,gfx/map/units/T-MARINE A-WALK C-AST L-8 D-SW.spr,T-PARATROOPER C-AST A-WALK D-SW.bmp,V3-IND-KHAKI-WWII-IMP-CS-AST-PAR.bmp
sprite,gfx/map/units/T-MARINE A-WALK C-IND L-8 D-W.spr,gfx/map/units/T-MARINE A-WALK C-AST L-8 D-W.spr,T-PARATROOPER C-AST A-WALK D-W.bmp,V3-IND-KHAKI-WWII-IMP-CS-AST-PAR.bmp
sprite,gfx/map/units/T-MARINE A-WALK C-IND L-9 D-E.spr,gfx/map/units/T-MARINE A-WALK C-AST L-9 D-E.spr,T-PARATROOPER C-AST A-WALK D-E.bmp,V3-IND-KHAKI-WWII-IMP-CS-AST-PAR.bmp
sprite,gfx/map/units/T-MARINE A-WALK C-IND L-9 D-N.spr,gfx/map/units/T-MARINE A-WALK C-AST L-9 D-N.spr,T-PARATROOPER C-AST A-WALK D-N.bmp,V3-IND-KHAKI-WWII-IMP-CS-AST-PAR.bmp
sprite,gfx/map/units/T-MARINE A-WALK C-IND L-9 D-NE.spr,gfx/map/units/T-MARINE A-WALK C-AST L-9 D-NE.spr,T-PARATROOPER C-AST A-WALK D-NE.bmp,V3-IND-KHAKI-WWII-IMP-CS-AST-PAR.bmp
sprite,gfx/map/units/T-MARINE A-WALK C-IND L-9 D-NW.spr,gfx/map/units/T-MARINE A-WALK C-AST L-9 D-NW.spr,T-PARATROOPER C-AST A-WALK D-NW.bmp,V3-IND-KHAKI-WWII-IMP-CS-AST-PAR.bmp
sprite,gfx/map/units/T-MARINE A-WALK C-IND L-9 D-S.spr,gfx/map/units/T-MARINE A-WALK C-AST L-9 D-S.spr,T-PARATROOPER C-AST A-WALK D-S.bmp,V3-IND-KHAKI-WWII-IMP-CS-AST-PAR.bmp
sprite,gfx/map/units/T-MARINE A-WALK C-IND L-9 D-SE.spr,gfx/map/units/T-MARINE A-WALK C-AST L-9 D-SE.spr,T-PARATROOPER C-AST A-WALK D-SE.bmp,V3-IND-KHAKI-WWII-IMP-CS-AST-PAR.bmp
sprite,gfx/map/units/T-MARINE A-WALK C-IND L-9 D-SW.spr,gfx/map/units/T-MARINE A-WALK C-AST L-9 D-SW.spr,T-PARATROOPER C-AST A-WALK D-SW.bmp,V3-IND-KHAKI-WWII-IMP-CS-AST-PAR.bmp
sprite,gfx/map/units/T-MARINE A-WALK C-IND L-9 D-W.spr,gfx/map/units/T-MARINE A-WALK C-AST L-9 D-W.spr,T-PARATROOPER C-AST A-WALK D-W.bmp,V3-IND-KHAKI-WWII-IMP-CS-AST-PAR.bmp
sprite,gfx/map/units/T-MECHANIZED A-FIRE C-IND L-1 D-E.spr,gfx/map/units/T-MECHANIZED A-FIRE C-AST L-1 D-E.spr,T-MECHANIZED A-FIRE C-ENG L-1 D-E.bmp,V3-IND-OLIVE-T-MECHANIZED_C-ENG_L-1.bmp
sprite,gfx/map/units/T-MECHANIZED A-FIRE C-IND L-1 D-N.spr,gfx/map/units/T-MECHANIZED A-FIRE C-AST L-1 D-N.spr,T-MECHANIZED A-FIRE C-ENG L-1 D-N.bmp,V3-IND-OLIVE-T-MECHANIZED_C-ENG_L-1.bmp
sprite,gfx/map/units/T-MECHANIZED A-FIRE C-IND L-1 D-NE.spr,gfx/map/units/T-MECHANIZED A-FIRE C-AST L-1 D-NE.spr,T-MECHANIZED A-FIRE C-ENG L-1 D-NE.bmp,V3-IND-OLIVE-T-MECHANIZED_C-ENG_L-1.bmp
sprite,gfx/map/units/T-MECHANIZED A-FIRE C-IND L-1 D-NW.spr,gfx/map/units/T-MECHANIZED A-FIRE C-AST L-1 D-NW.spr,T-MECHANIZED A-FIRE C-ENG L-1 D-NW.bmp,V3-IND-OLIVE-T-MECHANIZED_C-ENG_L-1.bmp
sprite,gfx/map/units/T-MECHANIZED A-FIRE C-IND L-1 D-S.spr,gfx/map/units/T-MECHANIZED A-FIRE C-AST L-1 D-S.spr,T-MECHANIZED A-FIRE C-ENG L-1 D-S.bmp,V3-IND-OLIVE-T-MECHANIZED_C-ENG_L-1.bmp
sprite,gfx/map/units/T-MECHANIZED A-FIRE C-IND L-1 D-SE.spr,gfx/map/units/T-MECHANIZED A-FIRE C-AST L-1 D-SE.spr,T-MECHANIZED A-FIRE C-ENG L-1 D-SE.bmp,V3-IND-OLIVE-T-MECHANIZED_C-ENG_L-1.bmp
sprite,gfx/map/units/T-MECHANIZED A-FIRE C-IND L-1 D-SW.spr,gfx/map/units/T-MECHANIZED A-FIRE C-AST L-1 D-SW.spr,T-MECHANIZED A-FIRE C-ENG L-1 D-SW.bmp,V3-IND-OLIVE-T-MECHANIZED_C-ENG_L-1.bmp
sprite,gfx/map/units/T-MECHANIZED A-FIRE C-IND L-1 D-W.spr,gfx/map/units/T-MECHANIZED A-FIRE C-AST L-1 D-W.spr,T-MECHANIZED A-FIRE C-ENG L-1 D-W.bmp,V3-IND-OLIVE-T-MECHANIZED_C-ENG_L-1.bmp
sprite,gfx/map/units/T-MECHANIZED A-FIRE C-IND L-1.spr,gfx/map/units/T-MECHANIZED A-FIRE C-AST L-1.spr,T-MECHANIZED A-FIRE C-ENG L-1 D-SW.bmp,V3-IND-OLIVE-T-MECHANIZED_C-ENG_L-1.bmp
sprite,gfx/map/units/T-MECHANIZED A-STAND C-IND L-1.spr,gfx/map/units/T-MECHANIZED A-STAND C-AST L-1.spr,T-MECHANIZED A-STAND C-ENG L-1.bmp,V3-IND-OLIVE-T-MECHANIZED_C-ENG_L-1.bmp
sprite,gfx/map/units/T-MECHANIZED A-WALK C-IND L-1 D-E.spr,gfx/map/units/T-MECHANIZED A-WALK C-AST L-1 D-E.spr,T-MECHANIZED A-WALK C-ENG L-1 D-E.bmp,V3-IND-OLIVE-T-MECHANIZED_C-ENG_L-1.bmp
sprite,gfx/map/units/T-MECHANIZED A-WALK C-IND L-1 D-N.spr,gfx/map/units/T-MECHANIZED A-WALK C-AST L-1 D-N.spr,T-MECHANIZED A-WALK C-ENG L-1 D-N.bmp,V3-IND-OLIVE-T-MECHANIZED_C-ENG_L-1.bmp
sprite,gfx/map/units/T-MECHANIZED A-WALK C-IND L-1 D-NE.spr,gfx/map/units/T-MECHANIZED A-WALK C-AST L-1 D-NE.spr,T-MECHANIZED A-WALK C-ENG L-1 D-NE.bmp,V3-IND-OLIVE-T-MECHANIZED_C-ENG_L-1.bmp
sprite,gfx/map/units/T-MECHANIZED A-WALK C-IND L-1 D-NW.spr,gfx/map/units/T-MECHANIZED A-WALK C-AST L-1 D-NW.spr,T-MECHANIZED A-WALK C-ENG L-1 D-NW.bmp,V3-IND-OLIVE-T-MECHANIZED_C-ENG_L-1.bmp
sprite,gfx/map/units/T-MECHANIZED A-WALK C-IND L-1 D-S.spr,gfx/map/units/T-MECHANIZED A-WALK C-AST L-1 D-S.spr,T-MECHANIZED A-WALK C-ENG L-1 D-S.bmp,V3-IND-OLIVE-T-MECHANIZED_C-ENG_L-1.bmp
sprite,gfx/map/units/T-MECHANIZED A-WALK C-IND L-1 D-SE.spr,gfx/map/units/T-MECHANIZED A-WALK C-AST L-1 D-SE.spr,T-MECHANIZED A-WALK C-ENG L-1 D-SE.bmp,V3-IND-OLIVE-T-MECHANIZED_C-ENG_L-1.bmp
sprite,gfx/map/units/T-MECHANIZED A-WALK C-IND L-1 D-SW.spr,gfx/map/units/T-MECHANIZED A-WALK C-AST L-1 D-SW.spr,T-MECHANIZED A-WALK C-ENG L-1 D-SW.bmp,V3-IND-OLIVE-T-MECHANIZED_C-ENG_L-1.bmp
sprite,gfx/map/units/T-MECHANIZED A-WALK C-IND L-1 D-W.spr,gfx/map/units/T-MECHANIZED A-WALK C-AST L-1 D-W.spr,T-MECHANIZED A-WALK C-ENG L-1 D-W.bmp,V3-IND-OLIVE-T-MECHANIZED_C-ENG_L-1.bmp
sprite,gfx/map/units/T-MILITIA A-FIRE C-IND L-1 D-E.spr,gfx/map/units/T-MILITIA A-FIRE C-AST L-1 D-E.spr,T-INFANTRY C-CAN A-FIRE D-E L-1.bmp,V3-IND-KHAKI-CS-CAN-INF-WWI-ELY.bmp
sprite,gfx/map/units/T-MILITIA A-FIRE C-IND L-1 D-N.spr,gfx/map/units/T-MILITIA A-FIRE C-AST L-1 D-N.spr,T-INFANTRY C-CAN A-FIRE D-N L-1.bmp,V3-IND-KHAKI-CS-CAN-INF-WWI-ELY.bmp
sprite,gfx/map/units/T-MILITIA A-FIRE C-IND L-1 D-NE.spr,gfx/map/units/T-MILITIA A-FIRE C-AST L-1 D-NE.spr,T-INFANTRY C-CAN A-FIRE D-NE L-1.bmp,V3-IND-KHAKI-CS-CAN-INF-WWI-ELY.bmp
sprite,gfx/map/units/T-MILITIA A-FIRE C-IND L-1 D-NW.spr,gfx/map/units/T-MILITIA A-FIRE C-AST L-1 D-NW.spr,T-INFANTRY C-CAN A-FIRE D-NW L-1.bmp,V3-IND-KHAKI-CS-CAN-INF-WWI-ELY.bmp
sprite,gfx/map/units/T-MILITIA A-FIRE C-IND L-1 D-S.spr,gfx/map/units/T-MILITIA A-FIRE C-AST L-1 D-S.spr,T-INFANTRY C-CAN A-FIRE D-S L-1.bmp,V3-IND-KHAKI-CS-CAN-INF-WWI-ELY.bmp
sprite,gfx/map/units/T-MILITIA A-FIRE C-IND L-1 D-SE.spr,gfx/map/units/T-MILITIA A-FIRE C-AST L-1 D-SE.spr,T-INFANTRY C-CAN A-FIRE D-SE L-1.bmp,V3-IND-KHAKI-CS-CAN-INF-WWI-ELY.bmp
sprite,gfx/map/units/T-MILITIA A-FIRE C-IND L-1 D-SW.spr,gfx/map/units/T-MILITIA A-FIRE C-AST L-1 D-SW.spr,T-INFANTRY C-CAN A-FIRE D-SW L-1.bmp,V3-IND-KHAKI-CS-CAN-INF-WWI-ELY.bmp
sprite,gfx/map/units/T-MILITIA A-FIRE C-IND L-1 D-W.spr,gfx/map/units/T-MILITIA A-FIRE C-AST L-1 D-W.spr,T-INFANTRY C-CAN A-FIRE D-W L-1.bmp,V3-IND-KHAKI-CS-CAN-INF-WWI-ELY.bmp
sprite,gfx/map/units/T-MILITIA A-FIRE C-IND L-1.spr,gfx/map/units/T-MILITIA A-FIRE C-AST L-1.spr,T-INFANTRY C-CAN A-FIRE D-SE L-1.bmp,V3-IND-KHAKI-CS-CAN-INF-WWI-ELY.bmp
sprite,gfx/map/units/T-MILITIA A-FIRE C-IND L-10 D-E.spr,gfx/map/units/T-MILITIA A-FIRE C-AST L-10 D-E.spr,T-MILITIA C-ITA A-FIRE D-E.bmp,V3-IND-KHAKI-WWII-IMP-CS-ITA-MIL.bmp
sprite,gfx/map/units/T-MILITIA A-FIRE C-IND L-10 D-N.spr,gfx/map/units/T-MILITIA A-FIRE C-AST L-10 D-N.spr,T-MILITIA C-ITA A-FIRE D-N.bmp,V3-IND-KHAKI-WWII-IMP-CS-ITA-MIL.bmp
sprite,gfx/map/units/T-MILITIA A-FIRE C-IND L-10 D-NE.spr,gfx/map/units/T-MILITIA A-FIRE C-AST L-10 D-NE.spr,T-MILITIA C-ITA A-FIRE D-NE.bmp,V3-IND-KHAKI-WWII-IMP-CS-ITA-MIL.bmp
sprite,gfx/map/units/T-MILITIA A-FIRE C-IND L-10 D-NW.spr,gfx/map/units/T-MILITIA A-FIRE C-AST L-10 D-NW.spr,T-MILITIA C-ITA A-FIRE D-NW.bmp,V3-IND-KHAKI-WWII-IMP-CS-ITA-MIL.bmp
sprite,gfx/map/units/T-MILITIA A-FIRE C-IND L-10 D-S.spr,gfx/map/units/T-MILITIA A-FIRE C-AST L-10 D-S.spr,T-MILITIA C-ITA A-FIRE D-S.bmp,V3-IND-KHAKI-WWII-IMP-CS-ITA-MIL.bmp
sprite,gfx/map/units/T-MILITIA A-FIRE C-IND L-10 D-SE.spr,gfx/map/units/T-MILITIA A-FIRE C-AST L-10 D-SE.spr,T-MILITIA C-ITA A-FIRE D-SE.bmp,V3-IND-KHAKI-WWII-IMP-CS-ITA-MIL.bmp
sprite,gfx/map/units/T-MILITIA A-FIRE C-IND L-10 D-SW.spr,gfx/map/units/T-MILITIA A-FIRE C-AST L-10 D-SW.spr,T-MILITIA C-ITA A-FIRE D-SW.bmp,V3-IND-KHAKI-WWII-IMP-CS-ITA-MIL.bmp
sprite,gfx/map/units/T-MILITIA A-FIRE C-IND L-10 D-W.spr,gfx/map/units/T-MILITIA A-FIRE C-AST L-10 D-W.spr,T-MILITIA C-ITA A-FIRE D-W.bmp,V3-IND-KHAKI-WWII-IMP-CS-ITA-MIL.bmp
sprite,gfx/map/units/T-MILITIA A-FIRE C-IND L-10.spr,gfx/map/units/T-MILITIA A-FIRE C-AST L-10.spr,T-MILITIA C-ITA A-FIRE D-SE.bmp,V3-IND-KHAKI-WWII-IMP-CS-ITA-MIL.bmp
sprite,gfx/map/units/T-MILITIA A-FIRE C-IND L-5 D-E.spr,gfx/map/units/T-MILITIA A-FIRE C-AST L-5 D-E.spr,T-MILITIA C-ITA A-FIRE D-E.bmp,V3-IND-KHAKI-WWII-IMP-CS-ITA-MIL.bmp
sprite,gfx/map/units/T-MILITIA A-FIRE C-IND L-5 D-N.spr,gfx/map/units/T-MILITIA A-FIRE C-AST L-5 D-N.spr,T-MILITIA C-ITA A-FIRE D-N.bmp,V3-IND-KHAKI-WWII-IMP-CS-ITA-MIL.bmp
sprite,gfx/map/units/T-MILITIA A-FIRE C-IND L-5 D-NE.spr,gfx/map/units/T-MILITIA A-FIRE C-AST L-5 D-NE.spr,T-MILITIA C-ITA A-FIRE D-NE.bmp,V3-IND-KHAKI-WWII-IMP-CS-ITA-MIL.bmp
sprite,gfx/map/units/T-MILITIA A-FIRE C-IND L-5 D-NW.spr,gfx/map/units/T-MILITIA A-FIRE C-AST L-5 D-NW.spr,T-MILITIA C-ITA A-FIRE D-NW.bmp,V3-IND-KHAKI-WWII-IMP-CS-ITA-MIL.bmp
sprite,gfx/map/units/T-MILITIA A-FIRE C-IND L-5 D-S.spr,gfx/map/units/T-MILITIA A-FIRE C-AST L-5 D-S.spr,T-MILITIA C-ITA A-FIRE D-S.bmp,V3-IND-KHAKI-WWII-IMP-CS-ITA-MIL.bmp
sprite,gfx/map/units/T-MILITIA A-FIRE C-IND L-5 D-SE.spr,gfx/map/units/T-MILITIA A-FIRE C-AST L-5 D-SE.spr,T-MILITIA C-ITA A-FIRE D-SE.bmp,V3-IND-KHAKI-WWII-IMP-CS-ITA-MIL.bmp
sprite,gfx/map/units/T-MILITIA A-FIRE C-IND L-5 D-SW.spr,gfx/map/units/T-MILITIA A-FIRE C-AST L-5 D-SW.spr,T-MILITIA C-ITA A-FIRE D-SW.bmp,V3-IND-KHAKI-WWII-IMP-CS-ITA-MIL.bmp
sprite,gfx/map/units/T-MILITIA A-FIRE C-IND L-5 D-W.spr,gfx/map/units/T-MILITIA A-FIRE C-AST L-5 D-W.spr,T-MILITIA C-ITA A-FIRE D-W.bmp,V3-IND-KHAKI-WWII-IMP-CS-ITA-MIL.bmp
sprite,gfx/map/units/T-MILITIA A-FIRE C-IND L-5.spr,gfx/map/units/T-MILITIA A-FIRE C-AST L-5.spr,T-MILITIA C-ITA A-FIRE D-SE.bmp,V3-IND-KHAKI-WWII-IMP-CS-ITA-MIL.bmp
sprite,gfx/map/units/T-MILITIA A-FIRE C-IND L-6 D-E.spr,gfx/map/units/T-MILITIA A-FIRE C-AST L-6 D-E.spr,T-MILITIA C-ITA A-FIRE D-E.bmp,V3-IND-KHAKI-WWII-IMP-CS-ITA-MIL.bmp
sprite,gfx/map/units/T-MILITIA A-FIRE C-IND L-6 D-N.spr,gfx/map/units/T-MILITIA A-FIRE C-AST L-6 D-N.spr,T-MILITIA C-ITA A-FIRE D-N.bmp,V3-IND-KHAKI-WWII-IMP-CS-ITA-MIL.bmp
sprite,gfx/map/units/T-MILITIA A-FIRE C-IND L-6 D-NE.spr,gfx/map/units/T-MILITIA A-FIRE C-AST L-6 D-NE.spr,T-MILITIA C-ITA A-FIRE D-NE.bmp,V3-IND-KHAKI-WWII-IMP-CS-ITA-MIL.bmp
sprite,gfx/map/units/T-MILITIA A-FIRE C-IND L-6 D-NW.spr,gfx/map/units/T-MILITIA A-FIRE C-AST L-6 D-NW.spr,T-MILITIA C-ITA A-FIRE D-NW.bmp,V3-IND-KHAKI-WWII-IMP-CS-ITA-MIL.bmp
sprite,gfx/map/units/T-MILITIA A-FIRE C-IND L-6 D-S.spr,gfx/map/units/T-MILITIA A-FIRE C-AST L-6 D-S.spr,T-MILITIA C-ITA A-FIRE D-S.bmp,V3-IND-KHAKI-WWII-IMP-CS-ITA-MIL.bmp
sprite,gfx/map/units/T-MILITIA A-FIRE C-IND L-6 D-SE.spr,gfx/map/units/T-MILITIA A-FIRE C-AST L-6 D-SE.spr,T-MILITIA C-ITA A-FIRE D-SE.bmp,V3-IND-KHAKI-WWII-IMP-CS-ITA-MIL.bmp
sprite,gfx/map/units/T-MILITIA A-FIRE C-IND L-6 D-SW.spr,gfx/map/units/T-MILITIA A-FIRE C-AST L-6 D-SW.spr,T-MILITIA C-ITA A-FIRE D-SW.bmp,V3-IND-KHAKI-WWII-IMP-CS-ITA-MIL.bmp
sprite,gfx/map/units/T-MILITIA A-FIRE C-IND L-6 D-W.spr,gfx/map/units/T-MILITIA A-FIRE C-AST L-6 D-W.spr,T-MILITIA C-ITA A-FIRE D-W.bmp,V3-IND-KHAKI-WWII-IMP-CS-ITA-MIL.bmp
sprite,gfx/map/units/T-MILITIA A-FIRE C-IND L-6.spr,gfx/map/units/T-MILITIA A-FIRE C-AST L-6.spr,T-MILITIA C-ITA A-FIRE D-SE.bmp,V3-IND-KHAKI-WWII-IMP-CS-ITA-MIL.bmp
sprite,gfx/map/units/T-MILITIA A-FIRE C-IND L-7 D-E.spr,gfx/map/units/T-MILITIA A-FIRE C-AST L-7 D-E.spr,T-MILITIA C-ITA A-FIRE D-E.bmp,V3-IND-KHAKI-WWII-IMP-CS-ITA-MIL.bmp
sprite,gfx/map/units/T-MILITIA A-FIRE C-IND L-7 D-N.spr,gfx/map/units/T-MILITIA A-FIRE C-AST L-7 D-N.spr,T-MILITIA C-ITA A-FIRE D-N.bmp,V3-IND-KHAKI-WWII-IMP-CS-ITA-MIL.bmp
sprite,gfx/map/units/T-MILITIA A-FIRE C-IND L-7 D-NE.spr,gfx/map/units/T-MILITIA A-FIRE C-AST L-7 D-NE.spr,T-MILITIA C-ITA A-FIRE D-NE.bmp,V3-IND-KHAKI-WWII-IMP-CS-ITA-MIL.bmp
sprite,gfx/map/units/T-MILITIA A-FIRE C-IND L-7 D-NW.spr,gfx/map/units/T-MILITIA A-FIRE C-AST L-7 D-NW.spr,T-MILITIA C-ITA A-FIRE D-NW.bmp,V3-IND-KHAKI-WWII-IMP-CS-ITA-MIL.bmp
sprite,gfx/map/units/T-MILITIA A-FIRE C-IND L-7 D-S.spr,gfx/map/units/T-MILITIA A-FIRE C-AST L-7 D-S.spr,T-MILITIA C-ITA A-FIRE D-S.bmp,V3-IND-KHAKI-WWII-IMP-CS-ITA-MIL.bmp
sprite,gfx/map/units/T-MILITIA A-FIRE C-IND L-7 D-SE.spr,gfx/map/units/T-MILITIA A-FIRE C-AST L-7 D-SE.spr,T-MILITIA C-ITA A-FIRE D-SE.bmp,V3-IND-KHAKI-WWII-IMP-CS-ITA-MIL.bmp
sprite,gfx/map/units/T-MILITIA A-FIRE C-IND L-7 D-SW.spr,gfx/map/units/T-MILITIA A-FIRE C-AST L-7 D-SW.spr,T-MILITIA C-ITA A-FIRE D-SW.bmp,V3-IND-KHAKI-WWII-IMP-CS-ITA-MIL.bmp
sprite,gfx/map/units/T-MILITIA A-FIRE C-IND L-7 D-W.spr,gfx/map/units/T-MILITIA A-FIRE C-AST L-7 D-W.spr,T-MILITIA C-ITA A-FIRE D-W.bmp,V3-IND-KHAKI-WWII-IMP-CS-ITA-MIL.bmp
sprite,gfx/map/units/T-MILITIA A-FIRE C-IND L-7.spr,gfx/map/units/T-MILITIA A-FIRE C-AST L-7.spr,T-MILITIA C-ITA A-FIRE D-SE.bmp,V3-IND-KHAKI-WWII-IMP-CS-ITA-MIL.bmp
sprite,gfx/map/units/T-MILITIA A-FIRE C-IND L-8 D-E.spr,gfx/map/units/T-MILITIA A-FIRE C-AST L-8 D-E.spr,T-MILITIA C-ITA A-FIRE D-E.bmp,V3-IND-KHAKI-WWII-IMP-CS-ITA-MIL.bmp
sprite,gfx/map/units/T-MILITIA A-FIRE C-IND L-8 D-N.spr,gfx/map/units/T-MILITIA A-FIRE C-AST L-8 D-N.spr,T-MILITIA C-ITA A-FIRE D-N.bmp,V3-IND-KHAKI-WWII-IMP-CS-ITA-MIL.bmp
sprite,gfx/map/units/T-MILITIA A-FIRE C-IND L-8 D-NE.spr,gfx/map/units/T-MILITIA A-FIRE C-AST L-8 D-NE.spr,T-MILITIA C-ITA A-FIRE D-NE.bmp,V3-IND-KHAKI-WWII-IMP-CS-ITA-MIL.bmp
sprite,gfx/map/units/T-MILITIA A-FIRE C-IND L-8 D-NW.spr,gfx/map/units/T-MILITIA A-FIRE C-AST L-8 D-NW.spr,T-MILITIA C-ITA A-FIRE D-NW.bmp,V3-IND-KHAKI-WWII-IMP-CS-ITA-MIL.bmp
sprite,gfx/map/units/T-MILITIA A-FIRE C-IND L-8 D-S.spr,gfx/map/units/T-MILITIA A-FIRE C-AST L-8 D-S.spr,T-MILITIA C-ITA A-FIRE D-S.bmp,V3-IND-KHAKI-WWII-IMP-CS-ITA-MIL.bmp
sprite,gfx/map/units/T-MILITIA A-FIRE C-IND L-8 D-SE.spr,gfx/map/units/T-MILITIA A-FIRE C-AST L-8 D-SE.spr,T-MILITIA C-ITA A-FIRE D-SE.bmp,V3-IND-KHAKI-WWII-IMP-CS-ITA-MIL.bmp
sprite,gfx/map/units/T-MILITIA A-FIRE C-IND L-8 D-SW.spr,gfx/map/units/T-MILITIA A-FIRE C-AST L-8 D-SW.spr,T-MILITIA C-ITA A-FIRE D-SW.bmp,V3-IND-KHAKI-WWII-IMP-CS-ITA-MIL.bmp
sprite,gfx/map/units/T-MILITIA A-FIRE C-IND L-8 D-W.spr,gfx/map/units/T-MILITIA A-FIRE C-AST L-8 D-W.spr,T-MILITIA C-ITA A-FIRE D-W.bmp,V3-IND-KHAKI-WWII-IMP-CS-ITA-MIL.bmp
sprite,gfx/map/units/T-MILITIA A-FIRE C-IND L-8.spr,gfx/map/units/T-MILITIA A-FIRE C-AST L-8.spr,T-MILITIA C-ITA A-FIRE D-SE.bmp,V3-IND-KHAKI-WWII-IMP-CS-ITA-MIL.bmp
sprite,gfx/map/units/T-MILITIA A-FIRE C-IND L-9 D-E.spr,gfx/map/units/T-MILITIA A-FIRE C-AST L-9 D-E.spr,T-MILITIA C-ITA A-FIRE D-E.bmp,V3-IND-KHAKI-WWII-IMP-CS-ITA-MIL.bmp
sprite,gfx/map/units/T-MILITIA A-FIRE C-IND L-9 D-N.spr,gfx/map/units/T-MILITIA A-FIRE C-AST L-9 D-N.spr,T-MILITIA C-ITA A-FIRE D-N.bmp,V3-IND-KHAKI-WWII-IMP-CS-ITA-MIL.bmp
sprite,gfx/map/units/T-MILITIA A-FIRE C-IND L-9 D-NE.spr,gfx/map/units/T-MILITIA A-FIRE C-AST L-9 D-NE.spr,T-MILITIA C-ITA A-FIRE D-NE.bmp,V3-IND-KHAKI-WWII-IMP-CS-ITA-MIL.bmp
sprite,gfx/map/units/T-MILITIA A-FIRE C-IND L-9 D-NW.spr,gfx/map/units/T-MILITIA A-FIRE C-AST L-9 D-NW.spr,T-MILITIA C-ITA A-FIRE D-NW.bmp,V3-IND-KHAKI-WWII-IMP-CS-ITA-MIL.bmp
sprite,gfx/map/units/T-MILITIA A-FIRE C-IND L-9 D-S.spr,gfx/map/units/T-MILITIA A-FIRE C-AST L-9 D-S.spr,T-MILITIA C-ITA A-FIRE D-S.bmp,V3-IND-KHAKI-WWII-IMP-CS-ITA-MIL.bmp
sprite,gfx/map/units/T-MILITIA A-FIRE C-IND L-9 D-SE.spr,gfx/map/units/T-MILITIA A-FIRE C-AST L-9 D-SE.spr,T-MILITIA C-ITA A-FIRE D-SE.bmp,V3-IND-KHAKI-WWII-IMP-CS-ITA-MIL.bmp
sprite,gfx/map/units/T-MILITIA A-FIRE C-IND L-9 D-SW.spr,gfx/map/units/T-MILITIA A-FIRE C-AST L-9 D-SW.spr,T-MILITIA C-ITA A-FIRE D-SW.bmp,V3-IND-KHAKI-WWII-IMP-CS-ITA-MIL.bmp
sprite,gfx/map/units/T-MILITIA A-FIRE C-IND L-9 D-W.spr,gfx/map/units/T-MILITIA A-FIRE C-AST L-9 D-W.spr,T-MILITIA C-ITA A-FIRE D-W.bmp,V3-IND-KHAKI-WWII-IMP-CS-ITA-MIL.bmp
sprite,gfx/map/units/T-MILITIA A-FIRE C-IND L-9.spr,gfx/map/units/T-MILITIA A-FIRE C-AST L-9.spr,T-MILITIA C-ITA A-FIRE D-SE.bmp,V3-IND-KHAKI-WWII-IMP-CS-ITA-MIL.bmp
sprite,gfx/map/units/T-MILITIA A-STAND C-IND L-1.spr,gfx/map/units/T-MILITIA A-STAND C-AST L-1.spr,T-INFANTRY C-CAN A-STAND L-1.bmp,V3-IND-KHAKI-CS-CAN-INF-WWI-ELY.bmp
sprite,gfx/map/units/T-MILITIA A-STAND C-IND L-10.spr,gfx/map/units/T-MILITIA A-STAND C-AST L-10.spr,T-MILITIA C-ITA A-STAND.bmp,V3-IND-KHAKI-WWII-IMP-CS-ITA-MIL.bmp
sprite,gfx/map/units/T-MILITIA A-STAND C-IND L-5.spr,gfx/map/units/T-MILITIA A-STAND C-AST L-5.spr,T-MILITIA C-ITA A-STAND.bmp,V3-IND-KHAKI-WWII-IMP-CS-ITA-MIL.bmp
sprite,gfx/map/units/T-MILITIA A-STAND C-IND L-6.spr,gfx/map/units/T-MILITIA A-STAND C-AST L-6.spr,T-MILITIA C-ITA A-STAND.bmp,V3-IND-KHAKI-WWII-IMP-CS-ITA-MIL.bmp
sprite,gfx/map/units/T-MILITIA A-STAND C-IND L-7.spr,gfx/map/units/T-MILITIA A-STAND C-AST L-7.spr,T-MILITIA C-ITA A-STAND.bmp,V3-IND-KHAKI-WWII-IMP-CS-ITA-MIL.bmp
sprite,gfx/map/units/T-MILITIA A-STAND C-IND L-8.spr,gfx/map/units/T-MILITIA A-STAND C-AST L-8.spr,T-MILITIA C-ITA A-STAND.bmp,V3-IND-KHAKI-WWII-IMP-CS-ITA-MIL.bmp
sprite,gfx/map/units/T-MILITIA A-STAND C-IND L-9.spr,gfx/map/units/T-MILITIA A-STAND C-AST L-9.spr,T-MILITIA C-ITA A-STAND.bmp,V3-IND-KHAKI-WWII-IMP-CS-ITA-MIL.bmp
sprite,gfx/map/units/T-MILITIA A-WALK C-IND L-1 D-E.spr,gfx/map/units/T-MILITIA A-WALK C-AST L-1 D-E.spr,T-INFANTRY C-CAN A-WALK D-E L-1.bmp,V3-IND-KHAKI-CS-CAN-INF-WWI-ELY.bmp
sprite,gfx/map/units/T-MILITIA A-WALK C-IND L-1 D-N.spr,gfx/map/units/T-MILITIA A-WALK C-AST L-1 D-N.spr,T-INFANTRY C-CAN A-WALK D-N L-1.bmp,V3-IND-KHAKI-CS-CAN-INF-WWI-ELY.bmp
sprite,gfx/map/units/T-MILITIA A-WALK C-IND L-1 D-NE.spr,gfx/map/units/T-MILITIA A-WALK C-AST L-1 D-NE.spr,T-INFANTRY C-CAN A-WALK D-NE L-1.bmp,V3-IND-KHAKI-CS-CAN-INF-WWI-ELY.bmp
sprite,gfx/map/units/T-MILITIA A-WALK C-IND L-1 D-NW.spr,gfx/map/units/T-MILITIA A-WALK C-AST L-1 D-NW.spr,T-INFANTRY C-CAN A-WALK D-NW L-1.bmp,V3-IND-KHAKI-CS-CAN-INF-WWI-ELY.bmp
sprite,gfx/map/units/T-MILITIA A-WALK C-IND L-1 D-S.spr,gfx/map/units/T-MILITIA A-WALK C-AST L-1 D-S.spr,T-INFANTRY C-CAN A-WALK D-S L-1.bmp,V3-IND-KHAKI-CS-CAN-INF-WWI-ELY.bmp
sprite,gfx/map/units/T-MILITIA A-WALK C-IND L-1 D-SE.spr,gfx/map/units/T-MILITIA A-WALK C-AST L-1 D-SE.spr,T-INFANTRY C-CAN A-WALK D-SE L-1.bmp,V3-IND-KHAKI-CS-CAN-INF-WWI-ELY.bmp
sprite,gfx/map/units/T-MILITIA A-WALK C-IND L-1 D-SW.spr,gfx/map/units/T-MILITIA A-WALK C-AST L-1 D-SW.spr,T-INFANTRY C-CAN A-WALK D-SW L-1.bmp,V3-IND-KHAKI-CS-CAN-INF-WWI-ELY.bmp
sprite,gfx/map/units/T-MILITIA A-WALK C-IND L-1 D-W.spr,gfx/map/units/T-MILITIA A-WALK C-AST L-1 D-W.spr,T-INFANTRY C-CAN A-WALK D-W L-1.bmp,V3-IND-KHAKI-CS-CAN-INF-WWI-ELY.bmp
sprite,gfx/map/units/T-MILITIA A-WALK C-IND L-10 D-E.spr,gfx/map/units/T-MILITIA A-WALK C-AST L-10 D-E.spr,T-MILITIA C-ITA A-WALK D-E.bmp,V3-IND-KHAKI-WWII-IMP-CS-ITA-MIL.bmp
sprite,gfx/map/units/T-MILITIA A-WALK C-IND L-10 D-N.spr,gfx/map/units/T-MILITIA A-WALK C-AST L-10 D-N.spr,T-MILITIA C-ITA A-WALK D-N.bmp,V3-IND-KHAKI-WWII-IMP-CS-ITA-MIL.bmp
sprite,gfx/map/units/T-MILITIA A-WALK C-IND L-10 D-NE.spr,gfx/map/units/T-MILITIA A-WALK C-AST L-10 D-NE.spr,T-MILITIA C-ITA A-WALK D-NE.bmp,V3-IND-KHAKI-WWII-IMP-CS-ITA-MIL.bmp
sprite,gfx/map/units/T-MILITIA A-WALK C-IND L-10 D-NW.spr,gfx/map/units/T-MILITIA A-WALK C-AST L-10 D-NW.spr,T-MILITIA C-ITA A-WALK D-NW.bmp,V3-IND-KHAKI-WWII-IMP-CS-ITA-MIL.bmp
sprite,gfx/map/units/T-MILITIA A-WALK C-IND L-10 D-S.spr,gfx/map/units/T-MILITIA A-WALK C-AST L-10 D-S.spr,T-MILITIA C-ITA A-WALK D-S.bmp,V3-IND-KHAKI-WWII-IMP-CS-ITA-MIL.bmp
sprite,gfx/map/units/T-MILITIA A-WALK C-IND L-10 D-SE.spr,gfx/map/units/T-MILITIA A-WALK C-AST L-10 D-SE.spr,T-MILITIA C-ITA A-WALK D-SE.bmp,V3-IND-KHAKI-WWII-IMP-CS-ITA-MIL.bmp
sprite,gfx/map/units/T-MILITIA A-WALK C-IND L-10 D-SW.spr,gfx/map/units/T-MILITIA A-WALK C-AST L-10 D-SW.spr,T-MILITIA C-ITA A-WALK D-SW.bmp,V3-IND-KHAKI-WWII-IMP-CS-ITA-MIL.bmp
sprite,gfx/map/units/T-MILITIA A-WALK C-IND L-10 D-W.spr,gfx/map/units/T-MILITIA A-WALK C-AST L-10 D-W.spr,T-MILITIA C-ITA A-WALK D-W.bmp,V3-IND-KHAKI-WWII-IMP-CS-ITA-MIL.bmp
sprite,gfx/map/units/T-MILITIA A-WALK C-IND L-5 D-E.spr,gfx/map/units/T-MILITIA A-WALK C-AST L-5 D-E.spr,T-MILITIA C-ITA A-WALK D-E.bmp,V3-IND-KHAKI-WWII-IMP-CS-ITA-MIL.bmp
sprite,gfx/map/units/T-MILITIA A-WALK C-IND L-5 D-N.spr,gfx/map/units/T-MILITIA A-WALK C-AST L-5 D-N.spr,T-MILITIA C-ITA A-WALK D-N.bmp,V3-IND-KHAKI-WWII-IMP-CS-ITA-MIL.bmp
sprite,gfx/map/units/T-MILITIA A-WALK C-IND L-5 D-NE.spr,gfx/map/units/T-MILITIA A-WALK C-AST L-5 D-NE.spr,T-MILITIA C-ITA A-WALK D-NE.bmp,V3-IND-KHAKI-WWII-IMP-CS-ITA-MIL.bmp
sprite,gfx/map/units/T-MILITIA A-WALK C-IND L-5 D-NW.spr,gfx/map/units/T-MILITIA A-WALK C-AST L-5 D-NW.spr,T-MILITIA C-ITA A-WALK D-NW.bmp,V3-IND-KHAKI-WWII-IMP-CS-ITA-MIL.bmp
sprite,gfx/map/units/T-MILITIA A-WALK C-IND L-5 D-S.spr,gfx/map/units/T-MILITIA A-WALK C-AST L-5 D-S.spr,T-MILITIA C-ITA A-WALK D-S.bmp,V3-IND-KHAKI-WWII-IMP-CS-ITA-MIL.bmp
sprite,gfx/map/units/T-MILITIA A-WALK C-IND L-5 D-SE.spr,gfx/map/units/T-MILITIA A-WALK C-AST L-5 D-SE.spr,T-MILITIA C-ITA A-WALK D-SE.bmp,V3-IND-KHAKI-WWII-IMP-CS-ITA-MIL.bmp
sprite,gfx/map/units/T-MILITIA A-WALK C-IND L-5 D-SW.spr,gfx/map/units/T-MILITIA A-WALK C-AST L-5 D-SW.spr,T-MILITIA C-ITA A-WALK D-SW.bmp,V3-IND-KHAKI-WWII-IMP-CS-ITA-MIL.bmp
sprite,gfx/map/units/T-MILITIA A-WALK C-IND L-5 D-W.spr,gfx/map/units/T-MILITIA A-WALK C-AST L-5 D-W.spr,T-MILITIA C-ITA A-WALK D-W.bmp,V3-IND-KHAKI-WWII-IMP-CS-ITA-MIL.bmp
sprite,gfx/map/units/T-MILITIA A-WALK C-IND L-6 D-E.spr,gfx/map/units/T-MILITIA A-WALK C-AST L-6 D-E.spr,T-MILITIA C-ITA A-WALK D-E.bmp,V3-IND-KHAKI-WWII-IMP-CS-ITA-MIL.bmp
sprite,gfx/map/units/T-MILITIA A-WALK C-IND L-6 D-N.spr,gfx/map/units/T-MILITIA A-WALK C-AST L-6 D-N.spr,T-MILITIA C-ITA A-WALK D-N.bmp,V3-IND-KHAKI-WWII-IMP-CS-ITA-MIL.bmp
sprite,gfx/map/units/T-MILITIA A-WALK C-IND L-6 D-NE.spr,gfx/map/units/T-MILITIA A-WALK C-AST L-6 D-NE.spr,T-MILITIA C-ITA A-WALK D-NE.bmp,V3-IND-KHAKI-WWII-IMP-CS-ITA-MIL.bmp
sprite,gfx/map/units/T-MILITIA A-WALK C-IND L-6 D-NW.spr,gfx/map/units/T-MILITIA A-WALK C-AST L-6 D-NW.spr,T-MILITIA C-ITA A-WALK D-NW.bmp,V3-IND-KHAKI-WWII-IMP-CS-ITA-MIL.bmp
sprite,gfx/map/units/T-MILITIA A-WALK C-IND L-6 D-S.spr,gfx/map/units/T-MILITIA A-WALK C-AST L-6 D-S.spr,T-MILITIA C-ITA A-WALK D-S.bmp,V3-IND-KHAKI-WWII-IMP-CS-ITA-MIL.bmp
sprite,gfx/map/units/T-MILITIA A-WALK C-IND L-6 D-SE.spr,gfx/map/units/T-MILITIA A-WALK C-AST L-6 D-SE.spr,T-MILITIA C-ITA A-WALK D-SE.bmp,V3-IND-KHAKI-WWII-IMP-CS-ITA-MIL.bmp
sprite,gfx/map/units/T-MILITIA A-WALK C-IND L-6 D-SW.spr,gfx/map/units/T-MILITIA A-WALK C-AST L-6 D-SW.spr,T-MILITIA C-ITA A-WALK D-SW.bmp,V3-IND-KHAKI-WWII-IMP-CS-ITA-MIL.bmp
sprite,gfx/map/units/T-MILITIA A-WALK C-IND L-6 D-W.spr,gfx/map/units/T-MILITIA A-WALK C-AST L-6 D-W.spr,T-MILITIA C-ITA A-WALK D-W.bmp,V3-IND-KHAKI-WWII-IMP-CS-ITA-MIL.bmp
sprite,gfx/map/units/T-MILITIA A-WALK C-IND L-7 D-E.spr,gfx/map/units/T-MILITIA A-WALK C-AST L-7 D-E.spr,T-MILITIA C-ITA A-WALK D-E.bmp,V3-IND-KHAKI-WWII-IMP-CS-ITA-MIL.bmp
sprite,gfx/map/units/T-MILITIA A-WALK C-IND L-7 D-N.spr,gfx/map/units/T-MILITIA A-WALK C-AST L-7 D-N.spr,T-MILITIA C-ITA A-WALK D-N.bmp,V3-IND-KHAKI-WWII-IMP-CS-ITA-MIL.bmp
sprite,gfx/map/units/T-MILITIA A-WALK C-IND L-7 D-NE.spr,gfx/map/units/T-MILITIA A-WALK C-AST L-7 D-NE.spr,T-MILITIA C-ITA A-WALK D-NE.bmp,V3-IND-KHAKI-WWII-IMP-CS-ITA-MIL.bmp
sprite,gfx/map/units/T-MILITIA A-WALK C-IND L-7 D-NW.spr,gfx/map/units/T-MILITIA A-WALK C-AST L-7 D-NW.spr,T-MILITIA C-ITA A-WALK D-NW.bmp,V3-IND-KHAKI-WWII-IMP-CS-ITA-MIL.bmp
sprite,gfx/map/units/T-MILITIA A-WALK C-IND L-7 D-S.spr,gfx/map/units/T-MILITIA A-WALK C-AST L-7 D-S.spr,T-MILITIA C-ITA A-WALK D-S.bmp,V3-IND-KHAKI-WWII-IMP-CS-ITA-MIL.bmp
sprite,gfx/map/units/T-MILITIA A-WALK C-IND L-7 D-SE.spr,gfx/map/units/T-MILITIA A-WALK C-AST L-7 D-SE.spr,T-MILITIA C-ITA A-WALK D-SE.bmp,V3-IND-KHAKI-WWII-IMP-CS-ITA-MIL.bmp
sprite,gfx/map/units/T-MILITIA A-WALK C-IND L-7 D-SW.spr,gfx/map/units/T-MILITIA A-WALK C-AST L-7 D-SW.spr,T-MILITIA C-ITA A-WALK D-SW.bmp,V3-IND-KHAKI-WWII-IMP-CS-ITA-MIL.bmp
sprite,gfx/map/units/T-MILITIA A-WALK C-IND L-7 D-W.spr,gfx/map/units/T-MILITIA A-WALK C-AST L-7 D-W.spr,T-MILITIA C-ITA A-WALK D-W.bmp,V3-IND-KHAKI-WWII-IMP-CS-ITA-MIL.bmp
sprite,gfx/map/units/T-MILITIA A-WALK C-IND L-8 D-E.spr,gfx/map/units/T-MILITIA A-WALK C-AST L-8 D-E.spr,T-MILITIA C-ITA A-WALK D-E.bmp,V3-IND-KHAKI-WWII-IMP-CS-ITA-MIL.bmp
sprite,gfx/map/units/T-MILITIA A-WALK C-IND L-8 D-N.spr,gfx/map/units/T-MILITIA A-WALK C-AST L-8 D-N.spr,T-MILITIA C-ITA A-WALK D-N.bmp,V3-IND-KHAKI-WWII-IMP-CS-ITA-MIL.bmp
sprite,gfx/map/units/T-MILITIA A-WALK C-IND L-8 D-NE.spr,gfx/map/units/T-MILITIA A-WALK C-AST L-8 D-NE.spr,T-MILITIA C-ITA A-WALK D-NE.bmp,V3-IND-KHAKI-WWII-IMP-CS-ITA-MIL.bmp
sprite,gfx/map/units/T-MILITIA A-WALK C-IND L-8 D-NW.spr,gfx/map/units/T-MILITIA A-WALK C-AST L-8 D-NW.spr,T-MILITIA C-ITA A-WALK D-NW.bmp,V3-IND-KHAKI-WWII-IMP-CS-ITA-MIL.bmp
sprite,gfx/map/units/T-MILITIA A-WALK C-IND L-8 D-S.spr,gfx/map/units/T-MILITIA A-WALK C-AST L-8 D-S.spr,T-MILITIA C-ITA A-WALK D-S.bmp,V3-IND-KHAKI-WWII-IMP-CS-ITA-MIL.bmp
sprite,gfx/map/units/T-MILITIA A-WALK C-IND L-8 D-SE.spr,gfx/map/units/T-MILITIA A-WALK C-AST L-8 D-SE.spr,T-MILITIA C-ITA A-WALK D-SE.bmp,V3-IND-KHAKI-WWII-IMP-CS-ITA-MIL.bmp
sprite,gfx/map/units/T-MILITIA A-WALK C-IND L-8 D-SW.spr,gfx/map/units/T-MILITIA A-WALK C-AST L-8 D-SW.spr,T-MILITIA C-ITA A-WALK D-SW.bmp,V3-IND-KHAKI-WWII-IMP-CS-ITA-MIL.bmp
sprite,gfx/map/units/T-MILITIA A-WALK C-IND L-8 D-W.spr,gfx/map/units/T-MILITIA A-WALK C-AST L-8 D-W.spr,T-MILITIA C-ITA A-WALK D-W.bmp,V3-IND-KHAKI-WWII-IMP-CS-ITA-MIL.bmp
sprite,gfx/map/units/T-MILITIA A-WALK C-IND L-9 D-E.spr,gfx/map/units/T-MILITIA A-WALK C-AST L-9 D-E.spr,T-MILITIA C-ITA A-WALK D-E.bmp,V3-IND-KHAKI-WWII-IMP-CS-ITA-MIL.bmp
sprite,gfx/map/units/T-MILITIA A-WALK C-IND L-9 D-N.spr,gfx/map/units/T-MILITIA A-WALK C-AST L-9 D-N.spr,T-MILITIA C-ITA A-WALK D-N.bmp,V3-IND-KHAKI-WWII-IMP-CS-ITA-MIL.bmp
sprite,gfx/map/units/T-MILITIA A-WALK C-IND L-9 D-NE.spr,gfx/map/units/T-MILITIA A-WALK C-AST L-9 D-NE.spr,T-MILITIA C-ITA A-WALK D-NE.bmp,V3-IND-KHAKI-WWII-IMP-CS-ITA-MIL.bmp
sprite,gfx/map/units/T-MILITIA A-WALK C-IND L-9 D-NW.spr,gfx/map/units/T-MILITIA A-WALK C-AST L-9 D-NW.spr,T-MILITIA C-ITA A-WALK D-NW.bmp,V3-IND-KHAKI-WWII-IMP-CS-ITA-MIL.bmp
sprite,gfx/map/units/T-MILITIA A-WALK C-IND L-9 D-S.spr,gfx/map/units/T-MILITIA A-WALK C-AST L-9 D-S.spr,T-MILITIA C-ITA A-WALK D-S.bmp,V3-IND-KHAKI-WWII-IMP-CS-ITA-MIL.bmp
sprite,gfx/map/units/T-MILITIA A-WALK C-IND L-9 D-SE.spr,gfx/map/units/T-MILITIA A-WALK C-AST L-9 D-SE.spr,T-MILITIA C-ITA A-WALK D-SE.bmp,V3-IND-KHAKI-WWII-IMP-CS-ITA-MIL.bmp
sprite,gfx/map/units/T-MILITIA A-WALK C-IND L-9 D-SW.spr,gfx/map/units/T-MILITIA A-WALK C-AST L-9 D-SW.spr,T-MILITIA C-ITA A-WALK D-SW.bmp,V3-IND-KHAKI-WWII-IMP-CS-ITA-MIL.bmp
sprite,gfx/map/units/T-MILITIA A-WALK C-IND L-9 D-W.spr,gfx/map/units/T-MILITIA A-WALK C-AST L-9 D-W.spr,T-MILITIA C-ITA A-WALK D-W.bmp,V3-IND-KHAKI-WWII-IMP-CS-ITA-MIL.bmp
sprite,gfx/map/units/T-MOTORIZED A-FIRE C-IND L-1 D-E.spr,gfx/map/units/T-MOTORIZED A-FIRE C-AST L-1 D-E.spr,T-INFANTRY C-CAN A-FIRE D-E.bmp,V3-IND-OLIVE-WWII-IMP-CS-CAN-INF.bmp
sprite,gfx/map/units/T-MOTORIZED A-FIRE C-IND L-1 D-N.spr,gfx/map/units/T-MOTORIZED A-FIRE C-AST L-1 D-N.spr,T-INFANTRY C-CAN A-FIRE D-N.bmp,V3-IND-OLIVE-WWII-IMP-CS-CAN-INF.bmp
sprite,gfx/map/units/T-MOTORIZED A-FIRE C-IND L-1 D-NE.spr,gfx/map/units/T-MOTORIZED A-FIRE C-AST L-1 D-NE.spr,T-INFANTRY C-CAN A-FIRE D-NE.bmp,V3-IND-OLIVE-WWII-IMP-CS-CAN-INF.bmp
sprite,gfx/map/units/T-MOTORIZED A-FIRE C-IND L-1 D-NW.spr,gfx/map/units/T-MOTORIZED A-FIRE C-AST L-1 D-NW.spr,T-INFANTRY C-CAN A-FIRE D-NW.bmp,V3-IND-OLIVE-WWII-IMP-CS-CAN-INF.bmp
sprite,gfx/map/units/T-MOTORIZED A-FIRE C-IND L-1 D-S.spr,gfx/map/units/T-MOTORIZED A-FIRE C-AST L-1 D-S.spr,T-INFANTRY C-CAN A-FIRE D-S.bmp,V3-IND-OLIVE-WWII-IMP-CS-CAN-INF.bmp
sprite,gfx/map/units/T-MOTORIZED A-FIRE C-IND L-1 D-SE.spr,gfx/map/units/T-MOTORIZED A-FIRE C-AST L-1 D-SE.spr,T-INFANTRY C-CAN A-FIRE D-SE.bmp,V3-IND-OLIVE-WWII-IMP-CS-CAN-INF.bmp
sprite,gfx/map/units/T-MOTORIZED A-FIRE C-IND L-1 D-SW.spr,gfx/map/units/T-MOTORIZED A-FIRE C-AST L-1 D-SW.spr,T-INFANTRY C-CAN A-FIRE D-SW.bmp,V3-IND-OLIVE-WWII-IMP-CS-CAN-INF.bmp
sprite,gfx/map/units/T-MOTORIZED A-FIRE C-IND L-1 D-W.spr,gfx/map/units/T-MOTORIZED A-FIRE C-AST L-1 D-W.spr,T-INFANTRY C-CAN A-FIRE D-W.bmp,V3-IND-OLIVE-WWII-IMP-CS-CAN-INF.bmp
sprite,gfx/map/units/T-MOTORIZED A-FIRE C-IND L-1.spr,gfx/map/units/T-MOTORIZED A-FIRE C-AST L-1.spr,T-INFANTRY C-CAN A-FIRE D-SE.bmp,V3-IND-OLIVE-WWII-IMP-CS-CAN-INF.bmp
sprite,gfx/map/units/T-MOTORIZED A-STAND C-IND L-1.spr,gfx/map/units/T-MOTORIZED A-STAND C-AST L-1.spr,T-MOTORIZED A-STAND C-ENG L-1.bmp,V3-IND-OLIVE-T-MOTORIZED_C-GER_L-1.bmp
sprite,gfx/map/units/T-MOTORIZED A-WALK C-IND L-1 D-E.spr,gfx/map/units/T-MOTORIZED A-WALK C-AST L-1 D-E.spr,T-MOTORIZED A-WALK C-ENG L-1 D-E.bmp,V3-IND-OLIVE-T-MOTORIZED_C-GER_L-1.bmp
sprite,gfx/map/units/T-MOTORIZED A-WALK C-IND L-1 D-N.spr,gfx/map/units/T-MOTORIZED A-WALK C-AST L-1 D-N.spr,T-MOTORIZED A-WALK C-ENG L-1 D-N.bmp,V3-IND-OLIVE-T-MOTORIZED_C-GER_L-1.bmp
sprite,gfx/map/units/T-MOTORIZED A-WALK C-IND L-1 D-NE.spr,gfx/map/units/T-MOTORIZED A-WALK C-AST L-1 D-NE.spr,T-MOTORIZED A-WALK C-ENG L-1 D-NE.bmp,V3-IND-OLIVE-T-MOTORIZED_C-GER_L-1.bmp
sprite,gfx/map/units/T-MOTORIZED A-WALK C-IND L-1 D-NW.spr,gfx/map/units/T-MOTORIZED A-WALK C-AST L-1 D-NW.spr,T-MOTORIZED A-WALK C-ENG L-1 D-NW.bmp,V3-IND-OLIVE-T-MOTORIZED_C-GER_L-1.bmp
sprite,gfx/map/units/T-MOTORIZED A-WALK C-IND L-1 D-S.spr,gfx/map/units/T-MOTORIZED A-WALK C-AST L-1 D-S.spr,T-MOTORIZED A-WALK C-ENG L-1 D-S.bmp,V3-IND-OLIVE-T-MOTORIZED_C-GER_L-1.bmp
sprite,gfx/map/units/T-MOTORIZED A-WALK C-IND L-1 D-SE.spr,gfx/map/units/T-MOTORIZED A-WALK C-AST L-1 D-SE.spr,T-MOTORIZED A-WALK C-ENG L-1 D-SE.bmp,V3-IND-OLIVE-T-MOTORIZED_C-GER_L-1.bmp
sprite,gfx/map/units/T-MOTORIZED A-WALK C-IND L-1 D-SW.spr,gfx/map/units/T-MOTORIZED A-WALK C-AST L-1 D-SW.spr,T-MOTORIZED A-WALK C-ENG L-1 D-SW.bmp,V3-IND-OLIVE-T-MOTORIZED_C-GER_L-1.bmp
sprite,gfx/map/units/T-MOTORIZED A-WALK C-IND L-1 D-W.spr,gfx/map/units/T-MOTORIZED A-WALK C-AST L-1 D-W.spr,T-MOTORIZED A-WALK C-ENG L-1 D-W.bmp,V3-IND-OLIVE-T-MOTORIZED_C-GER_L-1.bmp
sprite,gfx/map/units/T-NAVAL A-FIRE C-IND L-1 D-NE.spr,gfx/map/units/T-NAVAL A-FIRE C-AST L-1 D-NE.spr,T-naval A-FIRE C-ENG L-1 D-NE.bmp,V3-IND-AIR-inger.bmp
sprite,gfx/map/units/T-NAVAL A-FIRE C-IND L-1 D-SW.spr,gfx/map/units/T-NAVAL A-FIRE C-AST L-1 D-SW.spr,T-naval A-FIRE C-ENG L-1 D-SW.bmp,V3-IND-AIR-inger.bmp
sprite,gfx/map/units/T-NAVAL A-FIRE C-IND L-3 D-NE.spr,gfx/map/units/T-NAVAL A-FIRE C-AST L-3 D-NE.spr,T-naval A-FIRE C-MIN L-1 D-NE.bmp,V3-IND-AIR-inger.bmp
sprite,gfx/map/units/T-NAVAL A-FIRE C-IND L-3 D-SW.spr,gfx/map/units/T-NAVAL A-FIRE C-AST L-3 D-SW.spr,T-naval A-FIRE C-MIN L-1 D-SW.bmp,V3-IND-AIR-inger.bmp
sprite,gfx/map/units/T-NAVAL A-FIRE C-IND L-4 D-NE.spr,gfx/map/units/T-NAVAL A-FIRE C-AST L-4 D-NE.spr,T-naval A-FIRE C-MIN L-1 D-NE.bmp,V3-IND-AIR-inger.bmp
sprite,gfx/map/units/T-NAVAL A-FIRE C-IND L-4 D-SW.spr,gfx/map/units/T-NAVAL A-FIRE C-AST L-4 D-SW.spr,T-naval A-FIRE C-MIN L-1 D-SW.bmp,V3-IND-AIR-inger.bmp
sprite,gfx/map/units/T-NAVAL A-FIRE C-IND L-5 D-NE.spr,gfx/map/units/T-NAVAL A-FIRE C-AST L-5 D-NE.spr,T-naval A-FIRE C-MIN L-1 D-NE.bmp,V3-IND-AIR-inger.bmp
sprite,gfx/map/units/T-NAVAL A-FIRE C-IND L-5 D-SW.spr,gfx/map/units/T-NAVAL A-FIRE C-AST L-5 D-SW.spr,T-naval A-FIRE C-MIN L-1 D-SW.bmp,V3-IND-AIR-inger.bmp
sprite,gfx/map/units/T-NAVAL A-FIRE C-IND L-6 D-NE.spr,gfx/map/units/T-NAVAL A-FIRE C-AST L-6 D-NE.spr,T-naval A-FIRE C-MIN L-1 D-NE.bmp,V3-IND-AIR-inger.bmp
sprite,gfx/map/units/T-NAVAL A-FIRE C-IND L-6 D-SW.spr,gfx/map/units/T-NAVAL A-FIRE C-AST L-6 D-SW.spr,T-naval A-FIRE C-MIN L-1 D-SW.bmp,V3-IND-AIR-inger.bmp
sprite,gfx/map/units/T-NAVAL A-FIRE C-IND L-7 D-NE.spr,gfx/map/units/T-NAVAL A-FIRE C-AST L-7 D-NE.spr,T-naval A-FIRE C-MIN L-1 D-NE.bmp,V3-IND-AIR-inger.bmp
sprite,gfx/map/units/T-NAVAL A-FIRE C-IND L-7 D-SW.spr,gfx/map/units/T-NAVAL A-FIRE C-AST L-7 D-SW.spr,T-naval A-FIRE C-MIN L-1 D-SW.bmp,V3-IND-AIR-inger.bmp
sprite,gfx/map/units/T-NAVAL A-FIRE C-IND L-8 D-NE.spr,gfx/map/units/T-NAVAL A-FIRE C-AST L-8 D-NE.spr,T-naval A-FIRE C-MIN L-1 D-NE.bmp,V3-IND-AIR-inger.bmp
sprite,gfx/map/units/T-NAVAL A-FIRE C-IND L-8 D-SW.spr,gfx/map/units/T-NAVAL A-FIRE C-AST L-8 D-SW.spr,T-naval A-FIRE C-MIN L-1 D-SW.bmp,V3-IND-AIR-inger.bmp
sprite,gfx/map/units/T-NAVAL A-FIRE C-IND L-9 D-NE.spr,gfx/map/units/T-NAVAL A-FIRE C-AST L-9 D-NE.spr,T-naval A-FIRE C-MIN L-1 D-NE.bmp,V3-IND-AIR-inger.bmp
sprite,gfx/map/units/T-NAVAL A-FIRE C-IND L-9 D-SW.spr,gfx/map/units/T-NAVAL A-FIRE C-AST L-9 D-SW.spr,T-naval A-FIRE C-MIN L-1 D-SW.bmp,V3-IND-AIR-inger.bmp
sprite,gfx/map/units/T-NAVAL A-STAND C-IND L-1.spr,gfx/map/units/T-NAVAL A-STAND C-AST L-1.spr,T-naval A-WALK C-ENG L-1 D-SW.bmp,V3-IND-AIR-inger.bmp
sprite,gfx/map/units/T-NAVAL A-STAND C-IND L-3.spr,gfx/map/units/T-NAVAL A-STAND C-AST L-3.spr,T-naval A-STAND C-MIN L-1.bmp,V3-IND-AIR-inger.bmp
sprite,gfx/map/units/T-NAVAL A-STAND C-IND L-4.spr,gfx/map/units/T-NAVAL A-STAND C-AST L-4.spr,T-naval A-STAND C-MIN L-1.bmp,V3-IND-AIR-inger.bmp
sprite,gfx/map/units/T-NAVAL A-STAND C-IND L-5.spr,gfx/map/units/T-NAVAL A-STAND C-AST L-5.spr,T-naval A-STAND C-MIN L-1.bmp,V3-IND-AIR-inger.bmp
sprite,gfx/map/units/T-NAVAL A-STAND C-IND L-6.spr,gfx/map/units/T-NAVAL A-STAND C-AST L-6.spr,T-naval A-STAND C-MIN L-1.bmp,V3-IND-AIR-inger.bmp
sprite,gfx/map/units/T-NAVAL A-STAND C-IND L-7.spr,gfx/map/units/T-NAVAL A-STAND C-AST L-7.spr,T-naval A-STAND C-MIN L-1.bmp,V3-IND-AIR-inger.bmp
sprite,gfx/map/units/T-NAVAL A-STAND C-IND L-8.spr,gfx/map/units/T-NAVAL A-STAND C-AST L-8.spr,T-naval A-STAND C-MIN L-1.bmp,V3-IND-AIR-inger.bmp
sprite,gfx/map/units/T-NAVAL A-STAND C-IND L-9.spr,gfx/map/units/T-NAVAL A-STAND C-AST L-9.spr,T-naval A-STAND C-MIN L-1.bmp,V3-IND-AIR-inger.bmp
sprite,gfx/map/units/T-NAVAL A-WALK C-IND L-1 D-E.spr,gfx/map/units/T-NAVAL A-WALK C-AST L-1 D-E.spr,T-naval A-WALK C-ENG L-1 D-E.bmp,V3-IND-AIR-inger.bmp
sprite,gfx/map/units/T-NAVAL A-WALK C-IND L-1 D-N.spr,gfx/map/units/T-NAVAL A-WALK C-AST L-1 D-N.spr,T-naval A-WALK C-ENG L-1 D-N.bmp,V3-IND-AIR-inger.bmp
sprite,gfx/map/units/T-NAVAL A-WALK C-IND L-1 D-NE.spr,gfx/map/units/T-NAVAL A-WALK C-AST L-1 D-NE.spr,T-naval A-WALK C-ENG L-1 D-NE.bmp,V3-IND-AIR-inger.bmp
sprite,gfx/map/units/T-NAVAL A-WALK C-IND L-1 D-NW.spr,gfx/map/units/T-NAVAL A-WALK C-AST L-1 D-NW.spr,T-naval A-WALK C-ENG L-1 D-NW.bmp,V3-IND-AIR-inger.bmp
sprite,gfx/map/units/T-NAVAL A-WALK C-IND L-1 D-S.spr,gfx/map/units/T-NAVAL A-WALK C-AST L-1 D-S.spr,T-naval A-WALK C-ENG L-1 D-S.bmp,V3-IND-AIR-inger.bmp
sprite,gfx/map/units/T-NAVAL A-WALK C-IND L-1 D-SE.spr,gfx/map/units/T-NAVAL A-WALK C-AST L-1 D-SE.spr,T-naval A-WALK C-ENG L-1 D-SE.bmp,V3-IND-AIR-inger.bmp
sprite,gfx/map/units/T-NAVAL A-WALK C-IND L-1 D-SW.spr,gfx/map/units/T-NAVAL A-WALK C-AST L-1 D-SW.spr,T-naval A-WALK C-ENG L-1 D-SW.bmp,V3-IND-AIR-inger.bmp
sprite,gfx/map/units/T-NAVAL A-WALK C-IND L-1 D-W.spr,gfx/map/units/T-NAVAL A-WALK C-AST L-1 D-W.spr,T-naval A-WALK C-ENG L-1 D-W.bmp,V3-IND-AIR-inger.bmp
sprite,gfx/map/units/T-NAVAL A-WALK C-IND L-3 D-E.spr,gfx/map/units/T-NAVAL A-WALK C-AST L-3 D-E.spr,T-naval A-WALK C-MIN L-1 D-E.bmp,V3-IND-AIR-inger.bmp
sprite,gfx/map/units/T-NAVAL A-WALK C-IND L-3 D-N.spr,gfx/map/units/T-NAVAL A-WALK C-AST L-3 D-N.spr,T-naval A-WALK C-MIN L-1 D-N.bmp,V3-IND-AIR-inger.bmp
sprite,gfx/map/units/T-NAVAL A-WALK C-IND L-3 D-NE.spr,gfx/map/units/T-NAVAL A-WALK C-AST L-3 D-NE.spr,T-naval A-WALK C-MIN L-1 D-NE.bmp,V3-IND-AIR-inger.bmp
sprite,gfx/map/units/T-NAVAL A-WALK C-IND L-3 D-NW.spr,gfx/map/units/T-NAVAL A-WALK C-AST L-3 D-NW.spr,T-naval A-WALK C-MIN L-1 D-NW.bmp,V3-IND-AIR-inger.bmp
sprite,gfx/map/units/T-NAVAL A-WALK C-IND L-3 D-S.spr,gfx/map/units/T-NAVAL A-WALK C-AST L-3 D-S.spr,T-naval A-WALK C-MIN L-1 D-S.bmp,V3-IND-AIR-inger.bmp
sprite,gfx/map/units/T-NAVAL A-WALK C-IND L-3 D-SE.spr,gfx/map/units/T-NAVAL A-WALK C-AST L-3 D-SE.spr,T-naval A-WALK C-MIN L-1 D-SE.bmp,V3-IND-AIR-inger.bmp
sprite,gfx/map/units/T-NAVAL A-WALK C-IND L-3 D-SW.spr,gfx/map/units/T-NAVAL A-WALK C-AST L-3 D-SW.spr,T-naval A-WALK C-MIN L-1 D-SW.bmp,V3-IND-AIR-inger.bmp
sprite,gfx/map/units/T-NAVAL A-WALK C-IND L-3 D-W.spr,gfx/map/units/T-NAVAL A-WALK C-AST L-3 D-W.spr,T-naval A-WALK C-MIN L-1 D-W.bmp,V3-IND-AIR-inger.bmp
sprite,gfx/map/units/T-NAVAL A-WALK C-IND L-4 D-E.spr,gfx/map/units/T-NAVAL A-WALK C-AST L-4 D-E.spr,T-naval A-WALK C-MIN L-1 D-E.bmp,V3-IND-AIR-inger.bmp
sprite,gfx/map/units/T-NAVAL A-WALK C-IND L-4 D-N.spr,gfx/map/units/T-NAVAL A-WALK C-AST L-4 D-N.spr,T-naval A-WALK C-MIN L-1 D-N.bmp,V3-IND-AIR-inger.bmp
sprite,gfx/map/units/T-NAVAL A-WALK C-IND L-4 D-NE.spr,gfx/map/units/T-NAVAL A-WALK C-AST L-4 D-NE.spr,T-naval A-WALK C-MIN L-1 D-NE.bmp,V3-IND-AIR-inger.bmp
sprite,gfx/map/units/T-NAVAL A-WALK C-IND L-4 D-NW.spr,gfx/map/units/T-NAVAL A-WALK C-AST L-4 D-NW.spr,T-naval A-WALK C-MIN L-1 D-NW.bmp,V3-IND-AIR-inger.bmp
sprite,gfx/map/units/T-NAVAL A-WALK C-IND L-4 D-S.spr,gfx/map/units/T-NAVAL A-WALK C-AST L-4 D-S.spr,T-naval A-WALK C-MIN L-1 D-S.bmp,V3-IND-AIR-inger.bmp
sprite,gfx/map/units/T-NAVAL A-WALK C-IND L-4 D-SE.spr,gfx/map/units/T-NAVAL A-WALK C-AST L-4 D-SE.spr,T-naval A-WALK C-MIN L-1 D-SE.bmp,V3-IND-AIR-inger.bmp
sprite,gfx/map/units/T-NAVAL A-WALK C-IND L-4 D-SW.spr,gfx/map/units/T-NAVAL A-WALK C-AST L-4 D-SW.spr,T-naval A-WALK C-MIN L-1 D-SW.bmp,V3-IND-AIR-inger.bmp
sprite,gfx/map/units/T-NAVAL A-WALK C-IND L-4 D-W.spr,gfx/map/units/T-NAVAL A-WALK C-AST L-4 D-W.spr,T-naval A-WALK C-MIN L-1 D-W.bmp,V3-IND-AIR-inger.bmp
sprite,gfx/map/units/T-NAVAL A-WALK C-IND L-5 D-E.spr,gfx/map/units/T-NAVAL A-WALK C-AST L-5 D-E.spr,T-naval A-WALK C-MIN L-1 D-E.bmp,V3-IND-AIR-inger.bmp
sprite,gfx/map/units/T-NAVAL A-WALK C-IND L-5 D-N.spr,gfx/map/units/T-NAVAL A-WALK C-AST L-5 D-N.spr,T-naval A-WALK C-MIN L-1 D-N.bmp,V3-IND-AIR-inger.bmp
sprite,gfx/map/units/T-NAVAL A-WALK C-IND L-5 D-NE.spr,gfx/map/units/T-NAVAL A-WALK C-AST L-5 D-NE.spr,T-naval A-WALK C-MIN L-1 D-NE.bmp,V3-IND-AIR-inger.bmp
sprite,gfx/map/units/T-NAVAL A-WALK C-IND L-5 D-NW.spr,gfx/map/units/T-NAVAL A-WALK C-AST L-5 D-NW.spr,T-naval A-WALK C-MIN L-1 D-NW.bmp,V3-IND-AIR-inger.bmp
sprite,gfx/map/units/T-NAVAL A-WALK C-IND L-5 D-S.spr,gfx/map/units/T-NAVAL A-WALK C-AST L-5 D-S.spr,T-naval A-WALK C-MIN L-1 D-S.bmp,V3-IND-AIR-inger.bmp
sprite,gfx/map/units/T-NAVAL A-WALK C-IND L-5 D-SE.spr,gfx/map/units/T-NAVAL A-WALK C-AST L-5 D-SE.spr,T-naval A-WALK C-MIN L-1 D-SE.bmp,V3-IND-AIR-inger.bmp
sprite,gfx/map/units/T-NAVAL A-WALK C-IND L-5 D-SW.spr,gfx/map/units/T-NAVAL A-WALK C-AST L-5 D-SW.spr,T-naval A-WALK C-MIN L-1 D-SW.bmp,V3-IND-AIR-inger.bmp
sprite,gfx/map/units/T-NAVAL A-WALK C-IND L-5 D-W.spr,gfx/map/units/T-NAVAL A-WALK C-AST L-5 D-W.spr,T-naval A-WALK C-MIN L-1 D-W.bmp,V3-IND-AIR-inger.bmp
sprite,gfx/map/units/T-NAVAL A-WALK C-IND L-6 D-E.spr,gfx/map/units/T-NAVAL A-WALK C-AST L-6 D-E.spr,T-naval A-WALK C-MIN L-1 D-E.bmp,V3-IND-AIR-inger.bmp
sprite,gfx/map/units/T-NAVAL A-WALK C-IND L-6 D-N.spr,gfx/map/units/T-NAVAL A-WALK C-AST L-6 D-N.spr,T-naval A-WALK C-MIN L-1 D-N.bmp,V3-IND-AIR-inger.bmp
sprite,gfx/map/units/T-NAVAL A-WALK C-IND L-6 D-NE.spr,gfx/map/units/T-NAVAL A-WALK C-AST L-6 D-NE.spr,T-naval A-WALK C-MIN L-1 D-NE.bmp,V3-IND-AIR-inger.bmp
sprite,gfx/map/units/T-NAVAL A-WALK C-IND L-6 D-NW.spr,gfx/map/units/T-NAVAL A-WALK C-AST L-6 D-NW.spr,T-naval A-WALK C-MIN L-1 D-NW.bmp,V3-IND-AIR-inger.bmp
sprite,gfx/map/units/T-NAVAL A-WALK C-IND L-6 D-S.spr,gfx/map/units/T-NAVAL A-WALK C-AST L-6 D-S.spr,T-naval A-WALK C-MIN L-1 D-S.bmp,V3-IND-AIR-inger.bmp
sprite,gfx/map/units/T-NAVAL A-WALK C-IND L-6 D-SE.spr,gfx/map/units/T-NAVAL A-WALK C-AST L-6 D-SE.spr,T-naval A-WALK C-MIN L-1 D-SE.bmp,V3-IND-AIR-inger.bmp
sprite,gfx/map/units/T-NAVAL A-WALK C-IND L-6 D-SW.spr,gfx/map/units/T-NAVAL A-WALK C-AST L-6 D-SW.spr,T-naval A-WALK C-MIN L-1 D-SW.bmp,V3-IND-AIR-inger.bmp
sprite,gfx/map/units/T-NAVAL A-WALK C-IND L-6 D-W.spr,gfx/map/units/T-NAVAL A-WALK C-AST L-6 D-W.spr,T-naval A-WALK C-MIN L-1 D-W.bmp,V3-IND-AIR-inger.bmp
sprite,gfx/map/units/T-NAVAL A-WALK C-IND L-7 D-E.spr,gfx/map/units/T-NAVAL A-WALK C-AST L-7 D-E.spr,T-naval A-WALK C-MIN L-1 D-E.bmp,V3-IND-AIR-inger.bmp
sprite,gfx/map/units/T-NAVAL A-WALK C-IND L-7 D-N.spr,gfx/map/units/T-NAVAL A-WALK C-AST L-7 D-N.spr,T-naval A-WALK C-MIN L-1 D-N.bmp,V3-IND-AIR-inger.bmp
sprite,gfx/map/units/T-NAVAL A-WALK C-IND L-7 D-NE.spr,gfx/map/units/T-NAVAL A-WALK C-AST L-7 D-NE.spr,T-naval A-WALK C-MIN L-1 D-NE.bmp,V3-IND-AIR-inger.bmp
sprite,gfx/map/units/T-NAVAL A-WALK C-IND L-7 D-NW.spr,gfx/map/units/T-NAVAL A-WALK C-AST L-7 D-NW.spr,T-naval A-WALK C-MIN L-1 D-NW.bmp,V3-IND-AIR-inger.bmp
sprite,gfx/map/units/T-NAVAL A-WALK C-IND L-7 D-S.spr,gfx/map/units/T-NAVAL A-WALK C-AST L-7 D-S.spr,T-naval A-WALK C-MIN L-1 D-S.bmp,V3-IND-AIR-inger.bmp
sprite,gfx/map/units/T-NAVAL A-WALK C-IND L-7 D-SE.spr,gfx/map/units/T-NAVAL A-WALK C-AST L-7 D-SE.spr,T-naval A-WALK C-MIN L-1 D-SE.bmp,V3-IND-AIR-inger.bmp
sprite,gfx/map/units/T-NAVAL A-WALK C-IND L-7 D-SW.spr,gfx/map/units/T-NAVAL A-WALK C-AST L-7 D-SW.spr,T-naval A-WALK C-MIN L-1 D-SW.bmp,V3-IND-AIR-inger.bmp
sprite,gfx/map/units/T-NAVAL A-WALK C-IND L-7 D-W.spr,gfx/map/units/T-NAVAL A-WALK C-AST L-7 D-W.spr,T-naval A-WALK C-MIN L-1 D-W.bmp,V3-IND-AIR-inger.bmp
sprite,gfx/map/units/T-NAVAL A-WALK C-IND L-8 D-E.spr,gfx/map/units/T-NAVAL A-WALK C-AST L-8 D-E.spr,T-naval A-WALK C-MIN L-1 D-E.bmp,V3-IND-AIR-inger.bmp
sprite,gfx/map/units/T-NAVAL A-WALK C-IND L-8 D-N.spr,gfx/map/units/T-NAVAL A-WALK C-AST L-8 D-N.spr,T-naval A-WALK C-MIN L-1 D-N.bmp,V3-IND-AIR-inger.bmp
sprite,gfx/map/units/T-NAVAL A-WALK C-IND L-8 D-NE.spr,gfx/map/units/T-NAVAL A-WALK C-AST L-8 D-NE.spr,T-naval A-WALK C-MIN L-1 D-NE.bmp,V3-IND-AIR-inger.bmp
sprite,gfx/map/units/T-NAVAL A-WALK C-IND L-8 D-NW.spr,gfx/map/units/T-NAVAL A-WALK C-AST L-8 D-NW.spr,T-naval A-WALK C-MIN L-1 D-NW.bmp,V3-IND-AIR-inger.bmp
sprite,gfx/map/units/T-NAVAL A-WALK C-IND L-8 D-S.spr,gfx/map/units/T-NAVAL A-WALK C-AST L-8 D-S.spr,T-naval A-WALK C-MIN L-1 D-S.bmp,V3-IND-AIR-inger.bmp
sprite,gfx/map/units/T-NAVAL A-WALK C-IND L-8 D-SE.spr,gfx/map/units/T-NAVAL A-WALK C-AST L-8 D-SE.spr,T-naval A-WALK C-MIN L-1 D-SE.bmp,V3-IND-AIR-inger.bmp
sprite,gfx/map/units/T-NAVAL A-WALK C-IND L-8 D-SW.spr,gfx/map/units/T-NAVAL A-WALK C-AST L-8 D-SW.spr,T-naval A-WALK C-MIN L-1 D-SW.bmp,V3-IND-AIR-inger.bmp
sprite,gfx/map/units/T-NAVAL A-WALK C-IND L-8 D-W.spr,gfx/map/units/T-NAVAL A-WALK C-AST L-8 D-W.spr,T-naval A-WALK C-MIN L-1 D-W.bmp,V3-IND-AIR-inger.bmp
sprite,gfx/map/units/T-NAVAL A-WALK C-IND L-9 D-E.spr,gfx/map/units/T-NAVAL A-WALK C-AST L-9 D-E.spr,T-naval A-WALK C-MIN L-1 D-E.bmp,V3-IND-AIR-inger.bmp
sprite,gfx/map/units/T-NAVAL A-WALK C-IND L-9 D-N.spr,gfx/map/units/T-NAVAL A-WALK C-AST L-9 D-N.spr,T-naval A-WALK C-MIN L-1 D-N.bmp,V3-IND-AIR-inger.bmp
sprite,gfx/map/units/T-NAVAL A-WALK C-IND L-9 D-NE.spr,gfx/map/units/T-NAVAL A-WALK C-AST L-9 D-NE.spr,T-naval A-WALK C-MIN L-1 D-NE.bmp,V3-IND-AIR-inger.bmp
sprite,gfx/map/units/T-NAVAL A-WALK C-IND L-9 D-NW.spr,gfx/map/units/T-NAVAL A-WALK C-AST L-9 D-NW.spr,T-naval A-WALK C-MIN L-1 D-NW.bmp,V3-IND-AIR-inger.bmp
sprite,gfx/map/units/T-NAVAL A-WALK C-IND L-9 D-S.spr,gfx/map/units/T-NAVAL A-WALK C-AST L-9 D-S.spr,T-naval A-WALK C-MIN L-1 D-S.bmp,V3-IND-AIR-inger.bmp
sprite,gfx/map/units/T-NAVAL A-WALK C-IND L-9 D-SE.spr,gfx/map/units/T-NAVAL A-WALK C-AST L-9 D-SE.spr,T-naval A-WALK C-MIN L-1 D-SE.bmp,V3-IND-AIR-inger.bmp
sprite,gfx/map/units/T-NAVAL A-WALK C-IND L-9 D-SW.spr,gfx/map/units/T-NAVAL A-WALK C-AST L-9 D-SW.spr,T-naval A-WALK C-MIN L-1 D-SW.bmp,V3-IND-AIR-inger.bmp
sprite,gfx/map/units/T-NAVAL A-WALK C-IND L-9 D-W.spr,gfx/map/units/T-NAVAL A-WALK C-AST L-9 D-W.spr,T-naval A-WALK C-MIN L-1 D-W.bmp,V3-IND-AIR-inger.bmp
sprite,gfx/map/units/T-PANZER A-FIRE C-IND L-1 D-E.spr,gfx/map/units/T-PANZER A-FIRE C-AST L-1 D-E.spr,T-PANZER C-ENG L-6 A-FIRE D-E.bmp,V3-IND-OLIVE-Jagdtiger.bmp
sprite,gfx/map/units/T-PANZER A-FIRE C-IND L-1 D-N.spr,gfx/map/units/T-PANZER A-FIRE C-AST L-1 D-N.spr,T-PANZER C-ENG L-6 A-FIRE D-N.bmp,V3-IND-OLIVE-Jagdtiger.bmp
sprite,gfx/map/units/T-PANZER A-FIRE C-IND L-1 D-NE.spr,gfx/map/units/T-PANZER A-FIRE C-AST L-1 D-NE.spr,T-PANZER C-ENG L-6 A-FIRE D-NE.bmp,V3-IND-OLIVE-Jagdtiger.bmp
sprite,gfx/map/units/T-PANZER A-FIRE C-IND L-1 D-NW.spr,gfx/map/units/T-PANZER A-FIRE C-AST L-1 D-NW.spr,T-PANZER C-ENG L-6 A-FIRE D-NW.bmp,V3-IND-OLIVE-Jagdtiger.bmp
sprite,gfx/map/units/T-PANZER A-FIRE C-IND L-1 D-S.spr,gfx/map/units/T-PANZER A-FIRE C-AST L-1 D-S.spr,T-PANZER C-ENG L-6 A-FIRE D-S.bmp,V3-IND-OLIVE-Jagdtiger.bmp
sprite,gfx/map/units/T-PANZER A-FIRE C-IND L-1 D-SE.spr,gfx/map/units/T-PANZER A-FIRE C-AST L-1 D-SE.spr,T-PANZER C-ENG L-6 A-FIRE D-SE.bmp,V3-IND-OLIVE-Jagdtiger.bmp
sprite,gfx/map/units/T-PANZER A-FIRE C-IND L-1 D-SW.spr,gfx/map/units/T-PANZER A-FIRE C-AST L-1 D-SW.spr,T-PANZER C-ENG L-6 A-FIRE D-SW.bmp,V3-IND-OLIVE-Jagdtiger.bmp
sprite,gfx/map/units/T-PANZER A-FIRE C-IND L-1 D-W.spr,gfx/map/units/T-PANZER A-FIRE C-AST L-1 D-W.spr,T-PANZER C-ENG L-6 A-FIRE D-W.bmp,V3-IND-OLIVE-Jagdtiger.bmp
sprite,gfx/map/units/T-PANZER A-FIRE C-IND L-1.spr,gfx/map/units/T-PANZER A-FIRE C-AST L-1.spr,T-PANZER C-ENG L-6 A-FIRE D-SW.bmp,V3-IND-OLIVE-Jagdtiger.bmp
sprite,gfx/map/units/T-PANZER A-FIRE C-IND L-5 D-E.spr,gfx/map/units/T-PANZER A-FIRE C-AST L-5 D-E.spr,T-PANZER A-FIRE C-ENG L-9 D-E.bmp,V3-IND-OLIVE-Jagdtiger.bmp
sprite,gfx/map/units/T-PANZER A-FIRE C-IND L-5 D-N.spr,gfx/map/units/T-PANZER A-FIRE C-AST L-5 D-N.spr,T-PANZER A-FIRE C-ENG L-9 D-N.bmp,V3-IND-OLIVE-Jagdtiger.bmp
sprite,gfx/map/units/T-PANZER A-FIRE C-IND L-5 D-NE.spr,gfx/map/units/T-PANZER A-FIRE C-AST L-5 D-NE.spr,T-PANZER A-FIRE C-ENG L-9 D-NE.bmp,V3-IND-OLIVE-Jagdtiger.bmp
sprite,gfx/map/units/T-PANZER A-FIRE C-IND L-5 D-NW.spr,gfx/map/units/T-PANZER A-FIRE C-AST L-5 D-NW.spr,T-PANZER A-FIRE C-ENG L-9 D-NW.bmp,V3-IND-OLIVE-Jagdtiger.bmp
sprite,gfx/map/units/T-PANZER A-FIRE C-IND L-5 D-S.spr,gfx/map/units/T-PANZER A-FIRE C-AST L-5 D-S.spr,T-PANZER A-FIRE C-ENG L-9 D-S.bmp,V3-IND-OLIVE-Jagdtiger.bmp
sprite,gfx/map/units/T-PANZER A-FIRE C-IND L-5 D-SE.spr,gfx/map/units/T-PANZER A-FIRE C-AST L-5 D-SE.spr,T-PANZER A-FIRE C-ENG L-9 D-SE.bmp,V3-IND-OLIVE-Jagdtiger.bmp
sprite,gfx/map/units/T-PANZER A-FIRE C-IND L-5 D-SW.spr,gfx/map/units/T-PANZER A-FIRE C-AST L-5 D-SW.spr,T-PANZER A-FIRE C-ENG L-9 D-SW.bmp,V3-IND-OLIVE-Jagdtiger.bmp
sprite,gfx/map/units/T-PANZER A-FIRE C-IND L-5 D-W.spr,gfx/map/units/T-PANZER A-FIRE C-AST L-5 D-W.spr,T-PANZER A-FIRE C-ENG L-9 D-W.bmp,V3-IND-OLIVE-Jagdtiger.bmp
sprite,gfx/map/units/T-PANZER A-FIRE C-IND L-5.spr,gfx/map/units/T-PANZER A-FIRE C-AST L-5.spr,T-PANZER A-FIRE C-ENG L-9 D-SW.bmp,V3-IND-OLIVE-Jagdtiger.bmp
sprite,gfx/map/units/T-PANZER A-FIRE C-IND L-6 D-E.spr,gfx/map/units/T-PANZER A-FIRE C-AST L-6 D-E.spr,T-PANZER A-FIRE C-ENG L-9 D-E.bmp,V3-IND-OLIVE-Jagdtiger.bmp
sprite,gfx/map/units/T-PANZER A-FIRE C-IND L-6 D-N.spr,gfx/map/units/T-PANZER A-FIRE C-AST L-6 D-N.spr,T-PANZER A-FIRE C-ENG L-9 D-N.bmp,V3-IND-OLIVE-Jagdtiger.bmp
sprite,gfx/map/units/T-PANZER A-FIRE C-IND L-6 D-NE.spr,gfx/map/units/T-PANZER A-FIRE C-AST L-6 D-NE.spr,T-PANZER A-FIRE C-ENG L-9 D-NE.bmp,V3-IND-OLIVE-Jagdtiger.bmp
sprite,gfx/map/units/T-PANZER A-FIRE C-IND L-6 D-NW.spr,gfx/map/units/T-PANZER A-FIRE C-AST L-6 D-NW.spr,T-PANZER A-FIRE C-ENG L-9 D-NW.bmp,V3-IND-OLIVE-Jagdtiger.bmp
sprite,gfx/map/units/T-PANZER A-FIRE C-IND L-6 D-S.spr,gfx/map/units/T-PANZER A-FIRE C-AST L-6 D-S.spr,T-PANZER A-FIRE C-ENG L-9 D-S.bmp,V3-IND-OLIVE-Jagdtiger.bmp
sprite,gfx/map/units/T-PANZER A-FIRE C-IND L-6 D-SE.spr,gfx/map/units/T-PANZER A-FIRE C-AST L-6 D-SE.spr,T-PANZER A-FIRE C-ENG L-9 D-SE.bmp,V3-IND-OLIVE-Jagdtiger.bmp
sprite,gfx/map/units/T-PANZER A-FIRE C-IND L-6 D-SW.spr,gfx/map/units/T-PANZER A-FIRE C-AST L-6 D-SW.spr,T-PANZER A-FIRE C-ENG L-9 D-SW.bmp,V3-IND-OLIVE-Jagdtiger.bmp
sprite,gfx/map/units/T-PANZER A-FIRE C-IND L-6 D-W.spr,gfx/map/units/T-PANZER A-FIRE C-AST L-6 D-W.spr,T-PANZER A-FIRE C-ENG L-9 D-W.bmp,V3-IND-OLIVE-Jagdtiger.bmp
sprite,gfx/map/units/T-PANZER A-FIRE C-IND L-6.spr,gfx/map/units/T-PANZER A-FIRE C-AST L-6.spr,T-PANZER A-FIRE C-ENG L-9 D-SW.bmp,V3-IND-OLIVE-Jagdtiger.bmp
sprite,gfx/map/units/T-PANZER A-FIRE C-IND L-7 D-E.spr,gfx/map/units/T-PANZER A-FIRE C-AST L-7 D-E.spr,T-PANZER A-FIRE C-ENG L-9 D-E.bmp,V3-IND-OLIVE-Jagdtiger.bmp
sprite,gfx/map/units/T-PANZER A-FIRE C-IND L-7 D-N.spr,gfx/map/units/T-PANZER A-FIRE C-AST L-7 D-N.spr,T-PANZER A-FIRE C-ENG L-9 D-N.bmp,V3-IND-OLIVE-Jagdtiger.bmp
sprite,gfx/map/units/T-PANZER A-FIRE C-IND L-7 D-NE.spr,gfx/map/units/T-PANZER A-FIRE C-AST L-7 D-NE.spr,T-PANZER A-FIRE C-ENG L-9 D-NE.bmp,V3-IND-OLIVE-Jagdtiger.bmp
sprite,gfx/map/units/T-PANZER A-FIRE C-IND L-7 D-NW.spr,gfx/map/units/T-PANZER A-FIRE C-AST L-7 D-NW.spr,T-PANZER A-FIRE C-ENG L-9 D-NW.bmp,V3-IND-OLIVE-Jagdtiger.bmp
sprite,gfx/map/units/T-PANZER A-FIRE C-IND L-7 D-S.spr,gfx/map/units/T-PANZER A-FIRE C-AST L-7 D-S.spr,T-PANZER A-FIRE C-ENG L-9 D-S.bmp,V3-IND-OLIVE-Jagdtiger.bmp
sprite,gfx/map/units/T-PANZER A-FIRE C-IND L-7 D-SE.spr,gfx/map/units/T-PANZER A-FIRE C-AST L-7 D-SE.spr,T-PANZER A-FIRE C-ENG L-9 D-SE.bmp,V3-IND-OLIVE-Jagdtiger.bmp
sprite,gfx/map/units/T-PANZER A-FIRE C-IND L-7 D-SW.spr,gfx/map/units/T-PANZER A-FIRE C-AST L-7 D-SW.spr,T-PANZER A-FIRE C-ENG L-9 D-SW.bmp,V3-IND-OLIVE-Jagdtiger.bmp
sprite,gfx/map/units/T-PANZER A-FIRE C-IND L-7 D-W.spr,gfx/map/units/T-PANZER A-FIRE C-AST L-7 D-W.spr,T-PANZER A-FIRE C-ENG L-9 D-W.bmp,V3-IND-OLIVE-Jagdtiger.bmp
sprite,gfx/map/units/T-PANZER A-FIRE C-IND L-7.spr,gfx/map/units/T-PANZER A-FIRE C-AST L-7.spr,T-PANZER A-FIRE C-ENG L-9 D-SW.bmp,V3-IND-OLIVE-Jagdtiger.bmp
sprite,gfx/map/units/T-PANZER A-FIRE C-IND L-8 D-E.spr,gfx/map/units/T-PANZER A-FIRE C-AST L-8 D-E.spr,T-PANZER A-FIRE C-ENG L-9 D-E.bmp,V3-IND-OLIVE-Jagdtiger.bmp
sprite,gfx/map/units/T-PANZER A-FIRE C-IND L-8 D-N.spr,gfx/map/units/T-PANZER A-FIRE C-AST L-8 D-N.spr,T-PANZER A-FIRE C-ENG L-9 D-N.bmp,V3-IND-OLIVE-Jagdtiger.bmp
sprite,gfx/map/units/T-PANZER A-FIRE C-IND L-8 D-NE.spr,gfx/map/units/T-PANZER A-FIRE C-AST L-8 D-NE.spr,T-PANZER A-FIRE C-ENG L-9 D-NE.bmp,V3-IND-OLIVE-Jagdtiger.bmp
sprite,gfx/map/units/T-PANZER A-FIRE C-IND L-8 D-NW.spr,gfx/map/units/T-PANZER A-FIRE C-AST L-8 D-NW.spr,T-PANZER A-FIRE C-ENG L-9 D-NW.bmp,V3-IND-OLIVE-Jagdtiger.bmp
sprite,gfx/map/units/T-PANZER A-FIRE C-IND L-8 D-S.spr,gfx/map/units/T-PANZER A-FIRE C-AST L-8 D-S.spr,T-PANZER A-FIRE C-ENG L-9 D-S.bmp,V3-IND-OLIVE-Jagdtiger.bmp
sprite,gfx/map/units/T-PANZER A-FIRE C-IND L-8 D-SE.spr,gfx/map/units/T-PANZER A-FIRE C-AST L-8 D-SE.spr,T-PANZER A-FIRE C-ENG L-9 D-SE.bmp,V3-IND-OLIVE-Jagdtiger.bmp
sprite,gfx/map/units/T-PANZER A-FIRE C-IND L-8 D-SW.spr,gfx/map/units/T-PANZER A-FIRE C-AST L-8 D-SW.spr,T-PANZER A-FIRE C-ENG L-9 D-SW.bmp,V3-IND-OLIVE-Jagdtiger.bmp
sprite,gfx/map/units/T-PANZER A-FIRE C-IND L-8 D-W.spr,gfx/map/units/T-PANZER A-FIRE C-AST L-8 D-W.spr,T-PANZER A-FIRE C-ENG L-9 D-W.bmp,V3-IND-OLIVE-Jagdtiger.bmp
sprite,gfx/map/units/T-PANZER A-FIRE C-IND L-8.spr,gfx/map/units/T-PANZER A-FIRE C-AST L-8.spr,T-PANZER A-FIRE C-ENG L-9 D-SW.bmp,V3-IND-OLIVE-Jagdtiger.bmp
sprite,gfx/map/units/T-PANZER A-STAND C-IND L-1.spr,gfx/map/units/T-PANZER A-STAND C-AST L-1.spr,T-PANZER C-ENG L-6 A-STAND.bmp,V3-IND-OLIVE-Jagdtiger.bmp
sprite,gfx/map/units/T-PANZER A-STAND C-IND L-5.spr,gfx/map/units/T-PANZER A-STAND C-AST L-5.spr,T-PANZER A-STAND C-ENG L-9.bmp,V3-IND-OLIVE-Jagdtiger.bmp
sprite,gfx/map/units/T-PANZER A-STAND C-IND L-6.spr,gfx/map/units/T-PANZER A-STAND C-AST L-6.spr,T-PANZER A-STAND C-ENG L-9.bmp,V3-IND-OLIVE-Jagdtiger.bmp
sprite,gfx/map/units/T-PANZER A-STAND C-IND L-7.spr,gfx/map/units/T-PANZER A-STAND C-AST L-7.spr,T-PANZER A-STAND C-ENG L-9.bmp,V3-IND-OLIVE-Jagdtiger.bmp
sprite,gfx/map/units/T-PANZER A-STAND C-IND L-8.spr,gfx/map/units/T-PANZER A-STAND C-AST L-8.spr,T-PANZER A-STAND C-ENG L-9.bmp,V3-IND-OLIVE-Jagdtiger.bmp
sprite,gfx/map/units/T-PANZER A-WALK C-IND L-1 D-E.spr,gfx/map/units/T-PANZER A-WALK C-AST L-1 D-E.spr,T-PANZER C-ENG L-6 A-WALK D-E.bmp,V3-IND-OLIVE-Jagdtiger.bmp
sprite,gfx/map/units/T-PANZER A-WALK C-IND L-1 D-N.spr,gfx/map/units/T-PANZER A-WALK C-AST L-1 D-N.spr,T-PANZER C-ENG L-6 A-WALK D-N.bmp,V3-IND-OLIVE-Jagdtiger.bmp
sprite,gfx/map/units/T-PANZER A-WALK C-IND L-1 D-NE.spr,gfx/map/units/T-PANZER A-WALK C-AST L-1 D-NE.spr,T-PANZER C-ENG L-6 A-WALK D-NE.bmp,V3-IND-OLIVE-Jagdtiger.bmp
sprite,gfx/map/units/T-PANZER A-WALK C-IND L-1 D-NW.spr,gfx/map/units/T-PANZER A-WALK C-AST L-1 D-NW.spr,T-PANZER C-ENG L-6 A-WALK D-NW.bmp,V3-IND-OLIVE-Jagdtiger.bmp
sprite,gfx/map/units/T-PANZER A-WALK C-IND L-1 D-S.spr,gfx/map/units/T-PANZER A-WALK C-AST L-1 D-S.spr,T-PANZER C-ENG L-6 A-WALK D-S.bmp,V3-IND-OLIVE-Jagdtiger.bmp
sprite,gfx/map/units/T-PANZER A-WALK C-IND L-1 D-SE.spr,gfx/map/units/T-PANZER A-WALK C-AST L-1 D-SE.spr,T-PANZER C-ENG L-6 A-WALK D-SE.bmp,V3-IND-OLIVE-Jagdtiger.bmp
sprite,gfx/map/units/T-PANZER A-WALK C-IND L-1 D-SW.spr,gfx/map/units/T-PANZER A-WALK C-AST L-1 D-SW.spr,T-PANZER C-ENG L-6 A-WALK D-SW.bmp,V3-IND-OLIVE-Jagdtiger.bmp
sprite,gfx/map/units/T-PANZER A-WALK C-IND L-1 D-W.spr,gfx/map/units/T-PANZER A-WALK C-AST L-1 D-W.spr,T-PANZER C-ENG L-6 A-WALK D-W.bmp,V3-IND-OLIVE-Jagdtiger.bmp
sprite,gfx/map/units/T-PANZER A-WALK C-IND L-5 D-E.spr,gfx/map/units/T-PANZER A-WALK C-AST L-5 D-E.spr,T-PANZER A-WALK C-ENG L-9 D-E.bmp,V3-IND-OLIVE-Jagdtiger.bmp
sprite,gfx/map/units/T-PANZER A-WALK C-IND L-5 D-N.spr,gfx/map/units/T-PANZER A-WALK C-AST L-5 D-N.spr,T-PANZER A-WALK C-ENG L-9 D-N.bmp,V3-IND-OLIVE-Jagdtiger.bmp
sprite,gfx/map/units/T-PANZER A-WALK C-IND L-5 D-NE.spr,gfx/map/units/T-PANZER A-WALK C-AST L-5 D-NE.spr,T-PANZER A-WALK C-ENG L-9 D-NE.bmp,V3-IND-OLIVE-Jagdtiger.bmp
sprite,gfx/map/units/T-PANZER A-WALK C-IND L-5 D-NW.spr,gfx/map/units/T-PANZER A-WALK C-AST L-5 D-NW.spr,T-PANZER A-WALK C-ENG L-9 D-NW.bmp,V3-IND-OLIVE-Jagdtiger.bmp
sprite,gfx/map/units/T-PANZER A-WALK C-IND L-5 D-S.spr,gfx/map/units/T-PANZER A-WALK C-AST L-5 D-S.spr,T-PANZER A-WALK C-ENG L-9 D-S.bmp,V3-IND-OLIVE-Jagdtiger.bmp
sprite,gfx/map/units/T-PANZER A-WALK C-IND L-5 D-SE.spr,gfx/map/units/T-PANZER A-WALK C-AST L-5 D-SE.spr,T-PANZER A-WALK C-ENG L-9 D-SE.bmp,V3-IND-OLIVE-Jagdtiger.bmp
sprite,gfx/map/units/T-PANZER A-WALK C-IND L-5 D-SW.spr,gfx/map/units/T-PANZER A-WALK C-AST L-5 D-SW.spr,T-PANZER A-WALK C-ENG L-9 D-SW.bmp,V3-IND-OLIVE-Jagdtiger.bmp
sprite,gfx/map/units/T-PANZER A-WALK C-IND L-5 D-W.spr,gfx/map/units/T-PANZER A-WALK C-AST L-5 D-W.spr,T-PANZER A-WALK C-ENG L-9 D-W.bmp,V3-IND-OLIVE-Jagdtiger.bmp
sprite,gfx/map/units/T-PANZER A-WALK C-IND L-6 D-E.spr,gfx/map/units/T-PANZER A-WALK C-AST L-6 D-E.spr,T-PANZER A-WALK C-ENG L-9 D-E.bmp,V3-IND-OLIVE-Jagdtiger.bmp
sprite,gfx/map/units/T-PANZER A-WALK C-IND L-6 D-N.spr,gfx/map/units/T-PANZER A-WALK C-AST L-6 D-N.spr,T-PANZER A-WALK C-ENG L-9 D-N.bmp,V3-IND-OLIVE-Jagdtiger.bmp
sprite,gfx/map/units/T-PANZER A-WALK C-IND L-6 D-NE.spr,gfx/map/units/T-PANZER A-WALK C-AST L-6 D-NE.spr,T-PANZER A-WALK C-ENG L-9 D-NE.bmp,V3-IND-OLIVE-Jagdtiger.bmp
sprite,gfx/map/units/T-PANZER A-WALK C-IND L-6 D-NW.spr,gfx/map/units/T-PANZER A-WALK C-AST L-6 D-NW.spr,T-PANZER A-WALK C-ENG L-9 D-NW.bmp,V3-IND-OLIVE-Jagdtiger.bmp
sprite,gfx/map/units/T-PANZER A-WALK C-IND L-6 D-S.spr,gfx/map/units/T-PANZER A-WALK C-AST L-6 D-S.spr,T-PANZER A-WALK C-ENG L-9 D-S.bmp,V3-IND-OLIVE-Jagdtiger.bmp
sprite,gfx/map/units/T-PANZER A-WALK C-IND L-6 D-SE.spr,gfx/map/units/T-PANZER A-WALK C-AST L-6 D-SE.spr,T-PANZER A-WALK C-ENG L-9 D-SE.bmp,V3-IND-OLIVE-Jagdtiger.bmp
sprite,gfx/map/units/T-PANZER A-WALK C-IND L-6 D-SW.spr,gfx/map/units/T-PANZER A-WALK C-AST L-6 D-SW.spr,T-PANZER A-WALK C-ENG L-9 D-SW.bmp,V3-IND-OLIVE-Jagdtiger.bmp
sprite,gfx/map/units/T-PANZER A-WALK C-IND L-6 D-W.spr,gfx/map/units/T-PANZER A-WALK C-AST L-6 D-W.spr,T-PANZER A-WALK C-ENG L-9 D-W.bmp,V3-IND-OLIVE-Jagdtiger.bmp
sprite,gfx/map/units/T-PANZER A-WALK C-IND L-7 D-E.spr,gfx/map/units/T-PANZER A-WALK C-AST L-7 D-E.spr,T-PANZER A-WALK C-ENG L-9 D-E.bmp,V3-IND-OLIVE-Jagdtiger.bmp
sprite,gfx/map/units/T-PANZER A-WALK C-IND L-7 D-N.spr,gfx/map/units/T-PANZER A-WALK C-AST L-7 D-N.spr,T-PANZER A-WALK C-ENG L-9 D-N.bmp,V3-IND-OLIVE-Jagdtiger.bmp
sprite,gfx/map/units/T-PANZER A-WALK C-IND L-7 D-NE.spr,gfx/map/units/T-PANZER A-WALK C-AST L-7 D-NE.spr,T-PANZER A-WALK C-ENG L-9 D-NE.bmp,V3-IND-OLIVE-Jagdtiger.bmp
sprite,gfx/map/units/T-PANZER A-WALK C-IND L-7 D-NW.spr,gfx/map/units/T-PANZER A-WALK C-AST L-7 D-NW.spr,T-PANZER A-WALK C-ENG L-9 D-NW.bmp,V3-IND-OLIVE-Jagdtiger.bmp
sprite,gfx/map/units/T-PANZER A-WALK C-IND L-7 D-S.spr,gfx/map/units/T-PANZER A-WALK C-AST L-7 D-S.spr,T-PANZER A-WALK C-ENG L-9 D-S.bmp,V3-IND-OLIVE-Jagdtiger.bmp
sprite,gfx/map/units/T-PANZER A-WALK C-IND L-7 D-SE.spr,gfx/map/units/T-PANZER A-WALK C-AST L-7 D-SE.spr,T-PANZER A-WALK C-ENG L-9 D-SE.bmp,V3-IND-OLIVE-Jagdtiger.bmp
sprite,gfx/map/units/T-PANZER A-WALK C-IND L-7 D-SW.spr,gfx/map/units/T-PANZER A-WALK C-AST L-7 D-SW.spr,T-PANZER A-WALK C-ENG L-9 D-SW.bmp,V3-IND-OLIVE-Jagdtiger.bmp
sprite,gfx/map/units/T-PANZER A-WALK C-IND L-7 D-W.spr,gfx/map/units/T-PANZER A-WALK C-AST L-7 D-W.spr,T-PANZER A-WALK C-ENG L-9 D-W.bmp,V3-IND-OLIVE-Jagdtiger.bmp
sprite,gfx/map/units/T-PANZER A-WALK C-IND L-8 D-E.spr,gfx/map/units/T-PANZER A-WALK C-AST L-8 D-E.spr,T-PANZER A-WALK C-ENG L-9 D-E.bmp,V3-IND-OLIVE-Jagdtiger.bmp
sprite,gfx/map/units/T-PANZER A-WALK C-IND L-8 D-N.spr,gfx/map/units/T-PANZER A-WALK C-AST L-8 D-N.spr,T-PANZER A-WALK C-ENG L-9 D-N.bmp,V3-IND-OLIVE-Jagdtiger.bmp
sprite,gfx/map/units/T-PANZER A-WALK C-IND L-8 D-NE.spr,gfx/map/units/T-PANZER A-WALK C-AST L-8 D-NE.spr,T-PANZER A-WALK C-ENG L-9 D-NE.bmp,V3-IND-OLIVE-Jagdtiger.bmp
sprite,gfx/map/units/T-PANZER A-WALK C-IND L-8 D-NW.spr,gfx/map/units/T-PANZER A-WALK C-AST L-8 D-NW.spr,T-PANZER A-WALK C-ENG L-9 D-NW.bmp,V3-IND-OLIVE-Jagdtiger.bmp
sprite,gfx/map/units/T-PANZER A-WALK C-IND L-8 D-S.spr,gfx/map/units/T-PANZER A-WALK C-AST L-8 D-S.spr,T-PANZER A-WALK C-ENG L-9 D-S.bmp,V3-IND-OLIVE-Jagdtiger.bmp
sprite,gfx/map/units/T-PANZER A-WALK C-IND L-8 D-SE.spr,gfx/map/units/T-PANZER A-WALK C-AST L-8 D-SE.spr,T-PANZER A-WALK C-ENG L-9 D-SE.bmp,V3-IND-OLIVE-Jagdtiger.bmp
sprite,gfx/map/units/T-PANZER A-WALK C-IND L-8 D-SW.spr,gfx/map/units/T-PANZER A-WALK C-AST L-8 D-SW.spr,T-PANZER A-WALK C-ENG L-9 D-SW.bmp,V3-IND-OLIVE-Jagdtiger.bmp
sprite,gfx/map/units/T-PANZER A-WALK C-IND L-8 D-W.spr,gfx/map/units/T-PANZER A-WALK C-AST L-8 D-W.spr,T-PANZER A-WALK C-ENG L-9 D-W.bmp,V3-IND-OLIVE-Jagdtiger.bmp
sprite,gfx/map/units/T-PARATROOPER A-FIRE C-IND L-1 D-E.spr,gfx/map/units/T-PARATROOPER A-FIRE C-AST L-1 D-E.spr,T-PARATROOPER C-AST A-FIRE D-E.bmp,V3-IND-KHAKI-WWII-IMP-CS-AST-PAR.bmp
sprite,gfx/map/units/T-PARATROOPER A-FIRE C-IND L-1 D-N.spr,gfx/map/units/T-PARATROOPER A-FIRE C-AST L-1 D-N.spr,T-PARATROOPER C-AST A-FIRE D-N.bmp,V3-IND-KHAKI-WWII-IMP-CS-AST-PAR.bmp
sprite,gfx/map/units/T-PARATROOPER A-FIRE C-IND L-1 D-NE.spr,gfx/map/units/T-PARATROOPER A-FIRE C-AST L-1 D-NE.spr,T-PARATROOPER C-AST A-FIRE D-NE.bmp,V3-IND-KHAKI-WWII-IMP-CS-AST-PAR.bmp
sprite,gfx/map/units/T-PARATROOPER A-FIRE C-IND L-1 D-NW.spr,gfx/map/units/T-PARATROOPER A-FIRE C-AST L-1 D-NW.spr,T-PARATROOPER C-AST A-FIRE D-NW.bmp,V3-IND-KHAKI-WWII-IMP-CS-AST-PAR.bmp
sprite,gfx/map/units/T-PARATROOPER A-FIRE C-IND L-1 D-S.spr,gfx/map/units/T-PARATROOPER A-FIRE C-AST L-1 D-S.spr,T-PARATROOPER C-AST A-FIRE D-S.bmp,V3-IND-KHAKI-WWII-IMP-CS-AST-PAR.bmp
sprite,gfx/map/units/T-PARATROOPER A-FIRE C-IND L-1 D-SE.spr,gfx/map/units/T-PARATROOPER A-FIRE C-AST L-1 D-SE.spr,T-PARATROOPER C-AST A-FIRE D-SE.bmp,V3-IND-KHAKI-WWII-IMP-CS-AST-PAR.bmp
sprite,gfx/map/units/T-PARATROOPER A-FIRE C-IND L-1 D-SW.spr,gfx/map/units/T-PARATROOPER A-FIRE C-AST L-1 D-SW.spr,T-PARATROOPER C-AST A-FIRE D-SW.bmp,V3-IND-KHAKI-WWII-IMP-CS-AST-PAR.bmp
sprite,gfx/map/units/T-PARATROOPER A-FIRE C-IND L-1 D-W.spr,gfx/map/units/T-PARATROOPER A-FIRE C-AST L-1 D-W.spr,T-PARATROOPER C-AST A-FIRE D-W.bmp,V3-IND-KHAKI-WWII-IMP-CS-AST-PAR.bmp
sprite,gfx/map/units/T-PARATROOPER A-FIRE C-IND L-1.spr,gfx/map/units/T-PARATROOPER A-FIRE C-AST L-1.spr,T-PARATROOPER C-AST A-FIRE D-SE.bmp,V3-IND-KHAKI-WWII-IMP-CS-AST-PAR.bmp
sprite,gfx/map/units/T-PARATROOPER A-STAND C-IND L-1.spr,gfx/map/units/T-PARATROOPER A-STAND C-AST L-1.spr,T-PARATROOPER C-AST A-STAND.bmp,V3-IND-KHAKI-WWII-IMP-CS-AST-PAR.bmp
sprite,gfx/map/units/T-PARATROOPER A-WALK C-IND L-1 D-E.spr,gfx/map/units/T-PARATROOPER A-WALK C-AST L-1 D-E.spr,T-PARATROOPER C-AST A-WALK D-E.bmp,V3-IND-KHAKI-WWII-IMP-CS-AST-PAR.bmp
sprite,gfx/map/units/T-PARATROOPER A-WALK C-IND L-1 D-N.spr,gfx/map/units/T-PARATROOPER A-WALK C-AST L-1 D-N.spr,T-PARATROOPER C-AST A-WALK D-N.bmp,V3-IND-KHAKI-WWII-IMP-CS-AST-PAR.bmp
sprite,gfx/map/units/T-PARATROOPER A-WALK C-IND L-1 D-NE.spr,gfx/map/units/T-PARATROOPER A-WALK C-AST L-1 D-NE.spr,T-PARATROOPER C-AST A-WALK D-NE.bmp,V3-IND-KHAKI-WWII-IMP-CS-AST-PAR.bmp
sprite,gfx/map/units/T-PARATROOPER A-WALK C-IND L-1 D-NW.spr,gfx/map/units/T-PARATROOPER A-WALK C-AST L-1 D-NW.spr,T-PARATROOPER C-AST A-WALK D-NW.bmp,V3-IND-KHAKI-WWII-IMP-CS-AST-PAR.bmp
sprite,gfx/map/units/T-PARATROOPER A-WALK C-IND L-1 D-S.spr,gfx/map/units/T-PARATROOPER A-WALK C-AST L-1 D-S.spr,T-PARATROOPER C-AST A-WALK D-S.bmp,V3-IND-KHAKI-WWII-IMP-CS-AST-PAR.bmp
sprite,gfx/map/units/T-PARATROOPER A-WALK C-IND L-1 D-SE.spr,gfx/map/units/T-PARATROOPER A-WALK C-AST L-1 D-SE.spr,T-PARATROOPER C-AST A-WALK D-SE.bmp,V3-IND-KHAKI-WWII-IMP-CS-AST-PAR.bmp
sprite,gfx/map/units/T-PARATROOPER A-WALK C-IND L-1 D-SW.spr,gfx/map/units/T-PARATROOPER A-WALK C-AST L-1 D-SW.spr,T-PARATROOPER C-AST A-WALK D-SW.bmp,V3-IND-KHAKI-WWII-IMP-CS-AST-PAR.bmp
sprite,gfx/map/units/T-PARATROOPER A-WALK C-IND L-1 D-W.spr,gfx/map/units/T-PARATROOPER A-WALK C-AST L-1 D-W.spr,T-PARATROOPER C-AST A-WALK D-W.bmp,V3-IND-KHAKI-WWII-IMP-CS-AST-PAR.bmp
sprite,gfx/map/units/T-ROCKET A-FIRE C-IND L-1.spr,gfx/map/units/T-ROCKET A-FIRE C-AST L-1.spr,T-ROCKET A-FIRE C-GER L-3.bmp,V3-IND-AIR-inger.bmp
sprite,gfx/map/units/T-ROCKET A-STAND C-IND L-1.spr,gfx/map/units/T-ROCKET A-STAND C-AST L-1.spr,V2A4-stand.bmp,V3-IND-AIR-V2A4.bmp
sprite,gfx/map/units/T-ROCKET A-WALK C-IND L-1 D-E.spr,gfx/map/units/T-ROCKET A-WALK C-AST L-1 D-E.spr,T-ROCKET A-WALK C-GER L-3 D-E.bmp,V3-IND-AIR-inger.bmp
sprite,gfx/map/units/T-ROCKET A-WALK C-IND L-1 D-N.spr,gfx/map/units/T-ROCKET A-WALK C-AST L-1 D-N.spr,T-ROCKET A-WALK C-GER L-3 D-N.bmp,V3-IND-AIR-inger.bmp
sprite,gfx/map/units/T-ROCKET A-WALK C-IND L-1 D-NE.spr,gfx/map/units/T-ROCKET A-WALK C-AST L-1 D-NE.spr,T-ROCKET A-WALK C-GER L-3 D-NE.bmp,V3-IND-AIR-inger.bmp
sprite,gfx/map/units/T-ROCKET A-WALK C-IND L-1 D-NW.spr,gfx/map/units/T-ROCKET A-WALK C-AST L-1 D-NW.spr,T-ROCKET A-WALK C-GER L-3 D-NW.bmp,V3-IND-AIR-inger.bmp
sprite,gfx/map/units/T-ROCKET A-WALK C-IND L-1 D-S.spr,gfx/map/units/T-ROCKET A-WALK C-AST L-1 D-S.spr,T-ROCKET A-WALK C-GER L-3 D-S.bmp,V3-IND-AIR-inger.bmp
sprite,gfx/map/units/T-ROCKET A-WALK C-IND L-1 D-SE.spr,gfx/map/units/T-ROCKET A-WALK C-AST L-1 D-SE.spr,T-ROCKET A-WALK C-GER L-3 D-SE.bmp,V3-IND-AIR-inger.bmp
sprite,gfx/map/units/T-ROCKET A-WALK C-IND L-1 D-SW.spr,gfx/map/units/T-ROCKET A-WALK C-AST L-1 D-SW.spr,T-ROCKET A-WALK C-GER L-3 D-SW.bmp,V3-IND-AIR-inger.bmp
sprite,gfx/map/units/T-ROCKET A-WALK C-IND L-1 D-W.spr,gfx/map/units/T-ROCKET A-WALK C-AST L-1 D-W.spr,T-ROCKET A-WALK C-GER L-3 D-W.bmp,V3-IND-AIR-inger.bmp
sprite,gfx/map/units/T-ROCKET_INTERCEPTOR A-FIRE C-IND L-1 D-NE.spr,gfx/map/units/T-ROCKET_INTERCEPTOR A-FIRE C-AST L-1 D-NE.spr,T-FIGHTER A-FIRE C-USA L-5 D-NE.bmp,V3-IND-AIR-Jagdtiger.bmp
sprite,gfx/map/units/T-ROCKET_INTERCEPTOR A-FIRE C-IND L-1 D-SW.spr,gfx/map/units/T-ROCKET_INTERCEPTOR A-FIRE C-AST L-1 D-SW.spr,T-FIGHTER A-FIRE C-USA L-5 D-SW.bmp,V3-IND-AIR-Jagdtiger.bmp
sprite,gfx/map/units/T-ROCKET_INTERCEPTOR A-STAND C-IND L-1.spr,gfx/map/units/T-ROCKET_INTERCEPTOR A-STAND C-AST L-1.spr,T-FIGHTER A-WALK C-USA L-5 D-SW.bmp,V3-IND-AIR-Jagdtiger.bmp
sprite,gfx/map/units/T-ROCKET_INTERCEPTOR A-WALK C-IND L-1 D-E.spr,gfx/map/units/T-ROCKET_INTERCEPTOR A-WALK C-AST L-1 D-E.spr,T-FIGHTER A-WALK C-USA L-5 D-E.bmp,V3-IND-AIR-Jagdtiger.bmp
sprite,gfx/map/units/T-ROCKET_INTERCEPTOR A-WALK C-IND L-1 D-N.spr,gfx/map/units/T-ROCKET_INTERCEPTOR A-WALK C-AST L-1 D-N.spr,T-FIGHTER A-WALK C-USA L-5 D-N.bmp,V3-IND-AIR-Jagdtiger.bmp
sprite,gfx/map/units/T-ROCKET_INTERCEPTOR A-WALK C-IND L-1 D-NE.spr,gfx/map/units/T-ROCKET_INTERCEPTOR A-WALK C-AST L-1 D-NE.spr,T-FIGHTER A-WALK C-USA L-5 D-NE.bmp,V3-IND-AIR-Jagdtiger.bmp
sprite,gfx/map/units/T-ROCKET_INTERCEPTOR A-WALK C-IND L-1 D-NW.spr,gfx/map/units/T-ROCKET_INTERCEPTOR A-WALK C-AST L-1 D-NW.spr,T-FIGHTER A-WALK C-USA L-5 D-NW.bmp,V3-IND-AIR-Jagdtiger.bmp
sprite,gfx/map/units/T-ROCKET_INTERCEPTOR A-WALK C-IND L-1 D-S.spr,gfx/map/units/T-ROCKET_INTERCEPTOR A-WALK C-AST L-1 D-S.spr,T-FIGHTER A-WALK C-USA L-5 D-S.bmp,V3-IND-AIR-Jagdtiger.bmp
sprite,gfx/map/units/T-ROCKET_INTERCEPTOR A-WALK C-IND L-1 D-SE.spr,gfx/map/units/T-ROCKET_INTERCEPTOR A-WALK C-AST L-1 D-SE.spr,T-FIGHTER A-WALK C-USA L-5 D-SE.bmp,V3-IND-AIR-Jagdtiger.bmp
sprite,gfx/map/units/T-ROCKET_INTERCEPTOR A-WALK C-IND L-1 D-SW.spr,gfx/map/units/T-ROCKET_INTERCEPTOR A-WALK C-AST L-1 D-SW.spr,T-FIGHTER A-WALK C-USA L-5 D-SW.bmp,V3-IND-AIR-Jagdtiger.bmp
sprite,gfx/map/units/T-ROCKET_INTERCEPTOR A-WALK C-IND L-1 D-W.spr,gfx/map/units/T-ROCKET_INTERCEPTOR A-WALK C-AST L-1 D-W.spr,T-FIGHTER A-WALK C-USA L-5 D-W.bmp,V3-IND-AIR-Jagdtiger.bmp
sprite,gfx/map/units/T-SUBMARINE A-FIRE C-IND L-1 D-NE.spr,gfx/map/units/T-SUBMARINE A-FIRE C-AST L-1 D-NE.spr,T-SUBMARINE A-FIRE C-MIN L-1 D-NE.bmp,V3-IND-NAVY-T-SUBMARINE_C-MIN_L-1.bmp
sprite,gfx/map/units/T-SUBMARINE A-FIRE C-IND L-1 D-SW.spr,gfx/map/units/T-SUBMARINE A-FIRE C-AST L-1 D-SW.spr,T-SUBMARINE A-FIRE C-MIN L-1 D-SW.bmp,V3-IND-NAVY-T-SUBMARINE_C-MIN_L-1.bmp
sprite,gfx/map/units/T-SUBMARINE A-STAND C-IND L-1.spr,gfx/map/units/T-SUBMARINE A-STAND C-AST L-1.spr,T-SUBMARINE A-STAND C-MIN L-1.bmp,V3-IND-NAVY-T-SUBMARINE_C-MIN_L-1.bmp
sprite,gfx/map/units/T-SUBMARINE A-WALK C-IND L-1 D-E.spr,gfx/map/units/T-SUBMARINE A-WALK C-AST L-1 D-E.spr,T-SUBMARINE A-WALK C-MIN L-1 D-E.bmp,V3-IND-NAVY-T-SUBMARINE_C-MIN_L-1.bmp
sprite,gfx/map/units/T-SUBMARINE A-WALK C-IND L-1 D-N.spr,gfx/map/units/T-SUBMARINE A-WALK C-AST L-1 D-N.spr,T-SUBMARINE A-WALK C-MIN L-1 D-N.bmp,V3-IND-NAVY-T-SUBMARINE_C-MIN_L-1.bmp
sprite,gfx/map/units/T-SUBMARINE A-WALK C-IND L-1 D-NE.spr,gfx/map/units/T-SUBMARINE A-WALK C-AST L-1 D-NE.spr,T-SUBMARINE A-WALK C-MIN L-1 D-NE.bmp,V3-IND-NAVY-T-SUBMARINE_C-MIN_L-1.bmp
sprite,gfx/map/units/T-SUBMARINE A-WALK C-IND L-1 D-NW.spr,gfx/map/units/T-SUBMARINE A-WALK C-AST L-1 D-NW.spr,T-SUBMARINE A-WALK C-MIN L-1 D-NW.bmp,V3-IND-NAVY-T-SUBMARINE_C-MIN_L-1.bmp
sprite,gfx/map/units/T-SUBMARINE A-WALK C-IND L-1 D-S.spr,gfx/map/units/T-SUBMARINE A-WALK C-AST L-1 D-S.spr,T-SUBMARINE A-WALK C-MIN L-1 D-S.bmp,V3-IND-NAVY-T-SUBMARINE_C-MIN_L-1.bmp
sprite,gfx/map/units/T-SUBMARINE A-WALK C-IND L-1 D-SE.spr,gfx/map/units/T-SUBMARINE A-WALK C-AST L-1 D-SE.spr,T-SUBMARINE A-WALK C-MIN L-1 D-SE.bmp,V3-IND-NAVY-T-SUBMARINE_C-MIN_L-1.bmp
sprite,gfx/map/units/T-SUBMARINE A-WALK C-IND L-1 D-SW.spr,gfx/map/units/T-SUBMARINE A-WALK C-AST L-1 D-SW.spr,T-SUBMARINE A-WALK C-MIN L-1 D-SW.bmp,V3-IND-NAVY-T-SUBMARINE_C-MIN_L-1.bmp
sprite,gfx/map/units/T-SUBMARINE A-WALK C-IND L-1 D-W.spr,gfx/map/units/T-SUBMARINE A-WALK C-AST L-1 D-W.spr,T-SUBMARINE A-WALK C-MIN L-1 D-W.bmp,V3-IND-NAVY-T-SUBMARINE_C-MIN_L-1.bmp
sprite,gfx/map/units/T-TACTICAL A-FIRE C-IND L-1 D-NE.spr,gfx/map/units/T-TACTICAL A-FIRE C-AST L-1 D-NE.spr,Aicro-F-NE.bmp,V3-IND-AIR-Aicro.bmp
sprite,gfx/map/units/T-TACTICAL A-FIRE C-IND L-1 D-SW.spr,gfx/map/units/T-TACTICAL A-FIRE C-AST L-1 D-SW.spr,Aicro-F-SW.bmp,V3-IND-AIR-Aicro.bmp
sprite,gfx/map/units/T-TACTICAL A-FIRE C-IND L-10 D-NE.spr,gfx/map/units/T-TACTICAL A-FIRE C-AST L-10 D-NE.spr,T-TACTICAL A-FIRE C-USA L-6 D-NE.bmp,V3-IND-AIR-inger.bmp
sprite,gfx/map/units/T-TACTICAL A-FIRE C-IND L-10 D-SW.spr,gfx/map/units/T-TACTICAL A-FIRE C-AST L-10 D-SW.spr,T-TACTICAL A-FIRE C-USA L-6 D-SW.bmp,V3-IND-AIR-inger.bmp
sprite,gfx/map/units/T-TACTICAL A-FIRE C-IND L-11 D-NE.spr,gfx/map/units/T-TACTICAL A-FIRE C-AST L-11 D-NE.spr,T-TACTICAL A-FIRE C-USA L-6 D-NE.bmp,V3-IND-AIR-inger.bmp
sprite,gfx/map/units/T-TACTICAL A-FIRE C-IND L-11 D-SW.spr,gfx/map/units/T-TACTICAL A-FIRE C-AST L-11 D-SW.spr,T-TACTICAL A-FIRE C-USA L-6 D-SW.bmp,V3-IND-AIR-inger.bmp
sprite,gfx/map/units/T-TACTICAL A-FIRE C-IND L-12 D-NE.spr,gfx/map/units/T-TACTICAL A-FIRE C-AST L-12 D-NE.spr,T-TACTICAL A-FIRE C-USA L-6 D-NE.bmp,V3-IND-AIR-inger.bmp
sprite,gfx/map/units/T-TACTICAL A-FIRE C-IND L-12 D-SW.spr,gfx/map/units/T-TACTICAL A-FIRE C-AST L-12 D-SW.spr,T-TACTICAL A-FIRE C-USA L-6 D-SW.bmp,V3-IND-AIR-inger.bmp
sprite,gfx/map/units/T-TACTICAL A-FIRE C-IND L-13 D-NE.spr,gfx/map/units/T-TACTICAL A-FIRE C-AST L-13 D-NE.spr,T-TACTICAL A-FIRE C-USA L-6 D-NE.bmp,V3-IND-AIR-inger.bmp
sprite,gfx/map/units/T-TACTICAL A-FIRE C-IND L-13 D-SW.spr,gfx/map/units/T-TACTICAL A-FIRE C-AST L-13 D-SW.spr,T-TACTICAL A-FIRE C-USA L-6 D-SW.bmp,V3-IND-AIR-inger.bmp
sprite,gfx/map/units/T-TACTICAL A-FIRE C-IND L-7 D-NE.spr,gfx/map/units/T-TACTICAL A-FIRE C-AST L-7 D-NE.spr,T-TACTICAL A-FIRE C-ENG L-1 D-NE.bmp,V3-IND-AIR-inger.bmp
sprite,gfx/map/units/T-TACTICAL A-FIRE C-IND L-7 D-SW.spr,gfx/map/units/T-TACTICAL A-FIRE C-AST L-7 D-SW.spr,T-TACTICAL A-FIRE C-ENG L-1 D-SW.bmp,V3-IND-AIR-inger.bmp
sprite,gfx/map/units/T-TACTICAL A-FIRE C-IND L-8 D-NE.spr,gfx/map/units/T-TACTICAL A-FIRE C-AST L-8 D-NE.spr,T-TACTICAL A-FIRE C-ENG L-1 D-NE.bmp,V3-IND-AIR-inger.bmp
sprite,gfx/map/units/T-TACTICAL A-FIRE C-IND L-8 D-SW.spr,gfx/map/units/T-TACTICAL A-FIRE C-AST L-8 D-SW.spr,T-TACTICAL A-FIRE C-ENG L-1 D-SW.bmp,V3-IND-AIR-inger.bmp
sprite,gfx/map/units/T-TACTICAL A-FIRE C-IND L-9 D-NE.spr,gfx/map/units/T-TACTICAL A-FIRE C-AST L-9 D-NE.spr,T-TACTICAL A-FIRE C-ENG L-1 D-NE.bmp,V3-IND-AIR-inger.bmp
sprite,gfx/map/units/T-TACTICAL A-FIRE C-IND L-9 D-SW.spr,gfx/map/units/T-TACTICAL A-FIRE C-AST L-9 D-SW.spr,T-TACTICAL A-FIRE C-ENG L-1 D-SW.bmp,V3-IND-AIR-inger.bmp
sprite,gfx/map/units/T-TACTICAL A-STAND C-IND L-1.spr,gfx/map/units/T-TACTICAL A-STAND C-AST L-1.spr,Aicro-W-SW.bmp,V3-IND-AIR-Aicro.bmp
sprite,gfx/map/units/T-TACTICAL A-STAND C-IND L-10.spr,gfx/map/units/T-TACTICAL A-STAND C-AST L-10.spr,T-TACTICAL A-WALK C-USA L-6 D-SW.bmp,V3-IND-AIR-inger.bmp
sprite,gfx/map/units/T-TACTICAL A-STAND C-IND L-11.spr,gfx/map/units/T-TACTICAL A-STAND C-AST L-11.spr,T-TACTICAL A-WALK C-USA L-6 D-SW.bmp,V3-IND-AIR-inger.bmp
sprite,gfx/map/units/T-TACTICAL A-STAND C-IND L-12.spr,gfx/map/units/T-TACTICAL A-STAND C-AST L-12.spr,T-TACTICAL A-WALK C-USA L-6 D-SW.bmp,V3-IND-AIR-inger.bmp
sprite,gfx/map/units/T-TACTICAL A-STAND C-IND L-13.spr,gfx/map/units/T-TACTICAL A-STAND C-AST L-13.spr,T-TACTICAL A-WALK C-USA L-6 D-SW.bmp,V3-IND-AIR-inger.bmp
sprite,gfx/map/units/T-TACTICAL A-STAND C-IND L-7.spr,gfx/map/units/T-TACTICAL A-STAND C-AST L-7.spr,T-TACTICAL A-WALK C-ENG L-1 D-SW.bmp,V3-IND-AIR-inger.bmp
sprite,gfx/map/units/T-TACTICAL A-STAND C-IND L-8.spr,gfx/map/units/T-TACTICAL A-STAND C-AST L-8.spr,T-TACTICAL A-WALK C-ENG L-1 D-SW.bmp,V3-IND-AIR-inger.bmp
sprite,gfx/map/units/T-TACTICAL A-STAND C-IND L-9.spr,gfx/map/units/T-TACTICAL A-STAND C-AST L-9.spr,T-TACTICAL A-WALK C-ENG L-1 D-SW.bmp,V3-IND-AIR-inger.bmp
sprite,gfx/map/units/T-TACTICAL A-WALK C-IND L-1 D-E.spr,gfx/map/units/T-TACTICAL A-WALK C-AST L-1 D-E.spr,Aicro-W-E.bmp,V3-IND-AIR-Aicro.bmp
sprite,gfx/map/units/T-TACTICAL A-WALK C-IND L-1 D-N.spr,gfx/map/units/T-TACTICAL A-WALK C-AST L-1 D-N.spr,Aicro-W-N.bmp,V3-IND-AIR-Aicro.bmp
sprite,gfx/map/units/T-TACTICAL A-WALK C-IND L-1 D-NE.spr,gfx/map/units/T-TACTICAL A-WALK C-AST L-1 D-NE.spr,Aicro-W-NE.bmp,V3-IND-AIR-Aicro.bmp
sprite,gfx/map/units/T-TACTICAL A-WALK C-IND L-1 D-NW.spr,gfx/map/units/T-TACTICAL A-WALK C-AST L-1 D-NW.spr,Aicro-W-NW.bmp,V3-IND-AIR-Aicro.bmp
sprite,gfx/map/units/T-TACTICAL A-WALK C-IND L-1 D-S.spr,gfx/map/units/T-TACTICAL A-WALK C-AST L-1 D-S.spr,Aicro-W-S.bmp,V3-IND-AIR-Aicro.bmp
sprite,gfx/map/units/T-TACTICAL A-WALK C-IND L-1 D-SE.spr,gfx/map/units/T-TACTICAL A-WALK C-AST L-1 D-SE.spr,Aicro-W-SE.bmp,V3-IND-AIR-Aicro.bmp
sprite,gfx/map/units/T-TACTICAL A-WALK C-IND L-1 D-SW.spr,gfx/map/units/T-TACTICAL A-WALK C-AST L-1 D-SW.spr,Aicro-W-SW.bmp,V3-IND-AIR-Aicro.bmp
sprite,gfx/map/units/T-TACTICAL A-WALK C-IND L-1 D-W.spr,gfx/map/units/T-TACTICAL A-WALK C-AST L-1 D-W.spr,Aicro-W-W.bmp,V3-IND-AIR-Aicro.bmp
sprite,gfx/map/units/T-TACTICAL A-WALK C-IND L-10 D-E.spr,gfx/map/units/T-TACTICAL A-WALK C-AST L-10 D-E.spr,T-TACTICAL A-WALK C-USA L-6 D-E.bmp,V3-IND-AIR-inger.bmp
sprite,gfx/map/units/T-TACTICAL A-WALK C-IND L-10 D-N.spr,gfx/map/units/T-TACTICAL A-WALK C-AST L-10 D-N.spr,T-TACTICAL A-WALK C-USA L-6 D-N.bmp,V3-IND-AIR-inger.bmp
sprite,gfx/map/units/T-TACTICAL A-WALK C-IND L-10 D-NE.spr,gfx/map/units/T-TACTICAL A-WALK C-AST L-10 D-NE.spr,T-TACTICAL A-WALK C-USA L-6 D-NE.bmp,V3-IND-AIR-inger.bmp
sprite,gfx/map/units/T-TACTICAL A-WALK C-IND L-10 D-NW.spr,gfx/map/units/T-TACTICAL A-WALK C-AST L-10 D-NW.spr,T-TACTICAL A-WALK C-USA L-6 D-NW.bmp,V3-IND-AIR-inger.bmp
sprite,gfx/map/units/T-TACTICAL A-WALK C-IND L-10 D-S.spr,gfx/map/units/T-TACTICAL A-WALK C-AST L-10 D-S.spr,T-TACTICAL A-WALK C-USA L-6 D-S.bmp,V3-IND-AIR-inger.bmp
sprite,gfx/map/units/T-TACTICAL A-WALK C-IND L-10 D-SE.spr,gfx/map/units/T-TACTICAL A-WALK C-AST L-10 D-SE.spr,T-TACTICAL A-WALK C-USA L-6 D-SE.bmp,V3-IND-AIR-inger.bmp
sprite,gfx/map/units/T-TACTICAL A-WALK C-IND L-10 D-SW.spr,gfx/map/units/T-TACTICAL A-WALK C-AST L-10 D-SW.spr,T-TACTICAL A-WALK C-USA L-6 D-SW.bmp,V3-IND-AIR-inger.bmp
sprite,gfx/map/units/T-TACTICAL A-WALK C-IND L-10 D-W.spr,gfx/map/units/T-TACTICAL A-WALK C-AST L-10 D-W.spr,T-TACTICAL A-WALK C-USA L-6 D-W.bmp,V3-IND-AIR-inger.bmp
sprite,gfx/map/units/T-TACTICAL A-WALK C-IND L-11 D-E.spr,gfx/map/units/T-TACTICAL A-WALK C-AST L-11 D-E.spr,T-TACTICAL A-WALK C-USA L-6 D-E.bmp,V3-IND-AIR-inger.bmp
sprite,gfx/map/units/T-TACTICAL A-WALK C-IND L-11 D-N.spr,gfx/map/units/T-TACTICAL A-WALK C-AST L-11 D-N.spr,T-TACTICAL A-WALK C-USA L-6 D-N.bmp,V3-IND-AIR-inger.bmp
sprite,gfx/map/units/T-TACTICAL A-WALK C-IND L-11 D-NE.spr,gfx/map/units/T-TACTICAL A-WALK C-AST L-11 D-NE.spr,T-TACTICAL A-WALK C-USA L-6 D-NE.bmp,V3-IND-AIR-inger.bmp
sprite,gfx/map/units/T-TACTICAL A-WALK C-IND L-11 D-NW.spr,gfx/map/units/T-TACTICAL A-WALK C-AST L-11 D-NW.spr,T-TACTICAL A-WALK C-USA L-6 D-NW.bmp,V3-IND-AIR-inger.bmp
sprite,gfx/map/units/T-TACTICAL A-WALK C-IND L-11 D-S.spr,gfx/map/units/T-TACTICAL A-WALK C-AST L-11 D-S.spr,T-TACTICAL A-WALK C-USA L-6 D-S.bmp,V3-IND-AIR-inger.bmp
sprite,gfx/map/units/T-TACTICAL A-WALK C-IND L-11 D-SE.spr,gfx/map/units/T-TACTICAL A-WALK C-AST L-11 D-SE.spr,T-TACTICAL A-WALK C-USA L-6 D-SE.bmp,V3-IND-AIR-inger.bmp
sprite,gfx/map/units/T-TACTICAL A-WALK C-IND L-11 D-SW.spr,gfx/map/units/T-TACTICAL A-WALK C-AST L-11 D-SW.spr,T-TACTICAL A-WALK C-USA L-6 D-SW.bmp,V3-IND-AIR-inger.bmp
sprite,gfx/map/units/T-TACTICAL A-WALK C-IND L-11 D-W.spr,gfx/map/units/T-TACTICAL A-WALK C-AST L-11 D-W.spr,T-TACTICAL A-WALK C-USA L-6 D-W.bmp,V3-IND-AIR-inger.bmp
sprite,gfx/map/units/T-TACTICAL A-WALK C-IND L-12 D-E.spr,gfx/map/units/T-TACTICAL A-WALK C-AST L-12 D-E.spr,T-TACTICAL A-WALK C-USA L-6 D-E.bmp,V3-IND-AIR-inger.bmp
sprite,gfx/map/units/T-TACTICAL A-WALK C-IND L-12 D-N.spr,gfx/map/units/T-TACTICAL A-WALK C-AST L-12 D-N.spr,T-TACTICAL A-WALK C-USA L-6 D-N.bmp,V3-IND-AIR-inger.bmp
sprite,gfx/map/units/T-TACTICAL A-WALK C-IND L-12 D-NE.spr,gfx/map/units/T-TACTICAL A-WALK C-AST L-12 D-NE.spr,T-TACTICAL A-WALK C-USA L-6 D-NE.bmp,V3-IND-AIR-inger.bmp
sprite,gfx/map/units/T-TACTICAL A-WALK C-IND L-12 D-NW.spr,gfx/map/units/T-TACTICAL A-WALK C-AST L-12 D-NW.spr,T-TACTICAL A-WALK C-USA L-6 D-NW.bmp,V3-IND-AIR-inger.bmp
sprite,gfx/map/units/T-TACTICAL A-WALK C-IND L-12 D-S.spr,gfx/map/units/T-TACTICAL A-WALK C-AST L-12 D-S.spr,T-TACTICAL A-WALK C-USA L-6 D-S.bmp,V3-IND-AIR-inger.bmp
sprite,gfx/map/units/T-TACTICAL A-WALK C-IND L-12 D-SE.spr,gfx/map/units/T-TACTICAL A-WALK C-AST L-12 D-SE.spr,T-TACTICAL A-WALK C-USA L-6 D-SE.bmp,V3-IND-AIR-inger.bmp
sprite,gfx/map/units/T-TACTICAL A-WALK C-IND L-12 D-SW.spr,gfx/map/units/T-TACTICAL A-WALK C-AST L-12 D-SW.spr,T-TACTICAL A-WALK C-USA L-6 D-SW.bmp,V3-IND-AIR-inger.bmp
sprite,gfx/map/units/T-TACTICAL A-WALK C-IND L-12 D-W.spr,gfx/map/units/T-TACTICAL A-WALK C-AST L-12 D-W.spr,T-TACTICAL A-WALK C-USA L-6 D-W.bmp,V3-IND-AIR-inger.bmp
sprite,gfx/map/units/T-TACTICAL A-WALK C-IND L-13 D-E.spr,gfx/map/units/T-TACTICAL A-WALK C-AST L-13 D-E.spr,T-TACTICAL A-WALK C-USA L-6 D-E.bmp,V3-IND-AIR-inger.bmp
sprite,gfx/map/units/T-TACTICAL A-WALK C-IND L-13 D-N.spr,gfx/map/units/T-TACTICAL A-WALK C-AST L-13 D-N.spr,T-TACTICAL A-WALK C-USA L-6 D-N.bmp,V3-IND-AIR-inger.bmp
sprite,gfx/map/units/T-TACTICAL A-WALK C-IND L-13 D-NE.spr,gfx/map/units/T-TACTICAL A-WALK C-AST L-13 D-NE.spr,T-TACTICAL A-WALK C-USA L-6 D-NE.bmp,V3-IND-AIR-inger.bmp
sprite,gfx/map/units/T-TACTICAL A-WALK C-IND L-13 D-NW.spr,gfx/map/units/T-TACTICAL A-WALK C-AST L-13 D-NW.spr,T-TACTICAL A-WALK C-USA L-6 D-NW.bmp,V3-IND-AIR-inger.bmp
sprite,gfx/map/units/T-TACTICAL A-WALK C-IND L-13 D-S.spr,gfx/map/units/T-TACTICAL A-WALK C-AST L-13 D-S.spr,T-TACTICAL A-WALK C-USA L-6 D-S.bmp,V3-IND-AIR-inger.bmp
sprite,gfx/map/units/T-TACTICAL A-WALK C-IND L-13 D-SE.spr,gfx/map/units/T-TACTICAL A-WALK C-AST L-13 D-SE.spr,T-TACTICAL A-WALK C-USA L-6 D-SE.bmp,V3-IND-AIR-inger.bmp
sprite,gfx/map/units/T-TACTICAL A-WALK C-IND L-13 D-SW.spr,gfx/map/units/T-TACTICAL A-WALK C-AST L-13 D-SW.spr,T-TACTICAL A-WALK C-USA L-6 D-SW.bmp,V3-IND-AIR-inger.bmp
sprite,gfx/map/units/T-TACTICAL A-WALK C-IND L-13 D-W.spr,gfx/map/units/T-TACTICAL A-WALK C-AST L-13 D-W.spr,T-TACTICAL A-WALK C-USA L-6 D-W.bmp,V3-IND-AIR-inger.bmp
sprite,gfx/map/units/T-TACTICAL A-WALK C-IND L-7 D-E.spr,gfx/map/units/T-TACTICAL A-WALK C-AST L-7 D-E.spr,T-TACTICAL A-WALK C-ENG L-1 D-E.bmp,V3-IND-AIR-inger.bmp
sprite,gfx/map/units/T-TACTICAL A-WALK C-IND L-7 D-N.spr,gfx/map/units/T-TACTICAL A-WALK C-AST L-7 D-N.spr,T-TACTICAL A-WALK C-ENG L-1 D-N.bmp,V3-IND-AIR-inger.bmp
sprite,gfx/map/units/T-TACTICAL A-WALK C-IND L-7 D-NE.spr,gfx/map/units/T-TACTICAL A-WALK C-AST L-7 D-NE.spr,T-TACTICAL A-WALK C-ENG L-1 D-NE.bmp,V3-IND-AIR-inger.bmp
sprite,gfx/map/units/T-TACTICAL A-WALK C-IND L-7 D-NW.spr,gfx/map/units/T-TACTICAL A-WALK C-AST L-7 D-NW.spr,T-TACTICAL A-WALK C-ENG L-1 D-NW.bmp,V3-IND-AIR-inger.bmp
sprite,gfx/map/units/T-TACTICAL A-WALK C-IND L-7 D-S.spr,gfx/map/units/T-TACTICAL A-WALK C-AST L-7 D-S.spr,T-TACTICAL A-WALK C-ENG L-1 D-S.bmp,V3-IND-AIR-inger.bmp
sprite,gfx/map/units/T-TACTICAL A-WALK C-IND L-7 D-SE.spr,gfx/map/units/T-TACTICAL A-WALK C-AST L-7 D-SE.spr,T-TACTICAL A-WALK C-ENG L-1 D-SE.bmp,V3-IND-AIR-inger.bmp
sprite,gfx/map/units/T-TACTICAL A-WALK C-IND L-7 D-SW.spr,gfx/map/units/T-TACTICAL A-WALK C-AST L-7 D-SW.spr,T-TACTICAL A-WALK C-ENG L-1 D-SW.bmp,V3-IND-AIR-inger.bmp
sprite,gfx/map/units/T-TACTICAL A-WALK C-IND L-7 D-W.spr,gfx/map/units/T-TACTICAL A-WALK C-AST L-7 D-W.spr,T-TACTICAL A-WALK C-ENG L-1 D-W.bmp,V3-IND-AIR-inger.bmp
sprite,gfx/map/units/T-TACTICAL A-WALK C-IND L-8 D-E.spr,gfx/map/units/T-TACTICAL A-WALK C-AST L-8 D-E.spr,T-TACTICAL A-WALK C-ENG L-1 D-E.bmp,V3-IND-AIR-inger.bmp
sprite,gfx/map/units/T-TACTICAL A-WALK C-IND L-8 D-N.spr,gfx/map/units/T-TACTICAL A-WALK C-AST L-8 D-N.spr,T-TACTICAL A-WALK C-ENG L-1 D-N.bmp,V3-IND-AIR-inger.bmp
sprite,gfx/map/units/T-TACTICAL A-WALK C-IND L-8 D-NE.spr,gfx/map/units/T-TACTICAL A-WALK C-AST L-8 D-NE.spr,T-TACTICAL A-WALK C-ENG L-1 D-NE.bmp,V3-IND-AIR-inger.bmp
sprite,gfx/map/units/T-TACTICAL A-WALK C-IND L-8 D-NW.spr,gfx/map/units/T-TACTICAL A-WALK C-AST L-8 D-NW.spr,T-TACTICAL A-WALK C-ENG L-1 D-NW.bmp,V3-IND-AIR-inger.bmp
sprite,gfx/map/units/T-TACTICAL A-WALK C-IND L-8 D-S.spr,gfx/map/units/T-TACTICAL A-WALK C-AST L-8 D-S.spr,T-TACTICAL A-WALK C-ENG L-1 D-S.bmp,V3-IND-AIR-inger.bmp
sprite,gfx/map/units/T-TACTICAL A-WALK C-IND L-8 D-SE.spr,gfx/map/units/T-TACTICAL A-WALK C-AST L-8 D-SE.spr,T-TACTICAL A-WALK C-ENG L-1 D-SE.bmp,V3-IND-AIR-inger.bmp
sprite,gfx/map/units/T-TACTICAL A-WALK C-IND L-8 D-SW.spr,gfx/map/units/T-TACTICAL A-WALK C-AST L-8 D-SW.spr,T-TACTICAL A-WALK C-ENG L-1 D-SW.bmp,V3-IND-AIR-inger.bmp
sprite,gfx/map/units/T-TACTICAL A-WALK C-IND L-8 D-W.spr,gfx/map/units/T-TACTICAL A-WALK C-AST L-8 D-W.spr,T-TACTICAL A-WALK C-ENG L-1 D-W.bmp,V3-IND-AIR-inger.bmp
sprite,gfx/map/units/T-TACTICAL A-WALK C-IND L-9 D-E.spr,gfx/map/units/T-TACTICAL A-WALK C-AST L-9 D-E.spr,T-TACTICAL A-WALK C-ENG L-1 D-E.bmp,V3-IND-AIR-inger.bmp
sprite,gfx/map/units/T-TACTICAL A-WALK C-IND L-9 D-N.spr,gfx/map/units/T-TACTICAL A-WALK C-AST L-9 D-N.spr,T-TACTICAL A-WALK C-ENG L-1 D-N.bmp,V3-IND-AIR-inger.bmp
sprite,gfx/map/units/T-TACTICAL A-WALK C-IND L-9 D-NE.spr,gfx/map/units/T-TACTICAL A-WALK C-AST L-9 D-NE.spr,T-TACTICAL A-WALK C-ENG L-1 D-NE.bmp,V3-IND-AIR-inger.bmp
sprite,gfx/map/units/T-TACTICAL A-WALK C-IND L-9 D-NW.spr,gfx/map/units/T-TACTICAL A-WALK C-AST L-9 D-NW.spr,T-TACTICAL A-WALK C-ENG L-1 D-NW.bmp,V3-IND-AIR-inger.bmp
sprite,gfx/map/units/T-TACTICAL A-WALK C-IND L-9 D-S.spr,gfx/map/units/T-TACTICAL A-WALK C-AST L-9 D-S.spr,T-TACTICAL A-WALK C-ENG L-1 D-S.bmp,V3-IND-AIR-inger.bmp
sprite,gfx/map/units/T-TACTICAL A-WALK C-IND L-9 D-SE.spr,gfx/map/units/T-TACTICAL A-WALK C-AST L-9 D-SE.spr,T-TACTICAL A-WALK C-ENG L-1 D-SE.bmp,V3-IND-AIR-inger.bmp
sprite,gfx/map/units/T-TACTICAL A-WALK C-IND L-9 D-SW.spr,gfx/map/units/T-TACTICAL A-WALK C-AST L-9 D-SW.spr,T-TACTICAL A-WALK C-ENG L-1 D-SW.bmp,V3-IND-AIR-inger.bmp
sprite,gfx/map/units/T-TACTICAL A-WALK C-IND L-9 D-W.spr,gfx/map/units/T-TACTICAL A-WALK C-AST L-9 D-W.spr,T-TACTICAL A-WALK C-ENG L-1 D-W.bmp,V3-IND-AIR-inger.bmp
sprite,gfx/map/units/T-TRANSPORT A-FIRE C-IND L-1 D-NE.spr,gfx/map/units/T-TRANSPORT A-FIRE C-AST L-1 D-NE.spr,T-TRANSPORT A-WALK C-MIN L-1 D-NW.bmp,V3-IND-NAVY-T-TRANSPORT_C-MIN.bmp
sprite,gfx/map/units/T-TRANSPORT A-FIRE C-IND L-1 D-SW.spr,gfx/map/units/T-TRANSPORT A-FIRE C-AST L-1 D-SW.spr,T-TRANSPORT A-WALK C-MIN L-1 D-SE.bmp,V3-IND-NAVY-T-TRANSPORT_C-MIN.bmp
sprite,gfx/map/units/T-TRANSPORT A-STAND C-IND L-1.spr,gfx/map/units/T-TRANSPORT A-STAND C-AST L-1.spr,T-TRANSPORT A-STAND C-MIN L-1.bmp,V3-IND-NAVY-T-TRANSPORT_C-MIN.bmp
sprite,gfx/map/units/T-TRANSPORT A-WALK C-IND L-1 D-E.spr,gfx/map/units/T-TRANSPORT A-WALK C-AST L-1 D-E.spr,T-TRANSPORT A-WALK C-MIN L-1 D-E.bmp,V3-IND-NAVY-T-TRANSPORT_C-MIN.bmp
sprite,gfx/map/units/T-TRANSPORT A-WALK C-IND L-1 D-N.spr,gfx/map/units/T-TRANSPORT A-WALK C-AST L-1 D-N.spr,T-TRANSPORT A-WALK C-MIN L-1 D-N.bmp,V3-IND-NAVY-T-TRANSPORT_C-MIN.bmp
sprite,gfx/map/units/T-TRANSPORT A-WALK C-IND L-1 D-NE.spr,gfx/map/units/T-TRANSPORT A-WALK C-AST L-1 D-NE.spr,T-TRANSPORT A-WALK C-MIN L-1 D-NE.bmp,V3-IND-NAVY-T-TRANSPORT_C-MIN.bmp
sprite,gfx/map/units/T-TRANSPORT A-WALK C-IND L-1 D-NW.spr,gfx/map/units/T-TRANSPORT A-WALK C-AST L-1 D-NW.spr,T-TRANSPORT A-WALK C-MIN L-1 D-NW.bmp,V3-IND-NAVY-T-TRANSPORT_C-MIN.bmp
sprite,gfx/map/units/T-TRANSPORT A-WALK C-IND L-1 D-S.spr,gfx/map/units/T-TRANSPORT A-WALK C-AST L-1 D-S.spr,T-TRANSPORT A-WALK C-MIN L-1 D-S.bmp,V3-IND-NAVY-T-TRANSPORT_C-MIN.bmp
sprite,gfx/map/units/T-TRANSPORT A-WALK C-IND L-1 D-SE.spr,gfx/map/units/T-TRANSPORT A-WALK C-AST L-1 D-SE.spr,T-TRANSPORT A-WALK C-MIN L-1 D-SE.bmp,V3-IND-NAVY-T-TRANSPORT_C-MIN.bmp
sprite,gfx/map/units/T-TRANSPORT A-WALK C-IND L-1 D-SW.spr,gfx/map/units/T-TRANSPORT A-WALK C-AST L-1 D-SW.spr,T-TRANSPORT A-WALK C-MIN L-1 D-SW.bmp,V3-IND-NAVY-T-TRANSPORT_C-MIN.bmp
sprite,gfx/map/units/T-TRANSPORT A-WALK C-IND L-1 D-W.spr,gfx/map/units/T-TRANSPORT A-WALK C-AST L-1 D-W.spr,T-TRANSPORT A-WALK C-MIN L-1 D-W.bmp,V3-IND-NAVY-T-TRANSPORT_C-MIN.bmp
sprite,gfx/map/units/T-TRANSPORTPLANE A-FIRE C-IND L-1 D-NE.spr,gfx/map/units/T-TRANSPORTPLANE A-FIRE C-AST L-1 D-NE.spr,T-TRANSPORTPLANE A-WALK C-ENG L-4 D-NE.bmp,V3-IND-AIR-Didimau.bmp
sprite,gfx/map/units/T-TRANSPORTPLANE A-FIRE C-IND L-1 D-SW.spr,gfx/map/units/T-TRANSPORTPLANE A-FIRE C-AST L-1 D-SW.spr,T-TRANSPORTPLANE A-WALK C-ENG L-4 D-SW.bmp,V3-IND-AIR-Didimau.bmp
sprite,gfx/map/units/T-TRANSPORTPLANE A-STAND C-IND L-1.spr,gfx/map/units/T-TRANSPORTPLANE A-STAND C-AST L-1.spr,T-TRANSPORTPLANE A-WALK C-ENG L-4 D-SW.bmp,V3-IND-AIR-Didimau.bmp
sprite,gfx/map/units/T-TRANSPORTPLANE A-WALK C-IND L-1 D-E.spr,gfx/map/units/T-TRANSPORTPLANE A-WALK C-AST L-1 D-E.spr,T-TRANSPORTPLANE A-WALK C-ENG L-4 D-E.bmp,V3-IND-AIR-Didimau.bmp
sprite,gfx/map/units/T-TRANSPORTPLANE A-WALK C-IND L-1 D-N.spr,gfx/map/units/T-TRANSPORTPLANE A-WALK C-AST L-1 D-N.spr,T-TRANSPORTPLANE A-WALK C-ENG L-4 D-N.bmp,V3-IND-AIR-Didimau.bmp
sprite,gfx/map/units/T-TRANSPORTPLANE A-WALK C-IND L-1 D-NE.spr,gfx/map/units/T-TRANSPORTPLANE A-WALK C-AST L-1 D-NE.spr,T-TRANSPORTPLANE A-WALK C-ENG L-4 D-NE.bmp,V3-IND-AIR-Didimau.bmp
sprite,gfx/map/units/T-TRANSPORTPLANE A-WALK C-IND L-1 D-NW.spr,gfx/map/units/T-TRANSPORTPLANE A-WALK C-AST L-1 D-NW.spr,T-TRANSPORTPLANE A-WALK C-ENG L-4 D-NW.bmp,V3-IND-AIR-Didimau.bmp
sprite,gfx/map/units/T-TRANSPORTPLANE A-WALK C-IND L-1 D-S.spr,gfx/map/units/T-TRANSPORTPLANE A-WALK C-AST L-1 D-S.spr,T-TRANSPORTPLANE A-WALK C-ENG L-4 D-S.bmp,V3-IND-AIR-Didimau.bmp
sprite,gfx/map/units/T-TRANSPORTPLANE A-WALK C-IND L-1 D-SE.spr,gfx/map/units/T-TRANSPORTPLANE A-WALK C-AST L-1 D-SE.spr,T-TRANSPORTPLANE A-WALK C-ENG L-4 D-SE.bmp,V3-IND-AIR-Didimau.bmp
sprite,gfx/map/units/T-TRANSPORTPLANE A-WALK C-IND L-1 D-SW.spr,gfx/map/units/T-TRANSPORTPLANE A-WALK C-AST L-1 D-SW.spr,T-TRANSPORTPLANE A-WALK C-ENG L-4 D-SW.bmp,V3-IND-AIR-Didimau.bmp
sprite,gfx/map/units/T-TRANSPORTPLANE A-WALK C-IND L-1 D-W.spr,gfx/map/units/T-TRANSPORTPLANE A-WALK C-AST L-1 D-W.spr,T-TRANSPORTPLANE A-WALK C-ENG L-4 D-W.bmp,V3-IND-AIR-Didimau.bmp
gurkha_sprite,gfx/map/units/T-d_05 A-FIRE C-IND L-1 D-E.spr,gfx/map/units/T-d_05 A-FIRE C-ENG L-1 D-E.spr,T-INFANTRY C-NZL A-FIRE D-E.bmp,V3-IND-GURKHA-WWII-IMP-CS-NZL-INF.bmp
gurkha_sprite,gfx/map/units/T-d_05 A-FIRE C-IND L-1 D-N.spr,gfx/map/units/T-d_05 A-FIRE C-ENG L-1 D-N.spr,T-INFANTRY C-NZL A-FIRE D-N.bmp,V3-IND-GURKHA-WWII-IMP-CS-NZL-INF.bmp
gurkha_sprite,gfx/map/units/T-d_05 A-FIRE C-IND L-1 D-NE.spr,gfx/map/units/T-d_05 A-FIRE C-ENG L-1 D-NE.spr,T-INFANTRY C-NZL A-FIRE D-NE.bmp,V3-IND-GURKHA-WWII-IMP-CS-NZL-INF.bmp
gurkha_sprite,gfx/map/units/T-d_05 A-FIRE C-IND L-1 D-NW.spr,gfx/map/units/T-d_05 A-FIRE C-ENG L-1 D-NW.spr,T-INFANTRY C-NZL A-FIRE D-NW.bmp,V3-IND-GURKHA-WWII-IMP-CS-NZL-INF.bmp
gurkha_sprite,gfx/map/units/T-d_05 A-FIRE C-IND L-1 D-S.spr,gfx/map/units/T-d_05 A-FIRE C-ENG L-1 D-S.spr,T-INFANTRY C-NZL A-FIRE D-S.bmp,V3-IND-GURKHA-WWII-IMP-CS-NZL-INF.bmp
gurkha_sprite,gfx/map/units/T-d_05 A-FIRE C-IND L-1 D-SE.spr,gfx/map/units/T-d_05 A-FIRE C-ENG L-1 D-SE.spr,T-INFANTRY C-NZL A-FIRE D-SE.bmp,V3-IND-GURKHA-WWII-IMP-CS-NZL-INF.bmp
gurkha_sprite,gfx/map/units/T-d_05 A-FIRE C-IND L-1 D-SW.spr,gfx/map/units/T-d_05 A-FIRE C-ENG L-1 D-SW.spr,T-INFANTRY C-NZL A-FIRE D-SW.bmp,V3-IND-GURKHA-WWII-IMP-CS-NZL-INF.bmp
gurkha_sprite,gfx/map/units/T-d_05 A-FIRE C-IND L-1 D-W.spr,gfx/map/units/T-d_05 A-FIRE C-ENG L-1 D-W.spr,T-INFANTRY C-NZL A-FIRE D-W.bmp,V3-IND-GURKHA-WWII-IMP-CS-NZL-INF.bmp
gurkha_sprite,gfx/map/units/T-d_05 A-FIRE C-IND L-1.spr,gfx/map/units/T-d_05 A-FIRE C-ENG L-1.spr,T-INFANTRY C-NZL A-FIRE D-SE.bmp,V3-IND-GURKHA-WWII-IMP-CS-NZL-INF.bmp
gurkha_sprite,gfx/map/units/T-d_05 A-STAND C-IND L-1.spr,gfx/map/units/T-d_05 A-STAND C-ENG L-1.spr,T-INFANTRY C-NZL A-STAND.bmp,V3-IND-GURKHA-WWII-IMP-CS-NZL-INF.bmp
gurkha_sprite,gfx/map/units/T-d_05 A-WALK C-IND L-1 D-E.spr,gfx/map/units/T-d_05 A-WALK C-ENG L-1 D-E.spr,T-INFANTRY C-NZL A-WALK D-E.bmp,V3-IND-GURKHA-WWII-IMP-CS-NZL-INF.bmp
gurkha_sprite,gfx/map/units/T-d_05 A-WALK C-IND L-1 D-N.spr,gfx/map/units/T-d_05 A-WALK C-ENG L-1 D-N.spr,T-INFANTRY C-NZL A-WALK D-N.bmp,V3-IND-GURKHA-WWII-IMP-CS-NZL-INF.bmp
gurkha_sprite,gfx/map/units/T-d_05 A-WALK C-IND L-1 D-NE.spr,gfx/map/units/T-d_05 A-WALK C-ENG L-1 D-NE.spr,T-INFANTRY C-NZL A-WALK D-NE.bmp,V3-IND-GURKHA-WWII-IMP-CS-NZL-INF.bmp
gurkha_sprite,gfx/map/units/T-d_05 A-WALK C-IND L-1 D-NW.spr,gfx/map/units/T-d_05 A-WALK C-ENG L-1 D-NW.spr,T-INFANTRY C-NZL A-WALK D-NW.bmp,V3-IND-GURKHA-WWII-IMP-CS-NZL-INF.bmp
gurkha_sprite,gfx/map/units/T-d_05 A-WALK C-IND L-1 D-S.spr,gfx/map/units/T-d_05 A-WALK C-ENG L-1 D-S.spr,T-INFANTRY C-NZL A-WALK D-S.bmp,V3-IND-GURKHA-WWII-IMP-CS-NZL-INF.bmp
gurkha_sprite,gfx/map/units/T-d_05 A-WALK C-IND L-1 D-SE.spr,gfx/map/units/T-d_05 A-WALK C-ENG L-1 D-SE.spr,T-INFANTRY C-NZL A-WALK D-SE.bmp,V3-IND-GURKHA-WWII-IMP-CS-NZL-INF.bmp
gurkha_sprite,gfx/map/units/T-d_05 A-WALK C-IND L-1 D-SW.spr,gfx/map/units/T-d_05 A-WALK C-ENG L-1 D-SW.spr,T-INFANTRY C-NZL A-WALK D-SW.bmp,V3-IND-GURKHA-WWII-IMP-CS-NZL-INF.bmp
gurkha_sprite,gfx/map/units/T-d_05 A-WALK C-IND L-1 D-W.spr,gfx/map/units/T-d_05 A-WALK C-ENG L-1 D-W.spr,T-INFANTRY C-NZL A-WALK D-W.bmp,V3-IND-GURKHA-WWII-IMP-CS-NZL-INF.bmp
national_flag,gfx/map/flags/flag_IND.bmp,,,
national_flag,gfx/map/flags/icon_IND.bmp,,,
unit_panel,gfx/interface/models/ill_div_IND_0_0.bmp,gfx/interface/models/ill_div_ENG_0_0.bmp,,
unit_panel,gfx/interface/models/ill_div_IND_0_1.bmp,gfx/interface/models/ill_div_ENG_0_1.bmp,,
unit_panel,gfx/interface/models/ill_div_IND_0_10.bmp,gfx/interface/models/ill_div_AST_0_10.bmp,,
unit_panel,gfx/interface/models/ill_div_IND_0_11.bmp,gfx/interface/models/ill_div_AST_0_11.bmp,,
unit_panel,gfx/interface/models/ill_div_IND_0_12.bmp,gfx/interface/models/ill_div_AST_0_12.bmp,,
unit_panel,gfx/interface/models/ill_div_IND_0_13.bmp,gfx/interface/models/ill_div_AST_0_13.bmp,,
unit_panel,gfx/interface/models/ill_div_IND_0_14.bmp,gfx/interface/models/ill_div_AST_0_14.bmp,,
unit_panel,gfx/interface/models/ill_div_IND_0_15.bmp,gfx/interface/models/ill_div_ENG_0_15.bmp,,
unit_panel,gfx/interface/models/ill_div_IND_0_16.bmp,gfx/interface/models/ill_div_ENG_0_16.bmp,,
unit_panel,gfx/interface/models/ill_div_IND_0_17.bmp,gfx/interface/models/ill_div_ENG_0_17.bmp,,
unit_panel,gfx/interface/models/ill_div_IND_0_2.bmp,gfx/interface/models/ill_div_ENG_0_2.bmp,,
unit_panel,gfx/interface/models/ill_div_IND_0_3.bmp,gfx/interface/models/ill_div_ENG_0_3.bmp,,
unit_panel,gfx/interface/models/ill_div_IND_0_4.bmp,gfx/interface/models/ill_div_ENG_0_4.bmp,,
unit_panel,gfx/interface/models/ill_div_IND_0_5.bmp,gfx/interface/models/ill_div_ENG_0_5.bmp,,
unit_panel,gfx/interface/models/ill_div_IND_0_6.bmp,gfx/interface/models/ill_div_AST_0_6.bmp,,
unit_panel,gfx/interface/models/ill_div_IND_0_7.bmp,gfx/interface/models/ill_div_AST_0_7.bmp,,
unit_panel,gfx/interface/models/ill_div_IND_0_8.bmp,gfx/interface/models/ill_div_AST_0_8.bmp,,
unit_panel,gfx/interface/models/ill_div_IND_0_9.bmp,gfx/interface/models/ill_div_AST_0_9.bmp,,
unit_panel,gfx/interface/models/ill_div_IND_10_0.bmp,gfx/interface/models/ill_div_eng_10_0.bmp,,
unit_panel,gfx/interface/models/ill_div_IND_10_1.bmp,gfx/interface/models/ill_div_ENG_10_1.bmp,,
unit_panel,gfx/interface/models/ill_div_IND_10_2.bmp,gfx/interface/models/ill_div_AST_10_2.bmp,,
unit_panel,gfx/interface/models/ill_div_IND_10_3.bmp,gfx/interface/models/ill_div_AST_10_3.bmp,,
unit_panel,gfx/interface/models/ill_div_IND_10_4.bmp,gfx/interface/models/ill_div_AST_10_4.bmp,,
unit_panel,gfx/interface/models/ill_div_IND_10_5.bmp,gfx/interface/models/ill_div_AST_10_5.bmp,,
unit_panel,gfx/interface/models/ill_div_IND_11_0.bmp,gfx/interface/models/ill_div_ENG_11_0.bmp,,
unit_panel,gfx/interface/models/ill_div_IND_11_1.bmp,gfx/interface/models/ill_div_ENG_11_1.bmp,,
unit_panel,gfx/interface/models/ill_div_IND_11_2.bmp,gfx/interface/models/ill_div_AST_11_2.bmp,,
unit_panel,gfx/interface/models/ill_div_IND_11_3.bmp,gfx/interface/models/ill_div_AST_11_3.bmp,,
unit_panel,gfx/interface/models/ill_div_IND_11_4.bmp,gfx/interface/models/ill_div_AST_11_4.bmp,,
unit_panel,gfx/interface/models/ill_div_IND_11_5.bmp,gfx/interface/models/ill_div_AST_11_5.bmp,,
unit_panel,gfx/interface/models/ill_div_IND_11_6.bmp,gfx/interface/models/ill_div_AST_11_6.bmp,,
unit_panel,gfx/interface/models/ill_div_IND_11_7.bmp,gfx/interface/models/ill_div_AST_11_7.bmp,,
unit_panel,gfx/interface/models/ill_div_IND_11_8.bmp,gfx/interface/models/ill_div_AST_11_8.bmp,,
unit_panel,gfx/interface/models/ill_div_IND_11_9.bmp,gfx/interface/models/ill_div_AST_11_9.bmp,,
unit_panel,gfx/interface/models/ill_div_IND_12_0.bmp,gfx/interface/models/ill_div_ENG_12_0.bmp,,
unit_panel,gfx/interface/models/ill_div_IND_12_1.bmp,gfx/interface/models/ill_div_ENG_12_1.bmp,,
unit_panel,gfx/interface/models/ill_div_IND_12_10.bmp,gfx/interface/models/ill_div_AST_12_10.bmp,,
unit_panel,gfx/interface/models/ill_div_IND_12_11.bmp,gfx/interface/models/ill_div_AST_12_11.bmp,,
unit_panel,gfx/interface/models/ill_div_IND_12_12.bmp,gfx/interface/models/ill_div_ENG_12_12.bmp,,
unit_panel,gfx/interface/models/ill_div_IND_12_13.bmp,gfx/interface/models/ill_div_ENG_12_13.bmp,,
unit_panel,gfx/interface/models/ill_div_IND_12_2.bmp,gfx/interface/models/ill_div_AST_12_2.bmp,,
unit_panel,gfx/interface/models/ill_div_IND_12_3.bmp,gfx/interface/models/ill_div_AST_12_3.bmp,,
unit_panel,gfx/interface/models/ill_div_IND_12_4.bmp,gfx/interface/models/ill_div_AST_12_4.bmp,,
unit_panel,gfx/interface/models/ill_div_IND_12_5.bmp,gfx/interface/models/ill_div_AST_12_5.bmp,,
unit_panel,gfx/interface/models/ill_div_IND_12_6.bmp,gfx/interface/models/ill_div_AST_12_6.bmp,,
unit_panel,gfx/interface/models/ill_div_IND_12_7.bmp,gfx/interface/models/ill_div_AST_12_7.bmp,,
unit_panel,gfx/interface/models/ill_div_IND_12_8.bmp,gfx/interface/models/ill_div_AST_12_8.bmp,,
unit_panel,gfx/interface/models/ill_div_IND_12_9.bmp,gfx/interface/models/ill_div_AST_12_9.bmp,,
unit_panel,gfx/interface/models/ill_div_IND_13_0.bmp,gfx/interface/models/ill_div_ENG_13_0.bmp,,
unit_panel,gfx/interface/models/ill_div_IND_13_1.bmp,gfx/interface/models/ill_div_ENG_13_1.bmp,,
unit_panel,gfx/interface/models/ill_div_IND_13_10.bmp,gfx/interface/models/ill_div_AST_13_10.bmp,,
unit_panel,gfx/interface/models/ill_div_IND_13_11.bmp,gfx/interface/models/ill_div_AST_13_11.bmp,,
unit_panel,gfx/interface/models/ill_div_IND_13_12.bmp,gfx/interface/models/ill_div_AST_13_12.bmp,,
unit_panel,gfx/interface/models/ill_div_IND_13_13.bmp,gfx/interface/models/ill_div_AST_13_13.bmp,,
unit_panel,gfx/interface/models/ill_div_IND_13_14.bmp,gfx/interface/models/ill_div_AST_13_14.bmp,,
unit_panel,gfx/interface/models/ill_div_IND_13_15.bmp,gfx/interface/models/ill_div_ENG_13_15.bmp,,
unit_panel,gfx/interface/models/ill_div_IND_13_16.bmp,gfx/interface/models/ill_div_ENG_13_16.bmp,,
unit_panel,gfx/interface/models/ill_div_IND_13_17.bmp,gfx/interface/models/ill_div_ENG_13_17.bmp,,
unit_panel,gfx/interface/models/ill_div_IND_13_2.bmp,gfx/interface/models/ill_div_ENG_13_2.bmp,,
unit_panel,gfx/interface/models/ill_div_IND_13_3.bmp,gfx/interface/models/ill_div_ENG_13_3.bmp,,
unit_panel,gfx/interface/models/ill_div_IND_13_4.bmp,gfx/interface/models/ill_div_ENG_13_4.bmp,,
unit_panel,gfx/interface/models/ill_div_IND_13_5.bmp,gfx/interface/models/ill_div_AST_13_5.bmp,,
unit_panel,gfx/interface/models/ill_div_IND_13_6.bmp,gfx/interface/models/ill_div_AST_13_6.bmp,,
unit_panel,gfx/interface/models/ill_div_IND_13_7.bmp,gfx/interface/models/ill_div_AST_13_7.bmp,,
unit_panel,gfx/interface/models/ill_div_IND_13_8.bmp,gfx/interface/models/ill_div_AST_13_8.bmp,,
unit_panel,gfx/interface/models/ill_div_IND_13_9.bmp,gfx/interface/models/ill_div_AST_13_9.bmp,,
unit_panel,gfx/interface/models/ill_div_IND_14_0.bmp,gfx/interface/models/ill_div_ENG_14_0.bmp,,
unit_panel,gfx/interface/models/ill_div_IND_14_1.bmp,gfx/interface/models/ill_div_ENG_14_1.bmp,,
unit_panel,gfx/interface/models/ill_div_IND_14_2.bmp,gfx/interface/models/ill_div_AST_14_2.bmp,,
unit_panel,gfx/interface/models/ill_div_IND_14_3.bmp,gfx/interface/models/ill_div_AST_14_3.bmp,,
unit_panel,gfx/interface/models/ill_div_IND_14_4.bmp,gfx/interface/models/ill_div_AST_14_4.bmp,,
unit_panel,gfx/interface/models/ill_div_IND_14_5.bmp,gfx/interface/models/ill_div_AST_14_5.bmp,,
unit_panel,gfx/interface/models/ill_div_IND_14_6.bmp,gfx/interface/models/ill_div_AST_14_6.bmp,,
unit_panel,gfx/interface/models/ill_div_IND_14_7.bmp,gfx/interface/models/ill_div_AST_14_7.bmp,,
unit_panel,gfx/interface/models/ill_div_IND_14_8.bmp,gfx/interface/models/ill_div_ENG_14_8.bmp,,
unit_panel,gfx/interface/models/ill_div_IND_14_9.bmp,gfx/interface/models/ill_div_ENG_14_9.bmp,,
unit_panel,gfx/interface/models/ill_div_IND_15_0.bmp,gfx/interface/models/ill_div_ENG_15_0.bmp,,
unit_panel,gfx/interface/models/ill_div_IND_15_1.bmp,gfx/interface/models/ill_div_ENG_15_1.bmp,,
unit_panel,gfx/interface/models/ill_div_IND_15_10.bmp,gfx/interface/models/ill_div_ENG_15_10.bmp,,
unit_panel,gfx/interface/models/ill_div_IND_15_11.bmp,gfx/interface/models/ill_div_ENG_15_11.bmp,,
unit_panel,gfx/interface/models/ill_div_IND_15_12.bmp,gfx/interface/models/ill_div_ENG_15_12.bmp,,
unit_panel,gfx/interface/models/ill_div_IND_15_2.bmp,gfx/interface/models/ill_div_AST_15_2.bmp,,
unit_panel,gfx/interface/models/ill_div_IND_15_3.bmp,gfx/interface/models/ill_div_AST_15_3.bmp,,
unit_panel,gfx/interface/models/ill_div_IND_15_4.bmp,gfx/interface/models/ill_div_AST_15_4.bmp,,
unit_panel,gfx/interface/models/ill_div_IND_15_5.bmp,gfx/interface/models/ill_div_AST_15_5.bmp,,
unit_panel,gfx/interface/models/ill_div_IND_15_6.bmp,gfx/interface/models/ill_div_AST_15_6.bmp,,
unit_panel,gfx/interface/models/ill_div_IND_15_7.bmp,gfx/interface/models/ill_div_AST_15_7.bmp,,
unit_panel,gfx/interface/models/ill_div_IND_15_8.bmp,gfx/interface/models/ill_div_AST_15_8.bmp,,
unit_panel,gfx/interface/models/ill_div_IND_15_9.bmp,gfx/interface/models/ill_div_AST_15_9.bmp,,
unit_panel,gfx/interface/models/ill_div_IND_16_0.bmp,gfx/interface/models/ill_div_AST_16_0.bmp,,
unit_panel,gfx/interface/models/ill_div_IND_16_1.bmp,gfx/interface/models/ill_div_AST_16_1.bmp,,
unit_panel,gfx/interface/models/ill_div_IND_16_2.bmp,gfx/interface/models/ill_div_AST_16_2.bmp,,
unit_panel,gfx/interface/models/ill_div_IND_16_3.bmp,gfx/interface/models/ill_div_AST_16_3.bmp,,
unit_panel,gfx/interface/models/ill_div_IND_16_4.bmp,gfx/interface/models/ill_div_AST_16_4.bmp,,
unit_panel,gfx/interface/models/ill_div_IND_16_5.bmp,gfx/interface/models/ill_div_AST_16_5.bmp,,
unit_panel,gfx/interface/models/ill_div_IND_16_6.bmp,gfx/interface/models/ill_div_AST_16_6.bmp,,
unit_panel,gfx/interface/models/ill_div_IND_16_7.bmp,gfx/interface/models/ill_div_ENG_16_7.bmp,,
unit_panel,gfx/interface/models/ill_div_IND_16_8.bmp,gfx/interface/models/ill_div_ENG_16_8.bmp,,
unit_panel,gfx/interface/models/ill_div_IND_17_0.bmp,gfx/interface/models/ill_div_AST_17_0.bmp,,
unit_panel,gfx/interface/models/ill_div_IND_17_1.bmp,gfx/interface/models/ill_div_AST_17_1.bmp,,
unit_panel,gfx/interface/models/ill_div_IND_17_2.bmp,gfx/interface/models/ill_div_AST_17_2.bmp,,
unit_panel,gfx/interface/models/ill_div_IND_17_3.bmp,gfx/interface/models/ill_div_AST_17_3.bmp,,
unit_panel,gfx/interface/models/ill_div_IND_17_4.bmp,gfx/interface/models/ill_div_AST_17_4.bmp,,
unit_panel,gfx/interface/models/ill_div_IND_17_5.bmp,gfx/interface/models/ill_div_AST_17_5.bmp,,
unit_panel,gfx/interface/models/ill_div_IND_17_6.bmp,gfx/interface/models/ill_div_ENG_17_6.bmp,,
unit_panel,gfx/interface/models/ill_div_IND_18_0.bmp,gfx/interface/models/ill_div_AST_18_0.bmp,,
unit_panel,gfx/interface/models/ill_div_IND_18_1.bmp,gfx/interface/models/ill_div_AST_18_1.bmp,,
unit_panel,gfx/interface/models/ill_div_IND_18_2.bmp,gfx/interface/models/ill_div_AST_18_2.bmp,,
unit_panel,gfx/interface/models/ill_div_IND_18_3.bmp,gfx/interface/models/ill_div_AST_18_3.bmp,,
unit_panel,gfx/interface/models/ill_div_IND_18_4.bmp,gfx/interface/models/ill_div_AST_18_4.bmp,,
unit_panel,gfx/interface/models/ill_div_IND_18_5.bmp,gfx/interface/models/ill_div_AST_18_5.bmp,,
unit_panel,gfx/interface/models/ill_div_IND_19_0.bmp,gfx/interface/models/ill_div_AST_19_0.bmp,,
unit_panel,gfx/interface/models/ill_div_IND_19_1.bmp,gfx/interface/models/ill_div_AST_19_1.bmp,,
unit_panel,gfx/interface/models/ill_div_IND_1_0.bmp,gfx/interface/models/ill_div_ENG_1_0.bmp,,
unit_panel,gfx/interface/models/ill_div_IND_1_1.bmp,gfx/interface/models/ill_div_ENG_1_1.bmp,,
unit_panel,gfx/interface/models/ill_div_IND_1_10.bmp,gfx/interface/models/ill_div_AST_1_10.bmp,,
unit_panel,gfx/interface/models/ill_div_IND_1_11.bmp,gfx/interface/models/ill_div_AST_1_11.bmp,,
unit_panel,gfx/interface/models/ill_div_IND_1_12.bmp,gfx/interface/models/ill_div_AST_1_12.bmp,,
unit_panel,gfx/interface/models/ill_div_IND_1_13.bmp,gfx/interface/models/ill_div_AST_1_13.bmp,,
unit_panel,gfx/interface/models/ill_div_IND_1_14.bmp,gfx/interface/models/ill_div_AST_1_14.bmp,,
unit_panel,gfx/interface/models/ill_div_IND_1_2.bmp,gfx/interface/models/ill_div_ENG_1_2.bmp,,
unit_panel,gfx/interface/models/ill_div_IND_1_3.bmp,gfx/interface/models/ill_div_ENG_1_3.bmp,,
unit_panel,gfx/interface/models/ill_div_IND_1_4.bmp,gfx/interface/models/ill_div_ENG_1_4.bmp,,
unit_panel,gfx/interface/models/ill_div_IND_1_5.bmp,gfx/interface/models/ill_div_ENG_1_5.bmp,,
unit_panel,gfx/interface/models/ill_div_IND_1_6.bmp,gfx/interface/models/ill_div_AST_1_6.bmp,,
unit_panel,gfx/interface/models/ill_div_IND_1_7.bmp,gfx/interface/models/ill_div_AST_1_7.bmp,,
unit_panel,gfx/interface/models/ill_div_IND_1_8.bmp,gfx/interface/models/ill_div_AST_1_8.bmp,,
unit_panel,gfx/interface/models/ill_div_IND_1_9.bmp,gfx/interface/models/ill_div_AST_1_9.bmp,,
unit_panel,gfx/interface/models/ill_div_IND_20_0.bmp,gfx/interface/models/ill_div_AST_20_0.bmp,,
unit_panel,gfx/interface/models/ill_div_IND_20_1.bmp,gfx/interface/models/ill_div_ENG_20_1.bmp,,
unit_panel,gfx/interface/models/ill_div_IND_20_2.bmp,gfx/interface/models/ill_div_ENG_20_2.bmp,,
unit_panel,gfx/interface/models/ill_div_IND_21_0.bmp,gfx/interface/models/ill_DIV_AST_21_0.bmp,,
unit_panel,gfx/interface/models/ill_div_IND_21_1.bmp,gfx/interface/models/ill_DIV_AST_21_1.bmp,,
unit_panel,gfx/interface/models/ill_div_IND_21_10.bmp,gfx/interface/models/ill_DIV_AST_21_10.bmp,,
unit_panel,gfx/interface/models/ill_div_IND_21_11.bmp,gfx/interface/models/ill_div_AST_21_11.bmp,,
unit_panel,gfx/interface/models/ill_div_IND_21_12.bmp,gfx/interface/models/ill_div_AST_21_12.bmp,,
unit_panel,gfx/interface/models/ill_div_IND_21_13.bmp,gfx/interface/models/ill_div_AST_21_13.bmp,,
unit_panel,gfx/interface/models/ill_div_IND_21_2.bmp,gfx/interface/models/ill_DIV_AST_21_2.bmp,,
unit_panel,gfx/interface/models/ill_div_IND_21_3.bmp,gfx/interface/models/ill_DIV_AST_21_3.bmp,,
unit_panel,gfx/interface/models/ill_div_IND_21_4.bmp,gfx/interface/models/ill_div_AST_21_4.bmp,,
unit_panel,gfx/interface/models/ill_div_IND_21_5.bmp,gfx/interface/models/ill_div_AST_21_5.bmp,,
unit_panel,gfx/interface/models/ill_div_IND_21_6.bmp,gfx/interface/models/ill_div_AST_21_6.bmp,,
unit_panel,gfx/interface/models/ill_div_IND_21_7.bmp,gfx/interface/models/ill_div_AST_21_7.bmp,,
unit_panel,gfx/interface/models/ill_div_IND_21_8.bmp,gfx/interface/models/ill_div_AST_21_8.bmp,,
unit_panel,gfx/interface/models/ill_div_IND_21_9.bmp,gfx/interface/models/ill_div_AST_21_9.bmp,,
unit_panel,gfx/interface/models/ill_div_IND_22_0.bmp,gfx/interface/models/ill_DIV_AST_22_0.bmp,,
unit_panel,gfx/interface/models/ill_div_IND_22_1.bmp,gfx/interface/models/ill_DIV_AST_22_1.bmp,,
unit_panel,gfx/interface/models/ill_div_IND_22_2.bmp,gfx/interface/models/ill_div_AST_22_2.bmp,,
unit_panel,gfx/interface/models/ill_div_IND_22_3.bmp,gfx/interface/models/ill_div_AST_22_3.bmp,,
unit_panel,gfx/interface/models/ill_div_IND_22_4.bmp,gfx/interface/models/ill_div_AST_22_4.bmp,,
unit_panel,gfx/interface/models/ill_div_IND_22_5.bmp,gfx/interface/models/ill_div_AST_22_5.bmp,,
unit_panel,gfx/interface/models/ill_div_IND_22_6.bmp,gfx/interface/models/ill_div_AST_22_6.bmp,,
unit_panel,gfx/interface/models/ill_div_IND_22_7.bmp,gfx/interface/models/ill_div_AST_22_7.bmp,,
unit_panel,gfx/interface/models/ill_div_IND_22_8.bmp,gfx/interface/models/ill_div_AST_22_8.bmp,,
unit_panel,gfx/interface/models/ill_div_IND_22_9.bmp,gfx/interface/models/ill_div_ENG_22_9.bmp,,
unit_panel,gfx/interface/models/ill_div_IND_23_0.bmp,gfx/interface/models/ill_div_AST_23_0.bmp,,
unit_panel,gfx/interface/models/ill_div_IND_23_1.bmp,gfx/interface/models/ill_div_AST_23_1.bmp,,
unit_panel,gfx/interface/models/ill_div_IND_23_2.bmp,gfx/interface/models/ill_div_AST_23_2.bmp,,
unit_panel,gfx/interface/models/ill_div_IND_23_3.bmp,gfx/interface/models/ill_div_AST_23_3.bmp,,
unit_panel,gfx/interface/models/ill_div_IND_23_4.bmp,gfx/interface/models/ill_div_AST_23_4.bmp,,
unit_panel,gfx/interface/models/ill_div_IND_23_5.bmp,gfx/interface/models/ill_div_AST_23_5.bmp,,
unit_panel,gfx/interface/models/ill_div_IND_23_6.bmp,gfx/interface/models/ill_div_AST_23_6.bmp,,
unit_panel,gfx/interface/models/ill_div_IND_23_7.bmp,gfx/interface/models/ill_div_AST_23_7.bmp,,
unit_panel,gfx/interface/models/ill_div_IND_23_8.bmp,gfx/interface/models/ill_div_AST_23_8.bmp,,
unit_panel,gfx/interface/models/ill_div_IND_23_9.bmp,gfx/interface/models/ill_div_ENG_23_9.bmp,,
unit_panel,gfx/interface/models/ill_div_IND_24_0.bmp,gfx/interface/models/ill_div_AST_24_0.bmp,,
unit_panel,gfx/interface/models/ill_div_IND_24_1.bmp,gfx/interface/models/ill_div_AST_24_1.bmp,,
unit_panel,gfx/interface/models/ill_div_IND_24_2.bmp,gfx/interface/models/ill_div_AST_24_2.bmp,,
unit_panel,gfx/interface/models/ill_div_IND_24_3.bmp,gfx/interface/models/ill_div_AST_24_3.bmp,,
unit_panel,gfx/interface/models/ill_div_IND_24_4.bmp,gfx/interface/models/ill_div_AST_24_4.bmp,,
unit_panel,gfx/interface/models/ill_div_IND_24_5.bmp,gfx/interface/models/ill_div_AST_24_5.bmp,,
unit_panel,gfx/interface/models/ill_div_IND_24_6.bmp,gfx/interface/models/ill_DIV_ENG_24_6.bmp,,
unit_panel,gfx/interface/models/ill_div_IND_25_0.bmp,gfx/interface/models/ill_div_AST_25_0.bmp,,
unit_panel,gfx/interface/models/ill_div_IND_25_1.bmp,gfx/interface/models/ill_div_AST_25_1.bmp,,
unit_panel,gfx/interface/models/ill_div_IND_25_2.bmp,gfx/interface/models/ill_div_AST_25_2.bmp,,
unit_panel,gfx/interface/models/ill_div_IND_25_3.bmp,gfx/interface/models/ill_DIV_AST_25_3.bmp,,
unit_panel,gfx/interface/models/ill_div_IND_25_4.bmp,gfx/interface/models/ill_DIV_AST_25_4.bmp,,
unit_panel,gfx/interface/models/ill_div_IND_25_5.bmp,gfx/interface/models/ill_DIV_AST_25_5.bmp,,
unit_panel,gfx/interface/models/ill_div_IND_25_6.bmp,gfx/interface/models/ill_div_AST_25_6.bmp,,
unit_panel,gfx/interface/models/ill_div_IND_25_7.bmp,gfx/interface/models/ill_div_AST_25_7.bmp,,
unit_panel,gfx/interface/models/ill_div_IND_25_8.bmp,gfx/interface/models/ill_div_AST_25_8.bmp,,
unit_panel,gfx/interface/models/ill_div_IND_25_9.bmp,gfx/interface/models/ill_div_AST_25_9.bmp,,
unit_panel,gfx/interface/models/ill_div_IND_26_0.bmp,gfx/interface/models/ill_div_AST_26_0.bmp,,
unit_panel,gfx/interface/models/ill_div_IND_26_1.bmp,gfx/interface/models/ill_div_AST_26_1.bmp,,
unit_panel,gfx/interface/models/ill_div_IND_26_2.bmp,gfx/interface/models/ill_div_AST_26_2.bmp,,
unit_panel,gfx/interface/models/ill_div_IND_26_3.bmp,gfx/interface/models/ill_div_AST_26_3.bmp,,
unit_panel,gfx/interface/models/ill_div_IND_26_4.bmp,gfx/interface/models/ill_div_AST_26_4.bmp,,
unit_panel,gfx/interface/models/ill_div_IND_26_5.bmp,gfx/interface/models/ill_DIV_AST_26_5.bmp,,
unit_panel,gfx/interface/models/ill_div_IND_26_6.bmp,gfx/interface/models/ill_DIV_AST_26_6.bmp,,
unit_panel,gfx/interface/models/ill_div_IND_26_7.bmp,gfx/interface/models/ill_div_ENG_26_7.bmp,,
unit_panel,gfx/interface/models/ill_div_IND_27_0.bmp,gfx/interface/models/ill_div_AST_27_0.bmp,,
unit_panel,gfx/interface/models/ill_div_IND_27_1.bmp,gfx/interface/models/ill_div_AST_27_1.bmp,,
unit_panel,gfx/interface/models/ill_div_IND_27_2.bmp,gfx/interface/models/ill_DIV_AST_27_2.bmp,,
unit_panel,gfx/interface/models/ill_div_IND_27_3.bmp,gfx/interface/models/ill_div_AST_27_3.bmp,,
unit_panel,gfx/interface/models/ill_div_IND_27_4.bmp,gfx/interface/models/ill_div_AST_27_4.bmp,,
unit_panel,gfx/interface/models/ill_div_IND_27_5.bmp,gfx/interface/models/ill_div_AST_27_5.bmp,,
unit_panel,gfx/interface/models/ill_div_IND_27_6.bmp,gfx/interface/models/ill_div_AST_27_6.bmp,,
unit_panel,gfx/interface/models/ill_div_IND_27_7.bmp,gfx/interface/models/ill_div_ENG_27_7.bmp,,
unit_panel,gfx/interface/models/ill_div_IND_27_8.bmp,gfx/interface/models/ill_div_ENG_27_8.bmp,,
unit_panel,gfx/interface/models/ill_div_IND_28_0.bmp,gfx/interface/models/ill_DIV_AST_28_0.bmp,,
unit_panel,gfx/interface/models/ill_div_IND_28_1.bmp,gfx/interface/models/ill_DIV_AST_28_1.bmp,,
unit_panel,gfx/interface/models/ill_div_IND_28_10.bmp,gfx/interface/models/ill_div_ENG_28_10.bmp,,
unit_panel,gfx/interface/models/ill_div_IND_28_11.bmp,gfx/interface/models/ill_div_ENG_28_11.bmp,,
unit_panel,gfx/interface/models/ill_div_IND_28_12.bmp,gfx/interface/models/ill_div_ENG_28_12.bmp,,
unit_panel,gfx/interface/models/ill_div_IND_28_2.bmp,gfx/interface/models/ill_div_AST_28_2.bmp,,
unit_panel,gfx/interface/models/ill_div_IND_28_3.bmp,gfx/interface/models/ill_div_AST_28_3.bmp,,
unit_panel,gfx/interface/models/ill_div_IND_28_4.bmp,gfx/interface/models/ill_div_AST_28_4.bmp,,
unit_panel,gfx/interface/models/ill_div_IND_28_5.bmp,gfx/interface/models/ill_div_AST_28_5.bmp,,
unit_panel,gfx/interface/models/ill_div_IND_28_6.bmp,gfx/interface/models/ill_div_AST_28_6.bmp,,
unit_panel,gfx/interface/models/ill_div_IND_28_7.bmp,gfx/interface/models/ill_div_AST_28_7.bmp,,
unit_panel,gfx/interface/models/ill_div_IND_28_8.bmp,gfx/interface/models/ill_div_AST_28_8.bmp,,
unit_panel,gfx/interface/models/ill_div_IND_28_9.bmp,gfx/interface/models/ill_div_ENG_28_9.bmp,,
unit_panel,gfx/interface/models/ill_div_IND_29_0.bmp,gfx/interface/models/ill_div_ENG_29_0.bmp,,
unit_panel,gfx/interface/models/ill_div_IND_29_1.bmp,gfx/interface/models/ill_div_ENG_29_1.bmp,,
unit_panel,gfx/interface/models/ill_div_IND_29_2.bmp,gfx/interface/models/ill_div_ENG_29_2.bmp,,
unit_panel,gfx/interface/models/ill_div_IND_29_3.bmp,gfx/interface/models/ill_div_ENG_29_3.bmp,,
unit_panel,gfx/interface/models/ill_div_IND_2_0.bmp,gfx/interface/models/ill_div_AST_2_0.bmp,,
unit_panel,gfx/interface/models/ill_div_IND_2_1.bmp,gfx/interface/models/ill_div_AST_2_1.bmp,,
unit_panel,gfx/interface/models/ill_div_IND_2_2.bmp,gfx/interface/models/ill_div_AST_2_2.bmp,,
unit_panel,gfx/interface/models/ill_div_IND_2_3.bmp,gfx/interface/models/ill_div_AST_2_3.bmp,,
unit_panel,gfx/interface/models/ill_div_IND_2_4.bmp,gfx/interface/models/ill_div_AST_2_4.bmp,,
unit_panel,gfx/interface/models/ill_div_IND_2_5.bmp,gfx/interface/models/ill_div_AST_2_5.bmp,,
unit_panel,gfx/interface/models/ill_div_IND_2_6.bmp,gfx/interface/models/ill_div_ENG_2_6.bmp,,
unit_panel,gfx/interface/models/ill_div_IND_2_7.bmp,gfx/interface/models/ill_div_ENG_2_7.bmp,,
unit_panel,gfx/interface/models/ill_div_IND_30_0.bmp,gfx/interface/models/ill_div_AST_30_0.bmp,,
unit_panel,gfx/interface/models/ill_div_IND_30_1.bmp,gfx/interface/models/ill_div_AST_30_1.bmp,,
unit_panel,gfx/interface/models/ill_div_IND_30_2.bmp,gfx/interface/models/ill_div_AST_30_2.bmp,,
unit_panel,gfx/interface/models/ill_div_IND_30_3.bmp,gfx/interface/models/ill_div_AST_30_3.bmp,,
unit_panel,gfx/interface/models/ill_div_IND_30_4.bmp,gfx/interface/models/ill_div_AST_30_4.bmp,,
unit_panel,gfx/interface/models/ill_div_IND_30_5.bmp,gfx/interface/models/ill_DIV_ENG_30_5.bmp,,
unit_panel,gfx/interface/models/ill_div_IND_31_0.bmp,gfx/interface/models/ill_div_AST_31_0.bmp,,
unit_panel,gfx/interface/models/ill_div_IND_31_1.bmp,gfx/interface/models/ill_div_AST_31_1.bmp,,
unit_panel,gfx/interface/models/ill_div_IND_31_2.bmp,gfx/interface/models/ill_div_AST_31_2.bmp,,
unit_panel,gfx/interface/models/ill_div_IND_31_3.bmp,gfx/interface/models/ill_div_AST_31_3.bmp,,
unit_panel,gfx/interface/models/ill_div_IND_31_4.bmp,gfx/interface/models/ill_div_ENG_31_4.bmp,,
unit_panel,gfx/interface/models/ill_div_IND_31_5.bmp,gfx/interface/models/ill_div_ENG_31_5.bmp,,
unit_panel,gfx/interface/models/ill_div_IND_31_6.bmp,gfx/interface/models/ill_div_ENG_31_6.bmp,,
unit_panel,gfx/interface/models/ill_div_IND_32_0.bmp,gfx/interface/models/ill_div_ENG_32_0.bmp,,
unit_panel,gfx/interface/models/ill_div_IND_32_1.bmp,gfx/interface/models/ill_div_ENG_32_1.bmp,,
unit_panel,gfx/interface/models/ill_div_IND_3_0.bmp,gfx/interface/models/ill_div_AST_3_0.bmp,,
unit_panel,gfx/interface/models/ill_div_IND_3_1.bmp,gfx/interface/models/ill_div_AST_3_1.bmp,,
unit_panel,gfx/interface/models/ill_div_IND_3_2.bmp,gfx/interface/models/ill_div_AST_3_2.bmp,,
unit_panel,gfx/interface/models/ill_div_IND_3_3.bmp,gfx/interface/models/ill_div_AST_3_3.bmp,,
unit_panel,gfx/interface/models/ill_div_IND_3_4.bmp,gfx/interface/models/ill_div_ENG_3_4.bmp,,
unit_panel,gfx/interface/models/ill_div_IND_3_5.bmp,gfx/interface/models/ill_div_ENG_3_5.bmp,,
unit_panel,gfx/interface/models/ill_div_IND_45_10.bmp,gfx/interface/models/ill_div_ENG_45_10.bmp,,
unit_panel,gfx/interface/models/ill_div_IND_45_11.bmp,gfx/interface/models/ill_div_ENG_45_11.bmp,,
unit_panel,gfx/interface/models/ill_div_IND_45_12.bmp,gfx/interface/models/ill_div_ENG_45_12.bmp,,
unit_panel,gfx/interface/models/ill_div_IND_45_13.bmp,gfx/interface/models/ill_div_ENG_45_13.bmp,,
unit_panel,gfx/interface/models/ill_div_IND_45_14.bmp,gfx/interface/models/ill_div_ENG_45_14.bmp,,
unit_panel,gfx/interface/models/ill_div_IND_45_15.bmp,gfx/interface/models/ill_div_ENG_45_15.bmp,,
unit_panel,gfx/interface/models/ill_div_IND_45_16.bmp,gfx/interface/models/ill_div_ENG_45_16.bmp,,
unit_panel,gfx/interface/models/ill_div_IND_45_17.bmp,gfx/interface/models/ill_div_ENG_45_17.bmp,,
unit_panel,gfx/interface/models/ill_div_IND_45_8.bmp,gfx/interface/models/ill_div_ENG_45_8.bmp,,
unit_panel,gfx/interface/models/ill_div_IND_45_9.bmp,gfx/interface/models/ill_div_ENG_45_9.bmp,,
unit_panel,gfx/interface/models/ill_div_IND_4_0.bmp,gfx/interface/models/ill_div_AST_4_0.bmp,,
unit_panel,gfx/interface/models/ill_div_IND_4_1.bmp,gfx/interface/models/ill_div_AST_4_1.bmp,,
unit_panel,gfx/interface/models/ill_div_IND_4_2.bmp,gfx/interface/models/ill_div_AST_4_2.bmp,,
unit_panel,gfx/interface/models/ill_div_IND_4_3.bmp,gfx/interface/models/ill_div_ENG_4_3.bmp,,
unit_panel,gfx/interface/models/ill_div_IND_5_0.bmp,gfx/interface/models/ill_div_AST_5_0.bmp,,
unit_panel,gfx/interface/models/ill_div_IND_5_1.bmp,gfx/interface/models/ill_div_AST_5_1.bmp,,
unit_panel,gfx/interface/models/ill_div_IND_5_2.bmp,gfx/interface/models/ill_div_AST_5_2.bmp,,
unit_panel,gfx/interface/models/ill_div_IND_5_3.bmp,gfx/interface/models/ill_div_AST_5_3.bmp,,
unit_panel,gfx/interface/models/ill_div_IND_5_4.bmp,gfx/interface/models/ill_div_AST_5_4.bmp,,
unit_panel,gfx/interface/models/ill_div_IND_5_5.bmp,gfx/interface/models/ill_div_ENG_5_5.bmp,,
unit_panel,gfx/interface/models/ill_div_IND_5_6.bmp,gfx/interface/models/ill_div_ENG_5_6.bmp,,
unit_panel,gfx/interface/models/ill_div_IND_5_7.bmp,gfx/interface/models/ill_div_ENG_5_7.bmp,,
unit_panel,gfx/interface/models/ill_div_IND_6_0.bmp,gfx/interface/models/ill_div_AST_6_0.bmp,,
unit_panel,gfx/interface/models/ill_div_IND_6_1.bmp,gfx/interface/models/ill_div_AST_6_1.bmp,,
unit_panel,gfx/interface/models/ill_div_IND_6_2.bmp,gfx/interface/models/ill_div_AST_6_2.bmp,,
unit_panel,gfx/interface/models/ill_div_IND_6_3.bmp,gfx/interface/models/ill_div_AST_6_3.bmp,,
unit_panel,gfx/interface/models/ill_div_IND_6_4.bmp,gfx/interface/models/ill_div_AST_6_4.bmp,,
unit_panel,gfx/interface/models/ill_div_IND_6_5.bmp,gfx/interface/models/ill_div_ENG_6_5.bmp,,
unit_panel,gfx/interface/models/ill_div_IND_6_6.bmp,gfx/interface/models/ill_div_ENG_6_6.bmp,,
unit_panel,gfx/interface/models/ill_div_IND_6_7.bmp,gfx/interface/models/ill_div_ENG_6_7.bmp,,
unit_panel,gfx/interface/models/ill_div_IND_7_0.bmp,gfx/interface/models/ill_div_AST_7_0.bmp,,
unit_panel,gfx/interface/models/ill_div_IND_7_1.bmp,gfx/interface/models/ill_div_AST_7_1.bmp,,
unit_panel,gfx/interface/models/ill_div_IND_7_10.bmp,gfx/interface/models/ill_div_ENG_7_10.bmp,,
unit_panel,gfx/interface/models/ill_div_IND_7_2.bmp,gfx/interface/models/ill_div_AST_7_2.bmp,,
unit_panel,gfx/interface/models/ill_div_IND_7_3.bmp,gfx/interface/models/ill_div_AST_7_3.bmp,,
unit_panel,gfx/interface/models/ill_div_IND_7_4.bmp,gfx/interface/models/ill_div_AST_7_4.bmp,,
unit_panel,gfx/interface/models/ill_div_IND_7_5.bmp,gfx/interface/models/ill_div_AST_7_5.bmp,,
unit_panel,gfx/interface/models/ill_div_IND_7_6.bmp,gfx/interface/models/ill_div_AST_7_6.bmp,,
unit_panel,gfx/interface/models/ill_div_IND_7_7.bmp,gfx/interface/models/ill_div_AST_7_7.bmp,,
unit_panel,gfx/interface/models/ill_div_IND_7_8.bmp,gfx/interface/models/ill_div_AST_7_8.bmp,,
unit_panel,gfx/interface/models/ill_div_IND_7_9.bmp,gfx/interface/models/ill_div_ENG_7_9.bmp,,
unit_panel,gfx/interface/models/ill_div_IND_8_0.bmp,gfx/interface/models/ill_div_ENG_8_0.bmp,,
unit_panel,gfx/interface/models/ill_div_IND_8_1.bmp,gfx/interface/models/ill_div_ENG_8_1.bmp,,
unit_panel,gfx/interface/models/ill_div_IND_8_10.bmp,gfx/interface/models/ill_div_AST_8_10.bmp,,
unit_panel,gfx/interface/models/ill_div_IND_8_11.bmp,gfx/interface/models/ill_div_AST_8_11.bmp,,
unit_panel,gfx/interface/models/ill_div_IND_8_12.bmp,gfx/interface/models/ill_div_AST_8_12.bmp,,
unit_panel,gfx/interface/models/ill_div_IND_8_13.bmp,gfx/interface/models/ill_div_AST_8_13.bmp,,
unit_panel,gfx/interface/models/ill_div_IND_8_14.bmp,gfx/interface/models/ill_div_AST_8_14.bmp,,
unit_panel,gfx/interface/models/ill_div_IND_8_15.bmp,gfx/interface/models/ill_div_ENG_8_15.bmp,,
unit_panel,gfx/interface/models/ill_div_IND_8_16.bmp,gfx/interface/models/ill_div_ENG_8_16.bmp,,
unit_panel,gfx/interface/models/ill_div_IND_8_17.bmp,gfx/interface/models/ill_div_ENG_8_17.bmp,,
unit_panel,gfx/interface/models/ill_div_IND_8_2.bmp,gfx/interface/models/ill_div_ENG_8_2.bmp,,
unit_panel,gfx/interface/models/ill_div_IND_8_3.bmp,gfx/interface/models/ill_div_ENG_8_3.bmp,,
unit_panel,gfx/interface/models/ill_div_IND_8_4.bmp,gfx/interface/models/ill_div_ENG_8_4.bmp,,
unit_panel,gfx/interface/models/ill_div_IND_8_5.bmp,gfx/interface/models/ill_div_ENG_8_5.bmp,,
unit_panel,gfx/interface/models/ill_div_IND_8_6.bmp,gfx/interface/models/ill_div_AST_8_6.bmp,,
unit_panel,gfx/interface/models/ill_div_IND_8_7.bmp,gfx/interface/models/ill_div_AST_8_7.bmp,,
unit_panel,gfx/interface/models/ill_div_IND_8_8.bmp,gfx/interface/models/ill_div_AST_8_8.bmp,,
unit_panel,gfx/interface/models/ill_div_IND_8_9.bmp,gfx/interface/models/ill_div_AST_8_9.bmp,,
unit_panel,gfx/interface/models/ill_div_IND_9_0.bmp,gfx/interface/models/ill_div_ENG_9_0.bmp,,
unit_panel,gfx/interface/models/ill_div_IND_9_1.bmp,gfx/interface/models/ill_div_ENG_9_1.bmp,,
unit_panel,gfx/interface/models/ill_div_IND_9_2.bmp,gfx/interface/models/ill_div_AST_9_2.bmp,,
unit_panel,gfx/interface/models/ill_div_IND_9_3.bmp,gfx/interface/models/ill_div_AST_9_3.bmp,,
unit_panel,gfx/interface/models/ill_div_IND_9_4.bmp,gfx/interface/models/ill_div_AST_9_4.bmp,,
unit_panel,gfx/interface/models/ill_div_IND_9_5.bmp,gfx/interface/models/ill_div_AST_9_5.bmp,,
unit_panel,gfx/interface/models/ill_div_IND_9_6.bmp,gfx/interface/models/ill_div_AST_9_6.bmp,,
unit_panel,gfx/interface/models/ill_div_IND_9_7.bmp,gfx/interface/models/ill_div_AST_9_7.bmp,,
unit_panel,gfx/interface/models/ill_div_IND_9_8.bmp,gfx/interface/models/ill_div_AST_9_8.bmp,,
unit_panel,gfx/interface/models/ill_div_IND_9_9.bmp,gfx/interface/models/ill_div_ENG_9_9.bmp,,
production_icon,gfx/interface/models/IND_model_0_0.bmp,gfx/interface/models/ENG_model_0_0.bmp,,
production_icon,gfx/interface/models/IND_model_0_1.bmp,gfx/interface/models/ENG_model_0_1.bmp,,
production_icon,gfx/interface/models/IND_model_0_10.bmp,gfx/interface/models/ast_model_0_10.bmp,,
production_icon,gfx/interface/models/IND_model_0_11.bmp,gfx/interface/models/ast_model_0_11.bmp,,
production_icon,gfx/interface/models/IND_model_0_12.bmp,gfx/interface/models/ast_model_0_12.bmp,,
production_icon,gfx/interface/models/IND_model_0_13.bmp,gfx/interface/models/ast_model_0_13.bmp,,
production_icon,gfx/interface/models/IND_model_0_14.bmp,gfx/interface/models/ast_model_0_14.bmp,,
production_icon,gfx/interface/models/IND_model_0_15.bmp,gfx/interface/models/ast_model_0_15.BMP,,
production_icon,gfx/interface/models/IND_model_0_16.bmp,gfx/interface/models/ast_model_0_16.bmp,,
production_icon,gfx/interface/models/IND_model_0_17.bmp,gfx/interface/models/ast_model_0_17.bmp,,
production_icon,gfx/interface/models/IND_model_0_2.bmp,gfx/interface/models/ENG_model_0_2.bmp,,
production_icon,gfx/interface/models/IND_model_0_3.bmp,gfx/interface/models/ENG_model_0_3.bmp,,
production_icon,gfx/interface/models/IND_model_0_4.bmp,gfx/interface/models/ast_model_0_4.bmp,,
production_icon,gfx/interface/models/IND_model_0_5.bmp,gfx/interface/models/ast_model_0_5.bmp,,
production_icon,gfx/interface/models/IND_model_0_5a.bmp,gfx/interface/models/ENG_model_0_5a.bmp,,
production_icon,gfx/interface/models/IND_model_0_6.bmp,gfx/interface/models/ast_model_0_6.bmp,,
production_icon,gfx/interface/models/IND_model_0_7.bmp,gfx/interface/models/ast_model_0_7.bmp,,
production_icon,gfx/interface/models/IND_model_0_8.bmp,gfx/interface/models/ast_model_0_8.bmp,,
production_icon,gfx/interface/models/IND_model_0_9.bmp,gfx/interface/models/ast_model_0_9.bmp,,
production_icon,gfx/interface/models/IND_model_10_0.bmp,gfx/interface/models/ENG_model_10_0.bmp,,
production_icon,gfx/interface/models/IND_model_10_1.bmp,gfx/interface/models/ENG_model_10_1.bmp,,
production_icon,gfx/interface/models/IND_model_10_2.bmp,gfx/interface/models/ast_model_10_2.bmp,,
production_icon,gfx/interface/models/IND_model_10_3.bmp,gfx/interface/models/ast_model_10_3.bmp,,
production_icon,gfx/interface/models/IND_model_10_4.bmp,gfx/interface/models/ast_model_10_4.bmp,,
production_icon,gfx/interface/models/IND_model_10_5.bmp,gfx/interface/models/ast_model_10_5.bmp,,
production_icon,gfx/interface/models/IND_model_10_6.bmp,gfx/interface/models/ENG_model_10_6.bmp,,
production_icon,gfx/interface/models/IND_model_11_1.bmp,gfx/interface/models/eng_model_11_1.bmp,,
production_icon,gfx/interface/models/IND_model_11_2.bmp,gfx/interface/models/eng_model_11_2.bmp,,
production_icon,gfx/interface/models/IND_model_11_3.bmp,gfx/interface/models/eng_model_11_3.bmp,,
production_icon,gfx/interface/models/IND_model_11_4.bmp,gfx/interface/models/ast_model_11_4.bmp,,
production_icon,gfx/interface/models/IND_model_11_5.bmp,gfx/interface/models/ast_model_11_5.bmp,,
production_icon,gfx/interface/models/IND_model_11_6.bmp,gfx/interface/models/ast_model_11_6.bmp,,
production_icon,gfx/interface/models/IND_model_11_7.bmp,gfx/interface/models/ast_model_11_7.bmp,,
production_icon,gfx/interface/models/IND_model_12_0.bmp,gfx/interface/models/eng_model_12_0.bmp,,
production_icon,gfx/interface/models/IND_model_12_1.bmp,gfx/interface/models/ast_model_12_1.bmp,,
production_icon,gfx/interface/models/IND_model_12_10.bmp,gfx/interface/models/ast_model_12_10.bmp,,
production_icon,gfx/interface/models/IND_model_12_11.bmp,gfx/interface/models/ast_model_12_11.bmp,,
production_icon,gfx/interface/models/IND_model_12_12.bmp,gfx/interface/models/ast_model_12_12.bmp,,
production_icon,gfx/interface/models/IND_model_12_13.bmp,gfx/interface/models/ast_model_12_13.bmp,,
production_icon,gfx/interface/models/IND_model_12_2.bmp,gfx/interface/models/ast_model_12_2.bmp,,
production_icon,gfx/interface/models/IND_model_12_3.bmp,gfx/interface/models/ast_model_12_3.bmp,,
production_icon,gfx/interface/models/IND_model_12_4.bmp,gfx/interface/models/ast_model_12_4.bmp,,
production_icon,gfx/interface/models/IND_model_12_5.bmp,gfx/interface/models/ast_model_12_5.bmp,,
production_icon,gfx/interface/models/IND_model_12_6.bmp,gfx/interface/models/ast_model_12_6.bmp,,
production_icon,gfx/interface/models/IND_model_12_7.bmp,gfx/interface/models/ast_model_12_7.bmp,,
production_icon,gfx/interface/models/IND_model_12_8.bmp,gfx/interface/models/ast_model_12_8.bmp,,
production_icon,gfx/interface/models/IND_model_12_9.bmp,gfx/interface/models/ast_model_12_9.bmp,,
production_icon,gfx/interface/models/IND_model_12_9a.bmp,gfx/interface/models/eng_model_12_9a.bmp,,
production_icon,gfx/interface/models/IND_model_13_0.bmp,gfx/interface/models/ast_model_13_0.bmp,,
production_icon,gfx/interface/models/IND_model_13_1.bmp,gfx/interface/models/ast_model_13_1.bmp,,
production_icon,gfx/interface/models/IND_model_13_10.bmp,gfx/interface/models/ast_model_13_10.bmp,,
production_icon,gfx/interface/models/IND_model_13_11.bmp,gfx/interface/models/ast_model_13_11.bmp,,
production_icon,gfx/interface/models/IND_model_13_12.bmp,gfx/interface/models/ast_model_13_12.bmp,,
production_icon,gfx/interface/models/IND_model_13_13.bmp,gfx/interface/models/ast_model_13_13.bmp,,
production_icon,gfx/interface/models/IND_model_13_14.bmp,gfx/interface/models/ast_model_13_14.bmp,,
production_icon,gfx/interface/models/IND_model_13_14a.bmp,gfx/interface/models/eng_model_13_14a.bmp,,
production_icon,gfx/interface/models/IND_model_13_14b.bmp,gfx/interface/models/eng_model_13_14b.bmp,,
production_icon,gfx/interface/models/IND_model_13_15.bmp,gfx/interface/models/ast_model_13_15.bmp,,
production_icon,gfx/interface/models/IND_model_13_16.bmp,gfx/interface/models/ast_model_13_16.bmp,,
production_icon,gfx/interface/models/IND_model_13_2.bmp,gfx/interface/models/ast_model_13_2.bmp,,
production_icon,gfx/interface/models/IND_model_13_3.bmp,gfx/interface/models/ast_model_13_3.bmp,,
production_icon,gfx/interface/models/IND_model_13_4.bmp,gfx/interface/models/ast_model_13_4.bmp,,
production_icon,gfx/interface/models/IND_model_13_5.bmp,gfx/interface/models/ast_model_13_5.bmp,,
production_icon,gfx/interface/models/IND_model_13_6.bmp,gfx/interface/models/ast_model_13_6.bmp,,
production_icon,gfx/interface/models/IND_model_13_7.bmp,gfx/interface/models/ast_model_13_7.bmp,,
production_icon,gfx/interface/models/IND_model_13_8.bmp,gfx/interface/models/ast_model_13_8.bmp,,
production_icon,gfx/interface/models/IND_model_13_9.bmp,gfx/interface/models/ast_model_13_9.bmp,,
production_icon,gfx/interface/models/IND_model_14_0.bmp,gfx/interface/models/ast_model_14_0.bmp,,
production_icon,gfx/interface/models/IND_model_14_1.bmp,gfx/interface/models/ast_model_14_1.bmp,,
production_icon,gfx/interface/models/IND_model_14_1a.bmp,gfx/interface/models/eng_model_14_1a.bmp,,
production_icon,gfx/interface/models/IND_model_14_1b.bmp,gfx/interface/models/eng_model_14_1b.bmp,,
production_icon,gfx/interface/models/IND_model_14_2.bmp,gfx/interface/models/ast_model_14_2.bmp,,
production_icon,gfx/interface/models/IND_model_14_2a.bmp,gfx/interface/models/eng_model_14_2a.bmp,,
production_icon,gfx/interface/models/IND_model_14_2b.bmp,gfx/interface/models/eng_model_14_2b.bmp,,
production_icon,gfx/interface/models/IND_model_14_3.bmp,gfx/interface/models/ast_model_14_3.bmp,,
production_icon,gfx/interface/models/IND_model_14_3a.bmp,gfx/interface/models/eng_model_14_3a.bmp,,
production_icon,gfx/interface/models/IND_model_14_4.bmp,gfx/interface/models/ast_model_14_4.bmp,,
production_icon,gfx/interface/models/IND_model_14_5.bmp,gfx/interface/models/ast_model_14_5.bmp,,
production_icon,gfx/interface/models/IND_model_14_6.bmp,gfx/interface/models/ast_model_14_6.bmp,,
production_icon,gfx/interface/models/IND_model_14_7.bmp,gfx/interface/models/ast_model_14_7.bmp,,
production_icon,gfx/interface/models/IND_model_14_8.bmp,gfx/interface/models/ast_model_14_8.bmp,,
production_icon,gfx/interface/models/IND_model_14_9.bmp,gfx/interface/models/ast_model_14_9.bmp,,
production_icon,gfx/interface/models/IND_model_15_0.bmp,gfx/interface/models/ast_model_15_0.bmp,,
production_icon,gfx/interface/models/IND_model_15_1.bmp,gfx/interface/models/ast_model_15_1.bmp,,
production_icon,gfx/interface/models/IND_model_15_10.bmp,gfx/interface/models/ast_model_15_10.bmp,,
production_icon,gfx/interface/models/IND_model_15_11.bmp,gfx/interface/models/ast_model_15_11.bmp,,
production_icon,gfx/interface/models/IND_model_15_12.bmp,gfx/interface/models/ast_model_15_12.bmp,,
production_icon,gfx/interface/models/IND_model_15_12a.bmp,gfx/interface/models/eng_model_15_12a.bmp,,
production_icon,gfx/interface/models/IND_model_15_2.bmp,gfx/interface/models/ast_model_15_2.bmp,,
production_icon,gfx/interface/models/IND_model_15_3.bmp,gfx/interface/models/ast_model_15_3.bmp,,
production_icon,gfx/interface/models/IND_model_15_4.bmp,gfx/interface/models/ast_model_15_4.bmp,,
production_icon,gfx/interface/models/IND_model_15_5.bmp,gfx/interface/models/ast_model_15_5.bmp,,
production_icon,gfx/interface/models/IND_model_15_6.bmp,gfx/interface/models/ast_model_15_6.bmp,,
production_icon,gfx/interface/models/IND_model_15_7.bmp,gfx/interface/models/ast_model_15_7.bmp,,
production_icon,gfx/interface/models/IND_model_15_8.bmp,gfx/interface/models/ast_model_15_8.bmp,,
production_icon,gfx/interface/models/IND_model_15_9.bmp,gfx/interface/models/ast_model_15_9.bmp,,
production_icon,gfx/interface/models/IND_model_16_0.bmp,gfx/interface/models/ast_model_16_0.bmp,,
production_icon,gfx/interface/models/IND_model_16_1.bmp,gfx/interface/models/ast_model_16_1.bmp,,
production_icon,gfx/interface/models/IND_model_16_2.bmp,gfx/interface/models/ast_model_16_2.bmp,,
production_icon,gfx/interface/models/IND_model_16_3.bmp,gfx/interface/models/ast_model_16_3.bmp,,
production_icon,gfx/interface/models/IND_model_16_4.bmp,gfx/interface/models/ast_model_16_4.bmp,,
production_icon,gfx/interface/models/IND_model_16_5.bmp,gfx/interface/models/ast_model_16_5.bmp,,
production_icon,gfx/interface/models/IND_model_16_6.bmp,gfx/interface/models/ast_model_16_6.bmp,,
production_icon,gfx/interface/models/IND_model_16_7.bmp,gfx/interface/models/ast_model_16_7.bmp,,
production_icon,gfx/interface/models/IND_model_16_8.bmp,gfx/interface/models/ast_model_16_8.bmp,,
production_icon,gfx/interface/models/IND_model_17_0.bmp,gfx/interface/models/ast_model_17_0.bmp,,
production_icon,gfx/interface/models/IND_model_17_1.bmp,gfx/interface/models/ast_model_17_1.bmp,,
production_icon,gfx/interface/models/IND_model_17_2.bmp,gfx/interface/models/ast_model_17_2.bmp,,
production_icon,gfx/interface/models/IND_model_17_3.bmp,gfx/interface/models/ast_model_17_3.bmp,,
production_icon,gfx/interface/models/IND_model_17_4.bmp,gfx/interface/models/ast_model_17_4.bmp,,
production_icon,gfx/interface/models/IND_model_17_4a.bmp,gfx/interface/models/ENG_model_17_4a.bmp,,
production_icon,gfx/interface/models/IND_model_17_5.bmp,gfx/interface/models/ast_model_17_5.bmp,,
production_icon,gfx/interface/models/IND_model_17_6.bmp,gfx/interface/models/ast_model_17_6.bmp,,
production_icon,gfx/interface/models/IND_model_18_0.bmp,gfx/interface/models/ast_model_18_0.bmp,,
production_icon,gfx/interface/models/IND_model_18_1.bmp,gfx/interface/models/ast_model_18_1.bmp,,
production_icon,gfx/interface/models/IND_model_18_1a.bmp,gfx/interface/models/ENG_model_18_1a.bmp,,
production_icon,gfx/interface/models/IND_model_18_2.bmp,gfx/interface/models/ast_model_18_2.bmp,,
production_icon,gfx/interface/models/IND_model_18_3.bmp,gfx/interface/models/ast_model_18_3.bmp,,
production_icon,gfx/interface/models/IND_model_18_4.bmp,gfx/interface/models/ast_model_18_4.bmp,,
production_icon,gfx/interface/models/IND_model_18_5.bmp,gfx/interface/models/ast_model_18_5.bmp,,
production_icon,gfx/interface/models/IND_model_1_0.bmp,gfx/interface/models/eng_model_1_0.bmp,,
production_icon,gfx/interface/models/IND_model_1_1.bmp,gfx/interface/models/ast_model_1_1.bmp,,
production_icon,gfx/interface/models/IND_model_1_10.bmp,gfx/interface/models/ast_model_1_10.bmp,,
production_icon,gfx/interface/models/IND_model_1_11.bmp,gfx/interface/models/ast_model_1_11.bmp,,
production_icon,gfx/interface/models/IND_model_1_12.bmp,gfx/interface/models/ast_model_1_12.bmp,,
production_icon,gfx/interface/models/IND_model_1_13.bmp,gfx/interface/models/ast_model_1_13.bmp,,
production_icon,gfx/interface/models/IND_model_1_14.bmp,gfx/interface/models/ast_model_1_14.bmp,,
production_icon,gfx/interface/models/IND_model_1_2.bmp,gfx/interface/models/ast_model_1_2.bmp,,
production_icon,gfx/interface/models/IND_model_1_3.bmp,gfx/interface/models/ast_model_1_3.bmp,,
production_icon,gfx/interface/models/IND_model_1_4.bmp,gfx/interface/models/ast_model_1_4.bmp,,
production_icon,gfx/interface/models/IND_model_1_5.bmp,gfx/interface/models/ast_model_1_5.bmp,,
production_icon,gfx/interface/models/IND_model_1_6.bmp,gfx/interface/models/ast_model_1_6.bmp,,
production_icon,gfx/interface/models/IND_model_1_7.bmp,gfx/interface/models/ast_model_1_7.bmp,,
production_icon,gfx/interface/models/IND_model_1_8.bmp,gfx/interface/models/ast_model_1_8.bmp,,
production_icon,gfx/interface/models/IND_model_1_9.bmp,gfx/interface/models/ast_model_1_9.bmp,,
production_icon,gfx/interface/models/IND_model_21_0.bmp,gfx/interface/models/ast_model_21_0.bmp,,
production_icon,gfx/interface/models/IND_model_21_1.bmp,gfx/interface/models/ast_model_21_1.bmp,,
production_icon,gfx/interface/models/IND_model_21_10.bmp,gfx/interface/models/ast_model_21_10.bmp,,
production_icon,gfx/interface/models/IND_model_21_11.bmp,gfx/interface/models/ast_model_21_11.bmp,,
production_icon,gfx/interface/models/IND_model_21_12.bmp,gfx/interface/models/ast_model_21_12.bmp,,
production_icon,gfx/interface/models/IND_model_21_13.bmp,gfx/interface/models/ast_model_21_13.bmp,,
production_icon,gfx/interface/models/IND_model_21_2.bmp,gfx/interface/models/ast_model_21_2.bmp,,
production_icon,gfx/interface/models/IND_model_21_2a.bmp,gfx/interface/models/eng_model_21_2a.bmp,,
production_icon,gfx/interface/models/IND_model_21_2b.bmp,gfx/interface/models/eng_model_21_2b.bmp,,
production_icon,gfx/interface/models/IND_model_21_3.bmp,gfx/interface/models/ast_model_21_3.BMP,,
production_icon,gfx/interface/models/IND_model_21_3a.bmp,gfx/interface/models/eng_model_21_3a.bmp,,
production_icon,gfx/interface/models/IND_model_21_3b.bmp,gfx/interface/models/eng_model_21_3b.bmp,,
production_icon,gfx/interface/models/IND_model_21_4.bmp,gfx/interface/models/ast_model_21_4.BMP,,
production_icon,gfx/interface/models/IND_model_21_5.bmp,gfx/interface/models/ast_model_21_5.BMP,,
production_icon,gfx/interface/models/IND_model_21_5a.bmp,gfx/interface/models/eng_model_21_5a.bmp,,
production_icon,gfx/interface/models/IND_model_21_5b.bmp,gfx/interface/models/eng_model_21_5b.bmp,,
production_icon,gfx/interface/models/IND_model_21_6.bmp,gfx/interface/models/ast_model_21_6.BMP,,
production_icon,gfx/interface/models/IND_model_21_7.bmp,gfx/interface/models/ast_model_21_7.BMP,,
production_icon,gfx/interface/models/IND_model_21_8.bmp,gfx/interface/models/ast_model_21_8.BMP,,
production_icon,gfx/interface/models/IND_model_21_9.bmp,gfx/interface/models/ast_model_21_9.BMP,,
production_icon,gfx/interface/models/IND_model_22_0.bmp,gfx/interface/models/ast_model_22_0.bmp,,
production_icon,gfx/interface/models/IND_model_22_1.bmp,gfx/interface/models/ast_model_22_1.bmp,,
production_icon,gfx/interface/models/IND_model_22_2.bmp,gfx/interface/models/ast_model_22_2.bmp,,
production_icon,gfx/interface/models/IND_model_22_3.bmp,gfx/interface/models/ast_model_22_3.bmp,,
production_icon,gfx/interface/models/IND_model_22_4.bmp,gfx/interface/models/ast_model_22_4.bmp,,
production_icon,gfx/interface/models/IND_model_22_5.bmp,gfx/interface/models/ast_model_22_5.BMP,,
production_icon,gfx/interface/models/IND_model_22_6.bmp,gfx/interface/models/ast_model_22_6.bmp,,
production_icon,gfx/interface/models/IND_model_22_6a.bmp,gfx/interface/models/eng_model_22_6a.bmp,,
production_icon,gfx/interface/models/IND_model_22_7.bmp,gfx/interface/models/ast_model_22_7.bmp,,
production_icon,gfx/interface/models/IND_model_22_8.bmp,gfx/interface/models/ast_model_22_8.bmp,,
production_icon,gfx/interface/models/IND_model_22_9.bmp,gfx/interface/models/ast_model_22_9.BMP,,
production_icon,gfx/interface/models/IND_model_23_0.bmp,gfx/interface/models/ast_model_23_0.bmp,,
production_icon,gfx/interface/models/IND_model_23_1.bmp,gfx/interface/models/ast_model_23_1.bmp,,
production_icon,gfx/interface/models/IND_model_23_2.bmp,gfx/interface/models/ast_model_23_2.BMP,,
production_icon,gfx/interface/models/IND_model_23_2a.bmp,gfx/interface/models/eng_model_23_2a.bmp,,
production_icon,gfx/interface/models/IND_model_23_2b.bmp,gfx/interface/models/eng_model_23_2b.bmp,,
production_icon,gfx/interface/models/IND_model_23_3.bmp,gfx/interface/models/ast_model_23_3.bmp,,
production_icon,gfx/interface/models/IND_model_23_4.bmp,gfx/interface/models/ast_model_23_4.BMP,,
production_icon,gfx/interface/models/IND_model_23_5.bmp,gfx/interface/models/ast_model_23_5.bmp,,
production_icon,gfx/interface/models/IND_model_23_6.bmp,gfx/interface/models/ast_model_23_6.bmp,,
production_icon,gfx/interface/models/IND_model_23_7.bmp,gfx/interface/models/ast_model_23_7.BMP,,
production_icon,gfx/interface/models/IND_model_23_8.bmp,gfx/interface/models/ast_model_23_8.BMP,,
production_icon,gfx/interface/models/IND_model_23_9.bmp,gfx/interface/models/ast_model_23_9.BMP,,
production_icon,gfx/interface/models/IND_model_24_0.bmp,gfx/interface/models/ast_model_24_0.BMP,,
production_icon,gfx/interface/models/IND_model_24_1.bmp,gfx/interface/models/ast_model_24_1.BMP,,
production_icon,gfx/interface/models/IND_model_24_2.bmp,gfx/interface/models/ast_model_24_2.BMP,,
production_icon,gfx/interface/models/IND_model_24_3.bmp,gfx/interface/models/ast_model_24_3.bmp,,
production_icon,gfx/interface/models/IND_model_24_4.bmp,gfx/interface/models/ast_model_24_4.bmp,,
production_icon,gfx/interface/models/IND_model_24_5.bmp,gfx/interface/models/ast_model_24_5.BMP,,
production_icon,gfx/interface/models/IND_model_24_6.bmp,gfx/interface/models/ast_model_24_6.bmp,,
production_icon,gfx/interface/models/IND_model_25_0.bmp,gfx/interface/models/ast_model_25_0.bmp,,
production_icon,gfx/interface/models/IND_model_25_1.bmp,gfx/interface/models/ast_model_25_1.bmp,,
production_icon,gfx/interface/models/IND_model_25_1a.bmp,gfx/interface/models/eng_model_25_1a.bmp,,
production_icon,gfx/interface/models/IND_model_25_2.bmp,gfx/interface/models/ast_model_25_2.bmp,,
production_icon,gfx/interface/models/IND_model_25_2a.bmp,gfx/interface/models/eng_model_25_2a.bmp,,
production_icon,gfx/interface/models/IND_model_25_3.bmp,gfx/interface/models/ast_model_25_3.bmp,,
production_icon,gfx/interface/models/IND_model_25_4.bmp,gfx/interface/models/ast_model_25_4.bmp,,
production_icon,gfx/interface/models/IND_model_25_4a.bmp,gfx/interface/models/eng_model_25_4a.bmp,,
production_icon,gfx/interface/models/IND_model_25_5.bmp,gfx/interface/models/ast_model_25_5.bmp,,
production_icon,gfx/interface/models/IND_model_25_6.bmp,gfx/interface/models/ast_model_25_6.bmp,,
production_icon,gfx/interface/models/IND_model_25_7.bmp,gfx/interface/models/ast_model_25_7.bmp,,
production_icon,gfx/interface/models/IND_model_25_8.bmp,gfx/interface/models/ast_model_25_8.bmp,,
production_icon,gfx/interface/models/IND_model_25_9.bmp,gfx/interface/models/ast_model_25_9.bmp,,
production_icon,gfx/interface/models/IND_model_26_0.bmp,gfx/interface/models/ast_model_26_0.BMP,,
production_icon,gfx/interface/models/IND_model_26_1.bmp,gfx/interface/models/ast_model_26_1.bmp,,
production_icon,gfx/interface/models/IND_model_26_2.bmp,gfx/interface/models/ast_model_26_2.bmp,,
production_icon,gfx/interface/models/IND_model_26_3.bmp,gfx/interface/models/ast_model_26_3.BMP,,
production_icon,gfx/interface/models/IND_model_26_4.bmp,gfx/interface/models/ast_model_26_4.bmp,,
production_icon,gfx/interface/models/IND_model_26_5.bmp,gfx/interface/models/ast_model_26_5.BMP,,
production_icon,gfx/interface/models/IND_model_26_6.bmp,gfx/interface/models/ast_model_26_6.BMP,,
production_icon,gfx/interface/models/IND_model_26_7.bmp,gfx/interface/models/ast_model_26_7.bmp,,
production_icon,gfx/interface/models/IND_model_26_8.bmp,gfx/interface/models/ast_model_26_8.BMP,,
production_icon,gfx/interface/models/IND_model_27_0.bmp,gfx/interface/models/ast_model_27_0.bmp,,
production_icon,gfx/interface/models/IND_model_27_1.bmp,gfx/interface/models/ast_model_27_1.bmp,,
production_icon,gfx/interface/models/IND_model_27_2.bmp,gfx/interface/models/ast_model_27_2.bmp,,
production_icon,gfx/interface/models/IND_model_27_3.bmp,gfx/interface/models/ast_model_27_3.bmp,,
production_icon,gfx/interface/models/IND_model_27_4.bmp,gfx/interface/models/ast_model_27_4.bmp,,
production_icon,gfx/interface/models/IND_model_27_5.bmp,gfx/interface/models/ast_model_27_5.bmp,,
production_icon,gfx/interface/models/IND_model_27_6.bmp,gfx/interface/models/ast_model_27_6.bmp,,
production_icon,gfx/interface/models/IND_model_27_7.bmp,gfx/interface/models/ast_model_27_7.bmp,,
production_icon,gfx/interface/models/IND_model_27_8.bmp,gfx/interface/models/ast_model_27_8.bmp,,
production_icon,gfx/interface/models/IND_model_28_0.bmp,gfx/interface/models/ast_model_28_0.bmp,,
production_icon,gfx/interface/models/IND_model_28_1.bmp,gfx/interface/models/ast_model_28_1.bmp,,
production_icon,gfx/interface/models/IND_model_28_10.bmp,gfx/interface/models/ast_model_28_10.bmp,,
production_icon,gfx/interface/models/IND_model_28_11.bmp,gfx/interface/models/ast_model_28_11.bmp,,
production_icon,gfx/interface/models/IND_model_28_12.bmp,gfx/interface/models/ast_model_28_12.bmp,,
production_icon,gfx/interface/models/IND_model_28_2.bmp,gfx/interface/models/ast_model_28_2.bmp,,
production_icon,gfx/interface/models/IND_model_28_3.bmp,gfx/interface/models/ast_model_28_3.bmp,,
production_icon,gfx/interface/models/IND_model_28_4.bmp,gfx/interface/models/ast_model_28_4.bmp,,
production_icon,gfx/interface/models/IND_model_28_4a.bmp,gfx/interface/models/eng_model_28_4a.bmp,,
production_icon,gfx/interface/models/IND_model_28_5.bmp,gfx/interface/models/ast_model_28_5.bmp,,
production_icon,gfx/interface/models/IND_model_28_6.bmp,gfx/interface/models/ast_model_28_6.bmp,,
production_icon,gfx/interface/models/IND_model_28_7.bmp,gfx/interface/models/ast_model_28_7.bmp,,
production_icon,gfx/interface/models/IND_model_28_8.bmp,gfx/interface/models/ast_model_28_8.BMP,,
production_icon,gfx/interface/models/IND_model_28_9.bmp,gfx/interface/models/ast_model_28_9.BMP,,
production_icon,gfx/interface/models/IND_model_29_0.bmp,gfx/interface/models/ast_model_29_0.bmp,,
production_icon,gfx/interface/models/IND_model_29_1.bmp,gfx/interface/models/ast_model_29_1.bmp,,
production_icon,gfx/interface/models/IND_model_29_2.bmp,gfx/interface/models/ast_model_29_2.bmp,,
production_icon,gfx/interface/models/IND_model_2_0.bmp,gfx/interface/models/ast_model_2_0.bmp,,
production_icon,gfx/interface/models/IND_model_2_1.bmp,gfx/interface/models/ast_model_2_1.bmp,,
production_icon,gfx/interface/models/IND_model_2_2.bmp,gfx/interface/models/ast_model_2_2.bmp,,
production_icon,gfx/interface/models/IND_model_2_3.bmp,gfx/interface/models/ast_model_2_3.bmp,,
production_icon,gfx/interface/models/IND_model_2_4.bmp,gfx/interface/models/ast_model_2_4.bmp,,
production_icon,gfx/interface/models/IND_model_2_5.bmp,gfx/interface/models/ast_model_2_5.bmp,,
production_icon,gfx/interface/models/IND_model_2_6.bmp,gfx/interface/models/ENG_model_2_6.bmp,,
production_icon,gfx/interface/models/IND_model_2_7.bmp,gfx/interface/models/ENG_model_2_7.bmp,,
production_icon,gfx/interface/models/IND_model_30_0.bmp,gfx/interface/models/eng_model_30_0.bmp,,
production_icon,gfx/interface/models/IND_model_30_1.bmp,gfx/interface/models/ast_model_30_1.bmp,,
production_icon,gfx/interface/models/IND_model_30_2.bmp,gfx/interface/models/ast_model_30_2.bmp,,
production_icon,gfx/interface/models/IND_model_30_2a.bmp,gfx/interface/models/eng_model_30_2a.bmp,,
production_icon,gfx/interface/models/IND_model_30_3.bmp,gfx/interface/models/ast_model_30_3.bmp,,
production_icon,gfx/interface/models/IND_model_30_4.bmp,gfx/interface/models/ast_model_30_4.bmp,,
production_icon,gfx/interface/models/IND_model_30_5.bmp,gfx/interface/models/ast_model_30_5.bmp,,
production_icon,gfx/interface/models/IND_model_31_0.bmp,gfx/interface/models/ast_model_31_0.bmp,,
production_icon,gfx/interface/models/IND_model_31_1.bmp,gfx/interface/models/ast_model_31_1.bmp,,
production_icon,gfx/interface/models/IND_model_31_2.bmp,gfx/interface/models/ast_model_31_2.bmp,,
production_icon,gfx/interface/models/IND_model_31_3.bmp,gfx/interface/models/ast_model_31_3.bmp,,
production_icon,gfx/interface/models/IND_model_31_4.bmp,gfx/interface/models/ast_model_31_4.bmp,,
production_icon,gfx/interface/models/IND_model_31_5.bmp,gfx/interface/models/ast_model_31_5.bmp,,
production_icon,gfx/interface/models/IND_model_31_6.bmp,gfx/interface/models/ast_model_31_6.bmp,,
production_icon,gfx/interface/models/IND_model_31_7.bmp,gfx/interface/models/ast_model_31_7.bmp,,
production_icon,gfx/interface/models/IND_model_31_8.bmp,gfx/interface/models/ast_model_31_8.bmp,,
production_icon,gfx/interface/models/IND_model_32_0.bmp,gfx/interface/models/ENG_model_32_0.bmp,,
production_icon,gfx/interface/models/IND_model_32_1.bmp,gfx/interface/models/ENG_model_32_1.bmp,,
production_icon,gfx/interface/models/IND_model_3_0.bmp,gfx/interface/models/ast_model_3_0.bmp,,
production_icon,gfx/interface/models/IND_model_3_1.bmp,gfx/interface/models/ast_model_3_1.bmp,,
production_icon,gfx/interface/models/IND_model_3_2.bmp,gfx/interface/models/ast_model_3_2.bmp,,
production_icon,gfx/interface/models/IND_model_3_3.bmp,gfx/interface/models/ast_model_3_3.bmp,,
production_icon,gfx/interface/models/IND_model_3_4.bmp,gfx/interface/models/ast_model_3_4.bmp,,
production_icon,gfx/interface/models/IND_model_3_5.bmp,gfx/interface/models/ast_model_3_5.bmp,,
production_icon,gfx/interface/models/IND_model_45_10.bmp,gfx/interface/models/ENG_model_45_10.bmp,,
production_icon,gfx/interface/models/IND_model_45_11.bmp,gfx/interface/models/ENG_model_45_11.bmp,,
production_icon,gfx/interface/models/IND_model_45_12.bmp,gfx/interface/models/ENG_model_45_12.bmp,,
production_icon,gfx/interface/models/IND_model_45_13.bmp,gfx/interface/models/ENG_model_45_13.bmp,,
production_icon,gfx/interface/models/IND_model_45_14.bmp,gfx/interface/models/ENG_model_45_14.bmp,,
production_icon,gfx/interface/models/IND_model_45_15.bmp,gfx/interface/models/ENG_model_45_15.bmp,,
production_icon,gfx/interface/models/IND_model_45_16.bmp,gfx/interface/models/ENG_model_45_16.bmp,,
production_icon,gfx/interface/models/IND_model_45_17.bmp,gfx/interface/models/ENG_model_45_17.bmp,,
production_icon,gfx/interface/models/IND_model_45_8.bmp,gfx/interface/models/ENG_model_45_8.bmp,,
production_icon,gfx/interface/models/IND_model_45_9.bmp,gfx/interface/models/ENG_model_45_9.bmp,,
production_icon,gfx/interface/models/IND_model_4_0.bmp,gfx/interface/models/ast_model_4_0.bmp,,
production_icon,gfx/interface/models/IND_model_4_1.bmp,gfx/interface/models/ast_model_4_1.bmp,,
production_icon,gfx/interface/models/IND_model_4_1a.bmp,gfx/interface/models/ENG_model_4_1a.bmp,,
production_icon,gfx/interface/models/IND_model_4_2.bmp,gfx/interface/models/ast_model_4_2.bmp,,
production_icon,gfx/interface/models/IND_model_4_2a.bmp,gfx/interface/models/ENG_model_4_2a.bmp,,
production_icon,gfx/interface/models/IND_model_4_3.bmp,gfx/interface/models/ENG_model_4_3.bmp,,
production_icon,gfx/interface/models/IND_model_5_0.bmp,gfx/interface/models/ast_model_5_0.bmp,,
production_icon,gfx/interface/models/IND_model_5_1.bmp,gfx/interface/models/ast_model_5_1.bmp,,
production_icon,gfx/interface/models/IND_model_5_2.bmp,gfx/interface/models/ast_model_5_2.bmp,,
production_icon,gfx/interface/models/IND_model_5_3.bmp,gfx/interface/models/ast_model_5_3.bmp,,
production_icon,gfx/interface/models/IND_model_5_4.bmp,gfx/interface/models/ast_model_5_4.bmp,,
production_icon,gfx/interface/models/IND_model_5_5.bmp,gfx/interface/models/ast_model_5_5.bmp,,
production_icon,gfx/interface/models/IND_model_5_6.bmp,gfx/interface/models/ast_model_5_6.bmp,,
production_icon,gfx/interface/models/IND_model_5_6a.bmp,gfx/interface/models/ENG_model_5_6a.bmp,,
production_icon,gfx/interface/models/IND_model_5_6c.bmp,gfx/interface/models/eng_model_5_6c.bmp,,
production_icon,gfx/interface/models/IND_model_5_7.bmp,gfx/interface/models/ast_model_5_7.bmp,,
production_icon,gfx/interface/models/IND_model_6_0.bmp,gfx/interface/models/ast_model_6_0.bmp,,
production_icon,gfx/interface/models/IND_model_6_1.bmp,gfx/interface/models/ast_model_6_1.bmp,,
production_icon,gfx/interface/models/IND_model_6_2.bmp,gfx/interface/models/ast_model_6_2.bmp,,
production_icon,gfx/interface/models/IND_model_6_3.bmp,gfx/interface/models/ast_model_6_3.bmp,,
production_icon,gfx/interface/models/IND_model_6_4.bmp,gfx/interface/models/ast_model_6_4.bmp,,
production_icon,gfx/interface/models/IND_model_6_5.bmp,gfx/interface/models/ast_model_6_5.bmp,,
production_icon,gfx/interface/models/IND_model_6_6.bmp,gfx/interface/models/ast_model_6_6.bmp,,
production_icon,gfx/interface/models/IND_model_6_7.bmp,gfx/interface/models/ENG_model_6_7.bmp,,
production_icon,gfx/interface/models/IND_model_7_0.bmp,gfx/interface/models/ast_model_7_0.bmp,,
production_icon,gfx/interface/models/IND_model_7_1.bmp,gfx/interface/models/ast_model_7_1.bmp,,
production_icon,gfx/interface/models/IND_model_7_10.bmp,gfx/interface/models/ENG_model_7_10.bmp,,
production_icon,gfx/interface/models/IND_model_7_2.bmp,gfx/interface/models/ast_model_7_2.bmp,,
production_icon,gfx/interface/models/IND_model_7_3.bmp,gfx/interface/models/ast_model_7_3.BMP,,
production_icon,gfx/interface/models/IND_model_7_4.bmp,gfx/interface/models/ast_model_7_4.BMP,,
production_icon,gfx/interface/models/IND_model_7_5.bmp,gfx/interface/models/ast_model_7_5.BMP,,
production_icon,gfx/interface/models/IND_model_7_6.bmp,gfx/interface/models/ast_model_7_6.BMP,,
production_icon,gfx/interface/models/IND_model_7_7.bmp,gfx/interface/models/ast_model_7_7.bmp,,
production_icon,gfx/interface/models/IND_model_7_8.bmp,gfx/interface/models/ENG_model_7_8.bmp,,
production_icon,gfx/interface/models/IND_model_7_9.bmp,gfx/interface/models/ENG_model_7_9.bmp,,
production_icon,gfx/interface/models/IND_model_8_0.bmp,gfx/interface/models/ENG_model_8_0.bmp,,
production_icon,gfx/interface/models/IND_model_8_1.bmp,gfx/interface/models/eng_model_8_1.bmp,,
production_icon,gfx/interface/models/IND_model_8_10.bmp,gfx/interface/models/ast_model_8_10.bmp,,
production_icon,gfx/interface/models/IND_model_8_11.bmp,gfx/interface/models/ast_model_8_11.bmp,,
production_icon,gfx/interface/models/IND_model_8_12.bmp,gfx/interface/models/ast_model_8_12.bmp,,
production_icon,gfx/interface/models/IND_model_8_13.bmp,gfx/interface/models/ast_model_8_13.bmp,,
production_icon,gfx/interface/models/IND_model_8_14.bmp,gfx/interface/models/ENG_model_8_14.bmp,,
production_icon,gfx/interface/models/IND_model_8_15.bmp,gfx/interface/models/ENG_model_8_15.bmp,,
production_icon,gfx/interface/models/IND_model_8_16.bmp,gfx/interface/models/ENG_model_8_16.bmp,,
production_icon,gfx/interface/models/IND_model_8_17.bmp,gfx/interface/models/ENG_model_8_17.bmp,,
production_icon,gfx/interface/models/IND_model_8_2.bmp,gfx/interface/models/eng_model_8_2.bmp,,
production_icon,gfx/interface/models/IND_model_8_3.bmp,gfx/interface/models/eng_model_8_3.bmp,,
production_icon,gfx/interface/models/IND_model_8_4.bmp,gfx/interface/models/eng_model_8_4.bmp,,
production_icon,gfx/interface/models/IND_model_8_5.bmp,gfx/interface/models/eng_model_8_5.bmp,,
production_icon,gfx/interface/models/IND_model_8_6.bmp,gfx/interface/models/ast_model_8_6.bmp,,
production_icon,gfx/interface/models/IND_model_8_7.bmp,gfx/interface/models/ast_model_8_7.bmp,,
production_icon,gfx/interface/models/IND_model_8_8.bmp,gfx/interface/models/ast_model_8_8.bmp,,
production_icon,gfx/interface/models/IND_model_8_9.bmp,gfx/interface/models/ast_model_8_9.bmp,,
production_icon,gfx/interface/models/IND_model_9_0.bmp,gfx/interface/models/ENG_model_9_0.bmp,,
production_icon,gfx/interface/models/IND_model_9_1.bmp,gfx/interface/models/ENG_model_9_1.bmp,,
production_icon,gfx/interface/models/IND_model_9_2.bmp,gfx/interface/models/ENG_model_9_2.bmp,,
production_icon,gfx/interface/models/IND_model_9_3.bmp,gfx/interface/models/ast_model_9_3.bmp,,
production_icon,gfx/interface/models/IND_model_9_4.bmp,gfx/interface/models/ast_model_9_4.bmp,,
production_icon,gfx/interface/models/IND_model_9_5.bmp,gfx/interface/models/ast_model_9_5.bmp,,
production_icon,gfx/interface/models/IND_model_9_6.bmp,gfx/interface/models/ast_model_9_6.bmp,,
production_icon,gfx/interface/models/IND_model_9_7.bmp,gfx/interface/models/ast_model_9_7.bmp,,
production_icon,gfx/interface/models/IND_model_9_8.bmp,gfx/interface/models/ast_model_9_8.bmp,,
production_icon,gfx/interface/models/IND_model_9_9.bmp,gfx/interface/models/ENG_model_9_9.bmp,,
