path,kind,family,source,provenance,sha256
mod/gfx/map/units/bmp/AUBM-IND-ARMOR A-FIRE D-E.bmp,bmp,armor,tools/art_sources/v4_sprites/india_service_sheet_01.png#panel=4,generated original India service sprite; not derived from another mod,15668ac85d66095706ab038138c643a558828e7a5c0488179195bc7224334c73
mod/gfx/map/units/bmp/AUBM-IND-ARMOR A-FIRE D-N.bmp,bmp,armor,tools/art_sources/v4_sprites/india_service_sheet_01.png#panel=4,generated original India service sprite; not derived from another mod,554f03c857680fee31486e29cb82fe000cbd8f8a723a11bfffee8f81f1932d2d
mod/gfx/map/units/bmp/AUBM-IND-ARMOR A-FIRE D-NE.bmp,bmp,armor,tools/art_sources/v4_sprites/india_service_sheet_01.png#panel=4,generated original India service sprite; not derived from another mod,7c9969eeb9b8e11677cd545733d61214ed60e1afd58365033f01ea001173de0d
mod/gfx/map/units/bmp/AUBM-IND-ARMOR A-FIRE D-NW.bmp,bmp,armor,tools/art_sources/v4_sprites/india_service_sheet_01.png#panel=4,generated original India service sprite; not derived from another mod,35e3dc01e61fb6c84c679f05e61ef019909d4793399fb15b76986c06943d801f
mod/gfx/map/units/bmp/AUBM-IND-ARMOR A-FIRE D-S.bmp,bmp,armor,tools/art_sources/v4_sprites/india_service_sheet_01.png#panel=4,generated original India service sprite; not derived from another mod,6e94459ce48723ddb1e10d73a69b7acf027c6d16a79189f1c6ba7040e97388a3
mod/gfx/map/units/bmp/AUBM-IND-ARMOR A-FIRE D-SE.bmp,bmp,armor,tools/art_sources/v4_sprites/india_service_sheet_01.png#panel=4,generated original India service sprite; not derived from another mod,3a6d91b26e95f02adc3dd3caa63689949976e8240c5ec0a8a24cc7d90254f08f
mod/gfx/map/units/bmp/AUBM-IND-ARMOR A-FIRE D-SW.bmp,bmp,armor,tools/art_sources/v4_sprites/india_service_sheet_01.png#panel=4,generated original India service sprite; not derived from another mod,5b68d09ead6fa9ca017acd5c1f8780cda94d682b16c3b4b8201942b3cfdb87b2
mod/gfx/map/units/bmp/AUBM-IND-ARMOR A-FIRE D-W.bmp,bmp,armor,tools/art_sources/v4_sprites/india_service_sheet_01.png#panel=4,generated original India service sprite; not derived from another mod,90da94c6d72c2eec10add23c229bdc72be4103326a2a1ae6c8ba2aae3fbb2fde
mod/gfx/map/units/bmp/AUBM-IND-ARMOR A-STAND.bmp,bmp,armor,tools/art_sources/v4_sprites/india_service_sheet_01.png#panel=4,generated original India service sprite; not derived from another mod,4b40eda9cd48acf66874614a59f3273ce1f062cae9eade938f65d590ba8622fa
mod/gfx/map/units/bmp/AUBM-IND-ARMOR A-WALK D-E.bmp,bmp,armor,tools/art_sources/v4_sprites/india_service_sheet_01.png#panel=4,generated original India service sprite; not derived from another mod,691e2b5366cebc9d65172f56fe76d7839052fe1a411ccdfc1add32d418a7d167
mod/gfx/map/units/bmp/AUBM-IND-ARMOR A-WALK D-N.bmp,bmp,armor,tools/art_sources/v4_sprites/india_service_sheet_01.png#panel=4,generated original India service sprite; not derived from another mod,56181513666e6df1629b5d88dc7826dce501476ee442b270c2d0db41026973cf
mod/gfx/map/units/bmp/AUBM-IND-ARMOR A-WALK D-NE.bmp,bmp,armor,tools/art_sources/v4_sprites/india_service_sheet_01.png#panel=4,generated original India service sprite; not derived from another mod,8c41398ecb85b2ec2e61380feac0c634dedcbff991dbef8ae7ddd4301ad1f402
mod/gfx/map/units/bmp/AUBM-IND-ARMOR A-WALK D-NW.bmp,bmp,armor,tools/art_sources/v4_sprites/india_service_sheet_01.png#panel=4,generated original India service sprite; not derived from another mod,c3c3e4edf270caa2a0baf772d72a5dd8db07d8fe26cf9c06465e4d134f765683
mod/gfx/map/units/bmp/AUBM-IND-ARMOR A-WALK D-S.bmp,bmp,armor,tools/art_sources/v4_sprites/india_service_sheet_01.png#panel=4,generated original India service sprite; not derived from another mod,e5e7660b7c72760b7319f0e500ecfa45a21203095fc85c881b80cace2d3eab6f
mod/gfx/map/units/bmp/AUBM-IND-ARMOR A-WALK D-SE.bmp,bmp,armor,tools/art_sources/v4_sprites/india_service_sheet_01.png#panel=4,generated original India service sprite; not derived from another mod,d61f8050151fc36e654e49a6514cf458afb0139dfb735eb479d1e0c1dc11e22e
mod/gfx/map/units/bmp/AUBM-IND-ARMOR A-WALK D-SW.bmp,bmp,armor,tools/art_sources/v4_sprites/india_service_sheet_01.png#panel=4,generated original India service sprite; not derived from another mod,686653d5439ca06a5b9718afc7017a7fcc468e61a2c83d777e42fb29a90bd4ef
mod/gfx/map/units/bmp/AUBM-IND-ARMOR A-WALK D-W.bmp,bmp,armor,tools/art_sources/v4_sprites/india_service_sheet_01.png#panel=4,generated original India service sprite; not derived from another mod,3964f024bdc0cd475494282bb4cdd518e6fdb0eb6a2f2996b1dacdfd722b7987
mod/gfx/map/units/bmp/AUBM-IND-BOMBER A-FIRE D-E.bmp,bmp,bomber,tools/art_sources/v4_sprites/india_service_sheet_01.png#panel=6,generated original India service sprite; not derived from another mod,9fac8382cf9904adbe3c337c7b149961e39df19d02f02a35039919583f039314
mod/gfx/map/units/bmp/AUBM-IND-BOMBER A-FIRE D-N.bmp,bmp,bomber,tools/art_sources/v4_sprites/india_service_sheet_01.png#panel=6,generated original India service sprite; not derived from another mod,01531ecd168524e092a02121e69338394f0ce06304d194313ec3afd39f02b536
mod/gfx/map/units/bmp/AUBM-IND-BOMBER A-FIRE D-NE.bmp,bmp,bomber,tools/art_sources/v4_sprites/india_service_sheet_01.png#panel=6,generated original India service sprite; not derived from another mod,df1c7a2adbc24e49d8adec2003993e7de2040689e8952e99e70a8d1e48d41a37
mod/gfx/map/units/bmp/AUBM-IND-BOMBER A-FIRE D-NW.bmp,bmp,bomber,tools/art_sources/v4_sprites/india_service_sheet_01.png#panel=6,generated original India service sprite; not derived from another mod,724eef736c20ff51c9bb1c22643ef4897cb8f7143fbca78d3b552201193a89fa
mod/gfx/map/units/bmp/AUBM-IND-BOMBER A-FIRE D-S.bmp,bmp,bomber,tools/art_sources/v4_sprites/india_service_sheet_01.png#panel=6,generated original India service sprite; not derived from another mod,67344ce2739af05d6de7f4d3fc20f148beb0d3fdfc669751b6d765c39fd1af5a
mod/gfx/map/units/bmp/AUBM-IND-BOMBER A-FIRE D-SE.bmp,bmp,bomber,tools/art_sources/v4_sprites/india_service_sheet_01.png#panel=6,generated original India service sprite; not derived from another mod,0f0886feb8bfe13a9886200bf247d1bb527759667ee640c468b333d63549d72d
mod/gfx/map/units/bmp/AUBM-IND-BOMBER A-FIRE D-SW.bmp,bmp,bomber,tools/art_sources/v4_sprites/india_service_sheet_01.png#panel=6,generated original India service sprite; not derived from another mod,cb66e1052d041bdca307e7e731f2366f124e3c0fbb91ed9349dc2b509bd5da4c
mod/gfx/map/units/bmp/AUBM-IND-BOMBER A-FIRE D-W.bmp,bmp,bomber,tools/art_sources/v4_sprites/india_service_sheet_01.png#panel=6,generated original India service sprite; not derived from another mod,babf64591f8312ffa51946416070a764d3444e000cbc9a51b1e5def8a82dac0e
mod/gfx/map/units/bmp/AUBM-IND-BOMBER A-STAND.bmp,bmp,bomber,tools/art_sources/v4_sprites/india_service_sheet_01.png#panel=6,generated original India service sprite; not derived from another mod,ed8d4615008709c145f5bdf4a396e03b1bd18fa9662c53f64af7259d93f0f682
mod/gfx/map/units/bmp/AUBM-IND-BOMBER A-WALK D-E.bmp,bmp,bomber,tools/art_sources/v4_sprites/india_service_sheet_01.png#panel=6,generated original India service sprite; not derived from another mod,6dcb8fb6012ebbbbed15e89c245cc81a60650eff14ef6aaf37607fccc243ab1e
mod/gfx/map/units/bmp/AUBM-IND-BOMBER A-WALK D-N.bmp,bmp,bomber,tools/art_sources/v4_sprites/india_service_sheet_01.png#panel=6,generated original India service sprite; not derived from another mod,6a9f2086e58e7130aad54c2e05a28543fa3f217ff2d40d09aa0612bc064f6cce
mod/gfx/map/units/bmp/AUBM-IND-BOMBER A-WALK D-NE.bmp,bmp,bomber,tools/art_sources/v4_sprites/india_service_sheet_01.png#panel=6,generated original India service sprite; not derived from another mod,82028661e723a0dad4806af841f22f19cd8ee8512f7dee51f14b241de0967b60
mod/gfx/map/units/bmp/AUBM-IND-BOMBER A-WALK D-NW.bmp,bmp,bomber,tools/art_sources/v4_sprites/india_service_sheet_01.png#panel=6,generated original India service sprite; not derived from another mod,5371d875eef5b2c1075061772318e89adc7eac7576c4cef0f1edf03da4d8529d
mod/gfx/map/units/bmp/AUBM-IND-BOMBER A-WALK D-S.bmp,bmp,bomber,tools/art_sources/v4_sprites/india_service_sheet_01.png#panel=6,generated original India service sprite; not derived from another mod,87935afbc23e8aa5c04549d9aed0328897c8ddddf7f1b4f8ac9e734f773404c9
mod/gfx/map/units/bmp/AUBM-IND-BOMBER A-WALK D-SE.bmp,bmp,bomber,tools/art_sources/v4_sprites/india_service_sheet_01.png#panel=6,generated original India service sprite; not derived from another mod,39548058db47bd3e7d93133f1c04965912ea0605075d9875e45a1b7b42956fd5
mod/gfx/map/units/bmp/AUBM-IND-BOMBER A-WALK D-SW.bmp,bmp,bomber,tools/art_sources/v4_sprites/india_service_sheet_01.png#panel=6,generated original India service sprite; not derived from another mod,c2a07d107105dedb7844ba9a58b69fc814ff07fd76b6415a0e9aac0ce545b744
mod/gfx/map/units/bmp/AUBM-IND-BOMBER A-WALK D-W.bmp,bmp,bomber,tools/art_sources/v4_sprites/india_service_sheet_01.png#panel=6,generated original India service sprite; not derived from another mod,10ed0d71a649a8b0a5bdf81a6dbe4ec6b2634b39994bb7bed7761243523ca102
mod/gfx/map/units/bmp/AUBM-IND-CAPITAL A-FIRE D-E.bmp,bmp,capital,tools/art_sources/v4_sprites/india_service_sheet_02.png#panel=1,generated original India service sprite; not derived from another mod,d06de4ba49a61c5d817f13314ef2d667c2ad5617699d0570631740dceb40e71f
mod/gfx/map/units/bmp/AUBM-IND-CAPITAL A-FIRE D-N.bmp,bmp,capital,tools/art_sources/v4_sprites/india_service_sheet_02.png#panel=1,generated original India service sprite; not derived from another mod,bb83e997dc17e4432a1609a77d4322e7cd3d0fecfda29a8b880e5a8ddcabb480
mod/gfx/map/units/bmp/AUBM-IND-CAPITAL A-FIRE D-NE.bmp,bmp,capital,tools/art_sources/v4_sprites/india_service_sheet_02.png#panel=1,generated original India service sprite; not derived from another mod,176e0a2926da494928934f3b4c5d1f19f94c08f698c30a47191d844a5afb7930
mod/gfx/map/units/bmp/AUBM-IND-CAPITAL A-FIRE D-NW.bmp,bmp,capital,tools/art_sources/v4_sprites/india_service_sheet_02.png#panel=1,generated original India service sprite; not derived from another mod,e07a54216e50b1295cfa79c78259fd0c57007248eed7d36dbc72f19f3c22483d
mod/gfx/map/units/bmp/AUBM-IND-CAPITAL A-FIRE D-S.bmp,bmp,capital,tools/art_sources/v4_sprites/india_service_sheet_02.png#panel=1,generated original India service sprite; not derived from another mod,1b43265cdd0da12bd72b84e56bc490b609d1f181197092f8a11169ddff818518
mod/gfx/map/units/bmp/AUBM-IND-CAPITAL A-FIRE D-SE.bmp,bmp,capital,tools/art_sources/v4_sprites/india_service_sheet_02.png#panel=1,generated original India service sprite; not derived from another mod,1b0012835c19bddd1c00e48ae54ae133bb812c306a7e62b840b00e7a8829241e
mod/gfx/map/units/bmp/AUBM-IND-CAPITAL A-FIRE D-SW.bmp,bmp,capital,tools/art_sources/v4_sprites/india_service_sheet_02.png#panel=1,generated original India service sprite; not derived from another mod,1320d043a2cb1e014e079221d1980804fae72467e58f283220ab34e97f526a2b
mod/gfx/map/units/bmp/AUBM-IND-CAPITAL A-FIRE D-W.bmp,bmp,capital,tools/art_sources/v4_sprites/india_service_sheet_02.png#panel=1,generated original India service sprite; not derived from another mod,97047317b77d5081551a80cb764f92e49733f991b23b607e948355c05b2adc06
mod/gfx/map/units/bmp/AUBM-IND-CAPITAL A-STAND.bmp,bmp,capital,tools/art_sources/v4_sprites/india_service_sheet_02.png#panel=1,generated original India service sprite; not derived from another mod,09dd8b91fa08518dbd2b6204483cb95fabbb21715ddb6e97cfa0912cffb9e7c7
mod/gfx/map/units/bmp/AUBM-IND-CAPITAL A-WALK D-E.bmp,bmp,capital,tools/art_sources/v4_sprites/india_service_sheet_02.png#panel=1,generated original India service sprite; not derived from another mod,ec471788837c8994e66f2411d37cea1d8f9abcb7efb941484497aab87d49b0fc
mod/gfx/map/units/bmp/AUBM-IND-CAPITAL A-WALK D-N.bmp,bmp,capital,tools/art_sources/v4_sprites/india_service_sheet_02.png#panel=1,generated original India service sprite; not derived from another mod,4cc222488d7e58f1c2531a882e50e7e5b164acb6d62062f71330398e7b558192
mod/gfx/map/units/bmp/AUBM-IND-CAPITAL A-WALK D-NE.bmp,bmp,capital,tools/art_sources/v4_sprites/india_service_sheet_02.png#panel=1,generated original India service sprite; not derived from another mod,a6f98f3171dca2b4c2981c77115fa31dabeb5463fbdab4bbecbd34a6c66f5388
mod/gfx/map/units/bmp/AUBM-IND-CAPITAL A-WALK D-NW.bmp,bmp,capital,tools/art_sources/v4_sprites/india_service_sheet_02.png#panel=1,generated original India service sprite; not derived from another mod,8c025394a6bfad0d096a253787b4bc28c69df4720b0a6897fcc4df09c680abbe
mod/gfx/map/units/bmp/AUBM-IND-CAPITAL A-WALK D-S.bmp,bmp,capital,tools/art_sources/v4_sprites/india_service_sheet_02.png#panel=1,generated original India service sprite; not derived from another mod,e733ff6d96f3f7836f13b55dd3bb77ac826d879d7685ba38930941158c21fdd8
mod/gfx/map/units/bmp/AUBM-IND-CAPITAL A-WALK D-SE.bmp,bmp,capital,tools/art_sources/v4_sprites/india_service_sheet_02.png#panel=1,generated original India service sprite; not derived from another mod,3aea74e86a22d795daef3841911340979b7cdc7410910a34111131bae1d55449
mod/gfx/map/units/bmp/AUBM-IND-CAPITAL A-WALK D-SW.bmp,bmp,capital,tools/art_sources/v4_sprites/india_service_sheet_02.png#panel=1,generated original India service sprite; not derived from another mod,d44050d46bf55a39ae9f1e1cb8a2c7f3631b2a97f9386584d31ae91bce81e037
mod/gfx/map/units/bmp/AUBM-IND-CAPITAL A-WALK D-W.bmp,bmp,capital,tools/art_sources/v4_sprites/india_service_sheet_02.png#panel=1,generated original India service sprite; not derived from another mod,c935aa1df618a0c6ebce9083ec1e65261a13f6a5504197c7f495cc8319e482d3
mod/gfx/map/units/bmp/AUBM-IND-CARRIER A-FIRE D-E.bmp,bmp,carrier,tools/art_sources/v4_sprites/india_service_sheet_01.png#panel=8,generated original India service sprite; not derived from another mod,96da9bf89145ea3470d96bb77e33e6a39a19a4f64fd2e48f8b240ba487360b80
mod/gfx/map/units/bmp/AUBM-IND-CARRIER A-FIRE D-N.bmp,bmp,carrier,tools/art_sources/v4_sprites/india_service_sheet_01.png#panel=8,generated original India service sprite; not derived from another mod,55f5136073d388bc7e013d5a7702df407e92ea6108d967c435238c57efa819d7
mod/gfx/map/units/bmp/AUBM-IND-CARRIER A-FIRE D-NE.bmp,bmp,carrier,tools/art_sources/v4_sprites/india_service_sheet_01.png#panel=8,generated original India service sprite; not derived from another mod,9090e836c3c925442e19cf118fd9b6f872cc2b4bb800861f0833dc8da43bd924
mod/gfx/map/units/bmp/AUBM-IND-CARRIER A-FIRE D-NW.bmp,bmp,carrier,tools/art_sources/v4_sprites/india_service_sheet_01.png#panel=8,generated original India service sprite; not derived from another mod,d9a308d62624914a55afb5543c5dd0c70cc9b4abc2deff59a56f872179e029f8
mod/gfx/map/units/bmp/AUBM-IND-CARRIER A-FIRE D-S.bmp,bmp,carrier,tools/art_sources/v4_sprites/india_service_sheet_01.png#panel=8,generated original India service sprite; not derived from another mod,496f897ee848cf0d23e3a07d4171326fdf5f4bedc063f6a93974fc607bb44f58
mod/gfx/map/units/bmp/AUBM-IND-CARRIER A-FIRE D-SE.bmp,bmp,carrier,tools/art_sources/v4_sprites/india_service_sheet_01.png#panel=8,generated original India service sprite; not derived from another mod,32f2084eb410bbf82fb686e4dcd65ac011e0734d5fb016d00c0f4a345573dc5a
mod/gfx/map/units/bmp/AUBM-IND-CARRIER A-FIRE D-SW.bmp,bmp,carrier,tools/art_sources/v4_sprites/india_service_sheet_01.png#panel=8,generated original India service sprite; not derived from another mod,c1bad2459bc97ebc88bda8c65dd39e6bf6bc7b2cce9556dd198b1bc854b5fd31
mod/gfx/map/units/bmp/AUBM-IND-CARRIER A-FIRE D-W.bmp,bmp,carrier,tools/art_sources/v4_sprites/india_service_sheet_01.png#panel=8,generated original India service sprite; not derived from another mod,272e1a308bdf5c9c67552a9b8fb54bcba1aaf1757bcfc3a11c015e98a6723f73
mod/gfx/map/units/bmp/AUBM-IND-CARRIER A-STAND.bmp,bmp,carrier,tools/art_sources/v4_sprites/india_service_sheet_01.png#panel=8,generated original India service sprite; not derived from another mod,d74ae79a926491352e3f17ece9aa9ceedff35d46f9a3ff0e1a7787c673f74cd0
mod/gfx/map/units/bmp/AUBM-IND-CARRIER A-WALK D-E.bmp,bmp,carrier,tools/art_sources/v4_sprites/india_service_sheet_01.png#panel=8,generated original India service sprite; not derived from another mod,984ad6cce1477d590a6ca53bce3c38a0504b644dcd87afa9991d461760a26e60
mod/gfx/map/units/bmp/AUBM-IND-CARRIER A-WALK D-N.bmp,bmp,carrier,tools/art_sources/v4_sprites/india_service_sheet_01.png#panel=8,generated original India service sprite; not derived from another mod,c8bd83e63241a0a480c98a7557daa182ade9c6d98bc523536b8a010789440844
mod/gfx/map/units/bmp/AUBM-IND-CARRIER A-WALK D-NE.bmp,bmp,carrier,tools/art_sources/v4_sprites/india_service_sheet_01.png#panel=8,generated original India service sprite; not derived from another mod,f4c0684885da58fbdc400c499f6a52622ad77c6be6a93ebc13e5bc4258a413d2
mod/gfx/map/units/bmp/AUBM-IND-CARRIER A-WALK D-NW.bmp,bmp,carrier,tools/art_sources/v4_sprites/india_service_sheet_01.png#panel=8,generated original India service sprite; not derived from another mod,4396bd139d0908b1c2c6662826f62e1bdea372a9c59b143775376c00a1886b7c
mod/gfx/map/units/bmp/AUBM-IND-CARRIER A-WALK D-S.bmp,bmp,carrier,tools/art_sources/v4_sprites/india_service_sheet_01.png#panel=8,generated original India service sprite; not derived from another mod,17346349ab395735dec745b1cfa28451c74bb8c9fe30e8445cf51ddd0729d57a
mod/gfx/map/units/bmp/AUBM-IND-CARRIER A-WALK D-SE.bmp,bmp,carrier,tools/art_sources/v4_sprites/india_service_sheet_01.png#panel=8,generated original India service sprite; not derived from another mod,2bce319efe45c5f29247720942f6faeaab5a0148fcb8234de852337cc6d08b73
mod/gfx/map/units/bmp/AUBM-IND-CARRIER A-WALK D-SW.bmp,bmp,carrier,tools/art_sources/v4_sprites/india_service_sheet_01.png#panel=8,generated original India service sprite; not derived from another mod,40a9eb58dbfdfc99bcbf4415832bcb88fb84f786c7b86c290478500bc225c3b3
mod/gfx/map/units/bmp/AUBM-IND-CARRIER A-WALK D-W.bmp,bmp,carrier,tools/art_sources/v4_sprites/india_service_sheet_01.png#panel=8,generated original India service sprite; not derived from another mod,9dddce1a5877527b83e7cf5e1e39141ae5270cd8565210b362e5ac498ffabe6d
mod/gfx/map/units/bmp/AUBM-IND-CAVALRY A-FIRE D-E.bmp,bmp,cavalry,tools/art_sources/v4_sprites/india_service_sheet_02.png#panel=4,generated original India service sprite; not derived from another mod,6a486931d83ad0281a95b801a224125bd113b707b1078fb7f3214d325f797b16
mod/gfx/map/units/bmp/AUBM-IND-CAVALRY A-FIRE D-N.bmp,bmp,cavalry,tools/art_sources/v4_sprites/india_service_sheet_02.png#panel=4,generated original India service sprite; not derived from another mod,6a486931d83ad0281a95b801a224125bd113b707b1078fb7f3214d325f797b16
mod/gfx/map/units/bmp/AUBM-IND-CAVALRY A-FIRE D-NE.bmp,bmp,cavalry,tools/art_sources/v4_sprites/india_service_sheet_02.png#panel=4,generated original India service sprite; not derived from another mod,6a486931d83ad0281a95b801a224125bd113b707b1078fb7f3214d325f797b16
mod/gfx/map/units/bmp/AUBM-IND-CAVALRY A-FIRE D-NW.bmp,bmp,cavalry,tools/art_sources/v4_sprites/india_service_sheet_02.png#panel=4,generated original India service sprite; not derived from another mod,d899bab8d727e54eee81fc9309895a0d50c36a0d5b1a5dbd89b75f7fd4633a4a
mod/gfx/map/units/bmp/AUBM-IND-CAVALRY A-FIRE D-S.bmp,bmp,cavalry,tools/art_sources/v4_sprites/india_service_sheet_02.png#panel=4,generated original India service sprite; not derived from another mod,6a486931d83ad0281a95b801a224125bd113b707b1078fb7f3214d325f797b16
mod/gfx/map/units/bmp/AUBM-IND-CAVALRY A-FIRE D-SE.bmp,bmp,cavalry,tools/art_sources/v4_sprites/india_service_sheet_02.png#panel=4,generated original India service sprite; not derived from another mod,6a486931d83ad0281a95b801a224125bd113b707b1078fb7f3214d325f797b16
mod/gfx/map/units/bmp/AUBM-IND-CAVALRY A-FIRE D-SW.bmp,bmp,cavalry,tools/art_sources/v4_sprites/india_service_sheet_02.png#panel=4,generated original India service sprite; not derived from another mod,d899bab8d727e54eee81fc9309895a0d50c36a0d5b1a5dbd89b75f7fd4633a4a
mod/gfx/map/units/bmp/AUBM-IND-CAVALRY A-FIRE D-W.bmp,bmp,cavalry,tools/art_sources/v4_sprites/india_service_sheet_02.png#panel=4,generated original India service sprite; not derived from another mod,d899bab8d727e54eee81fc9309895a0d50c36a0d5b1a5dbd89b75f7fd4633a4a
mod/gfx/map/units/bmp/AUBM-IND-CAVALRY A-STAND.bmp,bmp,cavalry,tools/art_sources/v4_sprites/india_service_sheet_02.png#panel=4,generated original India service sprite; not derived from another mod,b093264000801d523bce17796efa808e5c07348dc9c7e61b6c564f164f743731
mod/gfx/map/units/bmp/AUBM-IND-CAVALRY A-WALK D-E.bmp,bmp,cavalry,tools/art_sources/v4_sprites/india_service_sheet_02.png#panel=4,generated original India service sprite; not derived from another mod,7981b2c8a2216145d6b48eb5ecd02a76275d59799c6f65e602bba0f75fcb2c80
mod/gfx/map/units/bmp/AUBM-IND-CAVALRY A-WALK D-N.bmp,bmp,cavalry,tools/art_sources/v4_sprites/india_service_sheet_02.png#panel=4,generated original India service sprite; not derived from another mod,7981b2c8a2216145d6b48eb5ecd02a76275d59799c6f65e602bba0f75fcb2c80
mod/gfx/map/units/bmp/AUBM-IND-CAVALRY A-WALK D-NE.bmp,bmp,cavalry,tools/art_sources/v4_sprites/india_service_sheet_02.png#panel=4,generated original India service sprite; not derived from another mod,7981b2c8a2216145d6b48eb5ecd02a76275d59799c6f65e602bba0f75fcb2c80
mod/gfx/map/units/bmp/AUBM-IND-CAVALRY A-WALK D-NW.bmp,bmp,cavalry,tools/art_sources/v4_sprites/india_service_sheet_02.png#panel=4,generated original India service sprite; not derived from another mod,e68c8b510583eb50a5ab164b54d009afde808d2461388fc39a2fb25b2d33140b
mod/gfx/map/units/bmp/AUBM-IND-CAVALRY A-WALK D-S.bmp,bmp,cavalry,tools/art_sources/v4_sprites/india_service_sheet_02.png#panel=4,generated original India service sprite; not derived from another mod,7981b2c8a2216145d6b48eb5ecd02a76275d59799c6f65e602bba0f75fcb2c80
mod/gfx/map/units/bmp/AUBM-IND-CAVALRY A-WALK D-SE.bmp,bmp,cavalry,tools/art_sources/v4_sprites/india_service_sheet_02.png#panel=4,generated original India service sprite; not derived from another mod,7981b2c8a2216145d6b48eb5ecd02a76275d59799c6f65e602bba0f75fcb2c80
mod/gfx/map/units/bmp/AUBM-IND-CAVALRY A-WALK D-SW.bmp,bmp,cavalry,tools/art_sources/v4_sprites/india_service_sheet_02.png#panel=4,generated original India service sprite; not derived from another mod,e68c8b510583eb50a5ab164b54d009afde808d2461388fc39a2fb25b2d33140b
mod/gfx/map/units/bmp/AUBM-IND-CAVALRY A-WALK D-W.bmp,bmp,cavalry,tools/art_sources/v4_sprites/india_service_sheet_02.png#panel=4,generated original India service sprite; not derived from another mod,e68c8b510583eb50a5ab164b54d009afde808d2461388fc39a2fb25b2d33140b
mod/gfx/map/units/bmp/AUBM-IND-CRUISER A-FIRE D-E.bmp,bmp,cruiser,tools/art_sources/v4_sprites/india_service_sheet_02.png#panel=2,generated original India service sprite; not derived from another mod,396e07e228308a623265889c5f35a02c2a2642d20cb1472392cd2bedca93a286
mod/gfx/map/units/bmp/AUBM-IND-CRUISER A-FIRE D-N.bmp,bmp,cruiser,tools/art_sources/v4_sprites/india_service_sheet_02.png#panel=2,generated original India service sprite; not derived from another mod,f6fe7e4b52863e044fccab5730175311eb78f66274feb1f01b2656155b6e926d
mod/gfx/map/units/bmp/AUBM-IND-CRUISER A-FIRE D-NE.bmp,bmp,cruiser,tools/art_sources/v4_sprites/india_service_sheet_02.png#panel=2,generated original India service sprite; not derived from another mod,3555ef610ccaa6170eaace52f88c882caf1c2f5db349408eb8f525f72eb33adb
mod/gfx/map/units/bmp/AUBM-IND-CRUISER A-FIRE D-NW.bmp,bmp,cruiser,tools/art_sources/v4_sprites/india_service_sheet_02.png#panel=2,generated original India service sprite; not derived from another mod,658d4f63d7266b3c7804854a40457d4e554a90a8c3d6940ff2cc5c64641708f2
mod/gfx/map/units/bmp/AUBM-IND-CRUISER A-FIRE D-S.bmp,bmp,cruiser,tools/art_sources/v4_sprites/india_service_sheet_02.png#panel=2,generated original India service sprite; not derived from another mod,278c704fa4917c195621ca6324bfcedf5070119e024c1b3ccbff75cb977d091a
mod/gfx/map/units/bmp/AUBM-IND-CRUISER A-FIRE D-SE.bmp,bmp,cruiser,tools/art_sources/v4_sprites/india_service_sheet_02.png#panel=2,generated original India service sprite; not derived from another mod,55aaeba7c102b7c538a20149aa6a407344b226040c80c1aa46b30ce18f13708d
mod/gfx/map/units/bmp/AUBM-IND-CRUISER A-FIRE D-SW.bmp,bmp,cruiser,tools/art_sources/v4_sprites/india_service_sheet_02.png#panel=2,generated original India service sprite; not derived from another mod,dc2968c6a1c7e32b2acdd237f8f62268cd5bb62630c1f70dc09056262a48b902
mod/gfx/map/units/bmp/AUBM-IND-CRUISER A-FIRE D-W.bmp,bmp,cruiser,tools/art_sources/v4_sprites/india_service_sheet_02.png#panel=2,generated original India service sprite; not derived from another mod,2ae4fa13e7532a5fdce0260bb4021c1765ff3f1d0bf7c4cb2dfe5baac5bf6675
mod/gfx/map/units/bmp/AUBM-IND-CRUISER A-STAND.bmp,bmp,cruiser,tools/art_sources/v4_sprites/india_service_sheet_02.png#panel=2,generated original India service sprite; not derived from another mod,bae8aae089ebb12cdfdcc67d0ce8ccbb754f2de4a4f27e9026b1db011956611f
mod/gfx/map/units/bmp/AUBM-IND-CRUISER A-WALK D-E.bmp,bmp,cruiser,tools/art_sources/v4_sprites/india_service_sheet_02.png#panel=2,generated original India service sprite; not derived from another mod,9a8e446eed76adef455342ccb0c2ed6cbb43637255e1f930b31d6f0d381637e0
mod/gfx/map/units/bmp/AUBM-IND-CRUISER A-WALK D-N.bmp,bmp,cruiser,tools/art_sources/v4_sprites/india_service_sheet_02.png#panel=2,generated original India service sprite; not derived from another mod,6c9799df8e9174154651d6f796e0dd20196ab27bdbd10dcf2983eb5a55130906
mod/gfx/map/units/bmp/AUBM-IND-CRUISER A-WALK D-NE.bmp,bmp,cruiser,tools/art_sources/v4_sprites/india_service_sheet_02.png#panel=2,generated original India service sprite; not derived from another mod,ad7b60824f15c98cecf61ed35a0b011aaa18853ef328ffc3d6de14e82422efbd
mod/gfx/map/units/bmp/AUBM-IND-CRUISER A-WALK D-NW.bmp,bmp,cruiser,tools/art_sources/v4_sprites/india_service_sheet_02.png#panel=2,generated original India service sprite; not derived from another mod,399d46c65de707d40662d45dbfcf203951e33aee1a8875fb0baccd244329c63a
mod/gfx/map/units/bmp/AUBM-IND-CRUISER A-WALK D-S.bmp,bmp,cruiser,tools/art_sources/v4_sprites/india_service_sheet_02.png#panel=2,generated original India service sprite; not derived from another mod,6367b019443b656787fcbae0d19e69d57c70cd665bd566392b416cee4179758e
mod/gfx/map/units/bmp/AUBM-IND-CRUISER A-WALK D-SE.bmp,bmp,cruiser,tools/art_sources/v4_sprites/india_service_sheet_02.png#panel=2,generated original India service sprite; not derived from another mod,c6c73a170da1baa4510380114322a8fc6173a877d76d747ee745466569c441df
mod/gfx/map/units/bmp/AUBM-IND-CRUISER A-WALK D-SW.bmp,bmp,cruiser,tools/art_sources/v4_sprites/india_service_sheet_02.png#panel=2,generated original India service sprite; not derived from another mod,6c46ed62cba002d30441fedcf72748d602417a60d36900156aff7ed214e89595
mod/gfx/map/units/bmp/AUBM-IND-CRUISER A-WALK D-W.bmp,bmp,cruiser,tools/art_sources/v4_sprites/india_service_sheet_02.png#panel=2,generated original India service sprite; not derived from another mod,eb96aafb47b22995b2c47bd257ae86177d600657d86f59a3972da28726dcd40b
mod/gfx/map/units/bmp/AUBM-IND-ESCORT A-FIRE D-E.bmp,bmp,escort,tools/art_sources/v4_sprites/india_service_sheet_01.png#panel=7,generated original India service sprite; not derived from another mod,e804b42156fa313e2681be943d81c2263a0e9adc9d6dd1435a94b040c1a1f0b9
mod/gfx/map/units/bmp/AUBM-IND-ESCORT A-FIRE D-N.bmp,bmp,escort,tools/art_sources/v4_sprites/india_service_sheet_01.png#panel=7,generated original India service sprite; not derived from another mod,6bd5f25d34c630c336b0a1edca94309bb59f417a654d2a789d683cc0043f2b5a
mod/gfx/map/units/bmp/AUBM-IND-ESCORT A-FIRE D-NE.bmp,bmp,escort,tools/art_sources/v4_sprites/india_service_sheet_01.png#panel=7,generated original India service sprite; not derived from another mod,7df67b262e15c7432041064f2a2bd91275aacca71d5f9dc7eafc52f2f5a6ec75
mod/gfx/map/units/bmp/AUBM-IND-ESCORT A-FIRE D-NW.bmp,bmp,escort,tools/art_sources/v4_sprites/india_service_sheet_01.png#panel=7,generated original India service sprite; not derived from another mod,a3f1c5193af9770b1b82a21f76790bec9440082d31b40c8eb80480bfc3edbbf0
mod/gfx/map/units/bmp/AUBM-IND-ESCORT A-FIRE D-S.bmp,bmp,escort,tools/art_sources/v4_sprites/india_service_sheet_01.png#panel=7,generated original India service sprite; not derived from another mod,961ddd1cea489d1e3d52385cea20d50075cc2aff01ec031707ea5c4ba9a25521
mod/gfx/map/units/bmp/AUBM-IND-ESCORT A-FIRE D-SE.bmp,bmp,escort,tools/art_sources/v4_sprites/india_service_sheet_01.png#panel=7,generated original India service sprite; not derived from another mod,0a5b4010ce2089cd4855e3a5a54bb7bafb19dad5fcc944ef6815540346efd9fe
mod/gfx/map/units/bmp/AUBM-IND-ESCORT A-FIRE D-SW.bmp,bmp,escort,tools/art_sources/v4_sprites/india_service_sheet_01.png#panel=7,generated original India service sprite; not derived from another mod,b19c6a4ec81fbdf4c92360abdadeaae181311d84645888409f2c6f077158aa77
mod/gfx/map/units/bmp/AUBM-IND-ESCORT A-FIRE D-W.bmp,bmp,escort,tools/art_sources/v4_sprites/india_service_sheet_01.png#panel=7,generated original India service sprite; not derived from another mod,bd2e5f9dc80c3444993d04dc1b84767813a496619c8d627eec5316fd07042578
mod/gfx/map/units/bmp/AUBM-IND-ESCORT A-STAND.bmp,bmp,escort,tools/art_sources/v4_sprites/india_service_sheet_01.png#panel=7,generated original India service sprite; not derived from another mod,b459437d073a6a01748e945450173954c23691d200a14f7e5601a6cc3eedf52e
mod/gfx/map/units/bmp/AUBM-IND-ESCORT A-WALK D-E.bmp,bmp,escort,tools/art_sources/v4_sprites/india_service_sheet_01.png#panel=7,generated original India service sprite; not derived from another mod,c41ad4f222927d551f3f427fe9905ca6a98b5b6e3fb3f5526c267f3a9e2be57c
mod/gfx/map/units/bmp/AUBM-IND-ESCORT A-WALK D-N.bmp,bmp,escort,tools/art_sources/v4_sprites/india_service_sheet_01.png#panel=7,generated original India service sprite; not derived from another mod,a77e244f659d34586ea8ca3d673042cf6aac90685b56fc7eac6a659482f3a96f
mod/gfx/map/units/bmp/AUBM-IND-ESCORT A-WALK D-NE.bmp,bmp,escort,tools/art_sources/v4_sprites/india_service_sheet_01.png#panel=7,generated original India service sprite; not derived from another mod,7854c4b3aefb59d00246ed17d9b8680176524d8597e8204f266bc2254c5e2894
mod/gfx/map/units/bmp/AUBM-IND-ESCORT A-WALK D-NW.bmp,bmp,escort,tools/art_sources/v4_sprites/india_service_sheet_01.png#panel=7,generated original India service sprite; not derived from another mod,363997f8f7795f3a6faef042ba61d8496c3817332111aae090aa453058cd75dd
mod/gfx/map/units/bmp/AUBM-IND-ESCORT A-WALK D-S.bmp,bmp,escort,tools/art_sources/v4_sprites/india_service_sheet_01.png#panel=7,generated original India service sprite; not derived from another mod,e648ce3ebfb4ea10fb6db118f9bf7955745655b742413a981bcaf02bccac9663
mod/gfx/map/units/bmp/AUBM-IND-ESCORT A-WALK D-SE.bmp,bmp,escort,tools/art_sources/v4_sprites/india_service_sheet_01.png#panel=7,generated original India service sprite; not derived from another mod,68eae9c326bc2b6a606fe473aa80a6d09ed49f88a0fcbe689b97c4fa19d955a2
mod/gfx/map/units/bmp/AUBM-IND-ESCORT A-WALK D-SW.bmp,bmp,escort,tools/art_sources/v4_sprites/india_service_sheet_01.png#panel=7,generated original India service sprite; not derived from another mod,2a4051948fe2d4f60b14cf5e538bc8584ba7b2709415a2dd1550839a1e2a3d69
mod/gfx/map/units/bmp/AUBM-IND-ESCORT A-WALK D-W.bmp,bmp,escort,tools/art_sources/v4_sprites/india_service_sheet_01.png#panel=7,generated original India service sprite; not derived from another mod,7842d1d837ccb0c8a4f1141073705a947f811c9cfa9e9daedfdbf2f34eed821e
mod/gfx/map/units/bmp/AUBM-IND-FIGHTER A-FIRE D-E.bmp,bmp,fighter,tools/art_sources/v4_sprites/india_service_sheet_01.png#panel=5,generated original India service sprite; not derived from another mod,41947cc752d41ec48d33a4fa42cbe6a777f10fee1dd5dd3d84e6cb10a133e01f
mod/gfx/map/units/bmp/AUBM-IND-FIGHTER A-FIRE D-N.bmp,bmp,fighter,tools/art_sources/v4_sprites/india_service_sheet_01.png#panel=5,generated original India service sprite; not derived from another mod,b3b742b582ce0600ad2deb20d714988ae1f25783c02351d520215bd941e14d14
mod/gfx/map/units/bmp/AUBM-IND-FIGHTER A-FIRE D-NE.bmp,bmp,fighter,tools/art_sources/v4_sprites/india_service_sheet_01.png#panel=5,generated original India service sprite; not derived from another mod,6b32d400da370c95c40febbf5c040d491aaa9f029a4b2ce4b0e57d4481a840ce
mod/gfx/map/units/bmp/AUBM-IND-FIGHTER A-FIRE D-NW.bmp,bmp,fighter,tools/art_sources/v4_sprites/india_service_sheet_01.png#panel=5,generated original India service sprite; not derived from another mod,ae9c40675d1648ec44acd047c16293eeed2b2f73decd5ab5edc512854d846889
mod/gfx/map/units/bmp/AUBM-IND-FIGHTER A-FIRE D-S.bmp,bmp,fighter,tools/art_sources/v4_sprites/india_service_sheet_01.png#panel=5,generated original India service sprite; not derived from another mod,02b4efa083eb32c2e82ed5d03174113d6721a633102cbc2d0d90b65dfff471a0
mod/gfx/map/units/bmp/AUBM-IND-FIGHTER A-FIRE D-SE.bmp,bmp,fighter,tools/art_sources/v4_sprites/india_service_sheet_01.png#panel=5,generated original India service sprite; not derived from another mod,bef07cf7410409659b8732a59ff43f254f71b4152a6e5518e497d0c07eb72d86
mod/gfx/map/units/bmp/AUBM-IND-FIGHTER A-FIRE D-SW.bmp,bmp,fighter,tools/art_sources/v4_sprites/india_service_sheet_01.png#panel=5,generated original India service sprite; not derived from another mod,8468a5c22b45c61e174db7d64b19b0ad0c4cc30eb8822f65995a81a5fc676c36
mod/gfx/map/units/bmp/AUBM-IND-FIGHTER A-FIRE D-W.bmp,bmp,fighter,tools/art_sources/v4_sprites/india_service_sheet_01.png#panel=5,generated original India service sprite; not derived from another mod,4831980c11aeccc6d36cb8a6a9a98b379cfa7f43eeca547d1e816302e6dfe055
mod/gfx/map/units/bmp/AUBM-IND-FIGHTER A-STAND.bmp,bmp,fighter,tools/art_sources/v4_sprites/india_service_sheet_01.png#panel=5,generated original India service sprite; not derived from another mod,ac8f493c3e4ff742fd343040676b5346410686a7156ccc78c60c27360e30bb00
mod/gfx/map/units/bmp/AUBM-IND-FIGHTER A-WALK D-E.bmp,bmp,fighter,tools/art_sources/v4_sprites/india_service_sheet_01.png#panel=5,generated original India service sprite; not derived from another mod,1ff4ed31a07dc16bfc238205b92f2ec7cdec4f078a4b598355d03fcb8c609ad7
mod/gfx/map/units/bmp/AUBM-IND-FIGHTER A-WALK D-N.bmp,bmp,fighter,tools/art_sources/v4_sprites/india_service_sheet_01.png#panel=5,generated original India service sprite; not derived from another mod,127f078ab4c8963c91f8b7e0c395eaf2927cf83e6979e9858b3a46bc374f9423
mod/gfx/map/units/bmp/AUBM-IND-FIGHTER A-WALK D-NE.bmp,bmp,fighter,tools/art_sources/v4_sprites/india_service_sheet_01.png#panel=5,generated original India service sprite; not derived from another mod,2da3413d18c25566ad01102c8d7ef85728d34209598e58c2195b4665c0bc2949
mod/gfx/map/units/bmp/AUBM-IND-FIGHTER A-WALK D-NW.bmp,bmp,fighter,tools/art_sources/v4_sprites/india_service_sheet_01.png#panel=5,generated original India service sprite; not derived from another mod,0039f7778bdb2d0a9842752431ab10427506adb5ee3fadb694e99664cfe08187
mod/gfx/map/units/bmp/AUBM-IND-FIGHTER A-WALK D-S.bmp,bmp,fighter,tools/art_sources/v4_sprites/india_service_sheet_01.png#panel=5,generated original India service sprite; not derived from another mod,c39a1599b238b69c2835a795722cf6bb9c5489d1536437e3f52768624cc838d9
mod/gfx/map/units/bmp/AUBM-IND-FIGHTER A-WALK D-SE.bmp,bmp,fighter,tools/art_sources/v4_sprites/india_service_sheet_01.png#panel=5,generated original India service sprite; not derived from another mod,b859fddde5e86d286e0b29e9a4a261430ab69d55f058847222490d51cad5180e
mod/gfx/map/units/bmp/AUBM-IND-FIGHTER A-WALK D-SW.bmp,bmp,fighter,tools/art_sources/v4_sprites/india_service_sheet_01.png#panel=5,generated original India service sprite; not derived from another mod,07d6f2651451d30881dffed61c54e14ed08d3523700e17e010f5d4d5045663ed
mod/gfx/map/units/bmp/AUBM-IND-FIGHTER A-WALK D-W.bmp,bmp,fighter,tools/art_sources/v4_sprites/india_service_sheet_01.png#panel=5,generated original India service sprite; not derived from another mod,939737e9e596f709c097c08cf3e62d8df0a49e7b8388b129b0f40e02a6b7dc7d
mod/gfx/map/units/bmp/AUBM-IND-GURKHA A-FIRE D-E.bmp,bmp,gurkha,tools/art_sources/v4_sprites/india_service_sheet_01.png#panel=2,generated original India service sprite; not derived from another mod,3913e3728a0e2b559fb5f2ec7d46d76910019af7fad443f26803f5a618e61d44
mod/gfx/map/units/bmp/AUBM-IND-GURKHA A-FIRE D-N.bmp,bmp,gurkha,tools/art_sources/v4_sprites/india_service_sheet_01.png#panel=2,generated original India service sprite; not derived from another mod,3913e3728a0e2b559fb5f2ec7d46d76910019af7fad443f26803f5a618e61d44
mod/gfx/map/units/bmp/AUBM-IND-GURKHA A-FIRE D-NE.bmp,bmp,gurkha,tools/art_sources/v4_sprites/india_service_sheet_01.png#panel=2,generated original India service sprite; not derived from another mod,3913e3728a0e2b559fb5f2ec7d46d76910019af7fad443f26803f5a618e61d44
mod/gfx/map/units/bmp/AUBM-IND-GURKHA A-FIRE D-NW.bmp,bmp,gurkha,tools/art_sources/v4_sprites/india_service_sheet_01.png#panel=2,generated original India service sprite; not derived from another mod,6900f29ba4e53e04ff90db7d153971de2f5777cf1a6acb850684af1f5759932e
mod/gfx/map/units/bmp/AUBM-IND-GURKHA A-FIRE D-S.bmp,bmp,gurkha,tools/art_sources/v4_sprites/india_service_sheet_01.png#panel=2,generated original India service sprite; not derived from another mod,3913e3728a0e2b559fb5f2ec7d46d76910019af7fad443f26803f5a618e61d44
mod/gfx/map/units/bmp/AUBM-IND-GURKHA A-FIRE D-SE.bmp,bmp,gurkha,tools/art_sources/v4_sprites/india_service_sheet_01.png#panel=2,generated original India service sprite; not derived from another mod,3913e3728a0e2b559fb5f2ec7d46d76910019af7fad443f26803f5a618e61d44
mod/gfx/map/units/bmp/AUBM-IND-GURKHA A-FIRE D-SW.bmp,bmp,gurkha,tools/art_sources/v4_sprites/india_service_sheet_01.png#panel=2,generated original India service sprite; not derived from another mod,6900f29ba4e53e04ff90db7d153971de2f5777cf1a6acb850684af1f5759932e
mod/gfx/map/units/bmp/AUBM-IND-GURKHA A-FIRE D-W.bmp,bmp,gurkha,tools/art_sources/v4_sprites/india_service_sheet_01.png#panel=2,generated original India service sprite; not derived from another mod,6900f29ba4e53e04ff90db7d153971de2f5777cf1a6acb850684af1f5759932e
mod/gfx/map/units/bmp/AUBM-IND-GURKHA A-STAND.bmp,bmp,gurkha,tools/art_sources/v4_sprites/india_service_sheet_01.png#panel=2,generated original India service sprite; not derived from another mod,041848c5a4c8ea9c47b2a3a38c3916161acaf4eea8709e5ee9187e05a9c12ad3
mod/gfx/map/units/bmp/AUBM-IND-GURKHA A-WALK D-E.bmp,bmp,gurkha,tools/art_sources/v4_sprites/india_service_sheet_01.png#panel=2,generated original India service sprite; not derived from another mod,3704405127e0f729d88c7ceeadacf58e2ae1f32331571ebee4f9cdd561c5168f
mod/gfx/map/units/bmp/AUBM-IND-GURKHA A-WALK D-N.bmp,bmp,gurkha,tools/art_sources/v4_sprites/india_service_sheet_01.png#panel=2,generated original India service sprite; not derived from another mod,3704405127e0f729d88c7ceeadacf58e2ae1f32331571ebee4f9cdd561c5168f
mod/gfx/map/units/bmp/AUBM-IND-GURKHA A-WALK D-NE.bmp,bmp,gurkha,tools/art_sources/v4_sprites/india_service_sheet_01.png#panel=2,generated original India service sprite; not derived from another mod,3704405127e0f729d88c7ceeadacf58e2ae1f32331571ebee4f9cdd561c5168f
mod/gfx/map/units/bmp/AUBM-IND-GURKHA A-WALK D-NW.bmp,bmp,gurkha,tools/art_sources/v4_sprites/india_service_sheet_01.png#panel=2,generated original India service sprite; not derived from another mod,196851d75e2b9f1fbd36900b2729b8095ed9aee6ff61fae467a9f15ec2ceb9b2
mod/gfx/map/units/bmp/AUBM-IND-GURKHA A-WALK D-S.bmp,bmp,gurkha,tools/art_sources/v4_sprites/india_service_sheet_01.png#panel=2,generated original India service sprite; not derived from another mod,3704405127e0f729d88c7ceeadacf58e2ae1f32331571ebee4f9cdd561c5168f
mod/gfx/map/units/bmp/AUBM-IND-GURKHA A-WALK D-SE.bmp,bmp,gurkha,tools/art_sources/v4_sprites/india_service_sheet_01.png#panel=2,generated original India service sprite; not derived from another mod,3704405127e0f729d88c7ceeadacf58e2ae1f32331571ebee4f9cdd561c5168f
mod/gfx/map/units/bmp/AUBM-IND-GURKHA A-WALK D-SW.bmp,bmp,gurkha,tools/art_sources/v4_sprites/india_service_sheet_01.png#panel=2,generated original India service sprite; not derived from another mod,196851d75e2b9f1fbd36900b2729b8095ed9aee6ff61fae467a9f15ec2ceb9b2
mod/gfx/map/units/bmp/AUBM-IND-GURKHA A-WALK D-W.bmp,bmp,gurkha,tools/art_sources/v4_sprites/india_service_sheet_01.png#panel=2,generated original India service sprite; not derived from another mod,196851d75e2b9f1fbd36900b2729b8095ed9aee6ff61fae467a9f15ec2ceb9b2
mod/gfx/map/units/bmp/AUBM-IND-INFANTRY A-FIRE D-E.bmp,bmp,infantry,tools/art_sources/v4_sprites/india_service_sheet_01.png#panel=1,generated original India service sprite; not derived from another mod,5d9fc96a3302faa0ca0428aa71660cb5facf930920a191fda3917c1238fed487
mod/gfx/map/units/bmp/AUBM-IND-INFANTRY A-FIRE D-N.bmp,bmp,infantry,tools/art_sources/v4_sprites/india_service_sheet_01.png#panel=1,generated original India service sprite; not derived from another mod,5d9fc96a3302faa0ca0428aa71660cb5facf930920a191fda3917c1238fed487
mod/gfx/map/units/bmp/AUBM-IND-INFANTRY A-FIRE D-NE.bmp,bmp,infantry,tools/art_sources/v4_sprites/india_service_sheet_01.png#panel=1,generated original India service sprite; not derived from another mod,5d9fc96a3302faa0ca0428aa71660cb5facf930920a191fda3917c1238fed487
mod/gfx/map/units/bmp/AUBM-IND-INFANTRY A-FIRE D-NW.bmp,bmp,infantry,tools/art_sources/v4_sprites/india_service_sheet_01.png#panel=1,generated original India service sprite; not derived from another mod,d4383b08d2b19177e99d2e551214f17524f6a36fb4c48b5ae20bc698d34d2355
mod/gfx/map/units/bmp/AUBM-IND-INFANTRY A-FIRE D-S.bmp,bmp,infantry,tools/art_sources/v4_sprites/india_service_sheet_01.png#panel=1,generated original India service sprite; not derived from another mod,5d9fc96a3302faa0ca0428aa71660cb5facf930920a191fda3917c1238fed487
mod/gfx/map/units/bmp/AUBM-IND-INFANTRY A-FIRE D-SE.bmp,bmp,infantry,tools/art_sources/v4_sprites/india_service_sheet_01.png#panel=1,generated original India service sprite; not derived from another mod,5d9fc96a3302faa0ca0428aa71660cb5facf930920a191fda3917c1238fed487
mod/gfx/map/units/bmp/AUBM-IND-INFANTRY A-FIRE D-SW.bmp,bmp,infantry,tools/art_sources/v4_sprites/india_service_sheet_01.png#panel=1,generated original India service sprite; not derived from another mod,d4383b08d2b19177e99d2e551214f17524f6a36fb4c48b5ae20bc698d34d2355
mod/gfx/map/units/bmp/AUBM-IND-INFANTRY A-FIRE D-W.bmp,bmp,infantry,tools/art_sources/v4_sprites/india_service_sheet_01.png#panel=1,generated original India service sprite; not derived from another mod,d4383b08d2b19177e99d2e551214f17524f6a36fb4c48b5ae20bc698d34d2355
mod/gfx/map/units/bmp/AUBM-IND-INFANTRY A-STAND.bmp,bmp,infantry,tools/art_sources/v4_sprites/india_service_sheet_01.png#panel=1,generated original India service sprite; not derived from another mod,90f12145a2187e68b7ece672dab46c86820f8f28a91dff23cbef75b047350be2
mod/gfx/map/units/bmp/AUBM-IND-INFANTRY A-WALK D-E.bmp,bmp,infantry,tools/art_sources/v4_sprites/india_service_sheet_01.png#panel=1,generated original India service sprite; not derived from another mod,59f99bb9277e12f327585c54906d7fa5a293082b60dda9da372bb83d624655e6
mod/gfx/map/units/bmp/AUBM-IND-INFANTRY A-WALK D-N.bmp,bmp,infantry,tools/art_sources/v4_sprites/india_service_sheet_01.png#panel=1,generated original India service sprite; not derived from another mod,59f99bb9277e12f327585c54906d7fa5a293082b60dda9da372bb83d624655e6
mod/gfx/map/units/bmp/AUBM-IND-INFANTRY A-WALK D-NE.bmp,bmp,infantry,tools/art_sources/v4_sprites/india_service_sheet_01.png#panel=1,generated original India service sprite; not derived from another mod,59f99bb9277e12f327585c54906d7fa5a293082b60dda9da372bb83d624655e6
mod/gfx/map/units/bmp/AUBM-IND-INFANTRY A-WALK D-NW.bmp,bmp,infantry,tools/art_sources/v4_sprites/india_service_sheet_01.png#panel=1,generated original India service sprite; not derived from another mod,a84b9288662fe0bd9a906a2aaa807936d396cb0d368fee0491712b6bdd7608d9
mod/gfx/map/units/bmp/AUBM-IND-INFANTRY A-WALK D-S.bmp,bmp,infantry,tools/art_sources/v4_sprites/india_service_sheet_01.png#panel=1,generated original India service sprite; not derived from another mod,59f99bb9277e12f327585c54906d7fa5a293082b60dda9da372bb83d624655e6
mod/gfx/map/units/bmp/AUBM-IND-INFANTRY A-WALK D-SE.bmp,bmp,infantry,tools/art_sources/v4_sprites/india_service_sheet_01.png#panel=1,generated original India service sprite; not derived from another mod,59f99bb9277e12f327585c54906d7fa5a293082b60dda9da372bb83d624655e6
mod/gfx/map/units/bmp/AUBM-IND-INFANTRY A-WALK D-SW.bmp,bmp,infantry,tools/art_sources/v4_sprites/india_service_sheet_01.png#panel=1,generated original India service sprite; not derived from another mod,a84b9288662fe0bd9a906a2aaa807936d396cb0d368fee0491712b6bdd7608d9
mod/gfx/map/units/bmp/AUBM-IND-INFANTRY A-WALK D-W.bmp,bmp,infantry,tools/art_sources/v4_sprites/india_service_sheet_01.png#panel=1,generated original India service sprite; not derived from another mod,a84b9288662fe0bd9a906a2aaa807936d396cb0d368fee0491712b6bdd7608d9
mod/gfx/map/units/bmp/AUBM-IND-MOTORIZED A-FIRE D-E.bmp,bmp,motorized,tools/art_sources/v4_sprites/india_service_sheet_01.png#panel=3,generated original India service sprite; not derived from another mod,ccbfa01fcc43cfe6816e16f9def8ed9b2197174e367eb379dc1130b2060e52a4
mod/gfx/map/units/bmp/AUBM-IND-MOTORIZED A-FIRE D-N.bmp,bmp,motorized,tools/art_sources/v4_sprites/india_service_sheet_01.png#panel=3,generated original India service sprite; not derived from another mod,ccbfa01fcc43cfe6816e16f9def8ed9b2197174e367eb379dc1130b2060e52a4
mod/gfx/map/units/bmp/AUBM-IND-MOTORIZED A-FIRE D-NE.bmp,bmp,motorized,tools/art_sources/v4_sprites/india_service_sheet_01.png#panel=3,generated original India service sprite; not derived from another mod,ccbfa01fcc43cfe6816e16f9def8ed9b2197174e367eb379dc1130b2060e52a4
mod/gfx/map/units/bmp/AUBM-IND-MOTORIZED A-FIRE D-NW.bmp,bmp,motorized,tools/art_sources/v4_sprites/india_service_sheet_01.png#panel=3,generated original India service sprite; not derived from another mod,fa7ab4f5ed2131ef5092b2d00c8a52f2cedf24dd7d2586b7b1034e01ce1255af
mod/gfx/map/units/bmp/AUBM-IND-MOTORIZED A-FIRE D-S.bmp,bmp,motorized,tools/art_sources/v4_sprites/india_service_sheet_01.png#panel=3,generated original India service sprite; not derived from another mod,ccbfa01fcc43cfe6816e16f9def8ed9b2197174e367eb379dc1130b2060e52a4
mod/gfx/map/units/bmp/AUBM-IND-MOTORIZED A-FIRE D-SE.bmp,bmp,motorized,tools/art_sources/v4_sprites/india_service_sheet_01.png#panel=3,generated original India service sprite; not derived from another mod,ccbfa01fcc43cfe6816e16f9def8ed9b2197174e367eb379dc1130b2060e52a4
mod/gfx/map/units/bmp/AUBM-IND-MOTORIZED A-FIRE D-SW.bmp,bmp,motorized,tools/art_sources/v4_sprites/india_service_sheet_01.png#panel=3,generated original India service sprite; not derived from another mod,fa7ab4f5ed2131ef5092b2d00c8a52f2cedf24dd7d2586b7b1034e01ce1255af
mod/gfx/map/units/bmp/AUBM-IND-MOTORIZED A-FIRE D-W.bmp,bmp,motorized,tools/art_sources/v4_sprites/india_service_sheet_01.png#panel=3,generated original India service sprite; not derived from another mod,fa7ab4f5ed2131ef5092b2d00c8a52f2cedf24dd7d2586b7b1034e01ce1255af
mod/gfx/map/units/bmp/AUBM-IND-MOTORIZED A-STAND.bmp,bmp,motorized,tools/art_sources/v4_sprites/india_service_sheet_01.png#panel=3,generated original India service sprite; not derived from another mod,16c863feb4e698da977808d4f68d603c46553b0f131924e56c0281967e63bb9c
mod/gfx/map/units/bmp/AUBM-IND-MOTORIZED A-WALK D-E.bmp,bmp,motorized,tools/art_sources/v4_sprites/india_service_sheet_01.png#panel=3,generated original India service sprite; not derived from another mod,2374ed5279646803e1d277346ca43a8e6f0d5a8ab9322742592dd32ce74c9197
mod/gfx/map/units/bmp/AUBM-IND-MOTORIZED A-WALK D-N.bmp,bmp,motorized,tools/art_sources/v4_sprites/india_service_sheet_01.png#panel=3,generated original India service sprite; not derived from another mod,2374ed5279646803e1d277346ca43a8e6f0d5a8ab9322742592dd32ce74c9197
mod/gfx/map/units/bmp/AUBM-IND-MOTORIZED A-WALK D-NE.bmp,bmp,motorized,tools/art_sources/v4_sprites/india_service_sheet_01.png#panel=3,generated original India service sprite; not derived from another mod,2374ed5279646803e1d277346ca43a8e6f0d5a8ab9322742592dd32ce74c9197
mod/gfx/map/units/bmp/AUBM-IND-MOTORIZED A-WALK D-NW.bmp,bmp,motorized,tools/art_sources/v4_sprites/india_service_sheet_01.png#panel=3,generated original India service sprite; not derived from another mod,07760ed6acf14f5f11ba84e50c616527211e69fdbc4034ab642b9d119ce99024
mod/gfx/map/units/bmp/AUBM-IND-MOTORIZED A-WALK D-S.bmp,bmp,motorized,tools/art_sources/v4_sprites/india_service_sheet_01.png#panel=3,generated original India service sprite; not derived from another mod,2374ed5279646803e1d277346ca43a8e6f0d5a8ab9322742592dd32ce74c9197
mod/gfx/map/units/bmp/AUBM-IND-MOTORIZED A-WALK D-SE.bmp,bmp,motorized,tools/art_sources/v4_sprites/india_service_sheet_01.png#panel=3,generated original India service sprite; not derived from another mod,2374ed5279646803e1d277346ca43a8e6f0d5a8ab9322742592dd32ce74c9197
mod/gfx/map/units/bmp/AUBM-IND-MOTORIZED A-WALK D-SW.bmp,bmp,motorized,tools/art_sources/v4_sprites/india_service_sheet_01.png#panel=3,generated original India service sprite; not derived from another mod,07760ed6acf14f5f11ba84e50c616527211e69fdbc4034ab642b9d119ce99024
mod/gfx/map/units/bmp/AUBM-IND-MOTORIZED A-WALK D-W.bmp,bmp,motorized,tools/art_sources/v4_sprites/india_service_sheet_01.png#panel=3,generated original India service sprite; not derived from another mod,07760ed6acf14f5f11ba84e50c616527211e69fdbc4034ab642b9d119ce99024
mod/gfx/map/units/bmp/AUBM-IND-SUBMARINE A-FIRE D-E.bmp,bmp,submarine,tools/art_sources/v4_sprites/india_service_sheet_01.png#panel=9,generated original India service sprite; not derived from another mod,9e25b5c75985aa98889c7a296ccccade9f797c8428b82e531135a4d21eed0b57
mod/gfx/map/units/bmp/AUBM-IND-SUBMARINE A-FIRE D-N.bmp,bmp,submarine,tools/art_sources/v4_sprites/india_service_sheet_01.png#panel=9,generated original India service sprite; not derived from another mod,dbbb95b8d687b8f9f772eb106d0d4469c32ddb4f559eb8eccd508c96434e8b9f
mod/gfx/map/units/bmp/AUBM-IND-SUBMARINE A-FIRE D-NE.bmp,bmp,submarine,tools/art_sources/v4_sprites/india_service_sheet_01.png#panel=9,generated original India service sprite; not derived from another mod,b4fd8f849b172a7cbd8de662115299e8f61a296e541f487ba25cdacc786462f5
mod/gfx/map/units/bmp/AUBM-IND-SUBMARINE A-FIRE D-NW.bmp,bmp,submarine,tools/art_sources/v4_sprites/india_service_sheet_01.png#panel=9,generated original India service sprite; not derived from another mod,a71d574a31c9c79ab2d750b6a1533c7b5619fb86f1f13b7c5971386c3eb58c65
mod/gfx/map/units/bmp/AUBM-IND-SUBMARINE A-FIRE D-S.bmp,bmp,submarine,tools/art_sources/v4_sprites/india_service_sheet_01.png#panel=9,generated original India service sprite; not derived from another mod,8fedbc961d37ee1c137a15f1740b77fc82c06940bb0163f7577fc1bab45970a3
mod/gfx/map/units/bmp/AUBM-IND-SUBMARINE A-FIRE D-SE.bmp,bmp,submarine,tools/art_sources/v4_sprites/india_service_sheet_01.png#panel=9,generated original India service sprite; not derived from another mod,1aa582cac91e3110b3f235246680cc9fc44c7cc3dd448203ff28f599db9149bd
mod/gfx/map/units/bmp/AUBM-IND-SUBMARINE A-FIRE D-SW.bmp,bmp,submarine,tools/art_sources/v4_sprites/india_service_sheet_01.png#panel=9,generated original India service sprite; not derived from another mod,79635a7601d75c4a9158c9b730e261c94b189b4a561a21d3e37153bfa4e4220a
mod/gfx/map/units/bmp/AUBM-IND-SUBMARINE A-FIRE D-W.bmp,bmp,submarine,tools/art_sources/v4_sprites/india_service_sheet_01.png#panel=9,generated original India service sprite; not derived from another mod,77079aa3041389056b3cebc00694f68227792b19f67f290433f95aaa57345f47
mod/gfx/map/units/bmp/AUBM-IND-SUBMARINE A-STAND.bmp,bmp,submarine,tools/art_sources/v4_sprites/india_service_sheet_01.png#panel=9,generated original India service sprite; not derived from another mod,183e89622486d8560695a2558f5f77184fedeb42ab9b25f5c6e844b3ebc6ef69
mod/gfx/map/units/bmp/AUBM-IND-SUBMARINE A-WALK D-E.bmp,bmp,submarine,tools/art_sources/v4_sprites/india_service_sheet_01.png#panel=9,generated original India service sprite; not derived from another mod,f75b7ed2117ff203ee079732c0be950d6d3112967494542b0c485488c562ccb0
mod/gfx/map/units/bmp/AUBM-IND-SUBMARINE A-WALK D-N.bmp,bmp,submarine,tools/art_sources/v4_sprites/india_service_sheet_01.png#panel=9,generated original India service sprite; not derived from another mod,a3787d5072d03454394961ef9bd1acd2a6374ab4d5e4235c561747222e8d20f0
mod/gfx/map/units/bmp/AUBM-IND-SUBMARINE A-WALK D-NE.bmp,bmp,submarine,tools/art_sources/v4_sprites/india_service_sheet_01.png#panel=9,generated original India service sprite; not derived from another mod,63ba1cce31b97dcd8633966467832dbf27bc7521ad133a424b40b719a9a23119
mod/gfx/map/units/bmp/AUBM-IND-SUBMARINE A-WALK D-NW.bmp,bmp,submarine,tools/art_sources/v4_sprites/india_service_sheet_01.png#panel=9,generated original India service sprite; not derived from another mod,0f1bd981b33f534dbcfe40494ff9910a50e27e60d64ea2355936e8c979e7c239
mod/gfx/map/units/bmp/AUBM-IND-SUBMARINE A-WALK D-S.bmp,bmp,submarine,tools/art_sources/v4_sprites/india_service_sheet_01.png#panel=9,generated original India service sprite; not derived from another mod,f819168663691264ba0c8cf4dab06f37999324c79c1cec7e2d40ece21f35a9c5
mod/gfx/map/units/bmp/AUBM-IND-SUBMARINE A-WALK D-SE.bmp,bmp,submarine,tools/art_sources/v4_sprites/india_service_sheet_01.png#panel=9,generated original India service sprite; not derived from another mod,ad4237b06f43aef1e8c5b8fb9ed8510e36f484a50d38bdd9859c464ea10639ce
mod/gfx/map/units/bmp/AUBM-IND-SUBMARINE A-WALK D-SW.bmp,bmp,submarine,tools/art_sources/v4_sprites/india_service_sheet_01.png#panel=9,generated original India service sprite; not derived from another mod,62d4f897e4437cd5b123dc30c4773bda65e3cb805f0ecaf84df75ae65040e071
mod/gfx/map/units/bmp/AUBM-IND-SUBMARINE A-WALK D-W.bmp,bmp,submarine,tools/art_sources/v4_sprites/india_service_sheet_01.png#panel=9,generated original India service sprite; not derived from another mod,d9f43faa6cd374411ce74780ec2b750b0a247f1659d555483cdf4be3f645a3a1
mod/gfx/map/units/bmp/AUBM-IND-TRANSPORT A-FIRE D-E.bmp,bmp,transport,tools/art_sources/v4_sprites/india_service_sheet_02.png#panel=3,generated original India service sprite; not derived from another mod,a84f3d26781b616a40d694e1119edd95cd11ecfaf1b7d92e72a2000bc8e0f667
mod/gfx/map/units/bmp/AUBM-IND-TRANSPORT A-FIRE D-N.bmp,bmp,transport,tools/art_sources/v4_sprites/india_service_sheet_02.png#panel=3,generated original India service sprite; not derived from another mod,59e1e4dbe625bfd7809bfe9224734b2c4a7e0760c6784a7eee441ff8626b8080
mod/gfx/map/units/bmp/AUBM-IND-TRANSPORT A-FIRE D-NE.bmp,bmp,transport,tools/art_sources/v4_sprites/india_service_sheet_02.png#panel=3,generated original India service sprite; not derived from another mod,ed0f1b7b667bf54cd6c6f1873889623efe231c11ec7ab2a283147d55b282efe9
mod/gfx/map/units/bmp/AUBM-IND-TRANSPORT A-FIRE D-NW.bmp,bmp,transport,tools/art_sources/v4_sprites/india_service_sheet_02.png#panel=3,generated original India service sprite; not derived from another mod,c805b06b9dda97a76953ac0780ef2b4c9f142fb3ffc3210b620ce8289be94c7c
mod/gfx/map/units/bmp/AUBM-IND-TRANSPORT A-FIRE D-S.bmp,bmp,transport,tools/art_sources/v4_sprites/india_service_sheet_02.png#panel=3,generated original India service sprite; not derived from another mod,870eaa6d03ed7146860b7e18e0d20a1079ef83e8f9c544e140d88735425dcc58
mod/gfx/map/units/bmp/AUBM-IND-TRANSPORT A-FIRE D-SE.bmp,bmp,transport,tools/art_sources/v4_sprites/india_service_sheet_02.png#panel=3,generated original India service sprite; not derived from another mod,12aa4f899a243720935a7db5ae639bf64fabc0d8584d982f67d7bdbba5e4e16a
mod/gfx/map/units/bmp/AUBM-IND-TRANSPORT A-FIRE D-SW.bmp,bmp,transport,tools/art_sources/v4_sprites/india_service_sheet_02.png#panel=3,generated original India service sprite; not derived from another mod,0e307e71f8e4481f1617f8f3c82da9901232705d57f85f788bac08c83e6e830c
mod/gfx/map/units/bmp/AUBM-IND-TRANSPORT A-FIRE D-W.bmp,bmp,transport,tools/art_sources/v4_sprites/india_service_sheet_02.png#panel=3,generated original India service sprite; not derived from another mod,c7b94a314081d0a0fc586a9d33d4e024844f93568dfb713d1c0a9d99d25b8de7
mod/gfx/map/units/bmp/AUBM-IND-TRANSPORT A-STAND.bmp,bmp,transport,tools/art_sources/v4_sprites/india_service_sheet_02.png#panel=3,generated original India service sprite; not derived from another mod,f847b5f81f9754726fd625cbed1e1d432a3324c4153d4c7d7f72ce972eaa0313
mod/gfx/map/units/bmp/AUBM-IND-TRANSPORT A-WALK D-E.bmp,bmp,transport,tools/art_sources/v4_sprites/india_service_sheet_02.png#panel=3,generated original India service sprite; not derived from another mod,51a8b1ca0eeb56e792c0b96f928449b8376ffb0a7b4a796af5ed032f3eec86c6
mod/gfx/map/units/bmp/AUBM-IND-TRANSPORT A-WALK D-N.bmp,bmp,transport,tools/art_sources/v4_sprites/india_service_sheet_02.png#panel=3,generated original India service sprite; not derived from another mod,e0555b18b195e9207dbe22cfc14743ea6648302bb5b0f2b0a9e0bba4c78b257d
mod/gfx/map/units/bmp/AUBM-IND-TRANSPORT A-WALK D-NE.bmp,bmp,transport,tools/art_sources/v4_sprites/india_service_sheet_02.png#panel=3,generated original India service sprite; not derived from another mod,6170ff8111fd4e52f0233ef73d9dbc44b380919b0ca2c915b86c265c524d86ec
mod/gfx/map/units/bmp/AUBM-IND-TRANSPORT A-WALK D-NW.bmp,bmp,transport,tools/art_sources/v4_sprites/india_service_sheet_02.png#panel=3,generated original India service sprite; not derived from another mod,ffbc542af782f6b357831561c60012754060a3351de184dd73394edfd6bd856f
mod/gfx/map/units/bmp/AUBM-IND-TRANSPORT A-WALK D-S.bmp,bmp,transport,tools/art_sources/v4_sprites/india_service_sheet_02.png#panel=3,generated original India service sprite; not derived from another mod,0b670ff4e1acc6cf9489a85ceb929bfdd489dbf7075873496efe9dc2a866e4c4
mod/gfx/map/units/bmp/AUBM-IND-TRANSPORT A-WALK D-SE.bmp,bmp,transport,tools/art_sources/v4_sprites/india_service_sheet_02.png#panel=3,generated original India service sprite; not derived from another mod,5767bf3bb11a276248d5c14128b70f6cd3ca779ada58e8694159f64fee0ce7cf
mod/gfx/map/units/bmp/AUBM-IND-TRANSPORT A-WALK D-SW.bmp,bmp,transport,tools/art_sources/v4_sprites/india_service_sheet_02.png#panel=3,generated original India service sprite; not derived from another mod,b0d161eef6b4706f6a3b2a4f56e0c3280c1c83a8750c0e0ba4d7222d9ab94c81
mod/gfx/map/units/bmp/AUBM-IND-TRANSPORT A-WALK D-W.bmp,bmp,transport,tools/art_sources/v4_sprites/india_service_sheet_02.png#panel=3,generated original India service sprite; not derived from another mod,f2eafb276b9c0c15cac24704634738fe714705304e41bf3d4c4fef97135e3335
mod/gfx/map/units/T-BATTLECRUISER A-FIRE C-IND L-1 D-E.spr,spr,capital,tools/art_sources/v4_sprites/india_service_sheet_02.png#panel=1,generated original India service sprite; not derived from another mod,951ef9e8dd40fb6ebe0ef49c81e5af663ceaaad0b3952cab39101b1d17e3d817
mod/gfx/map/units/T-BATTLECRUISER A-FIRE C-IND L-1 D-N.spr,spr,capital,tools/art_sources/v4_sprites/india_service_sheet_02.png#panel=1,generated original India service sprite; not derived from another mod,d1fe7e6a19544d2fb6151216f92dba4bfc2f39d5036add932d0cfb7d7204837e
mod/gfx/map/units/T-BATTLECRUISER A-FIRE C-IND L-1 D-NE.spr,spr,capital,tools/art_sources/v4_sprites/india_service_sheet_02.png#panel=1,generated original India service sprite; not derived from another mod,6929a473b61ef282b7f08a9d952b6ca3fea6d987eaf865d9a6b21e48b9d5831e
mod/gfx/map/units/T-BATTLECRUISER A-FIRE C-IND L-1 D-NW.spr,spr,capital,tools/art_sources/v4_sprites/india_service_sheet_02.png#panel=1,generated original India service sprite; not derived from another mod,e5cab2fae37d7931a2a2e33d851d589e48ab554cd318b9df2cfda892fb6dd061
mod/gfx/map/units/T-BATTLECRUISER A-FIRE C-IND L-1 D-S.spr,spr,capital,tools/art_sources/v4_sprites/india_service_sheet_02.png#panel=1,generated original India service sprite; not derived from another mod,200b2f4f76ad39f66622fa056533662ad2dfe320f77575e7aac832a998b400b0
mod/gfx/map/units/T-BATTLECRUISER A-FIRE C-IND L-1 D-SE.spr,spr,capital,tools/art_sources/v4_sprites/india_service_sheet_02.png#panel=1,generated original India service sprite; not derived from another mod,be8bdff25c210c34d1c362568380a6ba6c8dda8b9cb572981b9da839ff226f57
mod/gfx/map/units/T-BATTLECRUISER A-FIRE C-IND L-1 D-SW.spr,spr,capital,tools/art_sources/v4_sprites/india_service_sheet_02.png#panel=1,generated original India service sprite; not derived from another mod,6a77c741e4fef40e96abca435a27db380cb95977d2536b22627c97e9aab288d5
mod/gfx/map/units/T-BATTLECRUISER A-FIRE C-IND L-1 D-W.spr,spr,capital,tools/art_sources/v4_sprites/india_service_sheet_02.png#panel=1,generated original India service sprite; not derived from another mod,b98eafc91329be18066316ab2dc6b35ca464222b11d8f711a40e58fd210cbc17
mod/gfx/map/units/T-BATTLECRUISER A-STAND C-IND L-1.spr,spr,capital,tools/art_sources/v4_sprites/india_service_sheet_02.png#panel=1,generated original India service sprite; not derived from another mod,722a11540ebaa51e5ae4c600330ade6921273c698d83dd74e48bc5593792ee52
mod/gfx/map/units/T-BATTLECRUISER A-WALK C-IND L-1 D-E.spr,spr,capital,tools/art_sources/v4_sprites/india_service_sheet_02.png#panel=1,generated original India service sprite; not derived from another mod,0ca3f377e7f751a3fe97f927d982b8dac1f343377e7ec8a7dbeff57540a35b5b
mod/gfx/map/units/T-BATTLECRUISER A-WALK C-IND L-1 D-N.spr,spr,capital,tools/art_sources/v4_sprites/india_service_sheet_02.png#panel=1,generated original India service sprite; not derived from another mod,bf4d966dedbde8ead00b00e18b96c39619481ac78b31b811a224430f09c26ef7
mod/gfx/map/units/T-BATTLECRUISER A-WALK C-IND L-1 D-NE.spr,spr,capital,tools/art_sources/v4_sprites/india_service_sheet_02.png#panel=1,generated original India service sprite; not derived from another mod,9d3bcd40befc10ad181be5e676251d5599c263a3c3f562174f52d09435f7df15
mod/gfx/map/units/T-BATTLECRUISER A-WALK C-IND L-1 D-NW.spr,spr,capital,tools/art_sources/v4_sprites/india_service_sheet_02.png#panel=1,generated original India service sprite; not derived from another mod,63d02997bcd777a76fc01351b24b31d773ae9118991fe972f7dc19665750b207
mod/gfx/map/units/T-BATTLECRUISER A-WALK C-IND L-1 D-S.spr,spr,capital,tools/art_sources/v4_sprites/india_service_sheet_02.png#panel=1,generated original India service sprite; not derived from another mod,93d5cd0d4d74d1a25241c9af0f83c0db645b2bdd981b9b1cd6fa4dee1e109e22
mod/gfx/map/units/T-BATTLECRUISER A-WALK C-IND L-1 D-SE.spr,spr,capital,tools/art_sources/v4_sprites/india_service_sheet_02.png#panel=1,generated original India service sprite; not derived from another mod,b8a7dffcd851ecb019469108a4deb770432fefc09fe0e9dec18bd8ad02f7b545
mod/gfx/map/units/T-BATTLECRUISER A-WALK C-IND L-1 D-SW.spr,spr,capital,tools/art_sources/v4_sprites/india_service_sheet_02.png#panel=1,generated original India service sprite; not derived from another mod,04fc02af458af0e25b2cb38cd149484431f85ace16388a1ec239d78924fad9d8
mod/gfx/map/units/T-BATTLECRUISER A-WALK C-IND L-1 D-W.spr,spr,capital,tools/art_sources/v4_sprites/india_service_sheet_02.png#panel=1,generated original India service sprite; not derived from another mod,b1f8eb231f58972bb95287714ca83da25f925a67bb81b2a3081dfc75f9d4006a
mod/gfx/map/units/T-BATTLESHIP A-FIRE C-IND L-1 D-E.spr,spr,capital,tools/art_sources/v4_sprites/india_service_sheet_02.png#panel=1,generated original India service sprite; not derived from another mod,951ef9e8dd40fb6ebe0ef49c81e5af663ceaaad0b3952cab39101b1d17e3d817
mod/gfx/map/units/T-BATTLESHIP A-FIRE C-IND L-1 D-N.spr,spr,capital,tools/art_sources/v4_sprites/india_service_sheet_02.png#panel=1,generated original India service sprite; not derived from another mod,d1fe7e6a19544d2fb6151216f92dba4bfc2f39d5036add932d0cfb7d7204837e
mod/gfx/map/units/T-BATTLESHIP A-FIRE C-IND L-1 D-NE.spr,spr,capital,tools/art_sources/v4_sprites/india_service_sheet_02.png#panel=1,generated original India service sprite; not derived from another mod,6929a473b61ef282b7f08a9d952b6ca3fea6d987eaf865d9a6b21e48b9d5831e
mod/gfx/map/units/T-BATTLESHIP A-FIRE C-IND L-1 D-NW.spr,spr,capital,tools/art_sources/v4_sprites/india_service_sheet_02.png#panel=1,generated original India service sprite; not derived from another mod,e5cab2fae37d7931a2a2e33d851d589e48ab554cd318b9df2cfda892fb6dd061
mod/gfx/map/units/T-BATTLESHIP A-FIRE C-IND L-1 D-S.spr,spr,capital,tools/art_sources/v4_sprites/india_service_sheet_02.png#panel=1,generated original India service sprite; not derived from another mod,200b2f4f76ad39f66622fa056533662ad2dfe320f77575e7aac832a998b400b0
mod/gfx/map/units/T-BATTLESHIP A-FIRE C-IND L-1 D-SE.spr,spr,capital,tools/art_sources/v4_sprites/india_service_sheet_02.png#panel=1,generated original India service sprite; not derived from another mod,be8bdff25c210c34d1c362568380a6ba6c8dda8b9cb572981b9da839ff226f57
mod/gfx/map/units/T-BATTLESHIP A-FIRE C-IND L-1 D-SW.spr,spr,capital,tools/art_sources/v4_sprites/india_service_sheet_02.png#panel=1,generated original India service sprite; not derived from another mod,6a77c741e4fef40e96abca435a27db380cb95977d2536b22627c97e9aab288d5
mod/gfx/map/units/T-BATTLESHIP A-FIRE C-IND L-1 D-W.spr,spr,capital,tools/art_sources/v4_sprites/india_service_sheet_02.png#panel=1,generated original India service sprite; not derived from another mod,b98eafc91329be18066316ab2dc6b35ca464222b11d8f711a40e58fd210cbc17
mod/gfx/map/units/T-BATTLESHIP A-STAND C-IND L-1.spr,spr,capital,tools/art_sources/v4_sprites/india_service_sheet_02.png#panel=1,generated original India service sprite; not derived from another mod,722a11540ebaa51e5ae4c600330ade6921273c698d83dd74e48bc5593792ee52
mod/gfx/map/units/T-BATTLESHIP A-WALK C-IND L-1 D-E.spr,spr,capital,tools/art_sources/v4_sprites/india_service_sheet_02.png#panel=1,generated original India service sprite; not derived from another mod,0ca3f377e7f751a3fe97f927d982b8dac1f343377e7ec8a7dbeff57540a35b5b
mod/gfx/map/units/T-BATTLESHIP A-WALK C-IND L-1 D-N.spr,spr,capital,tools/art_sources/v4_sprites/india_service_sheet_02.png#panel=1,generated original India service sprite; not derived from another mod,bf4d966dedbde8ead00b00e18b96c39619481ac78b31b811a224430f09c26ef7
mod/gfx/map/units/T-BATTLESHIP A-WALK C-IND L-1 D-NE.spr,spr,capital,tools/art_sources/v4_sprites/india_service_sheet_02.png#panel=1,generated original India service sprite; not derived from another mod,9d3bcd40befc10ad181be5e676251d5599c263a3c3f562174f52d09435f7df15
mod/gfx/map/units/T-BATTLESHIP A-WALK C-IND L-1 D-NW.spr,spr,capital,tools/art_sources/v4_sprites/india_service_sheet_02.png#panel=1,generated original India service sprite; not derived from another mod,63d02997bcd777a76fc01351b24b31d773ae9118991fe972f7dc19665750b207
mod/gfx/map/units/T-BATTLESHIP A-WALK C-IND L-1 D-S.spr,spr,capital,tools/art_sources/v4_sprites/india_service_sheet_02.png#panel=1,generated original India service sprite; not derived from another mod,93d5cd0d4d74d1a25241c9af0f83c0db645b2bdd981b9b1cd6fa4dee1e109e22
mod/gfx/map/units/T-BATTLESHIP A-WALK C-IND L-1 D-SE.spr,spr,capital,tools/art_sources/v4_sprites/india_service_sheet_02.png#panel=1,generated original India service sprite; not derived from another mod,b8a7dffcd851ecb019469108a4deb770432fefc09fe0e9dec18bd8ad02f7b545
mod/gfx/map/units/T-BATTLESHIP A-WALK C-IND L-1 D-SW.spr,spr,capital,tools/art_sources/v4_sprites/india_service_sheet_02.png#panel=1,generated original India service sprite; not derived from another mod,04fc02af458af0e25b2cb38cd149484431f85ace16388a1ec239d78924fad9d8
mod/gfx/map/units/T-BATTLESHIP A-WALK C-IND L-1 D-W.spr,spr,capital,tools/art_sources/v4_sprites/india_service_sheet_02.png#panel=1,generated original India service sprite; not derived from another mod,b1f8eb231f58972bb95287714ca83da25f925a67bb81b2a3081dfc75f9d4006a
mod/gfx/map/units/T-BOMBER A-FIRE C-IND L-1 D-E.spr,spr,bomber,tools/art_sources/v4_sprites/india_service_sheet_01.png#panel=6,generated original India service sprite; not derived from another mod,d1b7499e1d8636bfe2ffb3043fff76e797a812727e166acebb2037ab7412531f
mod/gfx/map/units/T-BOMBER A-FIRE C-IND L-1 D-N.spr,spr,bomber,tools/art_sources/v4_sprites/india_service_sheet_01.png#panel=6,generated original India service sprite; not derived from another mod,99c805d6c3ecfaa8a3c6262568569050ab640c89d872e922a959d88de3fe3aad
mod/gfx/map/units/T-BOMBER A-FIRE C-IND L-1 D-NE.spr,spr,bomber,tools/art_sources/v4_sprites/india_service_sheet_01.png#panel=6,generated original India service sprite; not derived from another mod,6b114d90707319666d96fce892301bd35a2c5e37b55acbaa18ffa23ceb1624e0
mod/gfx/map/units/T-BOMBER A-FIRE C-IND L-1 D-NW.spr,spr,bomber,tools/art_sources/v4_sprites/india_service_sheet_01.png#panel=6,generated original India service sprite; not derived from another mod,1e6c39d248a2916d7dafd66fedb7b18837d90a691080aaa918a47c32b705244f
mod/gfx/map/units/T-BOMBER A-FIRE C-IND L-1 D-S.spr,spr,bomber,tools/art_sources/v4_sprites/india_service_sheet_01.png#panel=6,generated original India service sprite; not derived from another mod,cc5d38ae64dd219064960612799b17790099708911ba98cc9e5087ead0e50efd
mod/gfx/map/units/T-BOMBER A-FIRE C-IND L-1 D-SE.spr,spr,bomber,tools/art_sources/v4_sprites/india_service_sheet_01.png#panel=6,generated original India service sprite; not derived from another mod,8d00ab6fbaa609b9284d3f8fa1232b2a766bdbf30e9c17c734b290efccb41e55
mod/gfx/map/units/T-BOMBER A-FIRE C-IND L-1 D-SW.spr,spr,bomber,tools/art_sources/v4_sprites/india_service_sheet_01.png#panel=6,generated original India service sprite; not derived from another mod,2e4695d0a5a260ea41929e8f1d5898676757239dfd2b20fddf615772223f4e49
mod/gfx/map/units/T-BOMBER A-FIRE C-IND L-1 D-W.spr,spr,bomber,tools/art_sources/v4_sprites/india_service_sheet_01.png#panel=6,generated original India service sprite; not derived from another mod,01c56e9a15c84e4e4385d0c5c8d903382b48949339f77413448b9956eb41d6ee
mod/gfx/map/units/T-BOMBER A-STAND C-IND L-1.spr,spr,bomber,tools/art_sources/v4_sprites/india_service_sheet_01.png#panel=6,generated original India service sprite; not derived from another mod,84784dade8e6b6f156727fa5e8aad1144f14d281c9f4753eb660e2847ce39900
mod/gfx/map/units/T-BOMBER A-WALK C-IND L-1 D-E.spr,spr,bomber,tools/art_sources/v4_sprites/india_service_sheet_01.png#panel=6,generated original India service sprite; not derived from another mod,eb3eeb3c32eb263c197eb451e51dc644bd0718d6fe53f8c9b95f31484ebee534
mod/gfx/map/units/T-BOMBER A-WALK C-IND L-1 D-N.spr,spr,bomber,tools/art_sources/v4_sprites/india_service_sheet_01.png#panel=6,generated original India service sprite; not derived from another mod,2e6e4a409ac2f5cf936e8121c246bac17d82e10e8ba88d60fccdd48c93b71ab0
mod/gfx/map/units/T-BOMBER A-WALK C-IND L-1 D-NE.spr,spr,bomber,tools/art_sources/v4_sprites/india_service_sheet_01.png#panel=6,generated original India service sprite; not derived from another mod,3184d75740ac4c2303d41da85f9b9e9ea446a41f2f75b175b255ce26f7080448
mod/gfx/map/units/T-BOMBER A-WALK C-IND L-1 D-NW.spr,spr,bomber,tools/art_sources/v4_sprites/india_service_sheet_01.png#panel=6,generated original India service sprite; not derived from another mod,8851b7bf4b60dfc1f06e0e8375c0e76a90e0b815a949bcac9339bc38c52244f2
mod/gfx/map/units/T-BOMBER A-WALK C-IND L-1 D-S.spr,spr,bomber,tools/art_sources/v4_sprites/india_service_sheet_01.png#panel=6,generated original India service sprite; not derived from another mod,5a50b937f3799df28e9582187b747833297d24bfdf36210557b824314d798191
mod/gfx/map/units/T-BOMBER A-WALK C-IND L-1 D-SE.spr,spr,bomber,tools/art_sources/v4_sprites/india_service_sheet_01.png#panel=6,generated original India service sprite; not derived from another mod,5d25f4a8d76a1750f2d2ef941a9d6b88eb230a9f1dda7adfd3023ffaed5626ae
mod/gfx/map/units/T-BOMBER A-WALK C-IND L-1 D-SW.spr,spr,bomber,tools/art_sources/v4_sprites/india_service_sheet_01.png#panel=6,generated original India service sprite; not derived from another mod,f1fe3efea7c17f276b14cc7aa7d64f4204b387f7c49ce985c4dc0ac498b9cb21
mod/gfx/map/units/T-BOMBER A-WALK C-IND L-1 D-W.spr,spr,bomber,tools/art_sources/v4_sprites/india_service_sheet_01.png#panel=6,generated original India service sprite; not derived from another mod,c2d0f4b80bae0b698bd1d697e4cdad53210197ccca473e04cf558052215067c2
mod/gfx/map/units/T-CARRIER A-FIRE C-IND D-E.spr,spr,carrier,tools/art_sources/v4_sprites/india_service_sheet_01.png#panel=8,generated original India service sprite; not derived from another mod,7322a2ba23939d677daefbd913f5b111f98036718ed72f45b38635754f409ed4
mod/gfx/map/units/T-CARRIER A-FIRE C-IND D-N.spr,spr,carrier,tools/art_sources/v4_sprites/india_service_sheet_01.png#panel=8,generated original India service sprite; not derived from another mod,9836c4bf6b4cf6f973e8a47652ed6d8add999997c6fcc4d57eac8833f50bba04
mod/gfx/map/units/T-CARRIER A-FIRE C-IND D-NE.spr,spr,carrier,tools/art_sources/v4_sprites/india_service_sheet_01.png#panel=8,generated original India service sprite; not derived from another mod,09524e6e978a539bcb20986144b0153e53e297e36a943f17c32bd69d9fc79333
mod/gfx/map/units/T-CARRIER A-FIRE C-IND D-NW.spr,spr,carrier,tools/art_sources/v4_sprites/india_service_sheet_01.png#panel=8,generated original India service sprite; not derived from another mod,f96ae3aea89084c8b4e5af8bc2a31f0ab2e89b3942805acb991ea0c9e67c61a7
mod/gfx/map/units/T-CARRIER A-FIRE C-IND D-S.spr,spr,carrier,tools/art_sources/v4_sprites/india_service_sheet_01.png#panel=8,generated original India service sprite; not derived from another mod,6213d257be808b03645995f786d770ab8dfe1551ef513b432af64b8bd6eeef87
mod/gfx/map/units/T-CARRIER A-FIRE C-IND D-SE.spr,spr,carrier,tools/art_sources/v4_sprites/india_service_sheet_01.png#panel=8,generated original India service sprite; not derived from another mod,f85eb183efa37b98471da624e2631d78e014ae06da6768033e02acf22be0261d
mod/gfx/map/units/T-CARRIER A-FIRE C-IND D-SW.spr,spr,carrier,tools/art_sources/v4_sprites/india_service_sheet_01.png#panel=8,generated original India service sprite; not derived from another mod,b28bd09d5a6e0f1f8d03ce22032b2f8564cec42d5c2921ce5bc28c7b1c389284
mod/gfx/map/units/T-CARRIER A-FIRE C-IND D-W.spr,spr,carrier,tools/art_sources/v4_sprites/india_service_sheet_01.png#panel=8,generated original India service sprite; not derived from another mod,9638b1fa8190495d09851080cbdf61a8faf622d4571b67ec9cd21b729561a1c1
mod/gfx/map/units/T-CARRIER A-FIRE C-IND L-1 D-E.spr,spr,carrier,tools/art_sources/v4_sprites/india_service_sheet_01.png#panel=8,generated original India service sprite; not derived from another mod,7322a2ba23939d677daefbd913f5b111f98036718ed72f45b38635754f409ed4
mod/gfx/map/units/T-CARRIER A-FIRE C-IND L-1 D-N.spr,spr,carrier,tools/art_sources/v4_sprites/india_service_sheet_01.png#panel=8,generated original India service sprite; not derived from another mod,9836c4bf6b4cf6f973e8a47652ed6d8add999997c6fcc4d57eac8833f50bba04
mod/gfx/map/units/T-CARRIER A-FIRE C-IND L-1 D-NE.spr,spr,carrier,tools/art_sources/v4_sprites/india_service_sheet_01.png#panel=8,generated original India service sprite; not derived from another mod,09524e6e978a539bcb20986144b0153e53e297e36a943f17c32bd69d9fc79333
mod/gfx/map/units/T-CARRIER A-FIRE C-IND L-1 D-NW.spr,spr,carrier,tools/art_sources/v4_sprites/india_service_sheet_01.png#panel=8,generated original India service sprite; not derived from another mod,f96ae3aea89084c8b4e5af8bc2a31f0ab2e89b3942805acb991ea0c9e67c61a7
mod/gfx/map/units/T-CARRIER A-FIRE C-IND L-1 D-S.spr,spr,carrier,tools/art_sources/v4_sprites/india_service_sheet_01.png#panel=8,generated original India service sprite; not derived from another mod,6213d257be808b03645995f786d770ab8dfe1551ef513b432af64b8bd6eeef87
mod/gfx/map/units/T-CARRIER A-FIRE C-IND L-1 D-SE.spr,spr,carrier,tools/art_sources/v4_sprites/india_service_sheet_01.png#panel=8,generated original India service sprite; not derived from another mod,f85eb183efa37b98471da624e2631d78e014ae06da6768033e02acf22be0261d
mod/gfx/map/units/T-CARRIER A-FIRE C-IND L-1 D-SW.spr,spr,carrier,tools/art_sources/v4_sprites/india_service_sheet_01.png#panel=8,generated original India service sprite; not derived from another mod,b28bd09d5a6e0f1f8d03ce22032b2f8564cec42d5c2921ce5bc28c7b1c389284
mod/gfx/map/units/T-CARRIER A-FIRE C-IND L-1 D-W.spr,spr,carrier,tools/art_sources/v4_sprites/india_service_sheet_01.png#panel=8,generated original India service sprite; not derived from another mod,9638b1fa8190495d09851080cbdf61a8faf622d4571b67ec9cd21b729561a1c1
mod/gfx/map/units/T-CARRIER A-STAND C-IND L-1.spr,spr,carrier,tools/art_sources/v4_sprites/india_service_sheet_01.png#panel=8,generated original India service sprite; not derived from another mod,ee1bba3a83f69652c83a14b6f79c4dcda9f394f1f1bfcab2fef8af25f8a74769
mod/gfx/map/units/T-CARRIER A-STAND C-IND.spr,spr,carrier,tools/art_sources/v4_sprites/india_service_sheet_01.png#panel=8,generated original India service sprite; not derived from another mod,ee1bba3a83f69652c83a14b6f79c4dcda9f394f1f1bfcab2fef8af25f8a74769
mod/gfx/map/units/T-CARRIER A-WALK C-IND D-E.spr,spr,carrier,tools/art_sources/v4_sprites/india_service_sheet_01.png#panel=8,generated original India service sprite; not derived from another mod,59c33e61abd519963227073a87c277f4c236dc5a338283deaf6c587d9740933b
mod/gfx/map/units/T-CARRIER A-WALK C-IND D-N.spr,spr,carrier,tools/art_sources/v4_sprites/india_service_sheet_01.png#panel=8,generated original India service sprite; not derived from another mod,92094ccee6e603cb18b174350261e83b8eb1d75759cfb5a6cda18475068696d6
mod/gfx/map/units/T-CARRIER A-WALK C-IND D-NE.spr,spr,carrier,tools/art_sources/v4_sprites/india_service_sheet_01.png#panel=8,generated original India service sprite; not derived from another mod,8712e301bd037b75c9e8ff4070bedc697ad486cf45ef0b8699e49b5dfadf0170
mod/gfx/map/units/T-CARRIER A-WALK C-IND D-NW.spr,spr,carrier,tools/art_sources/v4_sprites/india_service_sheet_01.png#panel=8,generated original India service sprite; not derived from another mod,0cb31f274cdf14860f28960ec496013c9e69fd4dbd01d3b3392e125e008d8c9d
mod/gfx/map/units/T-CARRIER A-WALK C-IND D-S.spr,spr,carrier,tools/art_sources/v4_sprites/india_service_sheet_01.png#panel=8,generated original India service sprite; not derived from another mod,09ff197b42264d5f162a9679054afc8eb6de3c54aec5b7158acc88c7f854ebf2
mod/gfx/map/units/T-CARRIER A-WALK C-IND D-SE.spr,spr,carrier,tools/art_sources/v4_sprites/india_service_sheet_01.png#panel=8,generated original India service sprite; not derived from another mod,dce48b0b2f89708e8f769c5b61f8cbd3886a8c03f9d2fba4db2d3538cc0da096
mod/gfx/map/units/T-CARRIER A-WALK C-IND D-SW.spr,spr,carrier,tools/art_sources/v4_sprites/india_service_sheet_01.png#panel=8,generated original India service sprite; not derived from another mod,747e7edc158b84252b62c9f33a8e83726029ae7b02bf27c3750612f39f0ff829
mod/gfx/map/units/T-CARRIER A-WALK C-IND D-W.spr,spr,carrier,tools/art_sources/v4_sprites/india_service_sheet_01.png#panel=8,generated original India service sprite; not derived from another mod,24b55f4c99fac20b7928d33bbbe4a5503507cf836df689270894c4a4fc374c2e
mod/gfx/map/units/T-CARRIER A-WALK C-IND L-1 D-E.spr,spr,carrier,tools/art_sources/v4_sprites/india_service_sheet_01.png#panel=8,generated original India service sprite; not derived from another mod,59c33e61abd519963227073a87c277f4c236dc5a338283deaf6c587d9740933b
mod/gfx/map/units/T-CARRIER A-WALK C-IND L-1 D-N.spr,spr,carrier,tools/art_sources/v4_sprites/india_service_sheet_01.png#panel=8,generated original India service sprite; not derived from another mod,92094ccee6e603cb18b174350261e83b8eb1d75759cfb5a6cda18475068696d6
mod/gfx/map/units/T-CARRIER A-WALK C-IND L-1 D-NE.spr,spr,carrier,tools/art_sources/v4_sprites/india_service_sheet_01.png#panel=8,generated original India service sprite; not derived from another mod,8712e301bd037b75c9e8ff4070bedc697ad486cf45ef0b8699e49b5dfadf0170
mod/gfx/map/units/T-CARRIER A-WALK C-IND L-1 D-NW.spr,spr,carrier,tools/art_sources/v4_sprites/india_service_sheet_01.png#panel=8,generated original India service sprite; not derived from another mod,0cb31f274cdf14860f28960ec496013c9e69fd4dbd01d3b3392e125e008d8c9d
mod/gfx/map/units/T-CARRIER A-WALK C-IND L-1 D-S.spr,spr,carrier,tools/art_sources/v4_sprites/india_service_sheet_01.png#panel=8,generated original India service sprite; not derived from another mod,09ff197b42264d5f162a9679054afc8eb6de3c54aec5b7158acc88c7f854ebf2
mod/gfx/map/units/T-CARRIER A-WALK C-IND L-1 D-SE.spr,spr,carrier,tools/art_sources/v4_sprites/india_service_sheet_01.png#panel=8,generated original India service sprite; not derived from another mod,dce48b0b2f89708e8f769c5b61f8cbd3886a8c03f9d2fba4db2d3538cc0da096
mod/gfx/map/units/T-CARRIER A-WALK C-IND L-1 D-SW.spr,spr,carrier,tools/art_sources/v4_sprites/india_service_sheet_01.png#panel=8,generated original India service sprite; not derived from another mod,747e7edc158b84252b62c9f33a8e83726029ae7b02bf27c3750612f39f0ff829
mod/gfx/map/units/T-CARRIER A-WALK C-IND L-1 D-W.spr,spr,carrier,tools/art_sources/v4_sprites/india_service_sheet_01.png#panel=8,generated original India service sprite; not derived from another mod,24b55f4c99fac20b7928d33bbbe4a5503507cf836df689270894c4a4fc374c2e
mod/gfx/map/units/T-CAS A-FIRE C-IND L-1 D-E.spr,spr,bomber,tools/art_sources/v4_sprites/india_service_sheet_01.png#panel=6,generated original India service sprite; not derived from another mod,d1b7499e1d8636bfe2ffb3043fff76e797a812727e166acebb2037ab7412531f
mod/gfx/map/units/T-CAS A-FIRE C-IND L-1 D-N.spr,spr,bomber,tools/art_sources/v4_sprites/india_service_sheet_01.png#panel=6,generated original India service sprite; not derived from another mod,99c805d6c3ecfaa8a3c6262568569050ab640c89d872e922a959d88de3fe3aad
mod/gfx/map/units/T-CAS A-FIRE C-IND L-1 D-NE.spr,spr,bomber,tools/art_sources/v4_sprites/india_service_sheet_01.png#panel=6,generated original India service sprite; not derived from another mod,6b114d90707319666d96fce892301bd35a2c5e37b55acbaa18ffa23ceb1624e0
mod/gfx/map/units/T-CAS A-FIRE C-IND L-1 D-NW.spr,spr,bomber,tools/art_sources/v4_sprites/india_service_sheet_01.png#panel=6,generated original India service sprite; not derived from another mod,1e6c39d248a2916d7dafd66fedb7b18837d90a691080aaa918a47c32b705244f
mod/gfx/map/units/T-CAS A-FIRE C-IND L-1 D-S.spr,spr,bomber,tools/art_sources/v4_sprites/india_service_sheet_01.png#panel=6,generated original India service sprite; not derived from another mod,cc5d38ae64dd219064960612799b17790099708911ba98cc9e5087ead0e50efd
mod/gfx/map/units/T-CAS A-FIRE C-IND L-1 D-SE.spr,spr,bomber,tools/art_sources/v4_sprites/india_service_sheet_01.png#panel=6,generated original India service sprite; not derived from another mod,8d00ab6fbaa609b9284d3f8fa1232b2a766bdbf30e9c17c734b290efccb41e55
mod/gfx/map/units/T-CAS A-FIRE C-IND L-1 D-SW.spr,spr,bomber,tools/art_sources/v4_sprites/india_service_sheet_01.png#panel=6,generated original India service sprite; not derived from another mod,2e4695d0a5a260ea41929e8f1d5898676757239dfd2b20fddf615772223f4e49
mod/gfx/map/units/T-CAS A-FIRE C-IND L-1 D-W.spr,spr,bomber,tools/art_sources/v4_sprites/india_service_sheet_01.png#panel=6,generated original India service sprite; not derived from another mod,01c56e9a15c84e4e4385d0c5c8d903382b48949339f77413448b9956eb41d6ee
mod/gfx/map/units/T-CAS A-STAND C-IND L-1.spr,spr,bomber,tools/art_sources/v4_sprites/india_service_sheet_01.png#panel=6,generated original India service sprite; not derived from another mod,84784dade8e6b6f156727fa5e8aad1144f14d281c9f4753eb660e2847ce39900
mod/gfx/map/units/T-CAS A-WALK C-IND L-1 D-E.spr,spr,bomber,tools/art_sources/v4_sprites/india_service_sheet_01.png#panel=6,generated original India service sprite; not derived from another mod,eb3eeb3c32eb263c197eb451e51dc644bd0718d6fe53f8c9b95f31484ebee534
mod/gfx/map/units/T-CAS A-WALK C-IND L-1 D-N.spr,spr,bomber,tools/art_sources/v4_sprites/india_service_sheet_01.png#panel=6,generated original India service sprite; not derived from another mod,2e6e4a409ac2f5cf936e8121c246bac17d82e10e8ba88d60fccdd48c93b71ab0
mod/gfx/map/units/T-CAS A-WALK C-IND L-1 D-NE.spr,spr,bomber,tools/art_sources/v4_sprites/india_service_sheet_01.png#panel=6,generated original India service sprite; not derived from another mod,3184d75740ac4c2303d41da85f9b9e9ea446a41f2f75b175b255ce26f7080448
mod/gfx/map/units/T-CAS A-WALK C-IND L-1 D-NW.spr,spr,bomber,tools/art_sources/v4_sprites/india_service_sheet_01.png#panel=6,generated original India service sprite; not derived from another mod,8851b7bf4b60dfc1f06e0e8375c0e76a90e0b815a949bcac9339bc38c52244f2
mod/gfx/map/units/T-CAS A-WALK C-IND L-1 D-S.spr,spr,bomber,tools/art_sources/v4_sprites/india_service_sheet_01.png#panel=6,generated original India service sprite; not derived from another mod,5a50b937f3799df28e9582187b747833297d24bfdf36210557b824314d798191
mod/gfx/map/units/T-CAS A-WALK C-IND L-1 D-SE.spr,spr,bomber,tools/art_sources/v4_sprites/india_service_sheet_01.png#panel=6,generated original India service sprite; not derived from another mod,5d25f4a8d76a1750f2d2ef941a9d6b88eb230a9f1dda7adfd3023ffaed5626ae
mod/gfx/map/units/T-CAS A-WALK C-IND L-1 D-SW.spr,spr,bomber,tools/art_sources/v4_sprites/india_service_sheet_01.png#panel=6,generated original India service sprite; not derived from another mod,f1fe3efea7c17f276b14cc7aa7d64f4204b387f7c49ce985c4dc0ac498b9cb21
mod/gfx/map/units/T-CAS A-WALK C-IND L-1 D-W.spr,spr,bomber,tools/art_sources/v4_sprites/india_service_sheet_01.png#panel=6,generated original India service sprite; not derived from another mod,c2d0f4b80bae0b698bd1d697e4cdad53210197ccca473e04cf558052215067c2
mod/gfx/map/units/T-CAVALRY A-FIRE C-IND L-1 D-E.spr,spr,cavalry,tools/art_sources/v4_sprites/india_service_sheet_02.png#panel=4,generated original India service sprite; not derived from another mod,29b4043e290888bad114729ed2e17ab93745249b45af3832724c02c25eee78ba
mod/gfx/map/units/T-CAVALRY A-FIRE C-IND L-1 D-N.spr,spr,cavalry,tools/art_sources/v4_sprites/india_service_sheet_02.png#panel=4,generated original India service sprite; not derived from another mod,558d3afa83e3a7e79c34a270f2c4ac9a6bffeb02314dfa23b790b41765b935f6
mod/gfx/map/units/T-CAVALRY A-FIRE C-IND L-1 D-NE.spr,spr,cavalry,tools/art_sources/v4_sprites/india_service_sheet_02.png#panel=4,generated original India service sprite; not derived from another mod,0d9f3366c73bceba5859f0544bda86329fdd1c74bf0e9bacc66a754c4912779f
mod/gfx/map/units/T-CAVALRY A-FIRE C-IND L-1 D-NW.spr,spr,cavalry,tools/art_sources/v4_sprites/india_service_sheet_02.png#panel=4,generated original India service sprite; not derived from another mod,2c59d33261c6990a78984a79ea7fb17d4c58ceb5ffde6d03fc0a6d5bef5f3953
mod/gfx/map/units/T-CAVALRY A-FIRE C-IND L-1 D-S.spr,spr,cavalry,tools/art_sources/v4_sprites/india_service_sheet_02.png#panel=4,generated original India service sprite; not derived from another mod,0df788f86dba35c9f195f63b4f10c4d2bc584b6d0e5bc0587d592038b0238288
mod/gfx/map/units/T-CAVALRY A-FIRE C-IND L-1 D-SE.spr,spr,cavalry,tools/art_sources/v4_sprites/india_service_sheet_02.png#panel=4,generated original India service sprite; not derived from another mod,87cff96078c2d9bd0bb377f4805d6a9bb8db7f090f904767d192aed04d493d76
mod/gfx/map/units/T-CAVALRY A-FIRE C-IND L-1 D-SW.spr,spr,cavalry,tools/art_sources/v4_sprites/india_service_sheet_02.png#panel=4,generated original India service sprite; not derived from another mod,9195d4bb6fe87e96a93f1bf47eceb8769b09d0085f13233909c3a97ac38968aa
mod/gfx/map/units/T-CAVALRY A-FIRE C-IND L-1 D-W.spr,spr,cavalry,tools/art_sources/v4_sprites/india_service_sheet_02.png#panel=4,generated original India service sprite; not derived from another mod,9b5ac284653747c36f957704ed3250fccba0f13f595c1df14a0e25c9a33962c6
mod/gfx/map/units/T-CAVALRY A-STAND C-IND L-1.spr,spr,cavalry,tools/art_sources/v4_sprites/india_service_sheet_02.png#panel=4,generated original India service sprite; not derived from another mod,8f736c90614112e28ea320aa3589eeb5242dea11fc7d2ae14f1d4110a623b413
mod/gfx/map/units/T-CAVALRY A-WALK C-IND L-1 D-E.spr,spr,cavalry,tools/art_sources/v4_sprites/india_service_sheet_02.png#panel=4,generated original India service sprite; not derived from another mod,8d4de4f5e9698faa7d5ee5d0666b78ae84860b66f36b9ab769679e23a8559f3e
mod/gfx/map/units/T-CAVALRY A-WALK C-IND L-1 D-N.spr,spr,cavalry,tools/art_sources/v4_sprites/india_service_sheet_02.png#panel=4,generated original India service sprite; not derived from another mod,91d60a6acda5e86fe79c0d685d73635acf123a4eb647906e6846318f9f23ae1e
mod/gfx/map/units/T-CAVALRY A-WALK C-IND L-1 D-NE.spr,spr,cavalry,tools/art_sources/v4_sprites/india_service_sheet_02.png#panel=4,generated original India service sprite; not derived from another mod,5594875a983116452c9f03c7ca7d605b40ac2b818f049cb64b1523f7ec2f18fe
mod/gfx/map/units/T-CAVALRY A-WALK C-IND L-1 D-NW.spr,spr,cavalry,tools/art_sources/v4_sprites/india_service_sheet_02.png#panel=4,generated original India service sprite; not derived from another mod,dc5ed2b41519a26702e39a5609ba880d19af3f30eadd98bdf0cfebd364423129
mod/gfx/map/units/T-CAVALRY A-WALK C-IND L-1 D-S.spr,spr,cavalry,tools/art_sources/v4_sprites/india_service_sheet_02.png#panel=4,generated original India service sprite; not derived from another mod,7735e00cd2ff598c081a9d3f1042921d02816b63e15555cbd7ccc00b8d919dd3
mod/gfx/map/units/T-CAVALRY A-WALK C-IND L-1 D-SE.spr,spr,cavalry,tools/art_sources/v4_sprites/india_service_sheet_02.png#panel=4,generated original India service sprite; not derived from another mod,b477339db10ade40d119e1f374a52583a51d3398a3740e3f816eab6ff91c1bb6
mod/gfx/map/units/T-CAVALRY A-WALK C-IND L-1 D-SW.spr,spr,cavalry,tools/art_sources/v4_sprites/india_service_sheet_02.png#panel=4,generated original India service sprite; not derived from another mod,008028a22dbf05fe92a46bc62bf31eda7b98867565f1c2550b5e88899a2aa444
mod/gfx/map/units/T-CAVALRY A-WALK C-IND L-1 D-W.spr,spr,cavalry,tools/art_sources/v4_sprites/india_service_sheet_02.png#panel=4,generated original India service sprite; not derived from another mod,36376cab8f985420f7803ed90dfd2d160fd7b24a6ce8e8a0bbaf0dc98c0b78c1
mod/gfx/map/units/T-d_05 A-FIRE C-IND L-1 D-E.spr,spr,gurkha,tools/art_sources/v4_sprites/india_service_sheet_01.png#panel=2,generated original India service sprite; not derived from another mod,b90b9625d9e6d081dea5b70cb73f8007475d745967a0fe69c2a95592a43223df
mod/gfx/map/units/T-d_05 A-FIRE C-IND L-1 D-N.spr,spr,gurkha,tools/art_sources/v4_sprites/india_service_sheet_01.png#panel=2,generated original India service sprite; not derived from another mod,7d8b94b31e376dfc9cc7c0b9d26317b506c729b782289184f19a74f897e1535e
mod/gfx/map/units/T-d_05 A-FIRE C-IND L-1 D-NE.spr,spr,gurkha,tools/art_sources/v4_sprites/india_service_sheet_01.png#panel=2,generated original India service sprite; not derived from another mod,9cd4e383d29012b9a904ba736b41dab946e21ea2f35113a499672de97acdef75
mod/gfx/map/units/T-d_05 A-FIRE C-IND L-1 D-NW.spr,spr,gurkha,tools/art_sources/v4_sprites/india_service_sheet_01.png#panel=2,generated original India service sprite; not derived from another mod,b51d8e1f2e32217bd5dd5bf16b1ae97dafedccc8484f7415d03e9bee41a50b33
mod/gfx/map/units/T-d_05 A-FIRE C-IND L-1 D-S.spr,spr,gurkha,tools/art_sources/v4_sprites/india_service_sheet_01.png#panel=2,generated original India service sprite; not derived from another mod,f8a971343d97935e859d751839235884d64e38129c011b6ef59f7bef61226333
mod/gfx/map/units/T-d_05 A-FIRE C-IND L-1 D-SE.spr,spr,gurkha,tools/art_sources/v4_sprites/india_service_sheet_01.png#panel=2,generated original India service sprite; not derived from another mod,d050b73e2c6fdb7773062b5685ba74bd68f9a9b41732f8b487c17798e3ae80af
mod/gfx/map/units/T-d_05 A-FIRE C-IND L-1 D-SW.spr,spr,gurkha,tools/art_sources/v4_sprites/india_service_sheet_01.png#panel=2,generated original India service sprite; not derived from another mod,4299daaf78274e2a6276e3e3b93fc40f2cfd20d04d44179d8aa3596ecf728278
mod/gfx/map/units/T-d_05 A-FIRE C-IND L-1 D-W.spr,spr,gurkha,tools/art_sources/v4_sprites/india_service_sheet_01.png#panel=2,generated original India service sprite; not derived from another mod,192757bfaf75f09b5d187b5985752e480331f8d04108376548bdb7750d77371a
mod/gfx/map/units/T-d_05 A-STAND C-IND L-1.spr,spr,gurkha,tools/art_sources/v4_sprites/india_service_sheet_01.png#panel=2,generated original India service sprite; not derived from another mod,36a7506fa0642e7f7838ce6b47022803631ac0aa67c19b487b8604db26ee3fa2
mod/gfx/map/units/T-d_05 A-WALK C-IND L-1 D-E.spr,spr,gurkha,tools/art_sources/v4_sprites/india_service_sheet_01.png#panel=2,generated original India service sprite; not derived from another mod,4bdfad041784081f6f1da0df0ddf73e43a2eb1d62e50c7af84d8a2a61370857d
mod/gfx/map/units/T-d_05 A-WALK C-IND L-1 D-N.spr,spr,gurkha,tools/art_sources/v4_sprites/india_service_sheet_01.png#panel=2,generated original India service sprite; not derived from another mod,86e63429f6d42ae1df6e7f5fb0ba5ae90be8d8c03762b81ae47eb6e28dfdb734
mod/gfx/map/units/T-d_05 A-WALK C-IND L-1 D-NE.spr,spr,gurkha,tools/art_sources/v4_sprites/india_service_sheet_01.png#panel=2,generated original India service sprite; not derived from another mod,19f4cd5b0e69ddfec9a3bdb400aa22fdda2c9e7c0f9bb38e043e03c132abd211
mod/gfx/map/units/T-d_05 A-WALK C-IND L-1 D-NW.spr,spr,gurkha,tools/art_sources/v4_sprites/india_service_sheet_01.png#panel=2,generated original India service sprite; not derived from another mod,a1af784593619073730ddefe40d019f73194a59eeefbb0e64bbb3c9e8ddc1c87
mod/gfx/map/units/T-d_05 A-WALK C-IND L-1 D-S.spr,spr,gurkha,tools/art_sources/v4_sprites/india_service_sheet_01.png#panel=2,generated original India service sprite; not derived from another mod,208bfad7f4d35f2851ea8d1e4ac0d68c2b491f12371d377bac99cf58ffd05747
mod/gfx/map/units/T-d_05 A-WALK C-IND L-1 D-SE.spr,spr,gurkha,tools/art_sources/v4_sprites/india_service_sheet_01.png#panel=2,generated original India service sprite; not derived from another mod,bb8a6c5d784768e8595871eab54d1bff8c755a0c428006251fa3f57f57dc0dba
mod/gfx/map/units/T-d_05 A-WALK C-IND L-1 D-SW.spr,spr,gurkha,tools/art_sources/v4_sprites/india_service_sheet_01.png#panel=2,generated original India service sprite; not derived from another mod,42ddce5c2367f5e6b795980b618b7f7a46fca538654f4d01cb471cbda0d2aec6
mod/gfx/map/units/T-d_05 A-WALK C-IND L-1 D-W.spr,spr,gurkha,tools/art_sources/v4_sprites/india_service_sheet_01.png#panel=2,generated original India service sprite; not derived from another mod,1622699355c3dbd7c39a6463d558295c97e5cd5f9a47233e83b0ab651b225bb9
mod/gfx/map/units/T-DESTROYER A-FIRE C-IND L-1 D-E.spr,spr,escort,tools/art_sources/v4_sprites/india_service_sheet_01.png#panel=7,generated original India service sprite; not derived from another mod,9fd97c79ced4247833486c88630bd0a2016bdbcc2b95585163167e97ec0eec85
mod/gfx/map/units/T-DESTROYER A-FIRE C-IND L-1 D-N.spr,spr,escort,tools/art_sources/v4_sprites/india_service_sheet_01.png#panel=7,generated original India service sprite; not derived from another mod,b3d4a32248ef79f99672570f6135de5bdac253b6d02491fcc76564b443470ff7
mod/gfx/map/units/T-DESTROYER A-FIRE C-IND L-1 D-NE.spr,spr,escort,tools/art_sources/v4_sprites/india_service_sheet_01.png#panel=7,generated original India service sprite; not derived from another mod,89086b47fb12ee98b8744c476d8d19de2ce58cd71d41b60aa75c4086fe0cc1e0
mod/gfx/map/units/T-DESTROYER A-FIRE C-IND L-1 D-NW.spr,spr,escort,tools/art_sources/v4_sprites/india_service_sheet_01.png#panel=7,generated original India service sprite; not derived from another mod,d047459f78d19a1cfc606510f733dc2cd4cf541b16ba21bbc286757a7548f046
mod/gfx/map/units/T-DESTROYER A-FIRE C-IND L-1 D-S.spr,spr,escort,tools/art_sources/v4_sprites/india_service_sheet_01.png#panel=7,generated original India service sprite; not derived from another mod,d9583cc6e81b0af99900cc6883d76be2d8a2995608e3a22a7807baa090acc1c4
mod/gfx/map/units/T-DESTROYER A-FIRE C-IND L-1 D-SE.spr,spr,escort,tools/art_sources/v4_sprites/india_service_sheet_01.png#panel=7,generated original India service sprite; not derived from another mod,309de55ad065ce70c0706c750a96718cf289d1e7541aea77acf1ae41e891bbea
mod/gfx/map/units/T-DESTROYER A-FIRE C-IND L-1 D-SW.spr,spr,escort,tools/art_sources/v4_sprites/india_service_sheet_01.png#panel=7,generated original India service sprite; not derived from another mod,e1cfeb0e64bc4b9178bf73f0607f1f8687c9c0a38fddb6d8d2c87120fccc4543
mod/gfx/map/units/T-DESTROYER A-FIRE C-IND L-1 D-W.spr,spr,escort,tools/art_sources/v4_sprites/india_service_sheet_01.png#panel=7,generated original India service sprite; not derived from another mod,841f445f75c4ab3841d158628e77f28f3ffbfeaf932154f0a6378265d618455b
mod/gfx/map/units/T-DESTROYER A-STAND C-IND L-1.spr,spr,escort,tools/art_sources/v4_sprites/india_service_sheet_01.png#panel=7,generated original India service sprite; not derived from another mod,eba59e327de86715b1bf0cb294c3fe235b0c7cff3a29cabcbae70e47fae1fed7
mod/gfx/map/units/T-DESTROYER A-WALK C-IND L-1 D-E.spr,spr,escort,tools/art_sources/v4_sprites/india_service_sheet_01.png#panel=7,generated original India service sprite; not derived from another mod,cdfa8e6c23bc1c16070a2d1b59f7e5af04f3620f6a35ee6e409531920fe32c7e
mod/gfx/map/units/T-DESTROYER A-WALK C-IND L-1 D-N.spr,spr,escort,tools/art_sources/v4_sprites/india_service_sheet_01.png#panel=7,generated original India service sprite; not derived from another mod,d549b5f73a87e39b607789ab9bced4480c511e0c8a1718e08486762f6e4c22f2
mod/gfx/map/units/T-DESTROYER A-WALK C-IND L-1 D-NE.spr,spr,escort,tools/art_sources/v4_sprites/india_service_sheet_01.png#panel=7,generated original India service sprite; not derived from another mod,546c02d02d4b267654ca90da3c573744dfcbebf3be9f6bcade130ab30b7785d8
mod/gfx/map/units/T-DESTROYER A-WALK C-IND L-1 D-NW.spr,spr,escort,tools/art_sources/v4_sprites/india_service_sheet_01.png#panel=7,generated original India service sprite; not derived from another mod,789f13ec88504210855fea694ce18c3692ed2e1f1eb162a5bca5220dc005d305
mod/gfx/map/units/T-DESTROYER A-WALK C-IND L-1 D-S.spr,spr,escort,tools/art_sources/v4_sprites/india_service_sheet_01.png#panel=7,generated original India service sprite; not derived from another mod,b59e5736ce23e8bb3a5878341522f364338595aa4354965cdd32adc9eb06aaa2
mod/gfx/map/units/T-DESTROYER A-WALK C-IND L-1 D-SE.spr,spr,escort,tools/art_sources/v4_sprites/india_service_sheet_01.png#panel=7,generated original India service sprite; not derived from another mod,34c7d2bd2eb5227953fbb83bdee669399f02665b50f98c5cf8103e315fe6a60d
mod/gfx/map/units/T-DESTROYER A-WALK C-IND L-1 D-SW.spr,spr,escort,tools/art_sources/v4_sprites/india_service_sheet_01.png#panel=7,generated original India service sprite; not derived from another mod,1b92ae8695224acc4be3b2b5e50a6c57254072c143f76fbcc8a5b1cc2e68601a
mod/gfx/map/units/T-DESTROYER A-WALK C-IND L-1 D-W.spr,spr,escort,tools/art_sources/v4_sprites/india_service_sheet_01.png#panel=7,generated original India service sprite; not derived from another mod,43f745e6c383c964f2a19c8fdf71c15070688ac95db53e6cb535efa7c5b9d12c
mod/gfx/map/units/T-ESCORT A-FIRE C-IND L-1 D-E.spr,spr,fighter,tools/art_sources/v4_sprites/india_service_sheet_01.png#panel=5,generated original India service sprite; not derived from another mod,e32ae69adc0d75d7a2087799dcfee4b28a497876301a891e9d5db66e0d6fc834
mod/gfx/map/units/T-ESCORT A-FIRE C-IND L-1 D-N.spr,spr,fighter,tools/art_sources/v4_sprites/india_service_sheet_01.png#panel=5,generated original India service sprite; not derived from another mod,d1915f6ceab3e1417793c8bd200a3e3d20166b54ab6439746a64ae58cc430e21
mod/gfx/map/units/T-ESCORT A-FIRE C-IND L-1 D-NE.spr,spr,fighter,tools/art_sources/v4_sprites/india_service_sheet_01.png#panel=5,generated original India service sprite; not derived from another mod,c216c206131067d38d7114e7aaa65300cd4e984c905e62d679af76f5435c79aa
mod/gfx/map/units/T-ESCORT A-FIRE C-IND L-1 D-NW.spr,spr,fighter,tools/art_sources/v4_sprites/india_service_sheet_01.png#panel=5,generated original India service sprite; not derived from another mod,c5cb5201132c751676082c5ab028da6b586a18d23384dc92b93604e46ec53dea
mod/gfx/map/units/T-ESCORT A-FIRE C-IND L-1 D-S.spr,spr,fighter,tools/art_sources/v4_sprites/india_service_sheet_01.png#panel=5,generated original India service sprite; not derived from another mod,4a352f036bcc92c30022c0b6c42be43514ed574f867226bb7c9fed21043782f4
mod/gfx/map/units/T-ESCORT A-FIRE C-IND L-1 D-SE.spr,spr,fighter,tools/art_sources/v4_sprites/india_service_sheet_01.png#panel=5,generated original India service sprite; not derived from another mod,f826f60a89e5d6bfff20cf172fc68ee11c25fbf4cca3cb5eb2f68a99e52a6fab
mod/gfx/map/units/T-ESCORT A-FIRE C-IND L-1 D-SW.spr,spr,fighter,tools/art_sources/v4_sprites/india_service_sheet_01.png#panel=5,generated original India service sprite; not derived from another mod,3e0fa5dd1db40d9f40a992b446b743941b0c0c193be5c6ff0ec393060417fd96
mod/gfx/map/units/T-ESCORT A-FIRE C-IND L-1 D-W.spr,spr,fighter,tools/art_sources/v4_sprites/india_service_sheet_01.png#panel=5,generated original India service sprite; not derived from another mod,c70409b01fb5c44986245a841ac14c615a362a07993546cf449863406a93f805
mod/gfx/map/units/T-ESCORT A-STAND C-IND L-1.spr,spr,fighter,tools/art_sources/v4_sprites/india_service_sheet_01.png#panel=5,generated original India service sprite; not derived from another mod,86c0ea1ad77d3db9740660c3cfd80ba6b42c24be9087eb8da4c4a6a901876e87
mod/gfx/map/units/T-ESCORT A-WALK C-IND L-1 D-E.spr,spr,fighter,tools/art_sources/v4_sprites/india_service_sheet_01.png#panel=5,generated original India service sprite; not derived from another mod,32e9f340a29fa32c3959dfc0a7d3f54f871690b364ac1ad023920abfedc621fa
mod/gfx/map/units/T-ESCORT A-WALK C-IND L-1 D-N.spr,spr,fighter,tools/art_sources/v4_sprites/india_service_sheet_01.png#panel=5,generated original India service sprite; not derived from another mod,fa8c7515e030647e94314601049f1f0022637e80dacfb5c7cdfc36a11247d483
mod/gfx/map/units/T-ESCORT A-WALK C-IND L-1 D-NE.spr,spr,fighter,tools/art_sources/v4_sprites/india_service_sheet_01.png#panel=5,generated original India service sprite; not derived from another mod,782e267efde5ba477f1696b0d43fd1ae43bd72e53454a2b761e786b92cc3f154
mod/gfx/map/units/T-ESCORT A-WALK C-IND L-1 D-NW.spr,spr,fighter,tools/art_sources/v4_sprites/india_service_sheet_01.png#panel=5,generated original India service sprite; not derived from another mod,b9e03488ffb1d59ebd8cfcd8c723c655f0c52d5b43cb6167e8ba4c352d21b8a8
mod/gfx/map/units/T-ESCORT A-WALK C-IND L-1 D-S.spr,spr,fighter,tools/art_sources/v4_sprites/india_service_sheet_01.png#panel=5,generated original India service sprite; not derived from another mod,ae7c7cefba020ec61e1d4d7f13ab1625170c44321a77572878dfdc4e7eefdc28
mod/gfx/map/units/T-ESCORT A-WALK C-IND L-1 D-SE.spr,spr,fighter,tools/art_sources/v4_sprites/india_service_sheet_01.png#panel=5,generated original India service sprite; not derived from another mod,9ef5783d7e62b578d086fdc98f81f5cef198da0a1b8f812acb159615afc27bd0
mod/gfx/map/units/T-ESCORT A-WALK C-IND L-1 D-SW.spr,spr,fighter,tools/art_sources/v4_sprites/india_service_sheet_01.png#panel=5,generated original India service sprite; not derived from another mod,79c5be03a8e382ce77e0d66cb624cfb8ababed20157c1ccc3fec9aba89dc6f9c
mod/gfx/map/units/T-ESCORT A-WALK C-IND L-1 D-W.spr,spr,fighter,tools/art_sources/v4_sprites/india_service_sheet_01.png#panel=5,generated original India service sprite; not derived from another mod,e510ed3d9fbd915cacf10f5ebb26baa5d3df00338fc45c1ffce52ce230f4afb9
mod/gfx/map/units/T-escort_carrier A-FIRE C-IND D-E.spr,spr,carrier,tools/art_sources/v4_sprites/india_service_sheet_01.png#panel=8,generated original India service sprite; not derived from another mod,7322a2ba23939d677daefbd913f5b111f98036718ed72f45b38635754f409ed4
mod/gfx/map/units/T-escort_carrier A-FIRE C-IND D-N.spr,spr,carrier,tools/art_sources/v4_sprites/india_service_sheet_01.png#panel=8,generated original India service sprite; not derived from another mod,9836c4bf6b4cf6f973e8a47652ed6d8add999997c6fcc4d57eac8833f50bba04
mod/gfx/map/units/T-escort_carrier A-FIRE C-IND D-NE.spr,spr,carrier,tools/art_sources/v4_sprites/india_service_sheet_01.png#panel=8,generated original India service sprite; not derived from another mod,09524e6e978a539bcb20986144b0153e53e297e36a943f17c32bd69d9fc79333
mod/gfx/map/units/T-escort_carrier A-FIRE C-IND D-NW.spr,spr,carrier,tools/art_sources/v4_sprites/india_service_sheet_01.png#panel=8,generated original India service sprite; not derived from another mod,f96ae3aea89084c8b4e5af8bc2a31f0ab2e89b3942805acb991ea0c9e67c61a7
mod/gfx/map/units/T-escort_carrier A-FIRE C-IND D-S.spr,spr,carrier,tools/art_sources/v4_sprites/india_service_sheet_01.png#panel=8,generated original India service sprite; not derived from another mod,6213d257be808b03645995f786d770ab8dfe1551ef513b432af64b8bd6eeef87
mod/gfx/map/units/T-escort_carrier A-FIRE C-IND D-SE.spr,spr,carrier,tools/art_sources/v4_sprites/india_service_sheet_01.png#panel=8,generated original India service sprite; not derived from another mod,f85eb183efa37b98471da624e2631d78e014ae06da6768033e02acf22be0261d
mod/gfx/map/units/T-escort_carrier A-FIRE C-IND D-SW.spr,spr,carrier,tools/art_sources/v4_sprites/india_service_sheet_01.png#panel=8,generated original India service sprite; not derived from another mod,b28bd09d5a6e0f1f8d03ce22032b2f8564cec42d5c2921ce5bc28c7b1c389284
mod/gfx/map/units/T-escort_carrier A-FIRE C-IND D-W.spr,spr,carrier,tools/art_sources/v4_sprites/india_service_sheet_01.png#panel=8,generated original India service sprite; not derived from another mod,9638b1fa8190495d09851080cbdf61a8faf622d4571b67ec9cd21b729561a1c1
mod/gfx/map/units/T-escort_carrier A-FIRE C-IND L-1 D-E.spr,spr,carrier,tools/art_sources/v4_sprites/india_service_sheet_01.png#panel=8,generated original India service sprite; not derived from another mod,7322a2ba23939d677daefbd913f5b111f98036718ed72f45b38635754f409ed4
mod/gfx/map/units/T-escort_carrier A-FIRE C-IND L-1 D-N.spr,spr,carrier,tools/art_sources/v4_sprites/india_service_sheet_01.png#panel=8,generated original India service sprite; not derived from another mod,9836c4bf6b4cf6f973e8a47652ed6d8add999997c6fcc4d57eac8833f50bba04
mod/gfx/map/units/T-escort_carrier A-FIRE C-IND L-1 D-NE.spr,spr,carrier,tools/art_sources/v4_sprites/india_service_sheet_01.png#panel=8,generated original India service sprite; not derived from another mod,09524e6e978a539bcb20986144b0153e53e297e36a943f17c32bd69d9fc79333
mod/gfx/map/units/T-escort_carrier A-FIRE C-IND L-1 D-NW.spr,spr,carrier,tools/art_sources/v4_sprites/india_service_sheet_01.png#panel=8,generated original India service sprite; not derived from another mod,f96ae3aea89084c8b4e5af8bc2a31f0ab2e89b3942805acb991ea0c9e67c61a7
mod/gfx/map/units/T-escort_carrier A-FIRE C-IND L-1 D-S.spr,spr,carrier,tools/art_sources/v4_sprites/india_service_sheet_01.png#panel=8,generated original India service sprite; not derived from another mod,6213d257be808b03645995f786d770ab8dfe1551ef513b432af64b8bd6eeef87
mod/gfx/map/units/T-escort_carrier A-FIRE C-IND L-1 D-SE.spr,spr,carrier,tools/art_sources/v4_sprites/india_service_sheet_01.png#panel=8,generated original India service sprite; not derived from another mod,f85eb183efa37b98471da624e2631d78e014ae06da6768033e02acf22be0261d
mod/gfx/map/units/T-escort_carrier A-FIRE C-IND L-1 D-SW.spr,spr,carrier,tools/art_sources/v4_sprites/india_service_sheet_01.png#panel=8,generated original India service sprite; not derived from another mod,b28bd09d5a6e0f1f8d03ce22032b2f8564cec42d5c2921ce5bc28c7b1c389284
mod/gfx/map/units/T-escort_carrier A-FIRE C-IND L-1 D-W.spr,spr,carrier,tools/art_sources/v4_sprites/india_service_sheet_01.png#panel=8,generated original India service sprite; not derived from another mod,9638b1fa8190495d09851080cbdf61a8faf622d4571b67ec9cd21b729561a1c1
mod/gfx/map/units/T-escort_carrier A-STAND C-IND L-1.spr,spr,carrier,tools/art_sources/v4_sprites/india_service_sheet_01.png#panel=8,generated original India service sprite; not derived from another mod,ee1bba3a83f69652c83a14b6f79c4dcda9f394f1f1bfcab2fef8af25f8a74769
mod/gfx/map/units/T-escort_carrier A-STAND C-IND.spr,spr,carrier,tools/art_sources/v4_sprites/india_service_sheet_01.png#panel=8,generated original India service sprite; not derived from another mod,ee1bba3a83f69652c83a14b6f79c4dcda9f394f1f1bfcab2fef8af25f8a74769
mod/gfx/map/units/T-escort_carrier A-WALK C-IND D-E.spr,spr,carrier,tools/art_sources/v4_sprites/india_service_sheet_01.png#panel=8,generated original India service sprite; not derived from another mod,59c33e61abd519963227073a87c277f4c236dc5a338283deaf6c587d9740933b
mod/gfx/map/units/T-escort_carrier A-WALK C-IND D-N.spr,spr,carrier,tools/art_sources/v4_sprites/india_service_sheet_01.png#panel=8,generated original India service sprite; not derived from another mod,92094ccee6e603cb18b174350261e83b8eb1d75759cfb5a6cda18475068696d6
mod/gfx/map/units/T-escort_carrier A-WALK C-IND D-NE.spr,spr,carrier,tools/art_sources/v4_sprites/india_service_sheet_01.png#panel=8,generated original India service sprite; not derived from another mod,8712e301bd037b75c9e8ff4070bedc697ad486cf45ef0b8699e49b5dfadf0170
mod/gfx/map/units/T-escort_carrier A-WALK C-IND D-NW.spr,spr,carrier,tools/art_sources/v4_sprites/india_service_sheet_01.png#panel=8,generated original India service sprite; not derived from another mod,0cb31f274cdf14860f28960ec496013c9e69fd4dbd01d3b3392e125e008d8c9d
mod/gfx/map/units/T-escort_carrier A-WALK C-IND D-S.spr,spr,carrier,tools/art_sources/v4_sprites/india_service_sheet_01.png#panel=8,generated original India service sprite; not derived from another mod,09ff197b42264d5f162a9679054afc8eb6de3c54aec5b7158acc88c7f854ebf2
mod/gfx/map/units/T-escort_carrier A-WALK C-IND D-SE.spr,spr,carrier,tools/art_sources/v4_sprites/india_service_sheet_01.png#panel=8,generated original India service sprite; not derived from another mod,dce48b0b2f89708e8f769c5b61f8cbd3886a8c03f9d2fba4db2d3538cc0da096
mod/gfx/map/units/T-escort_carrier A-WALK C-IND D-SW.spr,spr,carrier,tools/art_sources/v4_sprites/india_service_sheet_01.png#panel=8,generated original India service sprite; not derived from another mod,747e7edc158b84252b62c9f33a8e83726029ae7b02bf27c3750612f39f0ff829
mod/gfx/map/units/T-escort_carrier A-WALK C-IND D-W.spr,spr,carrier,tools/art_sources/v4_sprites/india_service_sheet_01.png#panel=8,generated original India service sprite; not derived from another mod,24b55f4c99fac20b7928d33bbbe4a5503507cf836df689270894c4a4fc374c2e
mod/gfx/map/units/T-escort_carrier A-WALK C-IND L-1 D-E.spr,spr,carrier,tools/art_sources/v4_sprites/india_service_sheet_01.png#panel=8,generated original India service sprite; not derived from another mod,59c33e61abd519963227073a87c277f4c236dc5a338283deaf6c587d9740933b
mod/gfx/map/units/T-escort_carrier A-WALK C-IND L-1 D-N.spr,spr,carrier,tools/art_sources/v4_sprites/india_service_sheet_01.png#panel=8,generated original India service sprite; not derived from another mod,92094ccee6e603cb18b174350261e83b8eb1d75759cfb5a6cda18475068696d6
mod/gfx/map/units/T-escort_carrier A-WALK C-IND L-1 D-NE.spr,spr,carrier,tools/art_sources/v4_sprites/india_service_sheet_01.png#panel=8,generated original India service sprite; not derived from another mod,8712e301bd037b75c9e8ff4070bedc697ad486cf45ef0b8699e49b5dfadf0170
mod/gfx/map/units/T-escort_carrier A-WALK C-IND L-1 D-NW.spr,spr,carrier,tools/art_sources/v4_sprites/india_service_sheet_01.png#panel=8,generated original India service sprite; not derived from another mod,0cb31f274cdf14860f28960ec496013c9e69fd4dbd01d3b3392e125e008d8c9d
mod/gfx/map/units/T-escort_carrier A-WALK C-IND L-1 D-S.spr,spr,carrier,tools/art_sources/v4_sprites/india_service_sheet_01.png#panel=8,generated original India service sprite; not derived from another mod,09ff197b42264d5f162a9679054afc8eb6de3c54aec5b7158acc88c7f854ebf2
mod/gfx/map/units/T-escort_carrier A-WALK C-IND L-1 D-SE.spr,spr,carrier,tools/art_sources/v4_sprites/india_service_sheet_01.png#panel=8,generated original India service sprite; not derived from another mod,dce48b0b2f89708e8f769c5b61f8cbd3886a8c03f9d2fba4db2d3538cc0da096
mod/gfx/map/units/T-escort_carrier A-WALK C-IND L-1 D-SW.spr,spr,carrier,tools/art_sources/v4_sprites/india_service_sheet_01.png#panel=8,generated original India service sprite; not derived from another mod,747e7edc158b84252b62c9f33a8e83726029ae7b02bf27c3750612f39f0ff829
mod/gfx/map/units/T-escort_carrier A-WALK C-IND L-1 D-W.spr,spr,carrier,tools/art_sources/v4_sprites/india_service_sheet_01.png#panel=8,generated original India service sprite; not derived from another mod,24b55f4c99fac20b7928d33bbbe4a5503507cf836df689270894c4a4fc374c2e
mod/gfx/map/units/T-FIGHTER A-FIRE C-IND L-1 D-E.spr,spr,fighter,tools/art_sources/v4_sprites/india_service_sheet_01.png#panel=5,generated original India service sprite; not derived from another mod,e32ae69adc0d75d7a2087799dcfee4b28a497876301a891e9d5db66e0d6fc834
mod/gfx/map/units/T-FIGHTER A-FIRE C-IND L-1 D-N.spr,spr,fighter,tools/art_sources/v4_sprites/india_service_sheet_01.png#panel=5,generated original India service sprite; not derived from another mod,d1915f6ceab3e1417793c8bd200a3e3d20166b54ab6439746a64ae58cc430e21
mod/gfx/map/units/T-FIGHTER A-FIRE C-IND L-1 D-NE.spr,spr,fighter,tools/art_sources/v4_sprites/india_service_sheet_01.png#panel=5,generated original India service sprite; not derived from another mod,c216c206131067d38d7114e7aaa65300cd4e984c905e62d679af76f5435c79aa
mod/gfx/map/units/T-FIGHTER A-FIRE C-IND L-1 D-NW.spr,spr,fighter,tools/art_sources/v4_sprites/india_service_sheet_01.png#panel=5,generated original India service sprite; not derived from another mod,c5cb5201132c751676082c5ab028da6b586a18d23384dc92b93604e46ec53dea
mod/gfx/map/units/T-FIGHTER A-FIRE C-IND L-1 D-S.spr,spr,fighter,tools/art_sources/v4_sprites/india_service_sheet_01.png#panel=5,generated original India service sprite; not derived from another mod,4a352f036bcc92c30022c0b6c42be43514ed574f867226bb7c9fed21043782f4
mod/gfx/map/units/T-FIGHTER A-FIRE C-IND L-1 D-SE.spr,spr,fighter,tools/art_sources/v4_sprites/india_service_sheet_01.png#panel=5,generated original India service sprite; not derived from another mod,f826f60a89e5d6bfff20cf172fc68ee11c25fbf4cca3cb5eb2f68a99e52a6fab
mod/gfx/map/units/T-FIGHTER A-FIRE C-IND L-1 D-SW.spr,spr,fighter,tools/art_sources/v4_sprites/india_service_sheet_01.png#panel=5,generated original India service sprite; not derived from another mod,3e0fa5dd1db40d9f40a992b446b743941b0c0c193be5c6ff0ec393060417fd96
mod/gfx/map/units/T-FIGHTER A-FIRE C-IND L-1 D-W.spr,spr,fighter,tools/art_sources/v4_sprites/india_service_sheet_01.png#panel=5,generated original India service sprite; not derived from another mod,c70409b01fb5c44986245a841ac14c615a362a07993546cf449863406a93f805
mod/gfx/map/units/T-FIGHTER A-STAND C-IND L-1.spr,spr,fighter,tools/art_sources/v4_sprites/india_service_sheet_01.png#panel=5,generated original India service sprite; not derived from another mod,86c0ea1ad77d3db9740660c3cfd80ba6b42c24be9087eb8da4c4a6a901876e87
mod/gfx/map/units/T-FIGHTER A-WALK C-IND L-1 D-E.spr,spr,fighter,tools/art_sources/v4_sprites/india_service_sheet_01.png#panel=5,generated original India service sprite; not derived from another mod,32e9f340a29fa32c3959dfc0a7d3f54f871690b364ac1ad023920abfedc621fa
mod/gfx/map/units/T-FIGHTER A-WALK C-IND L-1 D-N.spr,spr,fighter,tools/art_sources/v4_sprites/india_service_sheet_01.png#panel=5,generated original India service sprite; not derived from another mod,fa8c7515e030647e94314601049f1f0022637e80dacfb5c7cdfc36a11247d483
mod/gfx/map/units/T-FIGHTER A-WALK C-IND L-1 D-NE.spr,spr,fighter,tools/art_sources/v4_sprites/india_service_sheet_01.png#panel=5,generated original India service sprite; not derived from another mod,782e267efde5ba477f1696b0d43fd1ae43bd72e53454a2b761e786b92cc3f154
mod/gfx/map/units/T-FIGHTER A-WALK C-IND L-1 D-NW.spr,spr,fighter,tools/art_sources/v4_sprites/india_service_sheet_01.png#panel=5,generated original India service sprite; not derived from another mod,b9e03488ffb1d59ebd8cfcd8c723c655f0c52d5b43cb6167e8ba4c352d21b8a8
mod/gfx/map/units/T-FIGHTER A-WALK C-IND L-1 D-S.spr,spr,fighter,tools/art_sources/v4_sprites/india_service_sheet_01.png#panel=5,generated original India service sprite; not derived from another mod,ae7c7cefba020ec61e1d4d7f13ab1625170c44321a77572878dfdc4e7eefdc28
mod/gfx/map/units/T-FIGHTER A-WALK C-IND L-1 D-SE.spr,spr,fighter,tools/art_sources/v4_sprites/india_service_sheet_01.png#panel=5,generated original India service sprite; not derived from another mod,9ef5783d7e62b578d086fdc98f81f5cef198da0a1b8f812acb159615afc27bd0
mod/gfx/map/units/T-FIGHTER A-WALK C-IND L-1 D-SW.spr,spr,fighter,tools/art_sources/v4_sprites/india_service_sheet_01.png#panel=5,generated original India service sprite; not derived from another mod,79c5be03a8e382ce77e0d66cb624cfb8ababed20157c1ccc3fec9aba89dc6f9c
mod/gfx/map/units/T-FIGHTER A-WALK C-IND L-1 D-W.spr,spr,fighter,tools/art_sources/v4_sprites/india_service_sheet_01.png#panel=5,generated original India service sprite; not derived from another mod,e510ed3d9fbd915cacf10f5ebb26baa5d3df00338fc45c1ffce52ce230f4afb9
mod/gfx/map/units/T-GARRISON A-FIRE C-IND L-1 D-E.spr,spr,infantry,tools/art_sources/v4_sprites/india_service_sheet_01.png#panel=1,generated original India service sprite; not derived from another mod,df7a947042db894e647296891c0908c5dcec95da0364eceb3f3e75b9287bd245
mod/gfx/map/units/T-GARRISON A-FIRE C-IND L-1 D-N.spr,spr,infantry,tools/art_sources/v4_sprites/india_service_sheet_01.png#panel=1,generated original India service sprite; not derived from another mod,21dd009a8694ee6811a88700f69c9a79734b05f691bf31869852c1596c749ad2
mod/gfx/map/units/T-GARRISON A-FIRE C-IND L-1 D-NE.spr,spr,infantry,tools/art_sources/v4_sprites/india_service_sheet_01.png#panel=1,generated original India service sprite; not derived from another mod,8203c7855b084b94dcfc140f669ffb4f407f66ba196af7064f1d7eba1abd543b
mod/gfx/map/units/T-GARRISON A-FIRE C-IND L-1 D-NW.spr,spr,infantry,tools/art_sources/v4_sprites/india_service_sheet_01.png#panel=1,generated original India service sprite; not derived from another mod,f60bd1049e4ee062c7291bec7311da4467db84d337626d709c0a41d5afa96463
mod/gfx/map/units/T-GARRISON A-FIRE C-IND L-1 D-S.spr,spr,infantry,tools/art_sources/v4_sprites/india_service_sheet_01.png#panel=1,generated original India service sprite; not derived from another mod,695ec7ce93616c0f543f2226b3231e2a7307d1da7d852c8f0d3d1d5799de314b
mod/gfx/map/units/T-GARRISON A-FIRE C-IND L-1 D-SE.spr,spr,infantry,tools/art_sources/v4_sprites/india_service_sheet_01.png#panel=1,generated original India service sprite; not derived from another mod,dca15b5b5feaa9050856786d00133ad7a83efbae724e8a65966dd4e1913eb63e
mod/gfx/map/units/T-GARRISON A-FIRE C-IND L-1 D-SW.spr,spr,infantry,tools/art_sources/v4_sprites/india_service_sheet_01.png#panel=1,generated original India service sprite; not derived from another mod,ac05e92e6e86ad9671586912944107921059ab2540249ec7478d09aa7943b73f
mod/gfx/map/units/T-GARRISON A-FIRE C-IND L-1 D-W.spr,spr,infantry,tools/art_sources/v4_sprites/india_service_sheet_01.png#panel=1,generated original India service sprite; not derived from another mod,b4f383a1ec24b2ff46501003ef940722b004418602b794b46ed968a6d145e486
mod/gfx/map/units/T-GARRISON A-STAND C-IND L-1.spr,spr,infantry,tools/art_sources/v4_sprites/india_service_sheet_01.png#panel=1,generated original India service sprite; not derived from another mod,1edd0bccbf803f13a05394294e358ab5414b6e5fcf5e18e489e7c789d3c5cccf
mod/gfx/map/units/T-GARRISON A-WALK C-IND L-1 D-E.spr,spr,infantry,tools/art_sources/v4_sprites/india_service_sheet_01.png#panel=1,generated original India service sprite; not derived from another mod,6051942e1e90633c28be8473f8b2d8ed4db87adb91511d5eb5d1b111b819d8bd
mod/gfx/map/units/T-GARRISON A-WALK C-IND L-1 D-N.spr,spr,infantry,tools/art_sources/v4_sprites/india_service_sheet_01.png#panel=1,generated original India service sprite; not derived from another mod,7f2d6c5aa9c54660266198a21fb16c15d3039b6b7a873325901675e8d74532d2
mod/gfx/map/units/T-GARRISON A-WALK C-IND L-1 D-NE.spr,spr,infantry,tools/art_sources/v4_sprites/india_service_sheet_01.png#panel=1,generated original India service sprite; not derived from another mod,0cabef6bdc9dd2d6d7789c992fbbce20430f63953dc81aa0a7134e6efcbe1f96
mod/gfx/map/units/T-GARRISON A-WALK C-IND L-1 D-NW.spr,spr,infantry,tools/art_sources/v4_sprites/india_service_sheet_01.png#panel=1,generated original India service sprite; not derived from another mod,88700265667fab0ffe9c941ddfed29fa95683779728194b8189dd666711d9db0
mod/gfx/map/units/T-GARRISON A-WALK C-IND L-1 D-S.spr,spr,infantry,tools/art_sources/v4_sprites/india_service_sheet_01.png#panel=1,generated original India service sprite; not derived from another mod,9ce2e1234d830672b19a51730b402f915f0c9f1a66168e5c6aa534d08e4530d5
mod/gfx/map/units/T-GARRISON A-WALK C-IND L-1 D-SE.spr,spr,infantry,tools/art_sources/v4_sprites/india_service_sheet_01.png#panel=1,generated original India service sprite; not derived from another mod,6d2c844ff68e531f73373f40e8236aa381432f3135eec20a2a7c60d844ed1670
mod/gfx/map/units/T-GARRISON A-WALK C-IND L-1 D-SW.spr,spr,infantry,tools/art_sources/v4_sprites/india_service_sheet_01.png#panel=1,generated original India service sprite; not derived from another mod,28810deada45c50deac56b12c876954423fd046b871e4aaff882db5c181734bb
mod/gfx/map/units/T-GARRISON A-WALK C-IND L-1 D-W.spr,spr,infantry,tools/art_sources/v4_sprites/india_service_sheet_01.png#panel=1,generated original India service sprite; not derived from another mod,70dc2af1d648c0cffe2e22ef9b1071baaf0aaa1640b4c91e5d40104b15423da1
mod/gfx/map/units/T-HEAVY_CRUISER A-FIRE C-IND L-1 D-E.spr,spr,capital,tools/art_sources/v4_sprites/india_service_sheet_02.png#panel=1,generated original India service sprite; not derived from another mod,951ef9e8dd40fb6ebe0ef49c81e5af663ceaaad0b3952cab39101b1d17e3d817
mod/gfx/map/units/T-HEAVY_CRUISER A-FIRE C-IND L-1 D-N.spr,spr,capital,tools/art_sources/v4_sprites/india_service_sheet_02.png#panel=1,generated original India service sprite; not derived from another mod,d1fe7e6a19544d2fb6151216f92dba4bfc2f39d5036add932d0cfb7d7204837e
mod/gfx/map/units/T-HEAVY_CRUISER A-FIRE C-IND L-1 D-NE.spr,spr,capital,tools/art_sources/v4_sprites/india_service_sheet_02.png#panel=1,generated original India service sprite; not derived from another mod,6929a473b61ef282b7f08a9d952b6ca3fea6d987eaf865d9a6b21e48b9d5831e
mod/gfx/map/units/T-HEAVY_CRUISER A-FIRE C-IND L-1 D-NW.spr,spr,capital,tools/art_sources/v4_sprites/india_service_sheet_02.png#panel=1,generated original India service sprite; not derived from another mod,e5cab2fae37d7931a2a2e33d851d589e48ab554cd318b9df2cfda892fb6dd061
mod/gfx/map/units/T-HEAVY_CRUISER A-FIRE C-IND L-1 D-S.spr,spr,capital,tools/art_sources/v4_sprites/india_service_sheet_02.png#panel=1,generated original India service sprite; not derived from another mod,200b2f4f76ad39f66622fa056533662ad2dfe320f77575e7aac832a998b400b0
mod/gfx/map/units/T-HEAVY_CRUISER A-FIRE C-IND L-1 D-SE.spr,spr,capital,tools/art_sources/v4_sprites/india_service_sheet_02.png#panel=1,generated original India service sprite; not derived from another mod,be8bdff25c210c34d1c362568380a6ba6c8dda8b9cb572981b9da839ff226f57
mod/gfx/map/units/T-HEAVY_CRUISER A-FIRE C-IND L-1 D-SW.spr,spr,capital,tools/art_sources/v4_sprites/india_service_sheet_02.png#panel=1,generated original India service sprite; not derived from another mod,6a77c741e4fef40e96abca435a27db380cb95977d2536b22627c97e9aab288d5
mod/gfx/map/units/T-HEAVY_CRUISER A-FIRE C-IND L-1 D-W.spr,spr,capital,tools/art_sources/v4_sprites/india_service_sheet_02.png#panel=1,generated original India service sprite; not derived from another mod,b98eafc91329be18066316ab2dc6b35ca464222b11d8f711a40e58fd210cbc17
mod/gfx/map/units/T-HEAVY_CRUISER A-STAND C-IND L-1.spr,spr,capital,tools/art_sources/v4_sprites/india_service_sheet_02.png#panel=1,generated original India service sprite; not derived from another mod,722a11540ebaa51e5ae4c600330ade6921273c698d83dd74e48bc5593792ee52
mod/gfx/map/units/T-HEAVY_CRUISER A-WALK C-IND L-1 D-E.spr,spr,capital,tools/art_sources/v4_sprites/india_service_sheet_02.png#panel=1,generated original India service sprite; not derived from another mod,0ca3f377e7f751a3fe97f927d982b8dac1f343377e7ec8a7dbeff57540a35b5b
mod/gfx/map/units/T-HEAVY_CRUISER A-WALK C-IND L-1 D-N.spr,spr,capital,tools/art_sources/v4_sprites/india_service_sheet_02.png#panel=1,generated original India service sprite; not derived from another mod,bf4d966dedbde8ead00b00e18b96c39619481ac78b31b811a224430f09c26ef7
mod/gfx/map/units/T-HEAVY_CRUISER A-WALK C-IND L-1 D-NE.spr,spr,capital,tools/art_sources/v4_sprites/india_service_sheet_02.png#panel=1,generated original India service sprite; not derived from another mod,9d3bcd40befc10ad181be5e676251d5599c263a3c3f562174f52d09435f7df15
mod/gfx/map/units/T-HEAVY_CRUISER A-WALK C-IND L-1 D-NW.spr,spr,capital,tools/art_sources/v4_sprites/india_service_sheet_02.png#panel=1,generated original India service sprite; not derived from another mod,63d02997bcd777a76fc01351b24b31d773ae9118991fe972f7dc19665750b207
mod/gfx/map/units/T-HEAVY_CRUISER A-WALK C-IND L-1 D-S.spr,spr,capital,tools/art_sources/v4_sprites/india_service_sheet_02.png#panel=1,generated original India service sprite; not derived from another mod,93d5cd0d4d74d1a25241c9af0f83c0db645b2bdd981b9b1cd6fa4dee1e109e22
mod/gfx/map/units/T-HEAVY_CRUISER A-WALK C-IND L-1 D-SE.spr,spr,capital,tools/art_sources/v4_sprites/india_service_sheet_02.png#panel=1,generated original India service sprite; not derived from another mod,b8a7dffcd851ecb019469108a4deb770432fefc09fe0e9dec18bd8ad02f7b545
mod/gfx/map/units/T-HEAVY_CRUISER A-WALK C-IND L-1 D-SW.spr,spr,capital,tools/art_sources/v4_sprites/india_service_sheet_02.png#panel=1,generated original India service sprite; not derived from another mod,04fc02af458af0e25b2cb38cd149484431f85ace16388a1ec239d78924fad9d8
mod/gfx/map/units/T-HEAVY_CRUISER A-WALK C-IND L-1 D-W.spr,spr,capital,tools/art_sources/v4_sprites/india_service_sheet_02.png#panel=1,generated original India service sprite; not derived from another mod,b1f8eb231f58972bb95287714ca83da25f925a67bb81b2a3081dfc75f9d4006a
mod/gfx/map/units/T-HQ A-FIRE C-IND L-1 D-E.spr,spr,motorized,tools/art_sources/v4_sprites/india_service_sheet_01.png#panel=3,generated original India service sprite; not derived from another mod,74792aa6684b128f52358f47a1b7121a48e0948e748e5b8792e420b8eea3b4d8
mod/gfx/map/units/T-HQ A-FIRE C-IND L-1 D-N.spr,spr,motorized,tools/art_sources/v4_sprites/india_service_sheet_01.png#panel=3,generated original India service sprite; not derived from another mod,f21c900cf306234d8eeaae2f0df3d0d36f9fda53c5596ec5830e94f294ef10bb
mod/gfx/map/units/T-HQ A-FIRE C-IND L-1 D-NE.spr,spr,motorized,tools/art_sources/v4_sprites/india_service_sheet_01.png#panel=3,generated original India service sprite; not derived from another mod,5a677bdbf56e18704e3a964ffbe85df44efc79a37c2e58e87a3c68af70c4296f
mod/gfx/map/units/T-HQ A-FIRE C-IND L-1 D-NW.spr,spr,motorized,tools/art_sources/v4_sprites/india_service_sheet_01.png#panel=3,generated original India service sprite; not derived from another mod,b0712cfa79f07ef665ab3ad206a6dfef6550fc315d7e5bd0c658e17dcbcac9cb
mod/gfx/map/units/T-HQ A-FIRE C-IND L-1 D-S.spr,spr,motorized,tools/art_sources/v4_sprites/india_service_sheet_01.png#panel=3,generated original India service sprite; not derived from another mod,f455446c39777d193dac17d20583bdc226ad007a9950025e27a64caa12f48468
mod/gfx/map/units/T-HQ A-FIRE C-IND L-1 D-SE.spr,spr,motorized,tools/art_sources/v4_sprites/india_service_sheet_01.png#panel=3,generated original India service sprite; not derived from another mod,885d8c041526034309e4c02392bab3150d4ddd22e23c0d8d40cb6d1befa1670d
mod/gfx/map/units/T-HQ A-FIRE C-IND L-1 D-SW.spr,spr,motorized,tools/art_sources/v4_sprites/india_service_sheet_01.png#panel=3,generated original India service sprite; not derived from another mod,e47112e7c90e3351945e229d7696f9d9c53fff21dcadc85bc85f39ddf88065eb
mod/gfx/map/units/T-HQ A-FIRE C-IND L-1 D-W.spr,spr,motorized,tools/art_sources/v4_sprites/india_service_sheet_01.png#panel=3,generated original India service sprite; not derived from another mod,4e4298f464f14ab0ef1dadd980fc0e08bd7481b582aa7b6135ace0d173a4c6e8
mod/gfx/map/units/T-HQ A-STAND C-IND L-1.spr,spr,motorized,tools/art_sources/v4_sprites/india_service_sheet_01.png#panel=3,generated original India service sprite; not derived from another mod,76a69798a05c7a9ca2935d29a75a0e264e9e562cbaa4eb0d0f7a9436ccaa49b2
mod/gfx/map/units/T-HQ A-WALK C-IND L-1 D-E.spr,spr,motorized,tools/art_sources/v4_sprites/india_service_sheet_01.png#panel=3,generated original India service sprite; not derived from another mod,8c8d67e0048b73922e5b415b31af3c2d5cb699f1260eabc4492028e0dd845914
mod/gfx/map/units/T-HQ A-WALK C-IND L-1 D-N.spr,spr,motorized,tools/art_sources/v4_sprites/india_service_sheet_01.png#panel=3,generated original India service sprite; not derived from another mod,ba508d6339b7f347c48033b7dc1dca4c37325856aaeba129bd01e13825fc6a19
mod/gfx/map/units/T-HQ A-WALK C-IND L-1 D-NE.spr,spr,motorized,tools/art_sources/v4_sprites/india_service_sheet_01.png#panel=3,generated original India service sprite; not derived from another mod,7ab16e9859a5762a8b9c804ef68ce85f7edf831aa56566a949980b9fc6ef8b6e
mod/gfx/map/units/T-HQ A-WALK C-IND L-1 D-NW.spr,spr,motorized,tools/art_sources/v4_sprites/india_service_sheet_01.png#panel=3,generated original India service sprite; not derived from another mod,2c32f1917179f093b380b3eec3264ea67a13b4b44b05afbc02843bdfab871b54
mod/gfx/map/units/T-HQ A-WALK C-IND L-1 D-S.spr,spr,motorized,tools/art_sources/v4_sprites/india_service_sheet_01.png#panel=3,generated original India service sprite; not derived from another mod,6dfe7e362e02df2e3f8be6d78e95df5e40726df268ae673935f4c490bfb3d6c6
mod/gfx/map/units/T-HQ A-WALK C-IND L-1 D-SE.spr,spr,motorized,tools/art_sources/v4_sprites/india_service_sheet_01.png#panel=3,generated original India service sprite; not derived from another mod,5b4b0e69c3c126f5b90cb30a4f8ad82544d49f5830be54be9301d464ca4035c7
mod/gfx/map/units/T-HQ A-WALK C-IND L-1 D-SW.spr,spr,motorized,tools/art_sources/v4_sprites/india_service_sheet_01.png#panel=3,generated original India service sprite; not derived from another mod,692e07c64cfec28dcb4635d8f485faa0038264f5de31fb9d88ba0172e6e98bb0
mod/gfx/map/units/T-HQ A-WALK C-IND L-1 D-W.spr,spr,motorized,tools/art_sources/v4_sprites/india_service_sheet_01.png#panel=3,generated original India service sprite; not derived from another mod,c404d4af06e3e330448dd2bce84584b8fdcce9094706fa15c9ec93b6998f4e64
mod/gfx/map/units/T-INFANTRY A-FIRE C-IND D-E.spr,spr,infantry,tools/art_sources/v4_sprites/india_service_sheet_01.png#panel=1,generated original India service sprite; not derived from another mod,df7a947042db894e647296891c0908c5dcec95da0364eceb3f3e75b9287bd245
mod/gfx/map/units/T-INFANTRY A-FIRE C-IND D-N.spr,spr,infantry,tools/art_sources/v4_sprites/india_service_sheet_01.png#panel=1,generated original India service sprite; not derived from another mod,21dd009a8694ee6811a88700f69c9a79734b05f691bf31869852c1596c749ad2
mod/gfx/map/units/T-INFANTRY A-FIRE C-IND D-NE.spr,spr,infantry,tools/art_sources/v4_sprites/india_service_sheet_01.png#panel=1,generated original India service sprite; not derived from another mod,8203c7855b084b94dcfc140f669ffb4f407f66ba196af7064f1d7eba1abd543b
mod/gfx/map/units/T-INFANTRY A-FIRE C-IND D-NW.spr,spr,infantry,tools/art_sources/v4_sprites/india_service_sheet_01.png#panel=1,generated original India service sprite; not derived from another mod,f60bd1049e4ee062c7291bec7311da4467db84d337626d709c0a41d5afa96463
mod/gfx/map/units/T-INFANTRY A-FIRE C-IND D-S.spr,spr,infantry,tools/art_sources/v4_sprites/india_service_sheet_01.png#panel=1,generated original India service sprite; not derived from another mod,695ec7ce93616c0f543f2226b3231e2a7307d1da7d852c8f0d3d1d5799de314b
mod/gfx/map/units/T-INFANTRY A-FIRE C-IND D-SE.spr,spr,infantry,tools/art_sources/v4_sprites/india_service_sheet_01.png#panel=1,generated original India service sprite; not derived from another mod,dca15b5b5feaa9050856786d00133ad7a83efbae724e8a65966dd4e1913eb63e
mod/gfx/map/units/T-INFANTRY A-FIRE C-IND D-SW.spr,spr,infantry,tools/art_sources/v4_sprites/india_service_sheet_01.png#panel=1,generated original India service sprite; not derived from another mod,ac05e92e6e86ad9671586912944107921059ab2540249ec7478d09aa7943b73f
mod/gfx/map/units/T-INFANTRY A-FIRE C-IND D-W.spr,spr,infantry,tools/art_sources/v4_sprites/india_service_sheet_01.png#panel=1,generated original India service sprite; not derived from another mod,b4f383a1ec24b2ff46501003ef940722b004418602b794b46ed968a6d145e486
mod/gfx/map/units/T-INFANTRY A-FIRE C-IND L-1 D-E.spr,spr,infantry,tools/art_sources/v4_sprites/india_service_sheet_01.png#panel=1,generated original India service sprite; not derived from another mod,df7a947042db894e647296891c0908c5dcec95da0364eceb3f3e75b9287bd245
mod/gfx/map/units/T-INFANTRY A-FIRE C-IND L-1 D-N.spr,spr,infantry,tools/art_sources/v4_sprites/india_service_sheet_01.png#panel=1,generated original India service sprite; not derived from another mod,21dd009a8694ee6811a88700f69c9a79734b05f691bf31869852c1596c749ad2
mod/gfx/map/units/T-INFANTRY A-FIRE C-IND L-1 D-NE.spr,spr,infantry,tools/art_sources/v4_sprites/india_service_sheet_01.png#panel=1,generated original India service sprite; not derived from another mod,8203c7855b084b94dcfc140f669ffb4f407f66ba196af7064f1d7eba1abd543b
mod/gfx/map/units/T-INFANTRY A-FIRE C-IND L-1 D-NW.spr,spr,infantry,tools/art_sources/v4_sprites/india_service_sheet_01.png#panel=1,generated original India service sprite; not derived from another mod,f60bd1049e4ee062c7291bec7311da4467db84d337626d709c0a41d5afa96463
mod/gfx/map/units/T-INFANTRY A-FIRE C-IND L-1 D-S.spr,spr,infantry,tools/art_sources/v4_sprites/india_service_sheet_01.png#panel=1,generated original India service sprite; not derived from another mod,695ec7ce93616c0f543f2226b3231e2a7307d1da7d852c8f0d3d1d5799de314b
mod/gfx/map/units/T-INFANTRY A-FIRE C-IND L-1 D-SE.spr,spr,infantry,tools/art_sources/v4_sprites/india_service_sheet_01.png#panel=1,generated original India service sprite; not derived from another mod,dca15b5b5feaa9050856786d00133ad7a83efbae724e8a65966dd4e1913eb63e
mod/gfx/map/units/T-INFANTRY A-FIRE C-IND L-1 D-SW.spr,spr,infantry,tools/art_sources/v4_sprites/india_service_sheet_01.png#panel=1,generated original India service sprite; not derived from another mod,ac05e92e6e86ad9671586912944107921059ab2540249ec7478d09aa7943b73f
mod/gfx/map/units/T-INFANTRY A-FIRE C-IND L-1 D-W.spr,spr,infantry,tools/art_sources/v4_sprites/india_service_sheet_01.png#panel=1,generated original India service sprite; not derived from another mod,b4f383a1ec24b2ff46501003ef940722b004418602b794b46ed968a6d145e486
mod/gfx/map/units/T-INFANTRY A-STAND C-IND L-1.spr,spr,infantry,tools/art_sources/v4_sprites/india_service_sheet_01.png#panel=1,generated original India service sprite; not derived from another mod,1edd0bccbf803f13a05394294e358ab5414b6e5fcf5e18e489e7c789d3c5cccf
mod/gfx/map/units/T-INFANTRY A-STAND C-IND.spr,spr,infantry,tools/art_sources/v4_sprites/india_service_sheet_01.png#panel=1,generated original India service sprite; not derived from another mod,1edd0bccbf803f13a05394294e358ab5414b6e5fcf5e18e489e7c789d3c5cccf
mod/gfx/map/units/T-INFANTRY A-WALK C-IND D-E.spr,spr,infantry,tools/art_sources/v4_sprites/india_service_sheet_01.png#panel=1,generated original India service sprite; not derived from another mod,6051942e1e90633c28be8473f8b2d8ed4db87adb91511d5eb5d1b111b819d8bd
mod/gfx/map/units/T-INFANTRY A-WALK C-IND D-N.spr,spr,infantry,tools/art_sources/v4_sprites/india_service_sheet_01.png#panel=1,generated original India service sprite; not derived from another mod,7f2d6c5aa9c54660266198a21fb16c15d3039b6b7a873325901675e8d74532d2
mod/gfx/map/units/T-INFANTRY A-WALK C-IND D-NE.spr,spr,infantry,tools/art_sources/v4_sprites/india_service_sheet_01.png#panel=1,generated original India service sprite; not derived from another mod,0cabef6bdc9dd2d6d7789c992fbbce20430f63953dc81aa0a7134e6efcbe1f96
mod/gfx/map/units/T-INFANTRY A-WALK C-IND D-NW.spr,spr,infantry,tools/art_sources/v4_sprites/india_service_sheet_01.png#panel=1,generated original India service sprite; not derived from another mod,88700265667fab0ffe9c941ddfed29fa95683779728194b8189dd666711d9db0
mod/gfx/map/units/T-INFANTRY A-WALK C-IND D-S.spr,spr,infantry,tools/art_sources/v4_sprites/india_service_sheet_01.png#panel=1,generated original India service sprite; not derived from another mod,9ce2e1234d830672b19a51730b402f915f0c9f1a66168e5c6aa534d08e4530d5
mod/gfx/map/units/T-INFANTRY A-WALK C-IND D-SE.spr,spr,infantry,tools/art_sources/v4_sprites/india_service_sheet_01.png#panel=1,generated original India service sprite; not derived from another mod,6d2c844ff68e531f73373f40e8236aa381432f3135eec20a2a7c60d844ed1670
mod/gfx/map/units/T-INFANTRY A-WALK C-IND D-SW.spr,spr,infantry,tools/art_sources/v4_sprites/india_service_sheet_01.png#panel=1,generated original India service sprite; not derived from another mod,28810deada45c50deac56b12c876954423fd046b871e4aaff882db5c181734bb
mod/gfx/map/units/T-INFANTRY A-WALK C-IND D-W.spr,spr,infantry,tools/art_sources/v4_sprites/india_service_sheet_01.png#panel=1,generated original India service sprite; not derived from another mod,70dc2af1d648c0cffe2e22ef9b1071baaf0aaa1640b4c91e5d40104b15423da1
mod/gfx/map/units/T-INFANTRY A-WALK C-IND L-1 D-E.spr,spr,infantry,tools/art_sources/v4_sprites/india_service_sheet_01.png#panel=1,generated original India service sprite; not derived from another mod,6051942e1e90633c28be8473f8b2d8ed4db87adb91511d5eb5d1b111b819d8bd
mod/gfx/map/units/T-INFANTRY A-WALK C-IND L-1 D-N.spr,spr,infantry,tools/art_sources/v4_sprites/india_service_sheet_01.png#panel=1,generated original India service sprite; not derived from another mod,7f2d6c5aa9c54660266198a21fb16c15d3039b6b7a873325901675e8d74532d2
mod/gfx/map/units/T-INFANTRY A-WALK C-IND L-1 D-NE.spr,spr,infantry,tools/art_sources/v4_sprites/india_service_sheet_01.png#panel=1,generated original India service sprite; not derived from another mod,0cabef6bdc9dd2d6d7789c992fbbce20430f63953dc81aa0a7134e6efcbe1f96
mod/gfx/map/units/T-INFANTRY A-WALK C-IND L-1 D-NW.spr,spr,infantry,tools/art_sources/v4_sprites/india_service_sheet_01.png#panel=1,generated original India service sprite; not derived from another mod,88700265667fab0ffe9c941ddfed29fa95683779728194b8189dd666711d9db0
mod/gfx/map/units/T-INFANTRY A-WALK C-IND L-1 D-S.spr,spr,infantry,tools/art_sources/v4_sprites/india_service_sheet_01.png#panel=1,generated original India service sprite; not derived from another mod,9ce2e1234d830672b19a51730b402f915f0c9f1a66168e5c6aa534d08e4530d5
mod/gfx/map/units/T-INFANTRY A-WALK C-IND L-1 D-SE.spr,spr,infantry,tools/art_sources/v4_sprites/india_service_sheet_01.png#panel=1,generated original India service sprite; not derived from another mod,6d2c844ff68e531f73373f40e8236aa381432f3135eec20a2a7c60d844ed1670
mod/gfx/map/units/T-INFANTRY A-WALK C-IND L-1 D-SW.spr,spr,infantry,tools/art_sources/v4_sprites/india_service_sheet_01.png#panel=1,generated original India service sprite; not derived from another mod,28810deada45c50deac56b12c876954423fd046b871e4aaff882db5c181734bb
mod/gfx/map/units/T-INFANTRY A-WALK C-IND L-1 D-W.spr,spr,infantry,tools/art_sources/v4_sprites/india_service_sheet_01.png#panel=1,generated original India service sprite; not derived from another mod,70dc2af1d648c0cffe2e22ef9b1071baaf0aaa1640b4c91e5d40104b15423da1
mod/gfx/map/units/T-INTERCEPTOR A-FIRE C-IND L-1 D-E.spr,spr,fighter,tools/art_sources/v4_sprites/india_service_sheet_01.png#panel=5,generated original India service sprite; not derived from another mod,e32ae69adc0d75d7a2087799dcfee4b28a497876301a891e9d5db66e0d6fc834
mod/gfx/map/units/T-INTERCEPTOR A-FIRE C-IND L-1 D-N.spr,spr,fighter,tools/art_sources/v4_sprites/india_service_sheet_01.png#panel=5,generated original India service sprite; not derived from another mod,d1915f6ceab3e1417793c8bd200a3e3d20166b54ab6439746a64ae58cc430e21
mod/gfx/map/units/T-INTERCEPTOR A-FIRE C-IND L-1 D-NE.spr,spr,fighter,tools/art_sources/v4_sprites/india_service_sheet_01.png#panel=5,generated original India service sprite; not derived from another mod,c216c206131067d38d7114e7aaa65300cd4e984c905e62d679af76f5435c79aa
mod/gfx/map/units/T-INTERCEPTOR A-FIRE C-IND L-1 D-NW.spr,spr,fighter,tools/art_sources/v4_sprites/india_service_sheet_01.png#panel=5,generated original India service sprite; not derived from another mod,c5cb5201132c751676082c5ab028da6b586a18d23384dc92b93604e46ec53dea
mod/gfx/map/units/T-INTERCEPTOR A-FIRE C-IND L-1 D-S.spr,spr,fighter,tools/art_sources/v4_sprites/india_service_sheet_01.png#panel=5,generated original India service sprite; not derived from another mod,4a352f036bcc92c30022c0b6c42be43514ed574f867226bb7c9fed21043782f4
mod/gfx/map/units/T-INTERCEPTOR A-FIRE C-IND L-1 D-SE.spr,spr,fighter,tools/art_sources/v4_sprites/india_service_sheet_01.png#panel=5,generated original India service sprite; not derived from another mod,f826f60a89e5d6bfff20cf172fc68ee11c25fbf4cca3cb5eb2f68a99e52a6fab
mod/gfx/map/units/T-INTERCEPTOR A-FIRE C-IND L-1 D-SW.spr,spr,fighter,tools/art_sources/v4_sprites/india_service_sheet_01.png#panel=5,generated original India service sprite; not derived from another mod,3e0fa5dd1db40d9f40a992b446b743941b0c0c193be5c6ff0ec393060417fd96
mod/gfx/map/units/T-INTERCEPTOR A-FIRE C-IND L-1 D-W.spr,spr,fighter,tools/art_sources/v4_sprites/india_service_sheet_01.png#panel=5,generated original India service sprite; not derived from another mod,c70409b01fb5c44986245a841ac14c615a362a07993546cf449863406a93f805
mod/gfx/map/units/T-INTERCEPTOR A-STAND C-IND L-1.spr,spr,fighter,tools/art_sources/v4_sprites/india_service_sheet_01.png#panel=5,generated original India service sprite; not derived from another mod,86c0ea1ad77d3db9740660c3cfd80ba6b42c24be9087eb8da4c4a6a901876e87
mod/gfx/map/units/T-INTERCEPTOR A-WALK C-IND L-1 D-E.spr,spr,fighter,tools/art_sources/v4_sprites/india_service_sheet_01.png#panel=5,generated original India service sprite; not derived from another mod,32e9f340a29fa32c3959dfc0a7d3f54f871690b364ac1ad023920abfedc621fa
mod/gfx/map/units/T-INTERCEPTOR A-WALK C-IND L-1 D-N.spr,spr,fighter,tools/art_sources/v4_sprites/india_service_sheet_01.png#panel=5,generated original India service sprite; not derived from another mod,fa8c7515e030647e94314601049f1f0022637e80dacfb5c7cdfc36a11247d483
mod/gfx/map/units/T-INTERCEPTOR A-WALK C-IND L-1 D-NE.spr,spr,fighter,tools/art_sources/v4_sprites/india_service_sheet_01.png#panel=5,generated original India service sprite; not derived from another mod,782e267efde5ba477f1696b0d43fd1ae43bd72e53454a2b761e786b92cc3f154
mod/gfx/map/units/T-INTERCEPTOR A-WALK C-IND L-1 D-NW.spr,spr,fighter,tools/art_sources/v4_sprites/india_service_sheet_01.png#panel=5,generated original India service sprite; not derived from another mod,b9e03488ffb1d59ebd8cfcd8c723c655f0c52d5b43cb6167e8ba4c352d21b8a8
mod/gfx/map/units/T-INTERCEPTOR A-WALK C-IND L-1 D-S.spr,spr,fighter,tools/art_sources/v4_sprites/india_service_sheet_01.png#panel=5,generated original India service sprite; not derived from another mod,ae7c7cefba020ec61e1d4d7f13ab1625170c44321a77572878dfdc4e7eefdc28
mod/gfx/map/units/T-INTERCEPTOR A-WALK C-IND L-1 D-SE.spr,spr,fighter,tools/art_sources/v4_sprites/india_service_sheet_01.png#panel=5,generated original India service sprite; not derived from another mod,9ef5783d7e62b578d086fdc98f81f5cef198da0a1b8f812acb159615afc27bd0
mod/gfx/map/units/T-INTERCEPTOR A-WALK C-IND L-1 D-SW.spr,spr,fighter,tools/art_sources/v4_sprites/india_service_sheet_01.png#panel=5,generated original India service sprite; not derived from another mod,79c5be03a8e382ce77e0d66cb624cfb8ababed20157c1ccc3fec9aba89dc6f9c
mod/gfx/map/units/T-INTERCEPTOR A-WALK C-IND L-1 D-W.spr,spr,fighter,tools/art_sources/v4_sprites/india_service_sheet_01.png#panel=5,generated original India service sprite; not derived from another mod,e510ed3d9fbd915cacf10f5ebb26baa5d3df00338fc45c1ffce52ce230f4afb9
mod/gfx/map/units/T-LIGHT_CRUISER A-FIRE C-IND L-1 D-E.spr,spr,cruiser,tools/art_sources/v4_sprites/india_service_sheet_02.png#panel=2,generated original India service sprite; not derived from another mod,af764d76ee7f4a22ca43aa2c3e44dac6c8a6faac78baea2031fe94574794c0ba
mod/gfx/map/units/T-LIGHT_CRUISER A-FIRE C-IND L-1 D-N.spr,spr,cruiser,tools/art_sources/v4_sprites/india_service_sheet_02.png#panel=2,generated original India service sprite; not derived from another mod,e3f6abde305a409e987176a1f7b98fb47284d5983254208eb6111b3a1a1b43e4
mod/gfx/map/units/T-LIGHT_CRUISER A-FIRE C-IND L-1 D-NE.spr,spr,cruiser,tools/art_sources/v4_sprites/india_service_sheet_02.png#panel=2,generated original India service sprite; not derived from another mod,2ecd7e3c231fe111ee49c19733bb1fe46d78d7731fee5c2e1cae6e822f62edb6
mod/gfx/map/units/T-LIGHT_CRUISER A-FIRE C-IND L-1 D-NW.spr,spr,cruiser,tools/art_sources/v4_sprites/india_service_sheet_02.png#panel=2,generated original India service sprite; not derived from another mod,02c6c36aa21dc15a0fbe70dc8f76a90699fdde48294b8b7ec54bb8151394b650
mod/gfx/map/units/T-LIGHT_CRUISER A-FIRE C-IND L-1 D-S.spr,spr,cruiser,tools/art_sources/v4_sprites/india_service_sheet_02.png#panel=2,generated original India service sprite; not derived from another mod,d44f8d62b6c408eb5308db549dcc0b16ef9c423cb005bec2940a3bcdf8c1027d
mod/gfx/map/units/T-LIGHT_CRUISER A-FIRE C-IND L-1 D-SE.spr,spr,cruiser,tools/art_sources/v4_sprites/india_service_sheet_02.png#panel=2,generated original India service sprite; not derived from another mod,c7717d0d393d88722d94293dd908a1f246a8ed106b6866abf1a8d1dca1d20427
mod/gfx/map/units/T-LIGHT_CRUISER A-FIRE C-IND L-1 D-SW.spr,spr,cruiser,tools/art_sources/v4_sprites/india_service_sheet_02.png#panel=2,generated original India service sprite; not derived from another mod,c8ede495a60de7986ac7944b9bd4d49df137d54acc4014c8aa30ae620f4a06e3
mod/gfx/map/units/T-LIGHT_CRUISER A-FIRE C-IND L-1 D-W.spr,spr,cruiser,tools/art_sources/v4_sprites/india_service_sheet_02.png#panel=2,generated original India service sprite; not derived from another mod,0a8ece86db0189e855bc283872c7bfb482e38c086a914e7f7704195916807ceb
mod/gfx/map/units/T-LIGHT_CRUISER A-STAND C-IND L-1.spr,spr,cruiser,tools/art_sources/v4_sprites/india_service_sheet_02.png#panel=2,generated original India service sprite; not derived from another mod,fa453b74daa169139a73d03925bf1209b44056e0c612b6769f45847c9b1ab1a2
mod/gfx/map/units/T-LIGHT_CRUISER A-WALK C-IND L-1 D-E.spr,spr,cruiser,tools/art_sources/v4_sprites/india_service_sheet_02.png#panel=2,generated original India service sprite; not derived from another mod,04e06c326a8a142314be863bd78dc19cb6ae85d185628fd45b11dde9de31974f
mod/gfx/map/units/T-LIGHT_CRUISER A-WALK C-IND L-1 D-N.spr,spr,cruiser,tools/art_sources/v4_sprites/india_service_sheet_02.png#panel=2,generated original India service sprite; not derived from another mod,03ea0723100519b077cac6afc03ec2f7c93f8a60398dfdfd8230d7dcb7dbb25e
mod/gfx/map/units/T-LIGHT_CRUISER A-WALK C-IND L-1 D-NE.spr,spr,cruiser,tools/art_sources/v4_sprites/india_service_sheet_02.png#panel=2,generated original India service sprite; not derived from another mod,4923530e928e74df665cebbc3f46e5c3fbe7c29f9ee78cabae35b6bc30ffeb36
mod/gfx/map/units/T-LIGHT_CRUISER A-WALK C-IND L-1 D-NW.spr,spr,cruiser,tools/art_sources/v4_sprites/india_service_sheet_02.png#panel=2,generated original India service sprite; not derived from another mod,cddbc7d087f454ac4d125fc4552769d87c4395a887394ac7cc3d92492d1a2d06
mod/gfx/map/units/T-LIGHT_CRUISER A-WALK C-IND L-1 D-S.spr,spr,cruiser,tools/art_sources/v4_sprites/india_service_sheet_02.png#panel=2,generated original India service sprite; not derived from another mod,8dc34995b0672ec38f54d26d137dfc364fa4b335ac82fa55dcfed67676d8de6c
mod/gfx/map/units/T-LIGHT_CRUISER A-WALK C-IND L-1 D-SE.spr,spr,cruiser,tools/art_sources/v4_sprites/india_service_sheet_02.png#panel=2,generated original India service sprite; not derived from another mod,ba8a46960a41cdc25f049c9d9835cc2b969576552d87af0c93582f046254e66d
mod/gfx/map/units/T-LIGHT_CRUISER A-WALK C-IND L-1 D-SW.spr,spr,cruiser,tools/art_sources/v4_sprites/india_service_sheet_02.png#panel=2,generated original India service sprite; not derived from another mod,6ea4dcd869a4a8bb202688a6fb74aab39ab0f751cfe93366ffbb5a965099432d
mod/gfx/map/units/T-LIGHT_CRUISER A-WALK C-IND L-1 D-W.spr,spr,cruiser,tools/art_sources/v4_sprites/india_service_sheet_02.png#panel=2,generated original India service sprite; not derived from another mod,9b1dd30edc85cc83b039ff7fa2b328c2e35b70b47fcfa0d1936a6acff5a9efc3
mod/gfx/map/units/T-MARINE A-FIRE C-IND L-1 D-E.spr,spr,infantry,tools/art_sources/v4_sprites/india_service_sheet_01.png#panel=1,generated original India service sprite; not derived from another mod,df7a947042db894e647296891c0908c5dcec95da0364eceb3f3e75b9287bd245
mod/gfx/map/units/T-MARINE A-FIRE C-IND L-1 D-N.spr,spr,infantry,tools/art_sources/v4_sprites/india_service_sheet_01.png#panel=1,generated original India service sprite; not derived from another mod,21dd009a8694ee6811a88700f69c9a79734b05f691bf31869852c1596c749ad2
mod/gfx/map/units/T-MARINE A-FIRE C-IND L-1 D-NE.spr,spr,infantry,tools/art_sources/v4_sprites/india_service_sheet_01.png#panel=1,generated original India service sprite; not derived from another mod,8203c7855b084b94dcfc140f669ffb4f407f66ba196af7064f1d7eba1abd543b
mod/gfx/map/units/T-MARINE A-FIRE C-IND L-1 D-NW.spr,spr,infantry,tools/art_sources/v4_sprites/india_service_sheet_01.png#panel=1,generated original India service sprite; not derived from another mod,f60bd1049e4ee062c7291bec7311da4467db84d337626d709c0a41d5afa96463
mod/gfx/map/units/T-MARINE A-FIRE C-IND L-1 D-S.spr,spr,infantry,tools/art_sources/v4_sprites/india_service_sheet_01.png#panel=1,generated original India service sprite; not derived from another mod,695ec7ce93616c0f543f2226b3231e2a7307d1da7d852c8f0d3d1d5799de314b
mod/gfx/map/units/T-MARINE A-FIRE C-IND L-1 D-SE.spr,spr,infantry,tools/art_sources/v4_sprites/india_service_sheet_01.png#panel=1,generated original India service sprite; not derived from another mod,dca15b5b5feaa9050856786d00133ad7a83efbae724e8a65966dd4e1913eb63e
mod/gfx/map/units/T-MARINE A-FIRE C-IND L-1 D-SW.spr,spr,infantry,tools/art_sources/v4_sprites/india_service_sheet_01.png#panel=1,generated original India service sprite; not derived from another mod,ac05e92e6e86ad9671586912944107921059ab2540249ec7478d09aa7943b73f
mod/gfx/map/units/T-MARINE A-FIRE C-IND L-1 D-W.spr,spr,infantry,tools/art_sources/v4_sprites/india_service_sheet_01.png#panel=1,generated original India service sprite; not derived from another mod,b4f383a1ec24b2ff46501003ef940722b004418602b794b46ed968a6d145e486
mod/gfx/map/units/T-MARINE A-STAND C-IND L-1.spr,spr,infantry,tools/art_sources/v4_sprites/india_service_sheet_01.png#panel=1,generated original India service sprite; not derived from another mod,1edd0bccbf803f13a05394294e358ab5414b6e5fcf5e18e489e7c789d3c5cccf
mod/gfx/map/units/T-MARINE A-WALK C-IND L-1 D-E.spr,spr,infantry,tools/art_sources/v4_sprites/india_service_sheet_01.png#panel=1,generated original India service sprite; not derived from another mod,6051942e1e90633c28be8473f8b2d8ed4db87adb91511d5eb5d1b111b819d8bd
mod/gfx/map/units/T-MARINE A-WALK C-IND L-1 D-N.spr,spr,infantry,tools/art_sources/v4_sprites/india_service_sheet_01.png#panel=1,generated original India service sprite; not derived from another mod,7f2d6c5aa9c54660266198a21fb16c15d3039b6b7a873325901675e8d74532d2
mod/gfx/map/units/T-MARINE A-WALK C-IND L-1 D-NE.spr,spr,infantry,tools/art_sources/v4_sprites/india_service_sheet_01.png#panel=1,generated original India service sprite; not derived from another mod,0cabef6bdc9dd2d6d7789c992fbbce20430f63953dc81aa0a7134e6efcbe1f96
mod/gfx/map/units/T-MARINE A-WALK C-IND L-1 D-NW.spr,spr,infantry,tools/art_sources/v4_sprites/india_service_sheet_01.png#panel=1,generated original India service sprite; not derived from another mod,88700265667fab0ffe9c941ddfed29fa95683779728194b8189dd666711d9db0
mod/gfx/map/units/T-MARINE A-WALK C-IND L-1 D-S.spr,spr,infantry,tools/art_sources/v4_sprites/india_service_sheet_01.png#panel=1,generated original India service sprite; not derived from another mod,9ce2e1234d830672b19a51730b402f915f0c9f1a66168e5c6aa534d08e4530d5
mod/gfx/map/units/T-MARINE A-WALK C-IND L-1 D-SE.spr,spr,infantry,tools/art_sources/v4_sprites/india_service_sheet_01.png#panel=1,generated original India service sprite; not derived from another mod,6d2c844ff68e531f73373f40e8236aa381432f3135eec20a2a7c60d844ed1670
mod/gfx/map/units/T-MARINE A-WALK C-IND L-1 D-SW.spr,spr,infantry,tools/art_sources/v4_sprites/india_service_sheet_01.png#panel=1,generated original India service sprite; not derived from another mod,28810deada45c50deac56b12c876954423fd046b871e4aaff882db5c181734bb
mod/gfx/map/units/T-MARINE A-WALK C-IND L-1 D-W.spr,spr,infantry,tools/art_sources/v4_sprites/india_service_sheet_01.png#panel=1,generated original India service sprite; not derived from another mod,70dc2af1d648c0cffe2e22ef9b1071baaf0aaa1640b4c91e5d40104b15423da1
mod/gfx/map/units/T-MECHANIZED A-FIRE C-IND L-1 D-E.spr,spr,motorized,tools/art_sources/v4_sprites/india_service_sheet_01.png#panel=3,generated original India service sprite; not derived from another mod,74792aa6684b128f52358f47a1b7121a48e0948e748e5b8792e420b8eea3b4d8
mod/gfx/map/units/T-MECHANIZED A-FIRE C-IND L-1 D-N.spr,spr,motorized,tools/art_sources/v4_sprites/india_service_sheet_01.png#panel=3,generated original India service sprite; not derived from another mod,f21c900cf306234d8eeaae2f0df3d0d36f9fda53c5596ec5830e94f294ef10bb
mod/gfx/map/units/T-MECHANIZED A-FIRE C-IND L-1 D-NE.spr,spr,motorized,tools/art_sources/v4_sprites/india_service_sheet_01.png#panel=3,generated original India service sprite; not derived from another mod,5a677bdbf56e18704e3a964ffbe85df44efc79a37c2e58e87a3c68af70c4296f
mod/gfx/map/units/T-MECHANIZED A-FIRE C-IND L-1 D-NW.spr,spr,motorized,tools/art_sources/v4_sprites/india_service_sheet_01.png#panel=3,generated original India service sprite; not derived from another mod,b0712cfa79f07ef665ab3ad206a6dfef6550fc315d7e5bd0c658e17dcbcac9cb
mod/gfx/map/units/T-MECHANIZED A-FIRE C-IND L-1 D-S.spr,spr,motorized,tools/art_sources/v4_sprites/india_service_sheet_01.png#panel=3,generated original India service sprite; not derived from another mod,f455446c39777d193dac17d20583bdc226ad007a9950025e27a64caa12f48468
mod/gfx/map/units/T-MECHANIZED A-FIRE C-IND L-1 D-SE.spr,spr,motorized,tools/art_sources/v4_sprites/india_service_sheet_01.png#panel=3,generated original India service sprite; not derived from another mod,885d8c041526034309e4c02392bab3150d4ddd22e23c0d8d40cb6d1befa1670d
mod/gfx/map/units/T-MECHANIZED A-FIRE C-IND L-1 D-SW.spr,spr,motorized,tools/art_sources/v4_sprites/india_service_sheet_01.png#panel=3,generated original India service sprite; not derived from another mod,e47112e7c90e3351945e229d7696f9d9c53fff21dcadc85bc85f39ddf88065eb
mod/gfx/map/units/T-MECHANIZED A-FIRE C-IND L-1 D-W.spr,spr,motorized,tools/art_sources/v4_sprites/india_service_sheet_01.png#panel=3,generated original India service sprite; not derived from another mod,4e4298f464f14ab0ef1dadd980fc0e08bd7481b582aa7b6135ace0d173a4c6e8
mod/gfx/map/units/T-MECHANIZED A-STAND C-IND L-1.spr,spr,motorized,tools/art_sources/v4_sprites/india_service_sheet_01.png#panel=3,generated original India service sprite; not derived from another mod,76a69798a05c7a9ca2935d29a75a0e264e9e562cbaa4eb0d0f7a9436ccaa49b2
mod/gfx/map/units/T-MECHANIZED A-WALK C-IND L-1 D-E.spr,spr,motorized,tools/art_sources/v4_sprites/india_service_sheet_01.png#panel=3,generated original India service sprite; not derived from another mod,8c8d67e0048b73922e5b415b31af3c2d5cb699f1260eabc4492028e0dd845914
mod/gfx/map/units/T-MECHANIZED A-WALK C-IND L-1 D-N.spr,spr,motorized,tools/art_sources/v4_sprites/india_service_sheet_01.png#panel=3,generated original India service sprite; not derived from another mod,ba508d6339b7f347c48033b7dc1dca4c37325856aaeba129bd01e13825fc6a19
mod/gfx/map/units/T-MECHANIZED A-WALK C-IND L-1 D-NE.spr,spr,motorized,tools/art_sources/v4_sprites/india_service_sheet_01.png#panel=3,generated original India service sprite; not derived from another mod,7ab16e9859a5762a8b9c804ef68ce85f7edf831aa56566a949980b9fc6ef8b6e
mod/gfx/map/units/T-MECHANIZED A-WALK C-IND L-1 D-NW.spr,spr,motorized,tools/art_sources/v4_sprites/india_service_sheet_01.png#panel=3,generated original India service sprite; not derived from another mod,2c32f1917179f093b380b3eec3264ea67a13b4b44b05afbc02843bdfab871b54
mod/gfx/map/units/T-MECHANIZED A-WALK C-IND L-1 D-S.spr,spr,motorized,tools/art_sources/v4_sprites/india_service_sheet_01.png#panel=3,generated original India service sprite; not derived from another mod,6dfe7e362e02df2e3f8be6d78e95df5e40726df268ae673935f4c490bfb3d6c6
mod/gfx/map/units/T-MECHANIZED A-WALK C-IND L-1 D-SE.spr,spr,motorized,tools/art_sources/v4_sprites/india_service_sheet_01.png#panel=3,generated original India service sprite; not derived from another mod,5b4b0e69c3c126f5b90cb30a4f8ad82544d49f5830be54be9301d464ca4035c7
mod/gfx/map/units/T-MECHANIZED A-WALK C-IND L-1 D-SW.spr,spr,motorized,tools/art_sources/v4_sprites/india_service_sheet_01.png#panel=3,generated original India service sprite; not derived from another mod,692e07c64cfec28dcb4635d8f485faa0038264f5de31fb9d88ba0172e6e98bb0
mod/gfx/map/units/T-MECHANIZED A-WALK C-IND L-1 D-W.spr,spr,motorized,tools/art_sources/v4_sprites/india_service_sheet_01.png#panel=3,generated original India service sprite; not derived from another mod,c404d4af06e3e330448dd2bce84584b8fdcce9094706fa15c9ec93b6998f4e64
mod/gfx/map/units/T-MILITIA A-FIRE C-IND L-1 D-E.spr,spr,infantry,tools/art_sources/v4_sprites/india_service_sheet_01.png#panel=1,generated original India service sprite; not derived from another mod,df7a947042db894e647296891c0908c5dcec95da0364eceb3f3e75b9287bd245
mod/gfx/map/units/T-MILITIA A-FIRE C-IND L-1 D-N.spr,spr,infantry,tools/art_sources/v4_sprites/india_service_sheet_01.png#panel=1,generated original India service sprite; not derived from another mod,21dd009a8694ee6811a88700f69c9a79734b05f691bf31869852c1596c749ad2
mod/gfx/map/units/T-MILITIA A-FIRE C-IND L-1 D-NE.spr,spr,infantry,tools/art_sources/v4_sprites/india_service_sheet_01.png#panel=1,generated original India service sprite; not derived from another mod,8203c7855b084b94dcfc140f669ffb4f407f66ba196af7064f1d7eba1abd543b
mod/gfx/map/units/T-MILITIA A-FIRE C-IND L-1 D-NW.spr,spr,infantry,tools/art_sources/v4_sprites/india_service_sheet_01.png#panel=1,generated original India service sprite; not derived from another mod,f60bd1049e4ee062c7291bec7311da4467db84d337626d709c0a41d5afa96463
mod/gfx/map/units/T-MILITIA A-FIRE C-IND L-1 D-S.spr,spr,infantry,tools/art_sources/v4_sprites/india_service_sheet_01.png#panel=1,generated original India service sprite; not derived from another mod,695ec7ce93616c0f543f2226b3231e2a7307d1da7d852c8f0d3d1d5799de314b
mod/gfx/map/units/T-MILITIA A-FIRE C-IND L-1 D-SE.spr,spr,infantry,tools/art_sources/v4_sprites/india_service_sheet_01.png#panel=1,generated original India service sprite; not derived from another mod,dca15b5b5feaa9050856786d00133ad7a83efbae724e8a65966dd4e1913eb63e
mod/gfx/map/units/T-MILITIA A-FIRE C-IND L-1 D-SW.spr,spr,infantry,tools/art_sources/v4_sprites/india_service_sheet_01.png#panel=1,generated original India service sprite; not derived from another mod,ac05e92e6e86ad9671586912944107921059ab2540249ec7478d09aa7943b73f
mod/gfx/map/units/T-MILITIA A-FIRE C-IND L-1 D-W.spr,spr,infantry,tools/art_sources/v4_sprites/india_service_sheet_01.png#panel=1,generated original India service sprite; not derived from another mod,b4f383a1ec24b2ff46501003ef940722b004418602b794b46ed968a6d145e486
mod/gfx/map/units/T-MILITIA A-STAND C-IND L-1.spr,spr,infantry,tools/art_sources/v4_sprites/india_service_sheet_01.png#panel=1,generated original India service sprite; not derived from another mod,1edd0bccbf803f13a05394294e358ab5414b6e5fcf5e18e489e7c789d3c5cccf
mod/gfx/map/units/T-MILITIA A-WALK C-IND L-1 D-E.spr,spr,infantry,tools/art_sources/v4_sprites/india_service_sheet_01.png#panel=1,generated original India service sprite; not derived from another mod,6051942e1e90633c28be8473f8b2d8ed4db87adb91511d5eb5d1b111b819d8bd
mod/gfx/map/units/T-MILITIA A-WALK C-IND L-1 D-N.spr,spr,infantry,tools/art_sources/v4_sprites/india_service_sheet_01.png#panel=1,generated original India service sprite; not derived from another mod,7f2d6c5aa9c54660266198a21fb16c15d3039b6b7a873325901675e8d74532d2
mod/gfx/map/units/T-MILITIA A-WALK C-IND L-1 D-NE.spr,spr,infantry,tools/art_sources/v4_sprites/india_service_sheet_01.png#panel=1,generated original India service sprite; not derived from another mod,0cabef6bdc9dd2d6d7789c992fbbce20430f63953dc81aa0a7134e6efcbe1f96
mod/gfx/map/units/T-MILITIA A-WALK C-IND L-1 D-NW.spr,spr,infantry,tools/art_sources/v4_sprites/india_service_sheet_01.png#panel=1,generated original India service sprite; not derived from another mod,88700265667fab0ffe9c941ddfed29fa95683779728194b8189dd666711d9db0
mod/gfx/map/units/T-MILITIA A-WALK C-IND L-1 D-S.spr,spr,infantry,tools/art_sources/v4_sprites/india_service_sheet_01.png#panel=1,generated original India service sprite; not derived from another mod,9ce2e1234d830672b19a51730b402f915f0c9f1a66168e5c6aa534d08e4530d5
mod/gfx/map/units/T-MILITIA A-WALK C-IND L-1 D-SE.spr,spr,infantry,tools/art_sources/v4_sprites/india_service_sheet_01.png#panel=1,generated original India service sprite; not derived from another mod,6d2c844ff68e531f73373f40e8236aa381432f3135eec20a2a7c60d844ed1670
mod/gfx/map/units/T-MILITIA A-WALK C-IND L-1 D-SW.spr,spr,infantry,tools/art_sources/v4_sprites/india_service_sheet_01.png#panel=1,generated original India service sprite; not derived from another mod,28810deada45c50deac56b12c876954423fd046b871e4aaff882db5c181734bb
mod/gfx/map/units/T-MILITIA A-WALK C-IND L-1 D-W.spr,spr,infantry,tools/art_sources/v4_sprites/india_service_sheet_01.png#panel=1,generated original India service sprite; not derived from another mod,70dc2af1d648c0cffe2e22ef9b1071baaf0aaa1640b4c91e5d40104b15423da1
mod/gfx/map/units/T-MOTORIZED A-FIRE C-IND L-1 D-E.spr,spr,motorized,tools/art_sources/v4_sprites/india_service_sheet_01.png#panel=3,generated original India service sprite; not derived from another mod,74792aa6684b128f52358f47a1b7121a48e0948e748e5b8792e420b8eea3b4d8
mod/gfx/map/units/T-MOTORIZED A-FIRE C-IND L-1 D-N.spr,spr,motorized,tools/art_sources/v4_sprites/india_service_sheet_01.png#panel=3,generated original India service sprite; not derived from another mod,f21c900cf306234d8eeaae2f0df3d0d36f9fda53c5596ec5830e94f294ef10bb
mod/gfx/map/units/T-MOTORIZED A-FIRE C-IND L-1 D-NE.spr,spr,motorized,tools/art_sources/v4_sprites/india_service_sheet_01.png#panel=3,generated original India service sprite; not derived from another mod,5a677bdbf56e18704e3a964ffbe85df44efc79a37c2e58e87a3c68af70c4296f
mod/gfx/map/units/T-MOTORIZED A-FIRE C-IND L-1 D-NW.spr,spr,motorized,tools/art_sources/v4_sprites/india_service_sheet_01.png#panel=3,generated original India service sprite; not derived from another mod,b0712cfa79f07ef665ab3ad206a6dfef6550fc315d7e5bd0c658e17dcbcac9cb
mod/gfx/map/units/T-MOTORIZED A-FIRE C-IND L-1 D-S.spr,spr,motorized,tools/art_sources/v4_sprites/india_service_sheet_01.png#panel=3,generated original India service sprite; not derived from another mod,f455446c39777d193dac17d20583bdc226ad007a9950025e27a64caa12f48468
mod/gfx/map/units/T-MOTORIZED A-FIRE C-IND L-1 D-SE.spr,spr,motorized,tools/art_sources/v4_sprites/india_service_sheet_01.png#panel=3,generated original India service sprite; not derived from another mod,885d8c041526034309e4c02392bab3150d4ddd22e23c0d8d40cb6d1befa1670d
mod/gfx/map/units/T-MOTORIZED A-FIRE C-IND L-1 D-SW.spr,spr,motorized,tools/art_sources/v4_sprites/india_service_sheet_01.png#panel=3,generated original India service sprite; not derived from another mod,e47112e7c90e3351945e229d7696f9d9c53fff21dcadc85bc85f39ddf88065eb
mod/gfx/map/units/T-MOTORIZED A-FIRE C-IND L-1 D-W.spr,spr,motorized,tools/art_sources/v4_sprites/india_service_sheet_01.png#panel=3,generated original India service sprite; not derived from another mod,4e4298f464f14ab0ef1dadd980fc0e08bd7481b582aa7b6135ace0d173a4c6e8
mod/gfx/map/units/T-MOTORIZED A-STAND C-IND L-1.spr,spr,motorized,tools/art_sources/v4_sprites/india_service_sheet_01.png#panel=3,generated original India service sprite; not derived from another mod,76a69798a05c7a9ca2935d29a75a0e264e9e562cbaa4eb0d0f7a9436ccaa49b2
mod/gfx/map/units/T-MOTORIZED A-WALK C-IND L-1 D-E.spr,spr,motorized,tools/art_sources/v4_sprites/india_service_sheet_01.png#panel=3,generated original India service sprite; not derived from another mod,8c8d67e0048b73922e5b415b31af3c2d5cb699f1260eabc4492028e0dd845914
mod/gfx/map/units/T-MOTORIZED A-WALK C-IND L-1 D-N.spr,spr,motorized,tools/art_sources/v4_sprites/india_service_sheet_01.png#panel=3,generated original India service sprite; not derived from another mod,ba508d6339b7f347c48033b7dc1dca4c37325856aaeba129bd01e13825fc6a19
mod/gfx/map/units/T-MOTORIZED A-WALK C-IND L-1 D-NE.spr,spr,motorized,tools/art_sources/v4_sprites/india_service_sheet_01.png#panel=3,generated original India service sprite; not derived from another mod,7ab16e9859a5762a8b9c804ef68ce85f7edf831aa56566a949980b9fc6ef8b6e
mod/gfx/map/units/T-MOTORIZED A-WALK C-IND L-1 D-NW.spr,spr,motorized,tools/art_sources/v4_sprites/india_service_sheet_01.png#panel=3,generated original India service sprite; not derived from another mod,2c32f1917179f093b380b3eec3264ea67a13b4b44b05afbc02843bdfab871b54
mod/gfx/map/units/T-MOTORIZED A-WALK C-IND L-1 D-S.spr,spr,motorized,tools/art_sources/v4_sprites/india_service_sheet_01.png#panel=3,generated original India service sprite; not derived from another mod,6dfe7e362e02df2e3f8be6d78e95df5e40726df268ae673935f4c490bfb3d6c6
mod/gfx/map/units/T-MOTORIZED A-WALK C-IND L-1 D-SE.spr,spr,motorized,tools/art_sources/v4_sprites/india_service_sheet_01.png#panel=3,generated original India service sprite; not derived from another mod,5b4b0e69c3c126f5b90cb30a4f8ad82544d49f5830be54be9301d464ca4035c7
mod/gfx/map/units/T-MOTORIZED A-WALK C-IND L-1 D-SW.spr,spr,motorized,tools/art_sources/v4_sprites/india_service_sheet_01.png#panel=3,generated original India service sprite; not derived from another mod,692e07c64cfec28dcb4635d8f485faa0038264f5de31fb9d88ba0172e6e98bb0
mod/gfx/map/units/T-MOTORIZED A-WALK C-IND L-1 D-W.spr,spr,motorized,tools/art_sources/v4_sprites/india_service_sheet_01.png#panel=3,generated original India service sprite; not derived from another mod,c404d4af06e3e330448dd2bce84584b8fdcce9094706fa15c9ec93b6998f4e64
mod/gfx/map/units/T-MOUNTAIN A-FIRE C-IND L-1 D-E.spr,spr,gurkha,tools/art_sources/v4_sprites/india_service_sheet_01.png#panel=2,generated original India service sprite; not derived from another mod,b90b9625d9e6d081dea5b70cb73f8007475d745967a0fe69c2a95592a43223df
mod/gfx/map/units/T-MOUNTAIN A-FIRE C-IND L-1 D-N.spr,spr,gurkha,tools/art_sources/v4_sprites/india_service_sheet_01.png#panel=2,generated original India service sprite; not derived from another mod,7d8b94b31e376dfc9cc7c0b9d26317b506c729b782289184f19a74f897e1535e
mod/gfx/map/units/T-MOUNTAIN A-FIRE C-IND L-1 D-NE.spr,spr,gurkha,tools/art_sources/v4_sprites/india_service_sheet_01.png#panel=2,generated original India service sprite; not derived from another mod,9cd4e383d29012b9a904ba736b41dab946e21ea2f35113a499672de97acdef75
mod/gfx/map/units/T-MOUNTAIN A-FIRE C-IND L-1 D-NW.spr,spr,gurkha,tools/art_sources/v4_sprites/india_service_sheet_01.png#panel=2,generated original India service sprite; not derived from another mod,b51d8e1f2e32217bd5dd5bf16b1ae97dafedccc8484f7415d03e9bee41a50b33
mod/gfx/map/units/T-MOUNTAIN A-FIRE C-IND L-1 D-S.spr,spr,gurkha,tools/art_sources/v4_sprites/india_service_sheet_01.png#panel=2,generated original India service sprite; not derived from another mod,f8a971343d97935e859d751839235884d64e38129c011b6ef59f7bef61226333
mod/gfx/map/units/T-MOUNTAIN A-FIRE C-IND L-1 D-SE.spr,spr,gurkha,tools/art_sources/v4_sprites/india_service_sheet_01.png#panel=2,generated original India service sprite; not derived from another mod,d050b73e2c6fdb7773062b5685ba74bd68f9a9b41732f8b487c17798e3ae80af
mod/gfx/map/units/T-MOUNTAIN A-FIRE C-IND L-1 D-SW.spr,spr,gurkha,tools/art_sources/v4_sprites/india_service_sheet_01.png#panel=2,generated original India service sprite; not derived from another mod,4299daaf78274e2a6276e3e3b93fc40f2cfd20d04d44179d8aa3596ecf728278
mod/gfx/map/units/T-MOUNTAIN A-FIRE C-IND L-1 D-W.spr,spr,gurkha,tools/art_sources/v4_sprites/india_service_sheet_01.png#panel=2,generated original India service sprite; not derived from another mod,192757bfaf75f09b5d187b5985752e480331f8d04108376548bdb7750d77371a
mod/gfx/map/units/T-MOUNTAIN A-STAND C-IND L-1.spr,spr,gurkha,tools/art_sources/v4_sprites/india_service_sheet_01.png#panel=2,generated original India service sprite; not derived from another mod,36a7506fa0642e7f7838ce6b47022803631ac0aa67c19b487b8604db26ee3fa2
mod/gfx/map/units/T-MOUNTAIN A-WALK C-IND L-1 D-E.spr,spr,gurkha,tools/art_sources/v4_sprites/india_service_sheet_01.png#panel=2,generated original India service sprite; not derived from another mod,4bdfad041784081f6f1da0df0ddf73e43a2eb1d62e50c7af84d8a2a61370857d
mod/gfx/map/units/T-MOUNTAIN A-WALK C-IND L-1 D-N.spr,spr,gurkha,tools/art_sources/v4_sprites/india_service_sheet_01.png#panel=2,generated original India service sprite; not derived from another mod,86e63429f6d42ae1df6e7f5fb0ba5ae90be8d8c03762b81ae47eb6e28dfdb734
mod/gfx/map/units/T-MOUNTAIN A-WALK C-IND L-1 D-NE.spr,spr,gurkha,tools/art_sources/v4_sprites/india_service_sheet_01.png#panel=2,generated original India service sprite; not derived from another mod,19f4cd5b0e69ddfec9a3bdb400aa22fdda2c9e7c0f9bb38e043e03c132abd211
mod/gfx/map/units/T-MOUNTAIN A-WALK C-IND L-1 D-NW.spr,spr,gurkha,tools/art_sources/v4_sprites/india_service_sheet_01.png#panel=2,generated original India service sprite; not derived from another mod,a1af784593619073730ddefe40d019f73194a59eeefbb0e64bbb3c9e8ddc1c87
mod/gfx/map/units/T-MOUNTAIN A-WALK C-IND L-1 D-S.spr,spr,gurkha,tools/art_sources/v4_sprites/india_service_sheet_01.png#panel=2,generated original India service sprite; not derived from another mod,208bfad7f4d35f2851ea8d1e4ac0d68c2b491f12371d377bac99cf58ffd05747
mod/gfx/map/units/T-MOUNTAIN A-WALK C-IND L-1 D-SE.spr,spr,gurkha,tools/art_sources/v4_sprites/india_service_sheet_01.png#panel=2,generated original India service sprite; not derived from another mod,bb8a6c5d784768e8595871eab54d1bff8c755a0c428006251fa3f57f57dc0dba
mod/gfx/map/units/T-MOUNTAIN A-WALK C-IND L-1 D-SW.spr,spr,gurkha,tools/art_sources/v4_sprites/india_service_sheet_01.png#panel=2,generated original India service sprite; not derived from another mod,42ddce5c2367f5e6b795980b618b7f7a46fca538654f4d01cb471cbda0d2aec6
mod/gfx/map/units/T-MOUNTAIN A-WALK C-IND L-1 D-W.spr,spr,gurkha,tools/art_sources/v4_sprites/india_service_sheet_01.png#panel=2,generated original India service sprite; not derived from another mod,1622699355c3dbd7c39a6463d558295c97e5cd5f9a47233e83b0ab651b225bb9
mod/gfx/map/units/T-NAVAL A-FIRE C-IND L-1 D-E.spr,spr,bomber,tools/art_sources/v4_sprites/india_service_sheet_01.png#panel=6,generated original India service sprite; not derived from another mod,d1b7499e1d8636bfe2ffb3043fff76e797a812727e166acebb2037ab7412531f
mod/gfx/map/units/T-NAVAL A-FIRE C-IND L-1 D-N.spr,spr,bomber,tools/art_sources/v4_sprites/india_service_sheet_01.png#panel=6,generated original India service sprite; not derived from another mod,99c805d6c3ecfaa8a3c6262568569050ab640c89d872e922a959d88de3fe3aad
mod/gfx/map/units/T-NAVAL A-FIRE C-IND L-1 D-NE.spr,spr,bomber,tools/art_sources/v4_sprites/india_service_sheet_01.png#panel=6,generated original India service sprite; not derived from another mod,6b114d90707319666d96fce892301bd35a2c5e37b55acbaa18ffa23ceb1624e0
mod/gfx/map/units/T-NAVAL A-FIRE C-IND L-1 D-NW.spr,spr,bomber,tools/art_sources/v4_sprites/india_service_sheet_01.png#panel=6,generated original India service sprite; not derived from another mod,1e6c39d248a2916d7dafd66fedb7b18837d90a691080aaa918a47c32b705244f
mod/gfx/map/units/T-NAVAL A-FIRE C-IND L-1 D-S.spr,spr,bomber,tools/art_sources/v4_sprites/india_service_sheet_01.png#panel=6,generated original India service sprite; not derived from another mod,cc5d38ae64dd219064960612799b17790099708911ba98cc9e5087ead0e50efd
mod/gfx/map/units/T-NAVAL A-FIRE C-IND L-1 D-SE.spr,spr,bomber,tools/art_sources/v4_sprites/india_service_sheet_01.png#panel=6,generated original India service sprite; not derived from another mod,8d00ab6fbaa609b9284d3f8fa1232b2a766bdbf30e9c17c734b290efccb41e55
mod/gfx/map/units/T-NAVAL A-FIRE C-IND L-1 D-SW.spr,spr,bomber,tools/art_sources/v4_sprites/india_service_sheet_01.png#panel=6,generated original India service sprite; not derived from another mod,2e4695d0a5a260ea41929e8f1d5898676757239dfd2b20fddf615772223f4e49
mod/gfx/map/units/T-NAVAL A-FIRE C-IND L-1 D-W.spr,spr,bomber,tools/art_sources/v4_sprites/india_service_sheet_01.png#panel=6,generated original India service sprite; not derived from another mod,01c56e9a15c84e4e4385d0c5c8d903382b48949339f77413448b9956eb41d6ee
mod/gfx/map/units/T-NAVAL A-STAND C-IND L-1.spr,spr,bomber,tools/art_sources/v4_sprites/india_service_sheet_01.png#panel=6,generated original India service sprite; not derived from another mod,84784dade8e6b6f156727fa5e8aad1144f14d281c9f4753eb660e2847ce39900
mod/gfx/map/units/T-NAVAL A-WALK C-IND L-1 D-E.spr,spr,bomber,tools/art_sources/v4_sprites/india_service_sheet_01.png#panel=6,generated original India service sprite; not derived from another mod,eb3eeb3c32eb263c197eb451e51dc644bd0718d6fe53f8c9b95f31484ebee534
mod/gfx/map/units/T-NAVAL A-WALK C-IND L-1 D-N.spr,spr,bomber,tools/art_sources/v4_sprites/india_service_sheet_01.png#panel=6,generated original India service sprite; not derived from another mod,2e6e4a409ac2f5cf936e8121c246bac17d82e10e8ba88d60fccdd48c93b71ab0
mod/gfx/map/units/T-NAVAL A-WALK C-IND L-1 D-NE.spr,spr,bomber,tools/art_sources/v4_sprites/india_service_sheet_01.png#panel=6,generated original India service sprite; not derived from another mod,3184d75740ac4c2303d41da85f9b9e9ea446a41f2f75b175b255ce26f7080448
mod/gfx/map/units/T-NAVAL A-WALK C-IND L-1 D-NW.spr,spr,bomber,tools/art_sources/v4_sprites/india_service_sheet_01.png#panel=6,generated original India service sprite; not derived from another mod,8851b7bf4b60dfc1f06e0e8375c0e76a90e0b815a949bcac9339bc38c52244f2
mod/gfx/map/units/T-NAVAL A-WALK C-IND L-1 D-S.spr,spr,bomber,tools/art_sources/v4_sprites/india_service_sheet_01.png#panel=6,generated original India service sprite; not derived from another mod,5a50b937f3799df28e9582187b747833297d24bfdf36210557b824314d798191
mod/gfx/map/units/T-NAVAL A-WALK C-IND L-1 D-SE.spr,spr,bomber,tools/art_sources/v4_sprites/india_service_sheet_01.png#panel=6,generated original India service sprite; not derived from another mod,5d25f4a8d76a1750f2d2ef941a9d6b88eb230a9f1dda7adfd3023ffaed5626ae
mod/gfx/map/units/T-NAVAL A-WALK C-IND L-1 D-SW.spr,spr,bomber,tools/art_sources/v4_sprites/india_service_sheet_01.png#panel=6,generated original India service sprite; not derived from another mod,f1fe3efea7c17f276b14cc7aa7d64f4204b387f7c49ce985c4dc0ac498b9cb21
mod/gfx/map/units/T-NAVAL A-WALK C-IND L-1 D-W.spr,spr,bomber,tools/art_sources/v4_sprites/india_service_sheet_01.png#panel=6,generated original India service sprite; not derived from another mod,c2d0f4b80bae0b698bd1d697e4cdad53210197ccca473e04cf558052215067c2
mod/gfx/map/units/T-nuclear_submarine A-FIRE C-IND L-1 D-E.spr,spr,submarine,tools/art_sources/v4_sprites/india_service_sheet_01.png#panel=9,generated original India service sprite; not derived from another mod,51e82a77dbf7e252071406771397c3bfaf48141f07510e722058aef01749b3f6
mod/gfx/map/units/T-nuclear_submarine A-FIRE C-IND L-1 D-N.spr,spr,submarine,tools/art_sources/v4_sprites/india_service_sheet_01.png#panel=9,generated original India service sprite; not derived from another mod,42438906e9b26cb574f9ca24049dd6091eb1123d21af27eed15a85aa9470d3f6
mod/gfx/map/units/T-nuclear_submarine A-FIRE C-IND L-1 D-NE.spr,spr,submarine,tools/art_sources/v4_sprites/india_service_sheet_01.png#panel=9,generated original India service sprite; not derived from another mod,5e4b92256323918913038c9231ab3ec4f7370c3da685297cd4fc2f01185a04ab
mod/gfx/map/units/T-nuclear_submarine A-FIRE C-IND L-1 D-NW.spr,spr,submarine,tools/art_sources/v4_sprites/india_service_sheet_01.png#panel=9,generated original India service sprite; not derived from another mod,5fb3d7f6625f414de97c6288ae170daa5764cdfd841d301169f087f0baad7023
mod/gfx/map/units/T-nuclear_submarine A-FIRE C-IND L-1 D-S.spr,spr,submarine,tools/art_sources/v4_sprites/india_service_sheet_01.png#panel=9,generated original India service sprite; not derived from another mod,6821f2a451a1676198e215931f48bad4a68214282e1214a51b8993c11a9b074d
mod/gfx/map/units/T-nuclear_submarine A-FIRE C-IND L-1 D-SE.spr,spr,submarine,tools/art_sources/v4_sprites/india_service_sheet_01.png#panel=9,generated original India service sprite; not derived from another mod,c177e9aa9519608a3f2259f0e06d42c6fc3431682c05bca6aa9b5f1fb7e8fca9
mod/gfx/map/units/T-nuclear_submarine A-FIRE C-IND L-1 D-SW.spr,spr,submarine,tools/art_sources/v4_sprites/india_service_sheet_01.png#panel=9,generated original India service sprite; not derived from another mod,93d5df6dba55cffb425fd7759a3cf8cffd3f462d1cda993b527ea545bbbe92c2
mod/gfx/map/units/T-nuclear_submarine A-FIRE C-IND L-1 D-W.spr,spr,submarine,tools/art_sources/v4_sprites/india_service_sheet_01.png#panel=9,generated original India service sprite; not derived from another mod,70e7026ec372ae89a1bc5aa69ef2e26a4d681c210f969ed4f263df5bfec43d1c
mod/gfx/map/units/T-nuclear_submarine A-STAND C-IND L-1.spr,spr,submarine,tools/art_sources/v4_sprites/india_service_sheet_01.png#panel=9,generated original India service sprite; not derived from another mod,0178735413f4ec513393303ee37faa48aa829936c9421dd25465770fa1133912
mod/gfx/map/units/T-nuclear_submarine A-WALK C-IND L-1 D-E.spr,spr,submarine,tools/art_sources/v4_sprites/india_service_sheet_01.png#panel=9,generated original India service sprite; not derived from another mod,377fc271f99e0ed36b888d213704ce3aa481b10749104caf0f36f5af6177c616
mod/gfx/map/units/T-nuclear_submarine A-WALK C-IND L-1 D-N.spr,spr,submarine,tools/art_sources/v4_sprites/india_service_sheet_01.png#panel=9,generated original India service sprite; not derived from another mod,fc0583965f3fe9f8ed985108f2999fb9944deca4a4fea1b850b3f0a96c51457c
mod/gfx/map/units/T-nuclear_submarine A-WALK C-IND L-1 D-NE.spr,spr,submarine,tools/art_sources/v4_sprites/india_service_sheet_01.png#panel=9,generated original India service sprite; not derived from another mod,f961f72bcab178e82a42a68aa07bead0c6d9a5ec9d919b6ba9680be34c999c11
mod/gfx/map/units/T-nuclear_submarine A-WALK C-IND L-1 D-NW.spr,spr,submarine,tools/art_sources/v4_sprites/india_service_sheet_01.png#panel=9,generated original India service sprite; not derived from another mod,78d7956a83d63a8ea37a763258a1bd6d42dffb6930e23a6b5d09c8fc29329c4f
mod/gfx/map/units/T-nuclear_submarine A-WALK C-IND L-1 D-S.spr,spr,submarine,tools/art_sources/v4_sprites/india_service_sheet_01.png#panel=9,generated original India service sprite; not derived from another mod,3fc59bbdeef25f0bb5b28440f477bcfdd7d458e52494be20abe4deefcbe83490
mod/gfx/map/units/T-nuclear_submarine A-WALK C-IND L-1 D-SE.spr,spr,submarine,tools/art_sources/v4_sprites/india_service_sheet_01.png#panel=9,generated original India service sprite; not derived from another mod,dddc8735168e19a7ec743f4468476b176caeba9ae37aedbec54cf3adf6683d57
mod/gfx/map/units/T-nuclear_submarine A-WALK C-IND L-1 D-SW.spr,spr,submarine,tools/art_sources/v4_sprites/india_service_sheet_01.png#panel=9,generated original India service sprite; not derived from another mod,42e1ade9a88983f2c06a0cbe1c5f8f52a131622b73b054e5fac0e436288f4e40
mod/gfx/map/units/T-nuclear_submarine A-WALK C-IND L-1 D-W.spr,spr,submarine,tools/art_sources/v4_sprites/india_service_sheet_01.png#panel=9,generated original India service sprite; not derived from another mod,78a3748be2934767a26a24d4edf3ed6c70b3d0f29ff4b5439e514f3341c405a9
mod/gfx/map/units/T-PANZER A-FIRE C-IND L-1 D-E.spr,spr,armor,tools/art_sources/v4_sprites/india_service_sheet_01.png#panel=4,generated original India service sprite; not derived from another mod,782a7c13ab4f0748756d240486ed33c9af2a584827a900e12135f81fe6b4fdcd
mod/gfx/map/units/T-PANZER A-FIRE C-IND L-1 D-N.spr,spr,armor,tools/art_sources/v4_sprites/india_service_sheet_01.png#panel=4,generated original India service sprite; not derived from another mod,21b3db488e176b9b7f252ac6cc6f27cc2e06310d5e6e4c5b7e294fa3ceb064d4
mod/gfx/map/units/T-PANZER A-FIRE C-IND L-1 D-NE.spr,spr,armor,tools/art_sources/v4_sprites/india_service_sheet_01.png#panel=4,generated original India service sprite; not derived from another mod,49cbbd460de8e3a4ca0307c937400e01d9dbd4598db5fc57a141097944718ebc
mod/gfx/map/units/T-PANZER A-FIRE C-IND L-1 D-NW.spr,spr,armor,tools/art_sources/v4_sprites/india_service_sheet_01.png#panel=4,generated original India service sprite; not derived from another mod,b245275fdc5c5328d040ca1b6d6a08f413ebf2458734c86c743712219b9082e7
mod/gfx/map/units/T-PANZER A-FIRE C-IND L-1 D-S.spr,spr,armor,tools/art_sources/v4_sprites/india_service_sheet_01.png#panel=4,generated original India service sprite; not derived from another mod,4da5e9214134f592ac14feccad11edc6bd1d36a9d94d5bf322b5fa1135795a9e
mod/gfx/map/units/T-PANZER A-FIRE C-IND L-1 D-SE.spr,spr,armor,tools/art_sources/v4_sprites/india_service_sheet_01.png#panel=4,generated original India service sprite; not derived from another mod,ae469edd8b5ac61cbaff08f2c93c3612734d72ea3f59b39d23d50b4c9ccc3bcb
mod/gfx/map/units/T-PANZER A-FIRE C-IND L-1 D-SW.spr,spr,armor,tools/art_sources/v4_sprites/india_service_sheet_01.png#panel=4,generated original India service sprite; not derived from another mod,44acaa1b00ad07b815cf04d962ab14c959619bf6837e19aab520defded240d61
mod/gfx/map/units/T-PANZER A-FIRE C-IND L-1 D-W.spr,spr,armor,tools/art_sources/v4_sprites/india_service_sheet_01.png#panel=4,generated original India service sprite; not derived from another mod,93b3f36d4762be0f00a04812b60c7dc3b93b347bcd9b1bb8fdce43dac58c6acd
mod/gfx/map/units/T-PANZER A-STAND C-IND L-1.spr,spr,armor,tools/art_sources/v4_sprites/india_service_sheet_01.png#panel=4,generated original India service sprite; not derived from another mod,cafbba657fe00da2e3892c8f7380b6632113f375eab4101dae5b136cea1030be
mod/gfx/map/units/T-PANZER A-WALK C-IND L-1 D-E.spr,spr,armor,tools/art_sources/v4_sprites/india_service_sheet_01.png#panel=4,generated original India service sprite; not derived from another mod,2e02faae28675d9d5666e267cfc1a4e1dcd8408b98316399cff48c6a3fa13c20
mod/gfx/map/units/T-PANZER A-WALK C-IND L-1 D-N.spr,spr,armor,tools/art_sources/v4_sprites/india_service_sheet_01.png#panel=4,generated original India service sprite; not derived from another mod,91edeee5c16d2396c6ef8ba0741e2556a322c22e57465b57fe8fbebef73f19de
mod/gfx/map/units/T-PANZER A-WALK C-IND L-1 D-NE.spr,spr,armor,tools/art_sources/v4_sprites/india_service_sheet_01.png#panel=4,generated original India service sprite; not derived from another mod,f207ec5f1a0a0b59891cff377ae435baa64572bf8df357cae1a1b40238d93cf2
mod/gfx/map/units/T-PANZER A-WALK C-IND L-1 D-NW.spr,spr,armor,tools/art_sources/v4_sprites/india_service_sheet_01.png#panel=4,generated original India service sprite; not derived from another mod,6f7d39120bf460c5efec5d4ced0809225cc8fec6cf67ea9fb99ce6805d73589e
mod/gfx/map/units/T-PANZER A-WALK C-IND L-1 D-S.spr,spr,armor,tools/art_sources/v4_sprites/india_service_sheet_01.png#panel=4,generated original India service sprite; not derived from another mod,9d764da27ffe7c96b1649f47eebc7f1d232ae50cb37aa45f84acd87493eaf412
mod/gfx/map/units/T-PANZER A-WALK C-IND L-1 D-SE.spr,spr,armor,tools/art_sources/v4_sprites/india_service_sheet_01.png#panel=4,generated original India service sprite; not derived from another mod,48c05d11c099528ed38ebd2241869dde6339a13567de882ad5b3eb0d9295ffc0
mod/gfx/map/units/T-PANZER A-WALK C-IND L-1 D-SW.spr,spr,armor,tools/art_sources/v4_sprites/india_service_sheet_01.png#panel=4,generated original India service sprite; not derived from another mod,ecb570f8db43c6b9a5131c811d3e3d69f56a683434f8a7882fff5b8ec9df7a90
mod/gfx/map/units/T-PANZER A-WALK C-IND L-1 D-W.spr,spr,armor,tools/art_sources/v4_sprites/india_service_sheet_01.png#panel=4,generated original India service sprite; not derived from another mod,77ac5079eaade93ca629bb0a0e6b6362015cecbc5ec69b649911e40b311df122
mod/gfx/map/units/T-PARATROOPER A-FIRE C-IND L-1 D-E.spr,spr,infantry,tools/art_sources/v4_sprites/india_service_sheet_01.png#panel=1,generated original India service sprite; not derived from another mod,df7a947042db894e647296891c0908c5dcec95da0364eceb3f3e75b9287bd245
mod/gfx/map/units/T-PARATROOPER A-FIRE C-IND L-1 D-N.spr,spr,infantry,tools/art_sources/v4_sprites/india_service_sheet_01.png#panel=1,generated original India service sprite; not derived from another mod,21dd009a8694ee6811a88700f69c9a79734b05f691bf31869852c1596c749ad2
mod/gfx/map/units/T-PARATROOPER A-FIRE C-IND L-1 D-NE.spr,spr,infantry,tools/art_sources/v4_sprites/india_service_sheet_01.png#panel=1,generated original India service sprite; not derived from another mod,8203c7855b084b94dcfc140f669ffb4f407f66ba196af7064f1d7eba1abd543b
mod/gfx/map/units/T-PARATROOPER A-FIRE C-IND L-1 D-NW.spr,spr,infantry,tools/art_sources/v4_sprites/india_service_sheet_01.png#panel=1,generated original India service sprite; not derived from another mod,f60bd1049e4ee062c7291bec7311da4467db84d337626d709c0a41d5afa96463
mod/gfx/map/units/T-PARATROOPER A-FIRE C-IND L-1 D-S.spr,spr,infantry,tools/art_sources/v4_sprites/india_service_sheet_01.png#panel=1,generated original India service sprite; not derived from another mod,695ec7ce93616c0f543f2226b3231e2a7307d1da7d852c8f0d3d1d5799de314b
mod/gfx/map/units/T-PARATROOPER A-FIRE C-IND L-1 D-SE.spr,spr,infantry,tools/art_sources/v4_sprites/india_service_sheet_01.png#panel=1,generated original India service sprite; not derived from another mod,dca15b5b5feaa9050856786d00133ad7a83efbae724e8a65966dd4e1913eb63e
mod/gfx/map/units/T-PARATROOPER A-FIRE C-IND L-1 D-SW.spr,spr,infantry,tools/art_sources/v4_sprites/india_service_sheet_01.png#panel=1,generated original India service sprite; not derived from another mod,ac05e92e6e86ad9671586912944107921059ab2540249ec7478d09aa7943b73f
mod/gfx/map/units/T-PARATROOPER A-FIRE C-IND L-1 D-W.spr,spr,infantry,tools/art_sources/v4_sprites/india_service_sheet_01.png#panel=1,generated original India service sprite; not derived from another mod,b4f383a1ec24b2ff46501003ef940722b004418602b794b46ed968a6d145e486
mod/gfx/map/units/T-PARATROOPER A-STAND C-IND L-1.spr,spr,infantry,tools/art_sources/v4_sprites/india_service_sheet_01.png#panel=1,generated original India service sprite; not derived from another mod,1edd0bccbf803f13a05394294e358ab5414b6e5fcf5e18e489e7c789d3c5cccf
mod/gfx/map/units/T-PARATROOPER A-WALK C-IND L-1 D-E.spr,spr,infantry,tools/art_sources/v4_sprites/india_service_sheet_01.png#panel=1,generated original India service sprite; not derived from another mod,6051942e1e90633c28be8473f8b2d8ed4db87adb91511d5eb5d1b111b819d8bd
mod/gfx/map/units/T-PARATROOPER A-WALK C-IND L-1 D-N.spr,spr,infantry,tools/art_sources/v4_sprites/india_service_sheet_01.png#panel=1,generated original India service sprite; not derived from another mod,7f2d6c5aa9c54660266198a21fb16c15d3039b6b7a873325901675e8d74532d2
mod/gfx/map/units/T-PARATROOPER A-WALK C-IND L-1 D-NE.spr,spr,infantry,tools/art_sources/v4_sprites/india_service_sheet_01.png#panel=1,generated original India service sprite; not derived from another mod,0cabef6bdc9dd2d6d7789c992fbbce20430f63953dc81aa0a7134e6efcbe1f96
mod/gfx/map/units/T-PARATROOPER A-WALK C-IND L-1 D-NW.spr,spr,infantry,tools/art_sources/v4_sprites/india_service_sheet_01.png#panel=1,generated original India service sprite; not derived from another mod,88700265667fab0ffe9c941ddfed29fa95683779728194b8189dd666711d9db0
mod/gfx/map/units/T-PARATROOPER A-WALK C-IND L-1 D-S.spr,spr,infantry,tools/art_sources/v4_sprites/india_service_sheet_01.png#panel=1,generated original India service sprite; not derived from another mod,9ce2e1234d830672b19a51730b402f915f0c9f1a66168e5c6aa534d08e4530d5
mod/gfx/map/units/T-PARATROOPER A-WALK C-IND L-1 D-SE.spr,spr,infantry,tools/art_sources/v4_sprites/india_service_sheet_01.png#panel=1,generated original India service sprite; not derived from another mod,6d2c844ff68e531f73373f40e8236aa381432f3135eec20a2a7c60d844ed1670
mod/gfx/map/units/T-PARATROOPER A-WALK C-IND L-1 D-SW.spr,spr,infantry,tools/art_sources/v4_sprites/india_service_sheet_01.png#panel=1,generated original India service sprite; not derived from another mod,28810deada45c50deac56b12c876954423fd046b871e4aaff882db5c181734bb
mod/gfx/map/units/T-PARATROOPER A-WALK C-IND L-1 D-W.spr,spr,infantry,tools/art_sources/v4_sprites/india_service_sheet_01.png#panel=1,generated original India service sprite; not derived from another mod,70dc2af1d648c0cffe2e22ef9b1071baaf0aaa1640b4c91e5d40104b15423da1
mod/gfx/map/units/T-ROCKET_INTERCEPTOR A-FIRE C-IND L-1 D-E.spr,spr,fighter,tools/art_sources/v4_sprites/india_service_sheet_01.png#panel=5,generated original India service sprite; not derived from another mod,e32ae69adc0d75d7a2087799dcfee4b28a497876301a891e9d5db66e0d6fc834
mod/gfx/map/units/T-ROCKET_INTERCEPTOR A-FIRE C-IND L-1 D-N.spr,spr,fighter,tools/art_sources/v4_sprites/india_service_sheet_01.png#panel=5,generated original India service sprite; not derived from another mod,d1915f6ceab3e1417793c8bd200a3e3d20166b54ab6439746a64ae58cc430e21
mod/gfx/map/units/T-ROCKET_INTERCEPTOR A-FIRE C-IND L-1 D-NE.spr,spr,fighter,tools/art_sources/v4_sprites/india_service_sheet_01.png#panel=5,generated original India service sprite; not derived from another mod,c216c206131067d38d7114e7aaa65300cd4e984c905e62d679af76f5435c79aa
mod/gfx/map/units/T-ROCKET_INTERCEPTOR A-FIRE C-IND L-1 D-NW.spr,spr,fighter,tools/art_sources/v4_sprites/india_service_sheet_01.png#panel=5,generated original India service sprite; not derived from another mod,c5cb5201132c751676082c5ab028da6b586a18d23384dc92b93604e46ec53dea
mod/gfx/map/units/T-ROCKET_INTERCEPTOR A-FIRE C-IND L-1 D-S.spr,spr,fighter,tools/art_sources/v4_sprites/india_service_sheet_01.png#panel=5,generated original India service sprite; not derived from another mod,4a352f036bcc92c30022c0b6c42be43514ed574f867226bb7c9fed21043782f4
mod/gfx/map/units/T-ROCKET_INTERCEPTOR A-FIRE C-IND L-1 D-SE.spr,spr,fighter,tools/art_sources/v4_sprites/india_service_sheet_01.png#panel=5,generated original India service sprite; not derived from another mod,f826f60a89e5d6bfff20cf172fc68ee11c25fbf4cca3cb5eb2f68a99e52a6fab
mod/gfx/map/units/T-ROCKET_INTERCEPTOR A-FIRE C-IND L-1 D-SW.spr,spr,fighter,tools/art_sources/v4_sprites/india_service_sheet_01.png#panel=5,generated original India service sprite; not derived from another mod,3e0fa5dd1db40d9f40a992b446b743941b0c0c193be5c6ff0ec393060417fd96
mod/gfx/map/units/T-ROCKET_INTERCEPTOR A-FIRE C-IND L-1 D-W.spr,spr,fighter,tools/art_sources/v4_sprites/india_service_sheet_01.png#panel=5,generated original India service sprite; not derived from another mod,c70409b01fb5c44986245a841ac14c615a362a07993546cf449863406a93f805
mod/gfx/map/units/T-ROCKET_INTERCEPTOR A-STAND C-IND L-1.spr,spr,fighter,tools/art_sources/v4_sprites/india_service_sheet_01.png#panel=5,generated original India service sprite; not derived from another mod,86c0ea1ad77d3db9740660c3cfd80ba6b42c24be9087eb8da4c4a6a901876e87
mod/gfx/map/units/T-ROCKET_INTERCEPTOR A-WALK C-IND L-1 D-E.spr,spr,fighter,tools/art_sources/v4_sprites/india_service_sheet_01.png#panel=5,generated original India service sprite; not derived from another mod,32e9f340a29fa32c3959dfc0a7d3f54f871690b364ac1ad023920abfedc621fa
mod/gfx/map/units/T-ROCKET_INTERCEPTOR A-WALK C-IND L-1 D-N.spr,spr,fighter,tools/art_sources/v4_sprites/india_service_sheet_01.png#panel=5,generated original India service sprite; not derived from another mod,fa8c7515e030647e94314601049f1f0022637e80dacfb5c7cdfc36a11247d483
mod/gfx/map/units/T-ROCKET_INTERCEPTOR A-WALK C-IND L-1 D-NE.spr,spr,fighter,tools/art_sources/v4_sprites/india_service_sheet_01.png#panel=5,generated original India service sprite; not derived from another mod,782e267efde5ba477f1696b0d43fd1ae43bd72e53454a2b761e786b92cc3f154
mod/gfx/map/units/T-ROCKET_INTERCEPTOR A-WALK C-IND L-1 D-NW.spr,spr,fighter,tools/art_sources/v4_sprites/india_service_sheet_01.png#panel=5,generated original India service sprite; not derived from another mod,b9e03488ffb1d59ebd8cfcd8c723c655f0c52d5b43cb6167e8ba4c352d21b8a8
mod/gfx/map/units/T-ROCKET_INTERCEPTOR A-WALK C-IND L-1 D-S.spr,spr,fighter,tools/art_sources/v4_sprites/india_service_sheet_01.png#panel=5,generated original India service sprite; not derived from another mod,ae7c7cefba020ec61e1d4d7f13ab1625170c44321a77572878dfdc4e7eefdc28
mod/gfx/map/units/T-ROCKET_INTERCEPTOR A-WALK C-IND L-1 D-SE.spr,spr,fighter,tools/art_sources/v4_sprites/india_service_sheet_01.png#panel=5,generated original India service sprite; not derived from another mod,9ef5783d7e62b578d086fdc98f81f5cef198da0a1b8f812acb159615afc27bd0
mod/gfx/map/units/T-ROCKET_INTERCEPTOR A-WALK C-IND L-1 D-SW.spr,spr,fighter,tools/art_sources/v4_sprites/india_service_sheet_01.png#panel=5,generated original India service sprite; not derived from another mod,79c5be03a8e382ce77e0d66cb624cfb8ababed20157c1ccc3fec9aba89dc6f9c
mod/gfx/map/units/T-ROCKET_INTERCEPTOR A-WALK C-IND L-1 D-W.spr,spr,fighter,tools/art_sources/v4_sprites/india_service_sheet_01.png#panel=5,generated original India service sprite; not derived from another mod,e510ed3d9fbd915cacf10f5ebb26baa5d3df00338fc45c1ffce52ce230f4afb9
mod/gfx/map/units/T-STRATEGIC A-FIRE C-IND L-1 D-E.spr,spr,bomber,tools/art_sources/v4_sprites/india_service_sheet_01.png#panel=6,generated original India service sprite; not derived from another mod,d1b7499e1d8636bfe2ffb3043fff76e797a812727e166acebb2037ab7412531f
mod/gfx/map/units/T-STRATEGIC A-FIRE C-IND L-1 D-N.spr,spr,bomber,tools/art_sources/v4_sprites/india_service_sheet_01.png#panel=6,generated original India service sprite; not derived from another mod,99c805d6c3ecfaa8a3c6262568569050ab640c89d872e922a959d88de3fe3aad
mod/gfx/map/units/T-STRATEGIC A-FIRE C-IND L-1 D-NE.spr,spr,bomber,tools/art_sources/v4_sprites/india_service_sheet_01.png#panel=6,generated original India service sprite; not derived from another mod,6b114d90707319666d96fce892301bd35a2c5e37b55acbaa18ffa23ceb1624e0
mod/gfx/map/units/T-STRATEGIC A-FIRE C-IND L-1 D-NW.spr,spr,bomber,tools/art_sources/v4_sprites/india_service_sheet_01.png#panel=6,generated original India service sprite; not derived from another mod,1e6c39d248a2916d7dafd66fedb7b18837d90a691080aaa918a47c32b705244f
mod/gfx/map/units/T-STRATEGIC A-FIRE C-IND L-1 D-S.spr,spr,bomber,tools/art_sources/v4_sprites/india_service_sheet_01.png#panel=6,generated original India service sprite; not derived from another mod,cc5d38ae64dd219064960612799b17790099708911ba98cc9e5087ead0e50efd
mod/gfx/map/units/T-STRATEGIC A-FIRE C-IND L-1 D-SE.spr,spr,bomber,tools/art_sources/v4_sprites/india_service_sheet_01.png#panel=6,generated original India service sprite; not derived from another mod,8d00ab6fbaa609b9284d3f8fa1232b2a766bdbf30e9c17c734b290efccb41e55
mod/gfx/map/units/T-STRATEGIC A-FIRE C-IND L-1 D-SW.spr,spr,bomber,tools/art_sources/v4_sprites/india_service_sheet_01.png#panel=6,generated original India service sprite; not derived from another mod,2e4695d0a5a260ea41929e8f1d5898676757239dfd2b20fddf615772223f4e49
mod/gfx/map/units/T-STRATEGIC A-FIRE C-IND L-1 D-W.spr,spr,bomber,tools/art_sources/v4_sprites/india_service_sheet_01.png#panel=6,generated original India service sprite; not derived from another mod,01c56e9a15c84e4e4385d0c5c8d903382b48949339f77413448b9956eb41d6ee
mod/gfx/map/units/T-STRATEGIC A-STAND C-IND L-1.spr,spr,bomber,tools/art_sources/v4_sprites/india_service_sheet_01.png#panel=6,generated original India service sprite; not derived from another mod,84784dade8e6b6f156727fa5e8aad1144f14d281c9f4753eb660e2847ce39900
mod/gfx/map/units/T-STRATEGIC A-WALK C-IND L-1 D-E.spr,spr,bomber,tools/art_sources/v4_sprites/india_service_sheet_01.png#panel=6,generated original India service sprite; not derived from another mod,eb3eeb3c32eb263c197eb451e51dc644bd0718d6fe53f8c9b95f31484ebee534
mod/gfx/map/units/T-STRATEGIC A-WALK C-IND L-1 D-N.spr,spr,bomber,tools/art_sources/v4_sprites/india_service_sheet_01.png#panel=6,generated original India service sprite; not derived from another mod,2e6e4a409ac2f5cf936e8121c246bac17d82e10e8ba88d60fccdd48c93b71ab0
mod/gfx/map/units/T-STRATEGIC A-WALK C-IND L-1 D-NE.spr,spr,bomber,tools/art_sources/v4_sprites/india_service_sheet_01.png#panel=6,generated original India service sprite; not derived from another mod,3184d75740ac4c2303d41da85f9b9e9ea446a41f2f75b175b255ce26f7080448
mod/gfx/map/units/T-STRATEGIC A-WALK C-IND L-1 D-NW.spr,spr,bomber,tools/art_sources/v4_sprites/india_service_sheet_01.png#panel=6,generated original India service sprite; not derived from another mod,8851b7bf4b60dfc1f06e0e8375c0e76a90e0b815a949bcac9339bc38c52244f2
mod/gfx/map/units/T-STRATEGIC A-WALK C-IND L-1 D-S.spr,spr,bomber,tools/art_sources/v4_sprites/india_service_sheet_01.png#panel=6,generated original India service sprite; not derived from another mod,5a50b937f3799df28e9582187b747833297d24bfdf36210557b824314d798191
mod/gfx/map/units/T-STRATEGIC A-WALK C-IND L-1 D-SE.spr,spr,bomber,tools/art_sources/v4_sprites/india_service_sheet_01.png#panel=6,generated original India service sprite; not derived from another mod,5d25f4a8d76a1750f2d2ef941a9d6b88eb230a9f1dda7adfd3023ffaed5626ae
mod/gfx/map/units/T-STRATEGIC A-WALK C-IND L-1 D-SW.spr,spr,bomber,tools/art_sources/v4_sprites/india_service_sheet_01.png#panel=6,generated original India service sprite; not derived from another mod,f1fe3efea7c17f276b14cc7aa7d64f4204b387f7c49ce985c4dc0ac498b9cb21
mod/gfx/map/units/T-STRATEGIC A-WALK C-IND L-1 D-W.spr,spr,bomber,tools/art_sources/v4_sprites/india_service_sheet_01.png#panel=6,generated original India service sprite; not derived from another mod,c2d0f4b80bae0b698bd1d697e4cdad53210197ccca473e04cf558052215067c2
mod/gfx/map/units/T-SUBMARINE A-FIRE C-IND L-1 D-E.spr,spr,submarine,tools/art_sources/v4_sprites/india_service_sheet_01.png#panel=9,generated original India service sprite; not derived from another mod,51e82a77dbf7e252071406771397c3bfaf48141f07510e722058aef01749b3f6
mod/gfx/map/units/T-SUBMARINE A-FIRE C-IND L-1 D-N.spr,spr,submarine,tools/art_sources/v4_sprites/india_service_sheet_01.png#panel=9,generated original India service sprite; not derived from another mod,42438906e9b26cb574f9ca24049dd6091eb1123d21af27eed15a85aa9470d3f6
mod/gfx/map/units/T-SUBMARINE A-FIRE C-IND L-1 D-NE.spr,spr,submarine,tools/art_sources/v4_sprites/india_service_sheet_01.png#panel=9,generated original India service sprite; not derived from another mod,5e4b92256323918913038c9231ab3ec4f7370c3da685297cd4fc2f01185a04ab
mod/gfx/map/units/T-SUBMARINE A-FIRE C-IND L-1 D-NW.spr,spr,submarine,tools/art_sources/v4_sprites/india_service_sheet_01.png#panel=9,generated original India service sprite; not derived from another mod,5fb3d7f6625f414de97c6288ae170daa5764cdfd841d301169f087f0baad7023
mod/gfx/map/units/T-SUBMARINE A-FIRE C-IND L-1 D-S.spr,spr,submarine,tools/art_sources/v4_sprites/india_service_sheet_01.png#panel=9,generated original India service sprite; not derived from another mod,6821f2a451a1676198e215931f48bad4a68214282e1214a51b8993c11a9b074d
mod/gfx/map/units/T-SUBMARINE A-FIRE C-IND L-1 D-SE.spr,spr,submarine,tools/art_sources/v4_sprites/india_service_sheet_01.png#panel=9,generated original India service sprite; not derived from another mod,c177e9aa9519608a3f2259f0e06d42c6fc3431682c05bca6aa9b5f1fb7e8fca9
mod/gfx/map/units/T-SUBMARINE A-FIRE C-IND L-1 D-SW.spr,spr,submarine,tools/art_sources/v4_sprites/india_service_sheet_01.png#panel=9,generated original India service sprite; not derived from another mod,93d5df6dba55cffb425fd7759a3cf8cffd3f462d1cda993b527ea545bbbe92c2
mod/gfx/map/units/T-SUBMARINE A-FIRE C-IND L-1 D-W.spr,spr,submarine,tools/art_sources/v4_sprites/india_service_sheet_01.png#panel=9,generated original India service sprite; not derived from another mod,70e7026ec372ae89a1bc5aa69ef2e26a4d681c210f969ed4f263df5bfec43d1c
mod/gfx/map/units/T-SUBMARINE A-STAND C-IND L-1.spr,spr,submarine,tools/art_sources/v4_sprites/india_service_sheet_01.png#panel=9,generated original India service sprite; not derived from another mod,0178735413f4ec513393303ee37faa48aa829936c9421dd25465770fa1133912
mod/gfx/map/units/T-SUBMARINE A-WALK C-IND L-1 D-E.spr,spr,submarine,tools/art_sources/v4_sprites/india_service_sheet_01.png#panel=9,generated original India service sprite; not derived from another mod,377fc271f99e0ed36b888d213704ce3aa481b10749104caf0f36f5af6177c616
mod/gfx/map/units/T-SUBMARINE A-WALK C-IND L-1 D-N.spr,spr,submarine,tools/art_sources/v4_sprites/india_service_sheet_01.png#panel=9,generated original India service sprite; not derived from another mod,fc0583965f3fe9f8ed985108f2999fb9944deca4a4fea1b850b3f0a96c51457c
mod/gfx/map/units/T-SUBMARINE A-WALK C-IND L-1 D-NE.spr,spr,submarine,tools/art_sources/v4_sprites/india_service_sheet_01.png#panel=9,generated original India service sprite; not derived from another mod,f961f72bcab178e82a42a68aa07bead0c6d9a5ec9d919b6ba9680be34c999c11
mod/gfx/map/units/T-SUBMARINE A-WALK C-IND L-1 D-NW.spr,spr,submarine,tools/art_sources/v4_sprites/india_service_sheet_01.png#panel=9,generated original India service sprite; not derived from another mod,78d7956a83d63a8ea37a763258a1bd6d42dffb6930e23a6b5d09c8fc29329c4f
mod/gfx/map/units/T-SUBMARINE A-WALK C-IND L-1 D-S.spr,spr,submarine,tools/art_sources/v4_sprites/india_service_sheet_01.png#panel=9,generated original India service sprite; not derived from another mod,3fc59bbdeef25f0bb5b28440f477bcfdd7d458e52494be20abe4deefcbe83490
mod/gfx/map/units/T-SUBMARINE A-WALK C-IND L-1 D-SE.spr,spr,submarine,tools/art_sources/v4_sprites/india_service_sheet_01.png#panel=9,generated original India service sprite; not derived from another mod,dddc8735168e19a7ec743f4468476b176caeba9ae37aedbec54cf3adf6683d57
mod/gfx/map/units/T-SUBMARINE A-WALK C-IND L-1 D-SW.spr,spr,submarine,tools/art_sources/v4_sprites/india_service_sheet_01.png#panel=9,generated original India service sprite; not derived from another mod,42e1ade9a88983f2c06a0cbe1c5f8f52a131622b73b054e5fac0e436288f4e40
mod/gfx/map/units/T-SUBMARINE A-WALK C-IND L-1 D-W.spr,spr,submarine,tools/art_sources/v4_sprites/india_service_sheet_01.png#panel=9,generated original India service sprite; not derived from another mod,78a3748be2934767a26a24d4edf3ed6c70b3d0f29ff4b5439e514f3341c405a9
mod/gfx/map/units/T-TACTICAL A-FIRE C-IND L-1 D-E.spr,spr,bomber,tools/art_sources/v4_sprites/india_service_sheet_01.png#panel=6,generated original India service sprite; not derived from another mod,d1b7499e1d8636bfe2ffb3043fff76e797a812727e166acebb2037ab7412531f
mod/gfx/map/units/T-TACTICAL A-FIRE C-IND L-1 D-N.spr,spr,bomber,tools/art_sources/v4_sprites/india_service_sheet_01.png#panel=6,generated original India service sprite; not derived from another mod,99c805d6c3ecfaa8a3c6262568569050ab640c89d872e922a959d88de3fe3aad
mod/gfx/map/units/T-TACTICAL A-FIRE C-IND L-1 D-NE.spr,spr,bomber,tools/art_sources/v4_sprites/india_service_sheet_01.png#panel=6,generated original India service sprite; not derived from another mod,6b114d90707319666d96fce892301bd35a2c5e37b55acbaa18ffa23ceb1624e0
mod/gfx/map/units/T-TACTICAL A-FIRE C-IND L-1 D-NW.spr,spr,bomber,tools/art_sources/v4_sprites/india_service_sheet_01.png#panel=6,generated original India service sprite; not derived from another mod,1e6c39d248a2916d7dafd66fedb7b18837d90a691080aaa918a47c32b705244f
mod/gfx/map/units/T-TACTICAL A-FIRE C-IND L-1 D-S.spr,spr,bomber,tools/art_sources/v4_sprites/india_service_sheet_01.png#panel=6,generated original India service sprite; not derived from another mod,cc5d38ae64dd219064960612799b17790099708911ba98cc9e5087ead0e50efd
mod/gfx/map/units/T-TACTICAL A-FIRE C-IND L-1 D-SE.spr,spr,bomber,tools/art_sources/v4_sprites/india_service_sheet_01.png#panel=6,generated original India service sprite; not derived from another mod,8d00ab6fbaa609b9284d3f8fa1232b2a766bdbf30e9c17c734b290efccb41e55
mod/gfx/map/units/T-TACTICAL A-FIRE C-IND L-1 D-SW.spr,spr,bomber,tools/art_sources/v4_sprites/india_service_sheet_01.png#panel=6,generated original India service sprite; not derived from another mod,2e4695d0a5a260ea41929e8f1d5898676757239dfd2b20fddf615772223f4e49
mod/gfx/map/units/T-TACTICAL A-FIRE C-IND L-1 D-W.spr,spr,bomber,tools/art_sources/v4_sprites/india_service_sheet_01.png#panel=6,generated original India service sprite; not derived from another mod,01c56e9a15c84e4e4385d0c5c8d903382b48949339f77413448b9956eb41d6ee
mod/gfx/map/units/T-TACTICAL A-STAND C-IND L-1.spr,spr,bomber,tools/art_sources/v4_sprites/india_service_sheet_01.png#panel=6,generated original India service sprite; not derived from another mod,84784dade8e6b6f156727fa5e8aad1144f14d281c9f4753eb660e2847ce39900
mod/gfx/map/units/T-TACTICAL A-WALK C-IND L-1 D-E.spr,spr,bomber,tools/art_sources/v4_sprites/india_service_sheet_01.png#panel=6,generated original India service sprite; not derived from another mod,eb3eeb3c32eb263c197eb451e51dc644bd0718d6fe53f8c9b95f31484ebee534
mod/gfx/map/units/T-TACTICAL A-WALK C-IND L-1 D-N.spr,spr,bomber,tools/art_sources/v4_sprites/india_service_sheet_01.png#panel=6,generated original India service sprite; not derived from another mod,2e6e4a409ac2f5cf936e8121c246bac17d82e10e8ba88d60fccdd48c93b71ab0
mod/gfx/map/units/T-TACTICAL A-WALK C-IND L-1 D-NE.spr,spr,bomber,tools/art_sources/v4_sprites/india_service_sheet_01.png#panel=6,generated original India service sprite; not derived from another mod,3184d75740ac4c2303d41da85f9b9e9ea446a41f2f75b175b255ce26f7080448
mod/gfx/map/units/T-TACTICAL A-WALK C-IND L-1 D-NW.spr,spr,bomber,tools/art_sources/v4_sprites/india_service_sheet_01.png#panel=6,generated original India service sprite; not derived from another mod,8851b7bf4b60dfc1f06e0e8375c0e76a90e0b815a949bcac9339bc38c52244f2
mod/gfx/map/units/T-TACTICAL A-WALK C-IND L-1 D-S.spr,spr,bomber,tools/art_sources/v4_sprites/india_service_sheet_01.png#panel=6,generated original India service sprite; not derived from another mod,5a50b937f3799df28e9582187b747833297d24bfdf36210557b824314d798191
mod/gfx/map/units/T-TACTICAL A-WALK C-IND L-1 D-SE.spr,spr,bomber,tools/art_sources/v4_sprites/india_service_sheet_01.png#panel=6,generated original India service sprite; not derived from another mod,5d25f4a8d76a1750f2d2ef941a9d6b88eb230a9f1dda7adfd3023ffaed5626ae
mod/gfx/map/units/T-TACTICAL A-WALK C-IND L-1 D-SW.spr,spr,bomber,tools/art_sources/v4_sprites/india_service_sheet_01.png#panel=6,generated original India service sprite; not derived from another mod,f1fe3efea7c17f276b14cc7aa7d64f4204b387f7c49ce985c4dc0ac498b9cb21
mod/gfx/map/units/T-TACTICAL A-WALK C-IND L-1 D-W.spr,spr,bomber,tools/art_sources/v4_sprites/india_service_sheet_01.png#panel=6,generated original India service sprite; not derived from another mod,c2d0f4b80bae0b698bd1d697e4cdad53210197ccca473e04cf558052215067c2
mod/gfx/map/units/T-TRANSPORT A-FIRE C-IND L-1 D-E.spr,spr,transport,tools/art_sources/v4_sprites/india_service_sheet_02.png#panel=3,generated original India service sprite; not derived from another mod,2db1e747fb172c8535955d5ea8860d1d178b72fa6d2d92a9a83fd9e955fb8e2d
mod/gfx/map/units/T-TRANSPORT A-FIRE C-IND L-1 D-N.spr,spr,transport,tools/art_sources/v4_sprites/india_service_sheet_02.png#panel=3,generated original India service sprite; not derived from another mod,b96e7186888f2a1ece5c22167e375f79b3788e5a4145fb4f2fda45abdc01eeae
mod/gfx/map/units/T-TRANSPORT A-FIRE C-IND L-1 D-NE.spr,spr,transport,tools/art_sources/v4_sprites/india_service_sheet_02.png#panel=3,generated original India service sprite; not derived from another mod,d31c472c8798847b4a1f47596b00d5945d824a9e27c12439c645a12cf6416f62
mod/gfx/map/units/T-TRANSPORT A-FIRE C-IND L-1 D-NW.spr,spr,transport,tools/art_sources/v4_sprites/india_service_sheet_02.png#panel=3,generated original India service sprite; not derived from another mod,957bfcf51f34672c2d42982515fe7da5fb38a2df290b281f1f81fcbc25b8fba6
mod/gfx/map/units/T-TRANSPORT A-FIRE C-IND L-1 D-S.spr,spr,transport,tools/art_sources/v4_sprites/india_service_sheet_02.png#panel=3,generated original India service sprite; not derived from another mod,8393552c7f902005b223937ff5272389db07c899f292cbd139cd4cd08846fb84
mod/gfx/map/units/T-TRANSPORT A-FIRE C-IND L-1 D-SE.spr,spr,transport,tools/art_sources/v4_sprites/india_service_sheet_02.png#panel=3,generated original India service sprite; not derived from another mod,3a99f03ba8466b93de010559133b35d6b04be4b8f1434bca3984c04ffa672097
mod/gfx/map/units/T-TRANSPORT A-FIRE C-IND L-1 D-SW.spr,spr,transport,tools/art_sources/v4_sprites/india_service_sheet_02.png#panel=3,generated original India service sprite; not derived from another mod,e83340f1899fece51ae0811865d8ff8734bfca571794eaa829353af68b29fa40
mod/gfx/map/units/T-TRANSPORT A-FIRE C-IND L-1 D-W.spr,spr,transport,tools/art_sources/v4_sprites/india_service_sheet_02.png#panel=3,generated original India service sprite; not derived from another mod,333e58227fba83e206fa3b4ed470b8fb0ea2a3ca56c082629fe82a8c27f57f15
mod/gfx/map/units/T-TRANSPORT A-STAND C-IND L-1.spr,spr,transport,tools/art_sources/v4_sprites/india_service_sheet_02.png#panel=3,generated original India service sprite; not derived from another mod,f4dd9439dbb08cf406694ca85034703b6a048b69f1b5afbd9a50deb6d7b3941d
mod/gfx/map/units/T-TRANSPORT A-WALK C-IND L-1 D-E.spr,spr,transport,tools/art_sources/v4_sprites/india_service_sheet_02.png#panel=3,generated original India service sprite; not derived from another mod,2be40940c3ab10cbc4422226458b463d0311a7ee3b2c3ce64e85897fb6db4829
mod/gfx/map/units/T-TRANSPORT A-WALK C-IND L-1 D-N.spr,spr,transport,tools/art_sources/v4_sprites/india_service_sheet_02.png#panel=3,generated original India service sprite; not derived from another mod,63e191a38402562469dff17e698ee7a24ba1492e022ba1c91900d357069ce4dc
mod/gfx/map/units/T-TRANSPORT A-WALK C-IND L-1 D-NE.spr,spr,transport,tools/art_sources/v4_sprites/india_service_sheet_02.png#panel=3,generated original India service sprite; not derived from another mod,d3458df4c798a435b49db80dee5d73a419cc6de0a1621b829a2c8e7d0fa48666
mod/gfx/map/units/T-TRANSPORT A-WALK C-IND L-1 D-NW.spr,spr,transport,tools/art_sources/v4_sprites/india_service_sheet_02.png#panel=3,generated original India service sprite; not derived from another mod,618de540549b2e46c2d58e70b76252750b6b59f34b338095ec415975091c30eb
mod/gfx/map/units/T-TRANSPORT A-WALK C-IND L-1 D-S.spr,spr,transport,tools/art_sources/v4_sprites/india_service_sheet_02.png#panel=3,generated original India service sprite; not derived from another mod,d3dff155493c86377c0ae34de2bfb548beaec1459b420443598823b603b35aab
mod/gfx/map/units/T-TRANSPORT A-WALK C-IND L-1 D-SE.spr,spr,transport,tools/art_sources/v4_sprites/india_service_sheet_02.png#panel=3,generated original India service sprite; not derived from another mod,96b9c60b0cd1f2b3fccbc21592316ed199629a5b070ad61bcc16efb30faaba13
mod/gfx/map/units/T-TRANSPORT A-WALK C-IND L-1 D-SW.spr,spr,transport,tools/art_sources/v4_sprites/india_service_sheet_02.png#panel=3,generated original India service sprite; not derived from another mod,a486f3ca020559900338b02082306497e3e8adc7ebe6b96e39cdca97d28dacb5
mod/gfx/map/units/T-TRANSPORT A-WALK C-IND L-1 D-W.spr,spr,transport,tools/art_sources/v4_sprites/india_service_sheet_02.png#panel=3,generated original India service sprite; not derived from another mod,7335abab8ec806e2cdeae6d359f4ab30d559cc46b9d99c4b7dbd89fe77e79f72
mod/gfx/map/units/T-TRANSPORTPLANE A-FIRE C-IND L-1 D-E.spr,spr,bomber,tools/art_sources/v4_sprites/india_service_sheet_01.png#panel=6,generated original India service sprite; not derived from another mod,d1b7499e1d8636bfe2ffb3043fff76e797a812727e166acebb2037ab7412531f
mod/gfx/map/units/T-TRANSPORTPLANE A-FIRE C-IND L-1 D-N.spr,spr,bomber,tools/art_sources/v4_sprites/india_service_sheet_01.png#panel=6,generated original India service sprite; not derived from another mod,99c805d6c3ecfaa8a3c6262568569050ab640c89d872e922a959d88de3fe3aad
mod/gfx/map/units/T-TRANSPORTPLANE A-FIRE C-IND L-1 D-NE.spr,spr,bomber,tools/art_sources/v4_sprites/india_service_sheet_01.png#panel=6,generated original India service sprite; not derived from another mod,6b114d90707319666d96fce892301bd35a2c5e37b55acbaa18ffa23ceb1624e0
mod/gfx/map/units/T-TRANSPORTPLANE A-FIRE C-IND L-1 D-NW.spr,spr,bomber,tools/art_sources/v4_sprites/india_service_sheet_01.png#panel=6,generated original India service sprite; not derived from another mod,1e6c39d248a2916d7dafd66fedb7b18837d90a691080aaa918a47c32b705244f
mod/gfx/map/units/T-TRANSPORTPLANE A-FIRE C-IND L-1 D-S.spr,spr,bomber,tools/art_sources/v4_sprites/india_service_sheet_01.png#panel=6,generated original India service sprite; not derived from another mod,cc5d38ae64dd219064960612799b17790099708911ba98cc9e5087ead0e50efd
mod/gfx/map/units/T-TRANSPORTPLANE A-FIRE C-IND L-1 D-SE.spr,spr,bomber,tools/art_sources/v4_sprites/india_service_sheet_01.png#panel=6,generated original India service sprite; not derived from another mod,8d00ab6fbaa609b9284d3f8fa1232b2a766bdbf30e9c17c734b290efccb41e55
mod/gfx/map/units/T-TRANSPORTPLANE A-FIRE C-IND L-1 D-SW.spr,spr,bomber,tools/art_sources/v4_sprites/india_service_sheet_01.png#panel=6,generated original India service sprite; not derived from another mod,2e4695d0a5a260ea41929e8f1d5898676757239dfd2b20fddf615772223f4e49
mod/gfx/map/units/T-TRANSPORTPLANE A-FIRE C-IND L-1 D-W.spr,spr,bomber,tools/art_sources/v4_sprites/india_service_sheet_01.png#panel=6,generated original India service sprite; not derived from another mod,01c56e9a15c84e4e4385d0c5c8d903382b48949339f77413448b9956eb41d6ee
mod/gfx/map/units/T-TRANSPORTPLANE A-STAND C-IND L-1.spr,spr,bomber,tools/art_sources/v4_sprites/india_service_sheet_01.png#panel=6,generated original India service sprite; not derived from another mod,84784dade8e6b6f156727fa5e8aad1144f14d281c9f4753eb660e2847ce39900
mod/gfx/map/units/T-TRANSPORTPLANE A-WALK C-IND L-1 D-E.spr,spr,bomber,tools/art_sources/v4_sprites/india_service_sheet_01.png#panel=6,generated original India service sprite; not derived from another mod,eb3eeb3c32eb263c197eb451e51dc644bd0718d6fe53f8c9b95f31484ebee534
mod/gfx/map/units/T-TRANSPORTPLANE A-WALK C-IND L-1 D-N.spr,spr,bomber,tools/art_sources/v4_sprites/india_service_sheet_01.png#panel=6,generated original India service sprite; not derived from another mod,2e6e4a409ac2f5cf936e8121c246bac17d82e10e8ba88d60fccdd48c93b71ab0
mod/gfx/map/units/T-TRANSPORTPLANE A-WALK C-IND L-1 D-NE.spr,spr,bomber,tools/art_sources/v4_sprites/india_service_sheet_01.png#panel=6,generated original India service sprite; not derived from another mod,3184d75740ac4c2303d41da85f9b9e9ea446a41f2f75b175b255ce26f7080448
mod/gfx/map/units/T-TRANSPORTPLANE A-WALK C-IND L-1 D-NW.spr,spr,bomber,tools/art_sources/v4_sprites/india_service_sheet_01.png#panel=6,generated original India service sprite; not derived from another mod,8851b7bf4b60dfc1f06e0e8375c0e76a90e0b815a949bcac9339bc38c52244f2
mod/gfx/map/units/T-TRANSPORTPLANE A-WALK C-IND L-1 D-S.spr,spr,bomber,tools/art_sources/v4_sprites/india_service_sheet_01.png#panel=6,generated original India service sprite; not derived from another mod,5a50b937f3799df28e9582187b747833297d24bfdf36210557b824314d798191
mod/gfx/map/units/T-TRANSPORTPLANE A-WALK C-IND L-1 D-SE.spr,spr,bomber,tools/art_sources/v4_sprites/india_service_sheet_01.png#panel=6,generated original India service sprite; not derived from another mod,5d25f4a8d76a1750f2d2ef941a9d6b88eb230a9f1dda7adfd3023ffaed5626ae
mod/gfx/map/units/T-TRANSPORTPLANE A-WALK C-IND L-1 D-SW.spr,spr,bomber,tools/art_sources/v4_sprites/india_service_sheet_01.png#panel=6,generated original India service sprite; not derived from another mod,f1fe3efea7c17f276b14cc7aa7d64f4204b387f7c49ce985c4dc0ac498b9cb21
mod/gfx/map/units/T-TRANSPORTPLANE A-WALK C-IND L-1 D-W.spr,spr,bomber,tools/art_sources/v4_sprites/india_service_sheet_01.png#panel=6,generated original India service sprite; not derived from another mod,c2d0f4b80bae0b698bd1d697e4cdad53210197ccca473e04cf558052215067c2
mod/gfx/palette/AUBM-IND-ARMOR.bmp,bmp,armor,tools/art_sources/v4_sprites/india_service_sheet_01.png#panel=4,generated original India service sprite; not derived from another mod,d6923ddde6acf339c445489a08ce627e7f4c0c7d167e76e18eacd5480940190d
mod/gfx/palette/AUBM-IND-BOMBER.bmp,bmp,bomber,tools/art_sources/v4_sprites/india_service_sheet_01.png#panel=6,generated original India service sprite; not derived from another mod,d6923ddde6acf339c445489a08ce627e7f4c0c7d167e76e18eacd5480940190d
mod/gfx/palette/AUBM-IND-CAPITAL.bmp,bmp,capital,tools/art_sources/v4_sprites/india_service_sheet_02.png#panel=1,generated original India service sprite; not derived from another mod,d6923ddde6acf339c445489a08ce627e7f4c0c7d167e76e18eacd5480940190d
mod/gfx/palette/AUBM-IND-CARRIER.bmp,bmp,carrier,tools/art_sources/v4_sprites/india_service_sheet_01.png#panel=8,generated original India service sprite; not derived from another mod,d6923ddde6acf339c445489a08ce627e7f4c0c7d167e76e18eacd5480940190d
mod/gfx/palette/AUBM-IND-CAVALRY.bmp,bmp,cavalry,tools/art_sources/v4_sprites/india_service_sheet_02.png#panel=4,generated original India service sprite; not derived from another mod,d6923ddde6acf339c445489a08ce627e7f4c0c7d167e76e18eacd5480940190d
mod/gfx/palette/AUBM-IND-CRUISER.bmp,bmp,cruiser,tools/art_sources/v4_sprites/india_service_sheet_02.png#panel=2,generated original India service sprite; not derived from another mod,d6923ddde6acf339c445489a08ce627e7f4c0c7d167e76e18eacd5480940190d
mod/gfx/palette/AUBM-IND-ESCORT.bmp,bmp,escort,tools/art_sources/v4_sprites/india_service_sheet_01.png#panel=7,generated original India service sprite; not derived from another mod,d6923ddde6acf339c445489a08ce627e7f4c0c7d167e76e18eacd5480940190d
mod/gfx/palette/AUBM-IND-FIGHTER.bmp,bmp,fighter,tools/art_sources/v4_sprites/india_service_sheet_01.png#panel=5,generated original India service sprite; not derived from another mod,d6923ddde6acf339c445489a08ce627e7f4c0c7d167e76e18eacd5480940190d
mod/gfx/palette/AUBM-IND-GURKHA.bmp,bmp,gurkha,tools/art_sources/v4_sprites/india_service_sheet_01.png#panel=2,generated original India service sprite; not derived from another mod,d6923ddde6acf339c445489a08ce627e7f4c0c7d167e76e18eacd5480940190d
mod/gfx/palette/AUBM-IND-INFANTRY.bmp,bmp,infantry,tools/art_sources/v4_sprites/india_service_sheet_01.png#panel=1,generated original India service sprite; not derived from another mod,d6923ddde6acf339c445489a08ce627e7f4c0c7d167e76e18eacd5480940190d
mod/gfx/palette/AUBM-IND-MOTORIZED.bmp,bmp,motorized,tools/art_sources/v4_sprites/india_service_sheet_01.png#panel=3,generated original India service sprite; not derived from another mod,d6923ddde6acf339c445489a08ce627e7f4c0c7d167e76e18eacd5480940190d
mod/gfx/palette/AUBM-IND-SUBMARINE.bmp,bmp,submarine,tools/art_sources/v4_sprites/india_service_sheet_01.png#panel=9,generated original India service sprite; not derived from another mod,d6923ddde6acf339c445489a08ce627e7f4c0c7d167e76e18eacd5480940190d
mod/gfx/palette/AUBM-IND-TRANSPORT.bmp,bmp,transport,tools/art_sources/v4_sprites/india_service_sheet_02.png#panel=3,generated original India service sprite; not derived from another mod,d6923ddde6acf339c445489a08ce627e7f4c0c7d167e76e18eacd5480940190d
